replicate_id,perturbation_type,perturbation_value,observation_noise_sd,sampling_interval_cv,missing_percentage,number_of_lineages,latent_dimension,jump_recovery,branch_accuracy,predictive_r2,runtime_seconds
IRREGULARITY_0p0_R01,irregularity,0.0,0.15,0.0,5.0,120,4,1.0,1.0,0.8285689356759258,0.006859833249109175
IRREGULARITY_0p0_R02,irregularity,0.0,0.15,0.0,5.0,120,4,1.0,1.0,0.8284226123548766,0.006859833249109175
IRREGULARITY_0p0_R03,irregularity,0.0,0.15,0.0,5.0,120,4,1.0,1.0,0.8239247138799348,0.006859833249109175
IRREGULARITY_0p0_R04,irregularity,0.0,0.15,0.0,5.0,120,4,1.0,1.0,0.8422082909102178,0.006859833249109175
IRREGULARITY_0p0_R05,irregularity,0.0,0.15,0.0,5.0,120,4,1.0,1.0,0.8428467259334795,0.006859833249109175
IRREGULARITY_0p0_R06,irregularity,0.0,0.15,0.0,5.0,120,4,1.0,1.0,0.8378048591959724,0.006859833249109175
IRREGULARITY_0p0_R07,irregularity,0.0,0.15,0.0,5.0,120,4,1.0,1.0,0.8368262345682935,0.006859833249109175
IRREGULARITY_0p0_R08,irregularity,0.0,0.15,0.0,5.0,120,4,1.0,1.0,0.8392639974402871,0.006859833249109175
IRREGULARITY_0p0_R09,irregularity,0.0,0.15,0.0,5.0,120,4,1.0,1.0,0.8428699212448579,0.006859833249109175
IRREGULARITY_0p0_R10,irregularity,0.0,0.15,0.0,5.0,120,4,1.0,1.0,0.832767012522844,0.006859833249109175
IRREGULARITY_0p0_R11,irregularity,0.0,0.15,0.0,5.0,120,4,1.0,1.0,0.8300124438460743,0.006859833249109175
IRREGULARITY_0p0_R12,irregularity,0.0,0.15,0.0,5.0,120,4,1.0,1.0,0.8343274222799651,0.006859833249109175
IRREGULARITY_0p0_R13,irregularity,0.0,0.15,0.0,5.0,120,4,1.0,1.0,0.832910024940534,0.006859833249109175
IRREGULARITY_0p0_R14,irregularity,0.0,0.15,0.0,5.0,120,4,1.0,1.0,0.8416503149798508,0.006859833249109175
IRREGULARITY_0p0_R15,irregularity,0.0,0.15,0.0,5.0,120,4,1.0,1.0,0.8435325997325379,0.006859833249109175
IRREGULARITY_0p0_R16,irregularity,0.0,0.15,0.0,5.0,120,4,1.0,1.0,0.8420986444676887,0.006859833249109175
IRREGULARITY_0p0_R17,irregularity,0.0,0.15,0.0,5.0,120,4,1.0,1.0,0.8297573307483217,0.006859833249109175
IRREGULARITY_0p0_R18,irregularity,0.0,0.15,0.0,5.0,120,4,1.0,1.0,0.8343854380480552,0.006859833249109175
IRREGULARITY_0p0_R19,irregularity,0.0,0.15,0.0,5.0,120,4,1.0,1.0,0.8169937888835233,0.006859833249109175
IRREGULARITY_0p0_R20,irregularity,0.0,0.15,0.0,5.0,120,4,1.0,1.0,0.8383333117965024,0.006859833249109175
IRREGULARITY_0p0_R21,irregularity,0.0,0.15,0.0,5.0,120,4,1.0,1.0,0.8378816773614026,0.006859833249109175
IRREGULARITY_0p0_R22,irregularity,0.0,0.15,0.0,5.0,120,4,1.0,1.0,0.8378161325735151,0.006859833249109175
IRREGULARITY_0p0_R23,irregularity,0.0,0.15,0.0,5.0,120,4,1.0,1.0,0.8484608293002425,0.006859833249109175
IRREGULARITY_0p0_R24,irregularity,0.0,0.15,0.0,5.0,120,4,1.0,1.0,0.8427862584054309,0.006859833249109175
IRREGULARITY_0p0_R25,irregularity,0.0,0.15,0.0,5.0,120,4,1.0,1.0,0.8430194184805813,0.006859833249109175
IRREGULARITY_0p0_R26,irregularity,0.0,0.15,0.0,5.0,120,4,1.0,1.0,0.845561523779031,0.006859833249109175
IRREGULARITY_0p0_R27,irregularity,0.0,0.15,0.0,5.0,120,4,1.0,1.0,0.8434774219058669,0.006859833249109175
IRREGULARITY_0p0_R28,irregularity,0.0,0.15,0.0,5.0,120,4,1.0,1.0,0.8375023885586315,0.006859833249109175
IRREGULARITY_0p0_R29,irregularity,0.0,0.15,0.0,5.0,120,4,1.0,1.0,0.8360784995783945,0.006859833249109175
IRREGULARITY_0p0_R30,irregularity,0.0,0.15,0.0,5.0,120,4,1.0,1.0,0.8388968493721698,0.006859833249109175
IRREGULARITY_0p0_R31,irregularity,0.0,0.15,0.0,5.0,120,4,1.0,1.0,0.8305864843798408,0.006859833249109175
IRREGULARITY_0p0_R32,irregularity,0.0,0.15,0.0,5.0,120,4,1.0,1.0,0.8336915210735452,0.006859833249109175
IRREGULARITY_0p0_R33,irregularity,0.0,0.15,0.0,5.0,120,4,1.0,1.0,0.8277189906670899,0.006859833249109175
IRREGULARITY_0p0_R34,irregularity,0.0,0.15,0.0,5.0,120,4,1.0,1.0,0.8353335384584332,0.006859833249109175
IRREGULARITY_0p0_R35,irregularity,0.0,0.15,0.0,5.0,120,4,1.0,1.0,0.8345242446326688,0.006859833249109175
IRREGULARITY_0p0_R36,irregularity,0.0,0.15,0.0,5.0,120,4,1.0,1.0,0.8300936191550029,0.006859833249109175
IRREGULARITY_0p0_R37,irregularity,0.0,0.15,0.0,5.0,120,4,1.0,1.0,0.8407298684494791,0.006859833249109175
IRREGULARITY_0p0_R38,irregularity,0.0,0.15,0.0,5.0,120,4,1.0,1.0,0.8301429188792833,0.006859833249109175
IRREGULARITY_0p0_R39,irregularity,0.0,0.15,0.0,5.0,120,4,1.0,1.0,0.8253585388558735,0.006859833249109175
IRREGULARITY_0p0_R40,irregularity,0.0,0.15,0.0,5.0,120,4,1.0,1.0,0.8280159349191151,0.006859833249109175
IRREGULARITY_0p2_R01,irregularity,0.2,0.15,0.2,5.0,120,4,1.0,1.0,0.822095632093922,0.006859833249109175
IRREGULARITY_0p2_R02,irregularity,0.2,0.15,0.2,5.0,120,4,1.0,1.0,0.8309614235361713,0.006859833249109175
IRREGULARITY_0p2_R03,irregularity,0.2,0.15,0.2,5.0,120,4,1.0,1.0,0.827961488986665,0.006859833249109175
IRREGULARITY_0p2_R04,irregularity,0.2,0.15,0.2,5.0,120,4,1.0,1.0,0.8321431784863829,0.006859833249109175
IRREGULARITY_0p2_R05,irregularity,0.2,0.15,0.2,5.0,120,4,1.0,1.0,0.8284773231020044,0.006859833249109175
IRREGULARITY_0p2_R06,irregularity,0.2,0.15,0.2,5.0,120,4,1.0,1.0,0.8169665796271446,0.006859833249109175
IRREGULARITY_0p2_R07,irregularity,0.2,0.15,0.2,5.0,120,4,1.0,1.0,0.8447853172967605,0.006859833249109175
IRREGULARITY_0p2_R08,irregularity,0.2,0.15,0.2,5.0,120,4,1.0,1.0,0.8077806124572577,0.006859833249109175
IRREGULARITY_0p2_R09,irregularity,0.2,0.15,0.2,5.0,120,4,1.0,1.0,0.8181780265878271,0.006859833249109175
IRREGULARITY_0p2_R10,irregularity,0.2,0.15,0.2,5.0,120,4,1.0,1.0,0.838496920814885,0.006859833249109175
IRREGULARITY_0p2_R11,irregularity,0.2,0.15,0.2,5.0,120,4,1.0,1.0,0.832055375430037,0.006859833249109175
IRREGULARITY_0p2_R12,irregularity,0.2,0.15,0.2,5.0,120,4,1.0,1.0,0.8490633928411618,0.006859833249109175
IRREGULARITY_0p2_R13,irregularity,0.2,0.15,0.2,5.0,120,4,1.0,1.0,0.8284005960397156,0.006859833249109175
IRREGULARITY_0p2_R14,irregularity,0.2,0.15,0.2,5.0,120,4,1.0,1.0,0.8375879769280675,0.006859833249109175
IRREGULARITY_0p2_R15,irregularity,0.2,0.15,0.2,5.0,120,4,1.0,1.0,0.8469878051665212,0.006859833249109175
IRREGULARITY_0p2_R16,irregularity,0.2,0.15,0.2,5.0,120,4,1.0,1.0,0.8374897244098652,0.006859833249109175
IRREGULARITY_0p2_R17,irregularity,0.2,0.15,0.2,5.0,120,4,1.0,1.0,0.822279001685456,0.006859833249109175
IRREGULARITY_0p2_R18,irregularity,0.2,0.15,0.2,5.0,120,4,1.0,1.0,0.839294380396211,0.006859833249109175
IRREGULARITY_0p2_R19,irregularity,0.2,0.15,0.2,5.0,120,4,1.0,1.0,0.8293868228824446,0.006859833249109175
IRREGULARITY_0p2_R20,irregularity,0.2,0.15,0.2,5.0,120,4,1.0,1.0,0.8291994851622149,0.006859833249109175
IRREGULARITY_0p2_R21,irregularity,0.2,0.15,0.2,5.0,120,4,1.0,1.0,0.8355604804905454,0.006859833249109175
IRREGULARITY_0p2_R22,irregularity,0.2,0.15,0.2,5.0,120,4,1.0,1.0,0.834903491425238,0.006859833249109175
IRREGULARITY_0p2_R23,irregularity,0.2,0.15,0.2,5.0,120,4,1.0,1.0,0.8362879840557198,0.006859833249109175
IRREGULARITY_0p2_R24,irregularity,0.2,0.15,0.2,5.0,120,4,1.0,1.0,0.8536145677436703,0.006859833249109175
IRREGULARITY_0p2_R25,irregularity,0.2,0.15,0.2,5.0,120,4,1.0,1.0,0.8323509329203291,0.006859833249109175
IRREGULARITY_0p2_R26,irregularity,0.2,0.15,0.2,5.0,120,4,1.0,0.9916666666666668,0.8142135136451715,0.006859833249109175
IRREGULARITY_0p2_R27,irregularity,0.2,0.15,0.2,5.0,120,4,1.0,1.0,0.8505724501396806,0.006859833249109175
IRREGULARITY_0p2_R28,irregularity,0.2,0.15,0.2,5.0,120,4,1.0,0.9916666666666668,0.8195324682995004,0.006859833249109175
IRREGULARITY_0p2_R29,irregularity,0.2,0.15,0.2,5.0,120,4,1.0,1.0,0.8366668583693655,0.006859833249109175
IRREGULARITY_0p2_R30,irregularity,0.2,0.15,0.2,5.0,120,4,1.0,1.0,0.8222802372954195,0.006859833249109175
IRREGULARITY_0p2_R31,irregularity,0.2,0.15,0.2,5.0,120,4,1.0,1.0,0.8355413520545799,0.006859833249109175
IRREGULARITY_0p2_R32,irregularity,0.2,0.15,0.2,5.0,120,4,1.0,1.0,0.8100132333923711,0.006859833249109175
IRREGULARITY_0p2_R33,irregularity,0.2,0.15,0.2,5.0,120,4,1.0,1.0,0.8231505797746357,0.006859833249109175
IRREGULARITY_0p2_R34,irregularity,0.2,0.15,0.2,5.0,120,4,1.0,1.0,0.8286764847247959,0.006859833249109175
IRREGULARITY_0p2_R35,irregularity,0.2,0.15,0.2,5.0,120,4,1.0,1.0,0.8253712347551037,0.006859833249109175
IRREGULARITY_0p2_R36,irregularity,0.2,0.15,0.2,5.0,120,4,1.0,1.0,0.8258761719965937,0.006859833249109175
IRREGULARITY_0p2_R37,irregularity,0.2,0.15,0.2,5.0,120,4,1.0,1.0,0.842578352041981,0.006859833249109175
IRREGULARITY_0p2_R38,irregularity,0.2,0.15,0.2,5.0,120,4,1.0,1.0,0.8209365181434575,0.006859833249109175
IRREGULARITY_0p2_R39,irregularity,0.2,0.15,0.2,5.0,120,4,1.0,1.0,0.8414933902550895,0.006859833249109175
IRREGULARITY_0p2_R40,irregularity,0.2,0.15,0.2,5.0,120,4,1.0,1.0,0.8379695518575665,0.006859833249109175
IRREGULARITY_0p4_R01,irregularity,0.4,0.15,0.4,5.0,120,4,1.0,1.0,0.8411492255892505,0.006859833249109175
IRREGULARITY_0p4_R02,irregularity,0.4,0.15,0.4,5.0,120,4,1.0,1.0,0.8482929007839097,0.006859833249109175
IRREGULARITY_0p4_R03,irregularity,0.4,0.15,0.4,5.0,120,4,1.0,1.0,0.8107205386356475,0.006859833249109175
IRREGULARITY_0p4_R04,irregularity,0.4,0.15,0.4,5.0,120,4,1.0,1.0,0.8427734187045438,0.006859833249109175
IRREGULARITY_0p4_R05,irregularity,0.4,0.15,0.4,5.0,120,4,1.0,1.0,0.7863310724605552,0.006859833249109175
IRREGULARITY_0p4_R06,irregularity,0.4,0.15,0.4,5.0,120,4,1.0,1.0,0.8376579129148981,0.006859833249109175
IRREGULARITY_0p4_R07,irregularity,0.4,0.15,0.4,5.0,120,4,1.0,1.0,0.8425113881170345,0.006859833249109175
IRREGULARITY_0p4_R08,irregularity,0.4,0.15,0.4,5.0,120,4,1.0,1.0,0.8349650130249596,0.006859833249109175
IRREGULARITY_0p4_R09,irregularity,0.4,0.15,0.4,5.0,120,4,1.0,1.0,0.8162770200231139,0.006859833249109175
IRREGULARITY_0p4_R10,irregularity,0.4,0.15,0.4,5.0,120,4,1.0,1.0,0.8302710719394912,0.006859833249109175
IRREGULARITY_0p4_R11,irregularity,0.4,0.15,0.4,5.0,120,4,1.0,1.0,0.8387406383875454,0.006859833249109175
IRREGULARITY_0p4_R12,irregularity,0.4,0.15,0.4,5.0,120,4,1.0,1.0,0.8119860291156039,0.006859833249109175
IRREGULARITY_0p4_R13,irregularity,0.4,0.15,0.4,5.0,120,4,1.0,1.0,0.7958696332862628,0.006859833249109175
IRREGULARITY_0p4_R14,irregularity,0.4,0.15,0.4,5.0,120,4,1.0,1.0,0.8434680990210696,0.006859833249109175
IRREGULARITY_0p4_R15,irregularity,0.4,0.15,0.4,5.0,120,4,1.0,1.0,0.783157112177082,0.006859833249109175
IRREGULARITY_0p4_R16,irregularity,0.4,0.15,0.4,5.0,120,4,1.0,1.0,0.8376069232507841,0.006859833249109175
IRREGULARITY_0p4_R17,irregularity,0.4,0.15,0.4,5.0,120,4,1.0,1.0,0.8344359296044187,0.006859833249109175
IRREGULARITY_0p4_R18,irregularity,0.4,0.15,0.4,5.0,120,4,1.0,1.0,0.8380956198656828,0.006859833249109175
IRREGULARITY_0p4_R19,irregularity,0.4,0.15,0.4,5.0,120,4,1.0,1.0,0.8121991017882274,0.006859833249109175
IRREGULARITY_0p4_R20,irregularity,0.4,0.15,0.4,5.0,120,4,1.0,1.0,0.821487209945926,0.006859833249109175
IRREGULARITY_0p4_R21,irregularity,0.4,0.15,0.4,5.0,120,4,1.0,1.0,0.8305544369722069,0.006859833249109175
IRREGULARITY_0p4_R22,irregularity,0.4,0.15,0.4,5.0,120,4,1.0,1.0,0.8345916512568811,0.006859833249109175
IRREGULARITY_0p4_R23,irregularity,0.4,0.15,0.4,5.0,120,4,1.0,1.0,0.8127295351200218,0.006859833249109175
IRREGULARITY_0p4_R24,irregularity,0.4,0.15,0.4,5.0,120,4,1.0,1.0,0.8285396492884797,0.006859833249109175
IRREGULARITY_0p4_R25,irregularity,0.4,0.15,0.4,5.0,120,4,1.0,1.0,0.8369162823080399,0.006859833249109175
IRREGULARITY_0p4_R26,irregularity,0.4,0.15,0.4,5.0,120,4,1.0,1.0,0.8415717332682562,0.006859833249109175
IRREGULARITY_0p4_R27,irregularity,0.4,0.15,0.4,5.0,120,4,1.0,1.0,0.8192462082602086,0.006859833249109175
IRREGULARITY_0p4_R28,irregularity,0.4,0.15,0.4,5.0,120,4,1.0,1.0,0.8528688537484703,0.006859833249109175
IRREGULARITY_0p4_R29,irregularity,0.4,0.15,0.4,5.0,120,4,1.0,1.0,0.8086822551747277,0.006859833249109175
IRREGULARITY_0p4_R30,irregularity,0.4,0.15,0.4,5.0,120,4,1.0,1.0,0.8514213447973678,0.006859833249109175
IRREGULARITY_0p4_R31,irregularity,0.4,0.15,0.4,5.0,120,4,1.0,1.0,0.8097816321541618,0.006859833249109175
IRREGULARITY_0p4_R32,irregularity,0.4,0.15,0.4,5.0,120,4,1.0,1.0,0.8580522732783221,0.006859833249109175
IRREGULARITY_0p4_R33,irregularity,0.4,0.15,0.4,5.0,120,4,1.0,1.0,0.8298890674792414,0.006859833249109175
IRREGULARITY_0p4_R34,irregularity,0.4,0.15,0.4,5.0,120,4,1.0,1.0,0.8284350134568372,0.006859833249109175
IRREGULARITY_0p4_R35,irregularity,0.4,0.15,0.4,5.0,120,4,1.0,1.0,0.8263539460567018,0.006859833249109175
IRREGULARITY_0p4_R36,irregularity,0.4,0.15,0.4,5.0,120,4,1.0,1.0,0.807794943595732,0.006859833249109175
IRREGULARITY_0p4_R37,irregularity,0.4,0.15,0.4,5.0,120,4,1.0,1.0,0.8412740920589058,0.006859833249109175
IRREGULARITY_0p4_R38,irregularity,0.4,0.15,0.4,5.0,120,4,1.0,1.0,0.8766048359349408,0.006859833249109175
IRREGULARITY_0p4_R39,irregularity,0.4,0.15,0.4,5.0,120,4,1.0,1.0,0.8409041009365128,0.006859833249109175
IRREGULARITY_0p4_R40,irregularity,0.4,0.15,0.4,5.0,120,4,1.0,1.0,0.8484567202830081,0.006859833249109175
IRREGULARITY_0p6_R01,irregularity,0.6,0.15,0.6,5.0,120,4,1.0,1.0,0.8050689943455385,0.006859833249109175
IRREGULARITY_0p6_R02,irregularity,0.6,0.15,0.6,5.0,120,4,1.0,1.0,0.8620149112337097,0.006859833249109175
IRREGULARITY_0p6_R03,irregularity,0.6,0.15,0.6,5.0,120,4,1.0,1.0,0.824546726294563,0.006859833249109175
IRREGULARITY_0p6_R04,irregularity,0.6,0.15,0.6,5.0,120,4,1.0,1.0,0.8436766585026518,0.006859833249109175
IRREGULARITY_0p6_R05,irregularity,0.6,0.15,0.6,5.0,120,4,1.0,1.0,0.8282964270256183,0.006859833249109175
IRREGULARITY_0p6_R06,irregularity,0.6,0.15,0.6,5.0,120,4,1.0,1.0,0.8249654281740494,0.006859833249109175
IRREGULARITY_0p6_R07,irregularity,0.6,0.15,0.6,5.0,120,4,1.0,1.0,0.8089069707278085,0.006859833249109175
IRREGULARITY_0p6_R08,irregularity,0.6,0.15,0.6,5.0,120,4,1.0,1.0,0.7929406242308067,0.006859833249109175
IRREGULARITY_0p6_R09,irregularity,0.6,0.15,0.6,5.0,120,4,1.0,1.0,0.8093967210350739,0.006859833249109175
IRREGULARITY_0p6_R10,irregularity,0.6,0.15,0.6,5.0,120,4,1.0,1.0,0.8147511468447792,0.006859833249109175
IRREGULARITY_0p6_R11,irregularity,0.6,0.15,0.6,5.0,120,4,1.0,1.0,0.8426195380366607,0.006859833249109175
IRREGULARITY_0p6_R12,irregularity,0.6,0.15,0.6,5.0,120,4,1.0,1.0,0.835914616687655,0.006859833249109175
IRREGULARITY_0p6_R13,irregularity,0.6,0.15,0.6,5.0,120,4,1.0,1.0,0.8558394417390561,0.006859833249109175
IRREGULARITY_0p6_R14,irregularity,0.6,0.15,0.6,5.0,120,4,1.0,1.0,0.8365362190690391,0.006859833249109175
IRREGULARITY_0p6_R15,irregularity,0.6,0.15,0.6,5.0,120,4,1.0,1.0,0.7688065237049008,0.006859833249109175
IRREGULARITY_0p6_R16,irregularity,0.6,0.15,0.6,5.0,120,4,1.0,1.0,0.8377447514561911,0.006859833249109175
IRREGULARITY_0p6_R17,irregularity,0.6,0.15,0.6,5.0,120,4,1.0,1.0,0.8195920133186383,0.006859833249109175
IRREGULARITY_0p6_R18,irregularity,0.6,0.15,0.6,5.0,120,4,1.0,1.0,0.8187815094920758,0.006859833249109175
IRREGULARITY_0p6_R19,irregularity,0.6,0.15,0.6,5.0,120,4,1.0,1.0,0.8474059869181992,0.006859833249109175
IRREGULARITY_0p6_R20,irregularity,0.6,0.15,0.6,5.0,120,4,1.0,1.0,0.8448634166534789,0.006859833249109175
IRREGULARITY_0p6_R21,irregularity,0.6,0.15,0.6,5.0,120,4,1.0,1.0,0.8570033895287952,0.006859833249109175
IRREGULARITY_0p6_R22,irregularity,0.6,0.15,0.6,5.0,120,4,1.0,0.9916666666666668,0.7476878374853813,0.006859833249109175
IRREGULARITY_0p6_R23,irregularity,0.6,0.15,0.6,5.0,120,4,1.0,1.0,0.8074716943772182,0.006859833249109175
IRREGULARITY_0p6_R24,irregularity,0.6,0.15,0.6,5.0,120,4,1.0,1.0,0.8250653100296295,0.006859833249109175
IRREGULARITY_0p6_R25,irregularity,0.6,0.15,0.6,5.0,120,4,1.0,1.0,0.7560446468838815,0.006859833249109175
IRREGULARITY_0p6_R26,irregularity,0.6,0.15,0.6,5.0,120,4,1.0,1.0,0.8664570241988303,0.006859833249109175
IRREGULARITY_0p6_R27,irregularity,0.6,0.15,0.6,5.0,120,4,1.0,1.0,0.8266144958393784,0.006859833249109175
IRREGULARITY_0p6_R28,irregularity,0.6,0.15,0.6,5.0,120,4,1.0,1.0,0.8302017105153644,0.006859833249109175
IRREGULARITY_0p6_R29,irregularity,0.6,0.15,0.6,5.0,120,4,1.0,1.0,0.843435367748687,0.006859833249109175
IRREGULARITY_0p6_R30,irregularity,0.6,0.15,0.6,5.0,120,4,1.0,1.0,0.8196331378213944,0.006859833249109175
IRREGULARITY_0p6_R31,irregularity,0.6,0.15,0.6,5.0,120,4,1.0,1.0,0.8497662914456819,0.006859833249109175
IRREGULARITY_0p6_R32,irregularity,0.6,0.15,0.6,5.0,120,4,1.0,1.0,0.8413349563981581,0.006859833249109175
IRREGULARITY_0p6_R33,irregularity,0.6,0.15,0.6,5.0,120,4,1.0,1.0,0.8259126193897295,0.006859833249109175
IRREGULARITY_0p6_R34,irregularity,0.6,0.15,0.6,5.0,120,4,1.0,1.0,0.7912750731149611,0.006859833249109175
IRREGULARITY_0p6_R35,irregularity,0.6,0.15,0.6,5.0,120,4,1.0,1.0,0.8390300482201024,0.006859833249109175
IRREGULARITY_0p6_R36,irregularity,0.6,0.15,0.6,5.0,120,4,1.0,1.0,0.8462843603506836,0.006859833249109175
IRREGULARITY_0p6_R37,irregularity,0.6,0.15,0.6,5.0,120,4,1.0,1.0,0.8187713400841308,0.006859833249109175
IRREGULARITY_0p6_R38,irregularity,0.6,0.15,0.6,5.0,120,4,1.0,1.0,0.8734315733392624,0.006859833249109175
IRREGULARITY_0p6_R39,irregularity,0.6,0.15,0.6,5.0,120,4,1.0,1.0,0.8406393305889459,0.006859833249109175
IRREGULARITY_0p6_R40,irregularity,0.6,0.15,0.6,5.0,120,4,1.0,1.0,0.8700120006088626,0.006859833249109175
IRREGULARITY_0p8_R01,irregularity,0.8,0.15,0.8,5.0,120,4,1.0,1.0,0.823131507528128,0.006859833249109175
IRREGULARITY_0p8_R02,irregularity,0.8,0.15,0.8,5.0,120,4,1.0,1.0,0.8653028395275839,0.006859833249109175
IRREGULARITY_0p8_R03,irregularity,0.8,0.15,0.8,5.0,120,4,1.0,1.0,0.8799935702326498,0.006859833249109175
IRREGULARITY_0p8_R04,irregularity,0.8,0.15,0.8,5.0,120,4,1.0,1.0,0.8372386307546381,0.006859833249109175
IRREGULARITY_0p8_R05,irregularity,0.8,0.15,0.8,5.0,120,4,1.0,1.0,0.8347985760105433,0.006859833249109175
IRREGULARITY_0p8_R06,irregularity,0.8,0.15,0.8,5.0,120,4,1.0,1.0,0.815011670267778,0.006859833249109175
IRREGULARITY_0p8_R07,irregularity,0.8,0.15,0.8,5.0,120,4,1.0,1.0,0.870497620021178,0.006859833249109175
IRREGULARITY_0p8_R08,irregularity,0.8,0.15,0.8,5.0,120,4,1.0,1.0,0.8647640617304445,0.006859833249109175
IRREGULARITY_0p8_R09,irregularity,0.8,0.15,0.8,5.0,120,4,1.0,1.0,0.8363892190709229,0.006859833249109175
IRREGULARITY_0p8_R10,irregularity,0.8,0.15,0.8,5.0,120,4,1.0,1.0,0.7937947909133068,0.006859833249109175
IRREGULARITY_0p8_R11,irregularity,0.8,0.15,0.8,5.0,120,4,1.0,1.0,0.8366520306504395,0.006859833249109175
IRREGULARITY_0p8_R12,irregularity,0.8,0.15,0.8,5.0,120,4,1.0,1.0,0.8656927766308758,0.006859833249109175
IRREGULARITY_0p8_R13,irregularity,0.8,0.15,0.8,5.0,120,4,1.0,1.0,0.8191874186309792,0.006859833249109175
IRREGULARITY_0p8_R14,irregularity,0.8,0.15,0.8,5.0,120,4,1.0,1.0,0.8257953286327333,0.006859833249109175
IRREGULARITY_0p8_R15,irregularity,0.8,0.15,0.8,5.0,120,4,1.0,1.0,0.8263229793523269,0.006859833249109175
IRREGULARITY_0p8_R16,irregularity,0.8,0.15,0.8,5.0,120,4,1.0,1.0,0.8677156099968099,0.006859833249109175
IRREGULARITY_0p8_R17,irregularity,0.8,0.15,0.8,5.0,120,4,1.0,1.0,0.861333639500466,0.006859833249109175
IRREGULARITY_0p8_R18,irregularity,0.8,0.15,0.8,5.0,120,4,1.0,1.0,0.8393908698050385,0.006859833249109175
IRREGULARITY_0p8_R19,irregularity,0.8,0.15,0.8,5.0,120,4,1.0,1.0,0.8756257521979806,0.006859833249109175
IRREGULARITY_0p8_R20,irregularity,0.8,0.15,0.8,5.0,120,4,1.0,1.0,0.8250657184944165,0.006859833249109175
IRREGULARITY_0p8_R21,irregularity,0.8,0.15,0.8,5.0,120,4,1.0,1.0,0.8211324546968927,0.006859833249109175
IRREGULARITY_0p8_R22,irregularity,0.8,0.15,0.8,5.0,120,4,1.0,1.0,0.8302176470153295,0.006859833249109175
IRREGULARITY_0p8_R23,irregularity,0.8,0.15,0.8,5.0,120,4,1.0,1.0,0.833997184194057,0.006859833249109175
IRREGULARITY_0p8_R24,irregularity,0.8,0.15,0.8,5.0,120,4,1.0,1.0,0.8515792951974415,0.006859833249109175
IRREGULARITY_0p8_R25,irregularity,0.8,0.15,0.8,5.0,120,4,1.0,1.0,0.7867575050495655,0.006859833249109175
IRREGULARITY_0p8_R26,irregularity,0.8,0.15,0.8,5.0,120,4,1.0,1.0,0.8239557242892422,0.006859833249109175
IRREGULARITY_0p8_R27,irregularity,0.8,0.15,0.8,5.0,120,4,1.0,1.0,0.8546566211691696,0.006859833249109175
IRREGULARITY_0p8_R28,irregularity,0.8,0.15,0.8,5.0,120,4,1.0,1.0,0.8392839851057268,0.006859833249109175
IRREGULARITY_0p8_R29,irregularity,0.8,0.15,0.8,5.0,120,4,1.0,1.0,0.8825885164580805,0.006859833249109175
IRREGULARITY_0p8_R30,irregularity,0.8,0.15,0.8,5.0,120,4,1.0,1.0,0.8398095757459171,0.006859833249109175
IRREGULARITY_0p8_R31,irregularity,0.8,0.15,0.8,5.0,120,4,1.0,1.0,0.8385812890525334,0.006859833249109175
IRREGULARITY_0p8_R32,irregularity,0.8,0.15,0.8,5.0,120,4,1.0,1.0,0.8507222949195352,0.006859833249109175
IRREGULARITY_0p8_R33,irregularity,0.8,0.15,0.8,5.0,120,4,1.0,1.0,0.844502005725727,0.006859833249109175
IRREGULARITY_0p8_R34,irregularity,0.8,0.15,0.8,5.0,120,4,1.0,1.0,0.8227925453384255,0.006859833249109175
IRREGULARITY_0p8_R35,irregularity,0.8,0.15,0.8,5.0,120,4,1.0,1.0,0.8511339372717445,0.006859833249109175
IRREGULARITY_0p8_R36,irregularity,0.8,0.15,0.8,5.0,120,4,1.0,0.9916666666666668,0.7893739860607096,0.006859833249109175
IRREGULARITY_0p8_R37,irregularity,0.8,0.15,0.8,5.0,120,4,1.0,1.0,0.8639679330890772,0.006859833249109175
IRREGULARITY_0p8_R38,irregularity,0.8,0.15,0.8,5.0,120,4,1.0,1.0,0.8534931318498261,0.006859833249109175
IRREGULARITY_0p8_R39,irregularity,0.8,0.15,0.8,5.0,120,4,1.0,1.0,0.8718688070897186,0.006859833249109175
IRREGULARITY_0p8_R40,irregularity,0.8,0.15,0.8,5.0,120,4,1.0,1.0,0.848827135723002,0.006859833249109175
IRREGULARITY_1p0_R01,irregularity,1.0,0.15,1.0,5.0,120,4,1.0,1.0,0.8726476776176626,0.006859833249109175
IRREGULARITY_1p0_R02,irregularity,1.0,0.15,1.0,5.0,120,4,1.0,1.0,0.8503516237311333,0.006859833249109175
IRREGULARITY_1p0_R03,irregularity,1.0,0.15,1.0,5.0,120,4,1.0,1.0,0.8443707896675805,0.006859833249109175
IRREGULARITY_1p0_R04,irregularity,1.0,0.15,1.0,5.0,120,4,1.0,1.0,0.8851173877838405,0.006859833249109175
IRREGULARITY_1p0_R05,irregularity,1.0,0.15,1.0,5.0,120,4,1.0,1.0,0.8401319509801346,0.006859833249109175
IRREGULARITY_1p0_R06,irregularity,1.0,0.15,1.0,5.0,120,4,1.0,1.0,0.7964195570358993,0.006859833249109175
IRREGULARITY_1p0_R07,irregularity,1.0,0.15,1.0,5.0,120,4,1.0,1.0,0.8059073031602536,0.006859833249109175
IRREGULARITY_1p0_R08,irregularity,1.0,0.15,1.0,5.0,120,4,1.0,1.0,0.838267132637417,0.006859833249109175
IRREGULARITY_1p0_R09,irregularity,1.0,0.15,1.0,5.0,120,4,1.0,1.0,0.8161700614266638,0.006859833249109175
IRREGULARITY_1p0_R10,irregularity,1.0,0.15,1.0,5.0,120,4,1.0,1.0,0.8477626425544583,0.006859833249109175
IRREGULARITY_1p0_R11,irregularity,1.0,0.15,1.0,5.0,120,4,1.0,1.0,0.8724903464114491,0.006859833249109175
IRREGULARITY_1p0_R12,irregularity,1.0,0.15,1.0,5.0,120,4,1.0,1.0,0.8361719930491462,0.006859833249109175
IRREGULARITY_1p0_R13,irregularity,1.0,0.15,1.0,5.0,120,4,1.0,1.0,0.84903147047092,0.006859833249109175
IRREGULARITY_1p0_R14,irregularity,1.0,0.15,1.0,5.0,120,4,1.0,1.0,0.8359398041628173,0.006859833249109175
IRREGULARITY_1p0_R15,irregularity,1.0,0.15,1.0,5.0,120,4,1.0,1.0,0.799053442490611,0.006859833249109175
IRREGULARITY_1p0_R16,irregularity,1.0,0.15,1.0,5.0,120,4,1.0,1.0,0.846609191819061,0.006859833249109175
IRREGULARITY_1p0_R17,irregularity,1.0,0.15,1.0,5.0,120,4,1.0,1.0,0.8459756381645682,0.006859833249109175
IRREGULARITY_1p0_R18,irregularity,1.0,0.15,1.0,5.0,120,4,1.0,1.0,0.8589673345559318,0.006859833249109175
IRREGULARITY_1p0_R19,irregularity,1.0,0.15,1.0,5.0,120,4,1.0,1.0,0.7838750301404336,0.006859833249109175
IRREGULARITY_1p0_R20,irregularity,1.0,0.15,1.0,5.0,120,4,1.0,1.0,0.7497816516606948,0.006859833249109175
IRREGULARITY_1p0_R21,irregularity,1.0,0.15,1.0,5.0,120,4,1.0,0.95,0.6073524545713611,0.006859833249109175
IRREGULARITY_1p0_R22,irregularity,1.0,0.15,1.0,5.0,120,4,1.0,1.0,0.8625420470156442,0.006859833249109175
IRREGULARITY_1p0_R23,irregularity,1.0,0.15,1.0,5.0,120,4,1.0,1.0,0.8539553466816517,0.006859833249109175
IRREGULARITY_1p0_R24,irregularity,1.0,0.15,1.0,5.0,120,4,1.0,1.0,0.8585172258068798,0.006859833249109175
IRREGULARITY_1p0_R25,irregularity,1.0,0.15,1.0,5.0,120,4,1.0,1.0,0.8323634157840226,0.006859833249109175
IRREGULARITY_1p0_R26,irregularity,1.0,0.15,1.0,5.0,120,4,1.0,1.0,0.8144687523677306,0.006859833249109175
IRREGULARITY_1p0_R27,irregularity,1.0,0.15,1.0,5.0,120,4,1.0,1.0,0.8775534766347213,0.006859833249109175
IRREGULARITY_1p0_R28,irregularity,1.0,0.15,1.0,5.0,120,4,1.0,1.0,0.8074949977793666,0.006859833249109175
IRREGULARITY_1p0_R29,irregularity,1.0,0.15,1.0,5.0,120,4,1.0,1.0,0.8576832096952383,0.006859833249109175
IRREGULARITY_1p0_R30,irregularity,1.0,0.15,1.0,5.0,120,4,1.0,1.0,0.7605996812586133,0.006859833249109175
IRREGULARITY_1p0_R31,irregularity,1.0,0.15,1.0,5.0,120,4,1.0,1.0,0.8561308008199711,0.006859833249109175
IRREGULARITY_1p0_R32,irregularity,1.0,0.15,1.0,5.0,120,4,1.0,1.0,0.7874461891968159,0.006859833249109175
IRREGULARITY_1p0_R33,irregularity,1.0,0.15,1.0,5.0,120,4,1.0,1.0,0.8492891524434428,0.006859833249109175
IRREGULARITY_1p0_R34,irregularity,1.0,0.15,1.0,5.0,120,4,1.0,1.0,0.8299224298628788,0.006859833249109175
IRREGULARITY_1p0_R35,irregularity,1.0,0.15,1.0,5.0,120,4,1.0,1.0,0.8006531810703976,0.006859833249109175
IRREGULARITY_1p0_R36,irregularity,1.0,0.15,1.0,5.0,120,4,1.0,1.0,0.8266091666763637,0.006859833249109175
IRREGULARITY_1p0_R37,irregularity,1.0,0.15,1.0,5.0,120,4,1.0,1.0,0.865113850519494,0.006859833249109175
IRREGULARITY_1p0_R38,irregularity,1.0,0.15,1.0,5.0,120,4,1.0,1.0,0.869802630948521,0.006859833249109175
IRREGULARITY_1p0_R39,irregularity,1.0,0.15,1.0,5.0,120,4,1.0,1.0,0.8738714741310766,0.006859833249109175
IRREGULARITY_1p0_R40,irregularity,1.0,0.15,1.0,5.0,120,4,1.0,1.0,0.823527141046121,0.006859833249109175
LATENT_DIM_1p0_R01,latent_dim,1.0,0.15,0.2,5.0,120,1,1.0,0.975,0.9064864943691364,0.00528392699925455
LATENT_DIM_1p0_R02,latent_dim,1.0,0.15,0.2,5.0,120,1,1.0,1.0,0.9019453487940272,0.00528392699925455
LATENT_DIM_1p0_R03,latent_dim,1.0,0.15,0.2,5.0,120,1,1.0,0.9916666666666668,0.8998859989069554,0.00528392699925455
LATENT_DIM_1p0_R04,latent_dim,1.0,0.15,0.2,5.0,120,1,1.0,1.0,0.9049190720727884,0.00528392699925455
LATENT_DIM_1p0_R05,latent_dim,1.0,0.15,0.2,5.0,120,1,1.0,1.0,0.8814012979161414,0.00528392699925455
LATENT_DIM_1p0_R06,latent_dim,1.0,0.15,0.2,5.0,120,1,1.0,1.0,0.8956849676039451,0.00528392699925455
LATENT_DIM_1p0_R07,latent_dim,1.0,0.15,0.2,5.0,120,1,1.0,1.0,0.9140653207051888,0.00528392699925455
LATENT_DIM_1p0_R08,latent_dim,1.0,0.15,0.2,5.0,120,1,1.0,1.0,0.9241496358421568,0.00528392699925455
LATENT_DIM_1p0_R09,latent_dim,1.0,0.15,0.2,5.0,120,1,1.0,1.0,0.918255357192743,0.00528392699925455
LATENT_DIM_1p0_R10,latent_dim,1.0,0.15,0.2,5.0,120,1,1.0,1.0,0.8951402401869943,0.00528392699925455
LATENT_DIM_1p0_R11,latent_dim,1.0,0.15,0.2,5.0,120,1,1.0,1.0,0.9000845819595477,0.00528392699925455
LATENT_DIM_1p0_R12,latent_dim,1.0,0.15,0.2,5.0,120,1,1.0,0.9916666666666668,0.9058057330747834,0.00528392699925455
LATENT_DIM_1p0_R13,latent_dim,1.0,0.15,0.2,5.0,120,1,1.0,1.0,0.9132153291124012,0.00528392699925455
LATENT_DIM_1p0_R14,latent_dim,1.0,0.15,0.2,5.0,120,1,1.0,1.0,0.9088178016057528,0.00528392699925455
LATENT_DIM_1p0_R15,latent_dim,1.0,0.15,0.2,5.0,120,1,1.0,1.0,0.927414920259507,0.00528392699925455
LATENT_DIM_1p0_R16,latent_dim,1.0,0.15,0.2,5.0,120,1,1.0,1.0,0.9276882091917223,0.00528392699925455
LATENT_DIM_1p0_R17,latent_dim,1.0,0.15,0.2,5.0,120,1,1.0,1.0,0.9081376448020336,0.00528392699925455
LATENT_DIM_1p0_R18,latent_dim,1.0,0.15,0.2,5.0,120,1,1.0,0.9916666666666668,0.9100327092901268,0.00528392699925455
LATENT_DIM_1p0_R19,latent_dim,1.0,0.15,0.2,5.0,120,1,1.0,1.0,0.9053500962985224,0.00528392699925455
LATENT_DIM_1p0_R20,latent_dim,1.0,0.15,0.2,5.0,120,1,1.0,1.0,0.9162321112590904,0.00528392699925455
LATENT_DIM_1p0_R21,latent_dim,1.0,0.15,0.2,5.0,120,1,1.0,1.0,0.9211958389270746,0.00528392699925455
LATENT_DIM_1p0_R22,latent_dim,1.0,0.15,0.2,5.0,120,1,1.0,1.0,0.9045799627798612,0.00528392699925455
LATENT_DIM_1p0_R23,latent_dim,1.0,0.15,0.2,5.0,120,1,1.0,1.0,0.9049649395052708,0.00528392699925455
LATENT_DIM_1p0_R24,latent_dim,1.0,0.15,0.2,5.0,120,1,1.0,1.0,0.9000596844385648,0.00528392699925455
LATENT_DIM_1p0_R25,latent_dim,1.0,0.15,0.2,5.0,120,1,1.0,1.0,0.894847452108101,0.00528392699925455
LATENT_DIM_1p0_R26,latent_dim,1.0,0.15,0.2,5.0,120,1,1.0,1.0,0.8995723667790996,0.00528392699925455
LATENT_DIM_1p0_R27,latent_dim,1.0,0.15,0.2,5.0,120,1,1.0,1.0,0.9030524553823358,0.00528392699925455
LATENT_DIM_1p0_R28,latent_dim,1.0,0.15,0.2,5.0,120,1,1.0,0.9833333333333332,0.8959142595704164,0.00528392699925455
LATENT_DIM_1p0_R29,latent_dim,1.0,0.15,0.2,5.0,120,1,1.0,1.0,0.9201029837205266,0.00528392699925455
LATENT_DIM_1p0_R30,latent_dim,1.0,0.15,0.2,5.0,120,1,1.0,1.0,0.9049960813432922,0.00528392699925455
LATENT_DIM_1p0_R31,latent_dim,1.0,0.15,0.2,5.0,120,1,1.0,1.0,0.9185201265360542,0.00528392699925455
LATENT_DIM_1p0_R32,latent_dim,1.0,0.15,0.2,5.0,120,1,1.0,1.0,0.9082662422153902,0.00528392699925455
LATENT_DIM_1p0_R33,latent_dim,1.0,0.15,0.2,5.0,120,1,1.0,0.9916666666666668,0.8792928754648446,0.00528392699925455
LATENT_DIM_1p0_R34,latent_dim,1.0,0.15,0.2,5.0,120,1,1.0,1.0,0.9087361413676212,0.00528392699925455
LATENT_DIM_1p0_R35,latent_dim,1.0,0.15,0.2,5.0,120,1,1.0,1.0,0.8940659009336275,0.00528392699925455
LATENT_DIM_1p0_R36,latent_dim,1.0,0.15,0.2,5.0,120,1,1.0,1.0,0.9216038008746646,0.00528392699925455
LATENT_DIM_1p0_R37,latent_dim,1.0,0.15,0.2,5.0,120,1,1.0,1.0,0.9118291033259348,0.00528392699925455
LATENT_DIM_1p0_R38,latent_dim,1.0,0.15,0.2,5.0,120,1,1.0,1.0,0.9100418100925488,0.00528392699925455
LATENT_DIM_1p0_R39,latent_dim,1.0,0.15,0.2,5.0,120,1,1.0,1.0,0.91236599627898,0.00528392699925455
LATENT_DIM_1p0_R40,latent_dim,1.0,0.15,0.2,5.0,120,1,1.0,1.0,0.9179369735387384,0.00528392699925455
LATENT_DIM_2p0_R01,latent_dim,2.0,0.15,0.2,5.0,120,2,1.0,1.0,0.8710355249693187,
LATENT_DIM_2p0_R02,latent_dim,2.0,0.15,0.2,5.0,120,2,1.0,1.0,0.8737619921901127,
LATENT_DIM_2p0_R03,latent_dim,2.0,0.15,0.2,5.0,120,2,1.0,1.0,0.891287379463337,
LATENT_DIM_2p0_R04,latent_dim,2.0,0.15,0.2,5.0,120,2,1.0,1.0,0.8800761007140322,
LATENT_DIM_2p0_R05,latent_dim,2.0,0.15,0.2,5.0,120,2,1.0,1.0,0.8903272394237047,
LATENT_DIM_2p0_R06,latent_dim,2.0,0.15,0.2,5.0,120,2,1.0,1.0,0.8930333136018413,
LATENT_DIM_2p0_R07,latent_dim,2.0,0.15,0.2,5.0,120,2,1.0,1.0,0.8898695417682105,
LATENT_DIM_2p0_R08,latent_dim,2.0,0.15,0.2,5.0,120,2,1.0,1.0,0.871011531809313,
LATENT_DIM_2p0_R09,latent_dim,2.0,0.15,0.2,5.0,120,2,1.0,1.0,0.8879870951499024,
LATENT_DIM_2p0_R10,latent_dim,2.0,0.15,0.2,5.0,120,2,1.0,1.0,0.8810820200161658,
LATENT_DIM_2p0_R11,latent_dim,2.0,0.15,0.2,5.0,120,2,1.0,1.0,0.9042907896637976,
LATENT_DIM_2p0_R12,latent_dim,2.0,0.15,0.2,5.0,120,2,1.0,1.0,0.8853445446269134,
LATENT_DIM_2p0_R13,latent_dim,2.0,0.15,0.2,5.0,120,2,1.0,1.0,0.8920478395215032,
LATENT_DIM_2p0_R14,latent_dim,2.0,0.15,0.2,5.0,120,2,1.0,1.0,0.8706696126895309,
LATENT_DIM_2p0_R15,latent_dim,2.0,0.15,0.2,5.0,120,2,1.0,1.0,0.8919439229692008,
LATENT_DIM_2p0_R16,latent_dim,2.0,0.15,0.2,5.0,120,2,1.0,1.0,0.8702789681810127,
LATENT_DIM_2p0_R17,latent_dim,2.0,0.15,0.2,5.0,120,2,1.0,1.0,0.89234271549693,
LATENT_DIM_2p0_R18,latent_dim,2.0,0.15,0.2,5.0,120,2,1.0,1.0,0.8927030237454872,
LATENT_DIM_2p0_R19,latent_dim,2.0,0.15,0.2,5.0,120,2,1.0,1.0,0.8709648501042906,
LATENT_DIM_2p0_R20,latent_dim,2.0,0.15,0.2,5.0,120,2,1.0,1.0,0.8914466931719245,
LATENT_DIM_2p0_R21,latent_dim,2.0,0.15,0.2,5.0,120,2,1.0,1.0,0.8851162680653499,
LATENT_DIM_2p0_R22,latent_dim,2.0,0.15,0.2,5.0,120,2,1.0,1.0,0.9015456074184578,
LATENT_DIM_2p0_R23,latent_dim,2.0,0.15,0.2,5.0,120,2,1.0,1.0,0.8995765335177861,
LATENT_DIM_2p0_R24,latent_dim,2.0,0.15,0.2,5.0,120,2,1.0,1.0,0.8685575423108771,
LATENT_DIM_2p0_R25,latent_dim,2.0,0.15,0.2,5.0,120,2,1.0,1.0,0.8773780170421552,
LATENT_DIM_2p0_R26,latent_dim,2.0,0.15,0.2,5.0,120,2,1.0,1.0,0.889124687362014,
LATENT_DIM_2p0_R27,latent_dim,2.0,0.15,0.2,5.0,120,2,1.0,1.0,0.8749030721620399,
LATENT_DIM_2p0_R28,latent_dim,2.0,0.15,0.2,5.0,120,2,1.0,1.0,0.8765203716475273,
LATENT_DIM_2p0_R29,latent_dim,2.0,0.15,0.2,5.0,120,2,1.0,1.0,0.8948160486579133,
LATENT_DIM_2p0_R30,latent_dim,2.0,0.15,0.2,5.0,120,2,1.0,1.0,0.8820373017166574,
LATENT_DIM_2p0_R31,latent_dim,2.0,0.15,0.2,5.0,120,2,1.0,1.0,0.8936272586920461,
LATENT_DIM_2p0_R32,latent_dim,2.0,0.15,0.2,5.0,120,2,1.0,1.0,0.87385538093003,
LATENT_DIM_2p0_R33,latent_dim,2.0,0.15,0.2,5.0,120,2,1.0,1.0,0.8764741694411972,
LATENT_DIM_2p0_R34,latent_dim,2.0,0.15,0.2,5.0,120,2,1.0,1.0,0.8953590468794859,
LATENT_DIM_2p0_R35,latent_dim,2.0,0.15,0.2,5.0,120,2,1.0,1.0,0.8929634823514856,
LATENT_DIM_2p0_R36,latent_dim,2.0,0.15,0.2,5.0,120,2,1.0,1.0,0.8941992124289768,
LATENT_DIM_2p0_R37,latent_dim,2.0,0.15,0.2,5.0,120,2,1.0,1.0,0.8708484364054249,
LATENT_DIM_2p0_R38,latent_dim,2.0,0.15,0.2,5.0,120,2,1.0,1.0,0.889302452790754,
LATENT_DIM_2p0_R39,latent_dim,2.0,0.15,0.2,5.0,120,2,1.0,1.0,0.886976138741654,
LATENT_DIM_2p0_R40,latent_dim,2.0,0.15,0.2,5.0,120,2,1.0,1.0,0.8730993877371913,
LATENT_DIM_4p0_R01,latent_dim,4.0,0.15,0.2,5.0,120,4,1.0,1.0,0.8432353805697304,0.006859833249109175
LATENT_DIM_4p0_R02,latent_dim,4.0,0.15,0.2,5.0,120,4,1.0,1.0,0.8425313831440284,0.006859833249109175
LATENT_DIM_4p0_R03,latent_dim,4.0,0.15,0.2,5.0,120,4,1.0,1.0,0.836981511976044,0.006859833249109175
LATENT_DIM_4p0_R04,latent_dim,4.0,0.15,0.2,5.0,120,4,1.0,1.0,0.8326909461232774,0.006859833249109175
LATENT_DIM_4p0_R05,latent_dim,4.0,0.15,0.2,5.0,120,4,1.0,1.0,0.8421080645130399,0.006859833249109175
LATENT_DIM_4p0_R06,latent_dim,4.0,0.15,0.2,5.0,120,4,1.0,1.0,0.8118580552162544,0.006859833249109175
LATENT_DIM_4p0_R07,latent_dim,4.0,0.15,0.2,5.0,120,4,1.0,1.0,0.8238818846010687,0.006859833249109175
LATENT_DIM_4p0_R08,latent_dim,4.0,0.15,0.2,5.0,120,4,1.0,1.0,0.8219906066116757,0.006859833249109175
LATENT_DIM_4p0_R09,latent_dim,4.0,0.15,0.2,5.0,120,4,1.0,1.0,0.8173967479966003,0.006859833249109175
LATENT_DIM_4p0_R10,latent_dim,4.0,0.15,0.2,5.0,120,4,1.0,1.0,0.8281331011301348,0.006859833249109175
LATENT_DIM_4p0_R11,latent_dim,4.0,0.15,0.2,5.0,120,4,1.0,1.0,0.8177071744177944,0.006859833249109175
LATENT_DIM_4p0_R12,latent_dim,4.0,0.15,0.2,5.0,120,4,1.0,1.0,0.7921451626286364,0.006859833249109175
LATENT_DIM_4p0_R13,latent_dim,4.0,0.15,0.2,5.0,120,4,1.0,1.0,0.832342735342297,0.006859833249109175
LATENT_DIM_4p0_R14,latent_dim,4.0,0.15,0.2,5.0,120,4,1.0,1.0,0.8418844323797826,0.006859833249109175
LATENT_DIM_4p0_R15,latent_dim,4.0,0.15,0.2,5.0,120,4,1.0,1.0,0.8304449874977788,0.006859833249109175
LATENT_DIM_4p0_R16,latent_dim,4.0,0.15,0.2,5.0,120,4,1.0,1.0,0.806400328125667,0.006859833249109175
LATENT_DIM_4p0_R17,latent_dim,4.0,0.15,0.2,5.0,120,4,1.0,1.0,0.8403295931584048,0.006859833249109175
LATENT_DIM_4p0_R18,latent_dim,4.0,0.15,0.2,5.0,120,4,1.0,1.0,0.8249360540246061,0.006859833249109175
LATENT_DIM_4p0_R19,latent_dim,4.0,0.15,0.2,5.0,120,4,1.0,1.0,0.853527353594238,0.006859833249109175
LATENT_DIM_4p0_R20,latent_dim,4.0,0.15,0.2,5.0,120,4,1.0,1.0,0.8550928201833875,0.006859833249109175
LATENT_DIM_4p0_R21,latent_dim,4.0,0.15,0.2,5.0,120,4,1.0,1.0,0.8341795959118581,0.006859833249109175
LATENT_DIM_4p0_R22,latent_dim,4.0,0.15,0.2,5.0,120,4,1.0,1.0,0.8233267028936843,0.006859833249109175
LATENT_DIM_4p0_R23,latent_dim,4.0,0.15,0.2,5.0,120,4,1.0,1.0,0.8097623302693173,0.006859833249109175
LATENT_DIM_4p0_R24,latent_dim,4.0,0.15,0.2,5.0,120,4,1.0,0.9916666666666668,0.8311945680213442,0.006859833249109175
LATENT_DIM_4p0_R25,latent_dim,4.0,0.15,0.2,5.0,120,4,1.0,1.0,0.8579356000889753,0.006859833249109175
LATENT_DIM_4p0_R26,latent_dim,4.0,0.15,0.2,5.0,120,4,1.0,1.0,0.8330303240122655,0.006859833249109175
LATENT_DIM_4p0_R27,latent_dim,4.0,0.15,0.2,5.0,120,4,1.0,1.0,0.8148791968122314,0.006859833249109175
LATENT_DIM_4p0_R28,latent_dim,4.0,0.15,0.2,5.0,120,4,1.0,1.0,0.8087948344853939,0.006859833249109175
LATENT_DIM_4p0_R29,latent_dim,4.0,0.15,0.2,5.0,120,4,1.0,1.0,0.8230076401742965,0.006859833249109175
LATENT_DIM_4p0_R30,latent_dim,4.0,0.15,0.2,5.0,120,4,1.0,1.0,0.8393488805794889,0.006859833249109175
LATENT_DIM_4p0_R31,latent_dim,4.0,0.15,0.2,5.0,120,4,1.0,1.0,0.8279170073798483,0.006859833249109175
LATENT_DIM_4p0_R32,latent_dim,4.0,0.15,0.2,5.0,120,4,1.0,1.0,0.8446416837933963,0.006859833249109175
LATENT_DIM_4p0_R33,latent_dim,4.0,0.15,0.2,5.0,120,4,1.0,1.0,0.816981699089422,0.006859833249109175
LATENT_DIM_4p0_R34,latent_dim,4.0,0.15,0.2,5.0,120,4,1.0,1.0,0.8100319023299772,0.006859833249109175
LATENT_DIM_4p0_R35,latent_dim,4.0,0.15,0.2,5.0,120,4,1.0,1.0,0.839458801760213,0.006859833249109175
LATENT_DIM_4p0_R36,latent_dim,4.0,0.15,0.2,5.0,120,4,1.0,1.0,0.8220424814775469,0.006859833249109175
LATENT_DIM_4p0_R37,latent_dim,4.0,0.15,0.2,5.0,120,4,1.0,1.0,0.846802782938337,0.006859833249109175
LATENT_DIM_4p0_R38,latent_dim,4.0,0.15,0.2,5.0,120,4,1.0,1.0,0.8285018754835429,0.006859833249109175
LATENT_DIM_4p0_R39,latent_dim,4.0,0.15,0.2,5.0,120,4,1.0,1.0,0.8401142607869072,0.006859833249109175
LATENT_DIM_4p0_R40,latent_dim,4.0,0.15,0.2,5.0,120,4,1.0,1.0,0.8425760263092409,0.006859833249109175
LATENT_DIM_8p0_R01,latent_dim,8.0,0.15,0.2,5.0,120,8,1.0,1.0,0.759707426438271,0.009186166498693575
LATENT_DIM_8p0_R02,latent_dim,8.0,0.15,0.2,5.0,120,8,1.0,1.0,0.7592019188140352,0.009186166498693575
LATENT_DIM_8p0_R03,latent_dim,8.0,0.15,0.2,5.0,120,8,1.0,1.0,0.7466140944168986,0.009186166498693575
LATENT_DIM_8p0_R04,latent_dim,8.0,0.15,0.2,5.0,120,8,1.0,1.0,0.753354281792418,0.009186166498693575
LATENT_DIM_8p0_R05,latent_dim,8.0,0.15,0.2,5.0,120,8,1.0,1.0,0.7323182420935577,0.009186166498693575
LATENT_DIM_8p0_R06,latent_dim,8.0,0.15,0.2,5.0,120,8,1.0,1.0,0.7273354259789011,0.009186166498693575
LATENT_DIM_8p0_R07,latent_dim,8.0,0.15,0.2,5.0,120,8,1.0,1.0,0.7242470876835869,0.009186166498693575
LATENT_DIM_8p0_R08,latent_dim,8.0,0.15,0.2,5.0,120,8,1.0,1.0,0.7468266234035439,0.009186166498693575
LATENT_DIM_8p0_R09,latent_dim,8.0,0.15,0.2,5.0,120,8,1.0,1.0,0.722120404071868,0.009186166498693575
LATENT_DIM_8p0_R10,latent_dim,8.0,0.15,0.2,5.0,120,8,1.0,1.0,0.7226454681718457,0.009186166498693575
LATENT_DIM_8p0_R11,latent_dim,8.0,0.15,0.2,5.0,120,8,1.0,1.0,0.7467978940680435,0.009186166498693575
LATENT_DIM_8p0_R12,latent_dim,8.0,0.15,0.2,5.0,120,8,1.0,1.0,0.7710894884166091,0.009186166498693575
LATENT_DIM_8p0_R13,latent_dim,8.0,0.15,0.2,5.0,120,8,1.0,1.0,0.7265390779616958,0.009186166498693575
LATENT_DIM_8p0_R14,latent_dim,8.0,0.15,0.2,5.0,120,8,1.0,1.0,0.7584319350193028,0.009186166498693575
LATENT_DIM_8p0_R15,latent_dim,8.0,0.15,0.2,5.0,120,8,1.0,1.0,0.7320161236892655,0.009186166498693575
LATENT_DIM_8p0_R16,latent_dim,8.0,0.15,0.2,5.0,120,8,1.0,1.0,0.7539374177410609,0.009186166498693575
LATENT_DIM_8p0_R17,latent_dim,8.0,0.15,0.2,5.0,120,8,1.0,1.0,0.7371140811485639,0.009186166498693575
LATENT_DIM_8p0_R18,latent_dim,8.0,0.15,0.2,5.0,120,8,1.0,1.0,0.7528590193875657,0.009186166498693575
LATENT_DIM_8p0_R19,latent_dim,8.0,0.15,0.2,5.0,120,8,1.0,1.0,0.7291357521541406,0.009186166498693575
LATENT_DIM_8p0_R20,latent_dim,8.0,0.15,0.2,5.0,120,8,1.0,1.0,0.7484079133069632,0.009186166498693575
LATENT_DIM_8p0_R21,latent_dim,8.0,0.15,0.2,5.0,120,8,1.0,1.0,0.7275675375112471,0.009186166498693575
LATENT_DIM_8p0_R22,latent_dim,8.0,0.15,0.2,5.0,120,8,1.0,1.0,0.7256239548915133,0.009186166498693575
LATENT_DIM_8p0_R23,latent_dim,8.0,0.15,0.2,5.0,120,8,1.0,1.0,0.7641986299492596,0.009186166498693575
LATENT_DIM_8p0_R24,latent_dim,8.0,0.15,0.2,5.0,120,8,1.0,1.0,0.7537000798730794,0.009186166498693575
LATENT_DIM_8p0_R25,latent_dim,8.0,0.15,0.2,5.0,120,8,1.0,1.0,0.7192201937159501,0.009186166498693575
LATENT_DIM_8p0_R26,latent_dim,8.0,0.15,0.2,5.0,120,8,1.0,1.0,0.7452704969740274,0.009186166498693575
LATENT_DIM_8p0_R27,latent_dim,8.0,0.15,0.2,5.0,120,8,1.0,1.0,0.7024032381003755,0.009186166498693575
LATENT_DIM_8p0_R28,latent_dim,8.0,0.15,0.2,5.0,120,8,1.0,1.0,0.7424429278032265,0.009186166498693575
LATENT_DIM_8p0_R29,latent_dim,8.0,0.15,0.2,5.0,120,8,1.0,1.0,0.7182255945209264,0.009186166498693575
LATENT_DIM_8p0_R30,latent_dim,8.0,0.15,0.2,5.0,120,8,1.0,1.0,0.7577702991528696,0.009186166498693575
LATENT_DIM_8p0_R31,latent_dim,8.0,0.15,0.2,5.0,120,8,1.0,1.0,0.7431972690154935,0.009186166498693575
LATENT_DIM_8p0_R32,latent_dim,8.0,0.15,0.2,5.0,120,8,1.0,1.0,0.750772079292749,0.009186166498693575
LATENT_DIM_8p0_R33,latent_dim,8.0,0.15,0.2,5.0,120,8,1.0,1.0,0.7585718562860408,0.009186166498693575
LATENT_DIM_8p0_R34,latent_dim,8.0,0.15,0.2,5.0,120,8,1.0,1.0,0.7434547146964607,0.009186166498693575
LATENT_DIM_8p0_R35,latent_dim,8.0,0.15,0.2,5.0,120,8,1.0,1.0,0.758031500273041,0.009186166498693575
LATENT_DIM_8p0_R36,latent_dim,8.0,0.15,0.2,5.0,120,8,1.0,1.0,0.7328138009192893,0.009186166498693575
LATENT_DIM_8p0_R37,latent_dim,8.0,0.15,0.2,5.0,120,8,1.0,1.0,0.7302425142872128,0.009186166498693575
LATENT_DIM_8p0_R38,latent_dim,8.0,0.15,0.2,5.0,120,8,1.0,1.0,0.7506699403020531,0.009186166498693575
LATENT_DIM_8p0_R39,latent_dim,8.0,0.15,0.2,5.0,120,8,1.0,1.0,0.7386740184094196,0.009186166498693575
LATENT_DIM_8p0_R40,latent_dim,8.0,0.15,0.2,5.0,120,8,1.0,1.0,0.723072381918699,0.009186166498693575
LATENT_DIM_12p0_R01,latent_dim,12.0,0.15,0.2,5.0,120,12,1.0,1.0,0.6615947414082313,
LATENT_DIM_12p0_R02,latent_dim,12.0,0.15,0.2,5.0,120,12,1.0,1.0,0.680539807892767,
LATENT_DIM_12p0_R03,latent_dim,12.0,0.15,0.2,5.0,120,12,1.0,1.0,0.684302069648004,
LATENT_DIM_12p0_R04,latent_dim,12.0,0.15,0.2,5.0,120,12,1.0,1.0,0.6662158196806257,
LATENT_DIM_12p0_R05,latent_dim,12.0,0.15,0.2,5.0,120,12,1.0,1.0,0.6554040062184767,
LATENT_DIM_12p0_R06,latent_dim,12.0,0.15,0.2,5.0,120,12,1.0,1.0,0.6631057237792486,
LATENT_DIM_12p0_R07,latent_dim,12.0,0.15,0.2,5.0,120,12,1.0,1.0,0.6452298532381127,
LATENT_DIM_12p0_R08,latent_dim,12.0,0.15,0.2,5.0,120,12,1.0,1.0,0.6657656292711677,
LATENT_DIM_12p0_R09,latent_dim,12.0,0.15,0.2,5.0,120,12,1.0,1.0,0.6711712425546632,
LATENT_DIM_12p0_R10,latent_dim,12.0,0.15,0.2,5.0,120,12,1.0,1.0,0.6533157584422437,
LATENT_DIM_12p0_R11,latent_dim,12.0,0.15,0.2,5.0,120,12,1.0,1.0,0.703841921998961,
LATENT_DIM_12p0_R12,latent_dim,12.0,0.15,0.2,5.0,120,12,1.0,1.0,0.6824782033801119,
LATENT_DIM_12p0_R13,latent_dim,12.0,0.15,0.2,5.0,120,12,1.0,1.0,0.6409503203368422,
LATENT_DIM_12p0_R14,latent_dim,12.0,0.15,0.2,5.0,120,12,1.0,1.0,0.6720513871095914,
LATENT_DIM_12p0_R15,latent_dim,12.0,0.15,0.2,5.0,120,12,1.0,1.0,0.6751144957682278,
LATENT_DIM_12p0_R16,latent_dim,12.0,0.15,0.2,5.0,120,12,1.0,1.0,0.678973238333941,
LATENT_DIM_12p0_R17,latent_dim,12.0,0.15,0.2,5.0,120,12,1.0,1.0,0.6592952456486025,
LATENT_DIM_12p0_R18,latent_dim,12.0,0.15,0.2,5.0,120,12,1.0,1.0,0.6678235502393858,
LATENT_DIM_12p0_R19,latent_dim,12.0,0.15,0.2,5.0,120,12,1.0,1.0,0.6909462938199284,
LATENT_DIM_12p0_R20,latent_dim,12.0,0.15,0.2,5.0,120,12,1.0,1.0,0.6733932097011789,
LATENT_DIM_12p0_R21,latent_dim,12.0,0.15,0.2,5.0,120,12,1.0,1.0,0.6710672892934391,
LATENT_DIM_12p0_R22,latent_dim,12.0,0.15,0.2,5.0,120,12,1.0,1.0,0.6670803535699248,
LATENT_DIM_12p0_R23,latent_dim,12.0,0.15,0.2,5.0,120,12,1.0,1.0,0.6538203479702943,
LATENT_DIM_12p0_R24,latent_dim,12.0,0.15,0.2,5.0,120,12,1.0,1.0,0.6918660778915584,
LATENT_DIM_12p0_R25,latent_dim,12.0,0.15,0.2,5.0,120,12,1.0,1.0,0.667635739007613,
LATENT_DIM_12p0_R26,latent_dim,12.0,0.15,0.2,5.0,120,12,1.0,1.0,0.6672724811562154,
LATENT_DIM_12p0_R27,latent_dim,12.0,0.15,0.2,5.0,120,12,1.0,1.0,0.6889433178566062,
LATENT_DIM_12p0_R28,latent_dim,12.0,0.15,0.2,5.0,120,12,1.0,1.0,0.6652239232504307,
LATENT_DIM_12p0_R29,latent_dim,12.0,0.15,0.2,5.0,120,12,1.0,1.0,0.6833785374948106,
LATENT_DIM_12p0_R30,latent_dim,12.0,0.15,0.2,5.0,120,12,1.0,1.0,0.6662425095196158,
LATENT_DIM_12p0_R31,latent_dim,12.0,0.15,0.2,5.0,120,12,1.0,1.0,0.681559012781598,
LATENT_DIM_12p0_R32,latent_dim,12.0,0.15,0.2,5.0,120,12,1.0,1.0,0.6884611560950401,
LATENT_DIM_12p0_R33,latent_dim,12.0,0.15,0.2,5.0,120,12,1.0,1.0,0.6598753706662661,
LATENT_DIM_12p0_R34,latent_dim,12.0,0.15,0.2,5.0,120,12,1.0,1.0,0.6881203046412097,
LATENT_DIM_12p0_R35,latent_dim,12.0,0.15,0.2,5.0,120,12,1.0,1.0,0.6775343626404862,
LATENT_DIM_12p0_R36,latent_dim,12.0,0.15,0.2,5.0,120,12,1.0,1.0,0.6513850806903233,
LATENT_DIM_12p0_R37,latent_dim,12.0,0.15,0.2,5.0,120,12,1.0,1.0,0.6611509157707136,
LATENT_DIM_12p0_R38,latent_dim,12.0,0.15,0.2,5.0,120,12,1.0,1.0,0.6873671252703708,
LATENT_DIM_12p0_R39,latent_dim,12.0,0.15,0.2,5.0,120,12,1.0,1.0,0.6800169233962929,
LATENT_DIM_12p0_R40,latent_dim,12.0,0.15,0.2,5.0,120,12,1.0,1.0,0.6745469082192163,
LATENT_DIM_16p0_R01,latent_dim,16.0,0.15,0.2,5.0,120,16,1.0,1.0,0.6031834973646423,0.013687114749700375
LATENT_DIM_16p0_R02,latent_dim,16.0,0.15,0.2,5.0,120,16,1.0,1.0,0.6198466268463066,0.013687114749700375
LATENT_DIM_16p0_R03,latent_dim,16.0,0.15,0.2,5.0,120,16,1.0,1.0,0.6063751667116493,0.013687114749700375
LATENT_DIM_16p0_R04,latent_dim,16.0,0.15,0.2,5.0,120,16,1.0,1.0,0.6148720022106605,0.013687114749700375
LATENT_DIM_16p0_R05,latent_dim,16.0,0.15,0.2,5.0,120,16,1.0,1.0,0.6034179425255575,0.013687114749700375
LATENT_DIM_16p0_R06,latent_dim,16.0,0.15,0.2,5.0,120,16,1.0,1.0,0.6067915108736279,0.013687114749700375
LATENT_DIM_16p0_R07,latent_dim,16.0,0.15,0.2,5.0,120,16,1.0,1.0,0.6039989277274043,0.013687114749700375
LATENT_DIM_16p0_R08,latent_dim,16.0,0.15,0.2,5.0,120,16,1.0,1.0,0.6274901417109694,0.013687114749700375
LATENT_DIM_16p0_R09,latent_dim,16.0,0.15,0.2,5.0,120,16,1.0,1.0,0.6296941505761302,0.013687114749700375
LATENT_DIM_16p0_R10,latent_dim,16.0,0.15,0.2,5.0,120,16,1.0,1.0,0.6486170079692747,0.013687114749700375
LATENT_DIM_16p0_R11,latent_dim,16.0,0.15,0.2,5.0,120,16,1.0,1.0,0.6184150793923621,0.013687114749700375
LATENT_DIM_16p0_R12,latent_dim,16.0,0.15,0.2,5.0,120,16,1.0,1.0,0.6218590893466105,0.013687114749700375
LATENT_DIM_16p0_R13,latent_dim,16.0,0.15,0.2,5.0,120,16,1.0,1.0,0.6348458847321523,0.013687114749700375
LATENT_DIM_16p0_R14,latent_dim,16.0,0.15,0.2,5.0,120,16,1.0,1.0,0.6108661295633435,0.013687114749700375
LATENT_DIM_16p0_R15,latent_dim,16.0,0.15,0.2,5.0,120,16,1.0,1.0,0.6345613888640123,0.013687114749700375
LATENT_DIM_16p0_R16,latent_dim,16.0,0.15,0.2,5.0,120,16,1.0,1.0,0.6106452098016919,0.013687114749700375
LATENT_DIM_16p0_R17,latent_dim,16.0,0.15,0.2,5.0,120,16,1.0,1.0,0.6210550404588211,0.013687114749700375
LATENT_DIM_16p0_R18,latent_dim,16.0,0.15,0.2,5.0,120,16,1.0,1.0,0.6152144329404239,0.013687114749700375
LATENT_DIM_16p0_R19,latent_dim,16.0,0.15,0.2,5.0,120,16,1.0,1.0,0.6247294499976017,0.013687114749700375
LATENT_DIM_16p0_R20,latent_dim,16.0,0.15,0.2,5.0,120,16,1.0,1.0,0.604480997644117,0.013687114749700375
LATENT_DIM_16p0_R21,latent_dim,16.0,0.15,0.2,5.0,120,16,1.0,1.0,0.6136773794448542,0.013687114749700375
LATENT_DIM_16p0_R22,latent_dim,16.0,0.15,0.2,5.0,120,16,1.0,1.0,0.6309368359099132,0.013687114749700375
LATENT_DIM_16p0_R23,latent_dim,16.0,0.15,0.2,5.0,120,16,1.0,1.0,0.6252787004650477,0.013687114749700375
LATENT_DIM_16p0_R24,latent_dim,16.0,0.15,0.2,5.0,120,16,1.0,1.0,0.6202617849330571,0.013687114749700375
LATENT_DIM_16p0_R25,latent_dim,16.0,0.15,0.2,5.0,120,16,1.0,1.0,0.6119436268488421,0.013687114749700375
LATENT_DIM_16p0_R26,latent_dim,16.0,0.15,0.2,5.0,120,16,1.0,1.0,0.604776505619272,0.013687114749700375
LATENT_DIM_16p0_R27,latent_dim,16.0,0.15,0.2,5.0,120,16,1.0,1.0,0.6328960937915429,0.013687114749700375
LATENT_DIM_16p0_R28,latent_dim,16.0,0.15,0.2,5.0,120,16,1.0,1.0,0.6147377310265196,0.013687114749700375
LATENT_DIM_16p0_R29,latent_dim,16.0,0.15,0.2,5.0,120,16,1.0,1.0,0.6240170837898987,0.013687114749700375
LATENT_DIM_16p0_R30,latent_dim,16.0,0.15,0.2,5.0,120,16,1.0,1.0,0.6134690397883846,0.013687114749700375
LATENT_DIM_16p0_R31,latent_dim,16.0,0.15,0.2,5.0,120,16,1.0,1.0,0.6415315487073626,0.013687114749700375
LATENT_DIM_16p0_R32,latent_dim,16.0,0.15,0.2,5.0,120,16,1.0,1.0,0.6121280616206973,0.013687114749700375
LATENT_DIM_16p0_R33,latent_dim,16.0,0.15,0.2,5.0,120,16,1.0,1.0,0.6121981777529435,0.013687114749700375
LATENT_DIM_16p0_R34,latent_dim,16.0,0.15,0.2,5.0,120,16,1.0,1.0,0.6103378232206742,0.013687114749700375
LATENT_DIM_16p0_R35,latent_dim,16.0,0.15,0.2,5.0,120,16,1.0,1.0,0.6466351304206956,0.013687114749700375
LATENT_DIM_16p0_R36,latent_dim,16.0,0.15,0.2,5.0,120,16,1.0,1.0,0.5794633252250687,0.013687114749700375
LATENT_DIM_16p0_R37,latent_dim,16.0,0.15,0.2,5.0,120,16,1.0,1.0,0.6454862855200608,0.013687114749700375
LATENT_DIM_16p0_R38,latent_dim,16.0,0.15,0.2,5.0,120,16,1.0,1.0,0.6000274618145786,0.013687114749700375
LATENT_DIM_16p0_R39,latent_dim,16.0,0.15,0.2,5.0,120,16,1.0,1.0,0.582478582099142,0.013687114749700375
LATENT_DIM_16p0_R40,latent_dim,16.0,0.15,0.2,5.0,120,16,1.0,1.0,0.6091994923875694,0.013687114749700375
MISSING_FRACTION_0p0_R01,missing_fraction,0.0,0.15,0.2,0.0,120,4,1.0,1.0,0.8384183667641527,0.006859833249109175
MISSING_FRACTION_0p0_R02,missing_fraction,0.0,0.15,0.2,0.0,120,4,1.0,1.0,0.8160664186288651,0.006859833249109175
MISSING_FRACTION_0p0_R03,missing_fraction,0.0,0.15,0.2,0.0,120,4,1.0,1.0,0.8194305281865999,0.006859833249109175
MISSING_FRACTION_0p0_R04,missing_fraction,0.0,0.15,0.2,0.0,120,4,1.0,1.0,0.8269034368491008,0.006859833249109175
MISSING_FRACTION_0p0_R05,missing_fraction,0.0,0.15,0.2,0.0,120,4,1.0,1.0,0.8184338977265416,0.006859833249109175
MISSING_FRACTION_0p0_R06,missing_fraction,0.0,0.15,0.2,0.0,120,4,1.0,1.0,0.8276341087021949,0.006859833249109175
MISSING_FRACTION_0p0_R07,missing_fraction,0.0,0.15,0.2,0.0,120,4,1.0,1.0,0.8212100743473427,0.006859833249109175
MISSING_FRACTION_0p0_R08,missing_fraction,0.0,0.15,0.2,0.0,120,4,1.0,1.0,0.8292413097233429,0.006859833249109175
MISSING_FRACTION_0p0_R09,missing_fraction,0.0,0.15,0.2,0.0,120,4,1.0,1.0,0.8340878851456084,0.006859833249109175
MISSING_FRACTION_0p0_R10,missing_fraction,0.0,0.15,0.2,0.0,120,4,1.0,1.0,0.8243747106226244,0.006859833249109175
MISSING_FRACTION_0p0_R11,missing_fraction,0.0,0.15,0.2,0.0,120,4,1.0,1.0,0.8262960923520977,0.006859833249109175
MISSING_FRACTION_0p0_R12,missing_fraction,0.0,0.15,0.2,0.0,120,4,1.0,1.0,0.8192605087402149,0.006859833249109175
MISSING_FRACTION_0p0_R13,missing_fraction,0.0,0.15,0.2,0.0,120,4,1.0,1.0,0.8479700768289736,0.006859833249109175
MISSING_FRACTION_0p0_R14,missing_fraction,0.0,0.15,0.2,0.0,120,4,1.0,1.0,0.8360064807034703,0.006859833249109175
MISSING_FRACTION_0p0_R15,missing_fraction,0.0,0.15,0.2,0.0,120,4,1.0,1.0,0.8468999210229217,0.006859833249109175
MISSING_FRACTION_0p0_R16,missing_fraction,0.0,0.15,0.2,0.0,120,4,1.0,1.0,0.8338953209409284,0.006859833249109175
MISSING_FRACTION_0p0_R17,missing_fraction,0.0,0.15,0.2,0.0,120,4,1.0,1.0,0.8215272992704967,0.006859833249109175
MISSING_FRACTION_0p0_R18,missing_fraction,0.0,0.15,0.2,0.0,120,4,1.0,1.0,0.8300469803089684,0.006859833249109175
MISSING_FRACTION_0p0_R19,missing_fraction,0.0,0.15,0.2,0.0,120,4,1.0,1.0,0.8192362150705697,0.006859833249109175
MISSING_FRACTION_0p0_R20,missing_fraction,0.0,0.15,0.2,0.0,120,4,1.0,1.0,0.8316508855482652,0.006859833249109175
MISSING_FRACTION_0p0_R21,missing_fraction,0.0,0.15,0.2,0.0,120,4,1.0,1.0,0.8290214981180987,0.006859833249109175
MISSING_FRACTION_0p0_R22,missing_fraction,0.0,0.15,0.2,0.0,120,4,1.0,1.0,0.8440702039951382,0.006859833249109175
MISSING_FRACTION_0p0_R23,missing_fraction,0.0,0.15,0.2,0.0,120,4,1.0,1.0,0.8318959379522356,0.006859833249109175
MISSING_FRACTION_0p0_R24,missing_fraction,0.0,0.15,0.2,0.0,120,4,1.0,1.0,0.811263775236187,0.006859833249109175
MISSING_FRACTION_0p0_R25,missing_fraction,0.0,0.15,0.2,0.0,120,4,1.0,1.0,0.8331425537750838,0.006859833249109175
MISSING_FRACTION_0p0_R26,missing_fraction,0.0,0.15,0.2,0.0,120,4,1.0,1.0,0.8149320943808698,0.006859833249109175
MISSING_FRACTION_0p0_R27,missing_fraction,0.0,0.15,0.2,0.0,120,4,1.0,1.0,0.8099770450640357,0.006859833249109175
MISSING_FRACTION_0p0_R28,missing_fraction,0.0,0.15,0.2,0.0,120,4,1.0,1.0,0.8252267894426564,0.006859833249109175
MISSING_FRACTION_0p0_R29,missing_fraction,0.0,0.15,0.2,0.0,120,4,1.0,1.0,0.8421880351439273,0.006859833249109175
MISSING_FRACTION_0p0_R30,missing_fraction,0.0,0.15,0.2,0.0,120,4,1.0,1.0,0.8459582016632725,0.006859833249109175
MISSING_FRACTION_0p0_R31,missing_fraction,0.0,0.15,0.2,0.0,120,4,1.0,1.0,0.8305799103463163,0.006859833249109175
MISSING_FRACTION_0p0_R32,missing_fraction,0.0,0.15,0.2,0.0,120,4,1.0,1.0,0.8518450656808818,0.006859833249109175
MISSING_FRACTION_0p0_R33,missing_fraction,0.0,0.15,0.2,0.0,120,4,1.0,1.0,0.8380918362518462,0.006859833249109175
MISSING_FRACTION_0p0_R34,missing_fraction,0.0,0.15,0.2,0.0,120,4,1.0,1.0,0.8229785341578595,0.006859833249109175
MISSING_FRACTION_0p0_R35,missing_fraction,0.0,0.15,0.2,0.0,120,4,1.0,1.0,0.817284314722961,0.006859833249109175
MISSING_FRACTION_0p0_R36,missing_fraction,0.0,0.15,0.2,0.0,120,4,1.0,1.0,0.8329861906954804,0.006859833249109175
MISSING_FRACTION_0p0_R37,missing_fraction,0.0,0.15,0.2,0.0,120,4,1.0,1.0,0.8336778957243445,0.006859833249109175
MISSING_FRACTION_0p0_R38,missing_fraction,0.0,0.15,0.2,0.0,120,4,1.0,1.0,0.8142680148568303,0.006859833249109175
MISSING_FRACTION_0p0_R39,missing_fraction,0.0,0.15,0.2,0.0,120,4,1.0,1.0,0.8261267617504378,0.006859833249109175
MISSING_FRACTION_0p0_R40,missing_fraction,0.0,0.15,0.2,0.0,120,4,1.0,1.0,0.7840709061705042,0.006859833249109175
MISSING_FRACTION_0p1_R01,missing_fraction,0.1,0.15,0.2,10.0,120,4,1.0,1.0,0.8388561564685073,0.006859833249109175
MISSING_FRACTION_0p1_R02,missing_fraction,0.1,0.15,0.2,10.0,120,4,1.0,1.0,0.8199244500707901,0.006859833249109175
MISSING_FRACTION_0p1_R03,missing_fraction,0.1,0.15,0.2,10.0,120,4,1.0,1.0,0.8233039934333513,0.006859833249109175
MISSING_FRACTION_0p1_R04,missing_fraction,0.1,0.15,0.2,10.0,120,4,1.0,1.0,0.807763493815124,0.006859833249109175
MISSING_FRACTION_0p1_R05,missing_fraction,0.1,0.15,0.2,10.0,120,4,1.0,1.0,0.8518312995685892,0.006859833249109175
MISSING_FRACTION_0p1_R06,missing_fraction,0.1,0.15,0.2,10.0,120,4,1.0,1.0,0.8424739204454856,0.006859833249109175
MISSING_FRACTION_0p1_R07,missing_fraction,0.1,0.15,0.2,10.0,120,4,1.0,1.0,0.8400695087109626,0.006859833249109175
MISSING_FRACTION_0p1_R08,missing_fraction,0.1,0.15,0.2,10.0,120,4,1.0,1.0,0.826842756041079,0.006859833249109175
MISSING_FRACTION_0p1_R09,missing_fraction,0.1,0.15,0.2,10.0,120,4,1.0,1.0,0.8270256723497581,0.006859833249109175
MISSING_FRACTION_0p1_R10,missing_fraction,0.1,0.15,0.2,10.0,120,4,1.0,1.0,0.8411419423865671,0.006859833249109175
MISSING_FRACTION_0p1_R11,missing_fraction,0.1,0.15,0.2,10.0,120,4,1.0,1.0,0.8267406647848466,0.006859833249109175
MISSING_FRACTION_0p1_R12,missing_fraction,0.1,0.15,0.2,10.0,120,4,1.0,1.0,0.8268270732153913,0.006859833249109175
MISSING_FRACTION_0p1_R13,missing_fraction,0.1,0.15,0.2,10.0,120,4,1.0,1.0,0.8397404740071949,0.006859833249109175
MISSING_FRACTION_0p1_R14,missing_fraction,0.1,0.15,0.2,10.0,120,4,1.0,1.0,0.8076220708229227,0.006859833249109175
MISSING_FRACTION_0p1_R15,missing_fraction,0.1,0.15,0.2,10.0,120,4,1.0,1.0,0.846822377308037,0.006859833249109175
MISSING_FRACTION_0p1_R16,missing_fraction,0.1,0.15,0.2,10.0,120,4,1.0,1.0,0.8277513690947955,0.006859833249109175
MISSING_FRACTION_0p1_R17,missing_fraction,0.1,0.15,0.2,10.0,120,4,1.0,1.0,0.8537834237082595,0.006859833249109175
MISSING_FRACTION_0p1_R18,missing_fraction,0.1,0.15,0.2,10.0,120,4,1.0,1.0,0.8262769002592816,0.006859833249109175
MISSING_FRACTION_0p1_R19,missing_fraction,0.1,0.15,0.2,10.0,120,4,1.0,1.0,0.8283072843797988,0.006859833249109175
MISSING_FRACTION_0p1_R20,missing_fraction,0.1,0.15,0.2,10.0,120,4,1.0,1.0,0.847610306475737,0.006859833249109175
MISSING_FRACTION_0p1_R21,missing_fraction,0.1,0.15,0.2,10.0,120,4,1.0,1.0,0.836628096666225,0.006859833249109175
MISSING_FRACTION_0p1_R22,missing_fraction,0.1,0.15,0.2,10.0,120,4,1.0,1.0,0.8392595101506823,0.006859833249109175
MISSING_FRACTION_0p1_R23,missing_fraction,0.1,0.15,0.2,10.0,120,4,1.0,1.0,0.822179779416224,0.006859833249109175
MISSING_FRACTION_0p1_R24,missing_fraction,0.1,0.15,0.2,10.0,120,4,1.0,1.0,0.8453950105170154,0.006859833249109175
MISSING_FRACTION_0p1_R25,missing_fraction,0.1,0.15,0.2,10.0,120,4,1.0,1.0,0.8311204372796994,0.006859833249109175
MISSING_FRACTION_0p1_R26,missing_fraction,0.1,0.15,0.2,10.0,120,4,1.0,1.0,0.85017862973199,0.006859833249109175
MISSING_FRACTION_0p1_R27,missing_fraction,0.1,0.15,0.2,10.0,120,4,1.0,1.0,0.8441267106556675,0.006859833249109175
MISSING_FRACTION_0p1_R28,missing_fraction,0.1,0.15,0.2,10.0,120,4,1.0,1.0,0.8281508447715329,0.006859833249109175
MISSING_FRACTION_0p1_R29,missing_fraction,0.1,0.15,0.2,10.0,120,4,1.0,1.0,0.8454111698625445,0.006859833249109175
MISSING_FRACTION_0p1_R30,missing_fraction,0.1,0.15,0.2,10.0,120,4,1.0,1.0,0.8339812407149938,0.006859833249109175
MISSING_FRACTION_0p1_R31,missing_fraction,0.1,0.15,0.2,10.0,120,4,1.0,1.0,0.8303258166937884,0.006859833249109175
MISSING_FRACTION_0p1_R32,missing_fraction,0.1,0.15,0.2,10.0,120,4,1.0,1.0,0.843673771640469,0.006859833249109175
MISSING_FRACTION_0p1_R33,missing_fraction,0.1,0.15,0.2,10.0,120,4,1.0,1.0,0.8147088832778908,0.006859833249109175
MISSING_FRACTION_0p1_R34,missing_fraction,0.1,0.15,0.2,10.0,120,4,1.0,1.0,0.8478034527298157,0.006859833249109175
MISSING_FRACTION_0p1_R35,missing_fraction,0.1,0.15,0.2,10.0,120,4,1.0,1.0,0.8325757084597638,0.006859833249109175
MISSING_FRACTION_0p1_R36,missing_fraction,0.1,0.15,0.2,10.0,120,4,1.0,1.0,0.8436553760643759,0.006859833249109175
MISSING_FRACTION_0p1_R37,missing_fraction,0.1,0.15,0.2,10.0,120,4,1.0,1.0,0.8409457358030051,0.006859833249109175
MISSING_FRACTION_0p1_R38,missing_fraction,0.1,0.15,0.2,10.0,120,4,1.0,1.0,0.8384054740622967,0.006859833249109175
MISSING_FRACTION_0p1_R39,missing_fraction,0.1,0.15,0.2,10.0,120,4,1.0,1.0,0.8334338200423614,0.006859833249109175
MISSING_FRACTION_0p1_R40,missing_fraction,0.1,0.15,0.2,10.0,120,4,1.0,1.0,0.8469874375740596,0.006859833249109175
MISSING_FRACTION_0p2_R01,missing_fraction,0.2,0.15,0.2,20.0,120,4,1.0,1.0,0.8510039466372632,0.006859833249109175
MISSING_FRACTION_0p2_R02,missing_fraction,0.2,0.15,0.2,20.0,120,4,1.0,1.0,0.8381968900532887,0.006859833249109175
MISSING_FRACTION_0p2_R03,missing_fraction,0.2,0.15,0.2,20.0,120,4,1.0,1.0,0.8201654924371127,0.006859833249109175
MISSING_FRACTION_0p2_R04,missing_fraction,0.2,0.15,0.2,20.0,120,4,1.0,1.0,0.8469913482716801,0.006859833249109175
MISSING_FRACTION_0p2_R05,missing_fraction,0.2,0.15,0.2,20.0,120,4,1.0,1.0,0.841061263755164,0.006859833249109175
MISSING_FRACTION_0p2_R06,missing_fraction,0.2,0.15,0.2,20.0,120,4,1.0,1.0,0.8397790297794315,0.006859833249109175
MISSING_FRACTION_0p2_R07,missing_fraction,0.2,0.15,0.2,20.0,120,4,1.0,1.0,0.8483238969277391,0.006859833249109175
MISSING_FRACTION_0p2_R08,missing_fraction,0.2,0.15,0.2,20.0,120,4,1.0,1.0,0.8407284690499004,0.006859833249109175
MISSING_FRACTION_0p2_R09,missing_fraction,0.2,0.15,0.2,20.0,120,4,1.0,1.0,0.839020225974443,0.006859833249109175
MISSING_FRACTION_0p2_R10,missing_fraction,0.2,0.15,0.2,20.0,120,4,1.0,1.0,0.8471735229044197,0.006859833249109175
MISSING_FRACTION_0p2_R11,missing_fraction,0.2,0.15,0.2,20.0,120,4,1.0,1.0,0.8405563278211108,0.006859833249109175
MISSING_FRACTION_0p2_R12,missing_fraction,0.2,0.15,0.2,20.0,120,4,1.0,1.0,0.832753662442669,0.006859833249109175
MISSING_FRACTION_0p2_R13,missing_fraction,0.2,0.15,0.2,20.0,120,4,1.0,1.0,0.8347535499543457,0.006859833249109175
MISSING_FRACTION_0p2_R14,missing_fraction,0.2,0.15,0.2,20.0,120,4,1.0,1.0,0.8481974865684718,0.006859833249109175
MISSING_FRACTION_0p2_R15,missing_fraction,0.2,0.15,0.2,20.0,120,4,1.0,1.0,0.8524889711452479,0.006859833249109175
MISSING_FRACTION_0p2_R16,missing_fraction,0.2,0.15,0.2,20.0,120,4,1.0,1.0,0.8464602272668863,0.006859833249109175
MISSING_FRACTION_0p2_R17,missing_fraction,0.2,0.15,0.2,20.0,120,4,1.0,1.0,0.8523923447329746,0.006859833249109175
MISSING_FRACTION_0p2_R18,missing_fraction,0.2,0.15,0.2,20.0,120,4,1.0,1.0,0.8397362149740715,0.006859833249109175
MISSING_FRACTION_0p2_R19,missing_fraction,0.2,0.15,0.2,20.0,120,4,1.0,1.0,0.8566891264081302,0.006859833249109175
MISSING_FRACTION_0p2_R20,missing_fraction,0.2,0.15,0.2,20.0,120,4,1.0,1.0,0.8431424536903994,0.006859833249109175
MISSING_FRACTION_0p2_R21,missing_fraction,0.2,0.15,0.2,20.0,120,4,1.0,1.0,0.8480220066065817,0.006859833249109175
MISSING_FRACTION_0p2_R22,missing_fraction,0.2,0.15,0.2,20.0,120,4,1.0,1.0,0.8348925494467505,0.006859833249109175
MISSING_FRACTION_0p2_R23,missing_fraction,0.2,0.15,0.2,20.0,120,4,1.0,1.0,0.8304897083970286,0.006859833249109175
MISSING_FRACTION_0p2_R24,missing_fraction,0.2,0.15,0.2,20.0,120,4,1.0,1.0,0.8291040995133598,0.006859833249109175
MISSING_FRACTION_0p2_R25,missing_fraction,0.2,0.15,0.2,20.0,120,4,1.0,1.0,0.8696154004638361,0.006859833249109175
MISSING_FRACTION_0p2_R26,missing_fraction,0.2,0.15,0.2,20.0,120,4,1.0,1.0,0.8487796766967024,0.006859833249109175
MISSING_FRACTION_0p2_R27,missing_fraction,0.2,0.15,0.2,20.0,120,4,1.0,1.0,0.8407736088609871,0.006859833249109175
MISSING_FRACTION_0p2_R28,missing_fraction,0.2,0.15,0.2,20.0,120,4,1.0,1.0,0.8448270732075138,0.006859833249109175
MISSING_FRACTION_0p2_R29,missing_fraction,0.2,0.15,0.2,20.0,120,4,1.0,1.0,0.8475426355677194,0.006859833249109175
MISSING_FRACTION_0p2_R30,missing_fraction,0.2,0.15,0.2,20.0,120,4,1.0,1.0,0.8585488787361797,0.006859833249109175
MISSING_FRACTION_0p2_R31,missing_fraction,0.2,0.15,0.2,20.0,120,4,1.0,1.0,0.8536828524413043,0.006859833249109175
MISSING_FRACTION_0p2_R32,missing_fraction,0.2,0.15,0.2,20.0,120,4,1.0,1.0,0.8455860016351077,0.006859833249109175
MISSING_FRACTION_0p2_R33,missing_fraction,0.2,0.15,0.2,20.0,120,4,1.0,1.0,0.8532774459103878,0.006859833249109175
MISSING_FRACTION_0p2_R34,missing_fraction,0.2,0.15,0.2,20.0,120,4,1.0,1.0,0.8631878115254072,0.006859833249109175
MISSING_FRACTION_0p2_R35,missing_fraction,0.2,0.15,0.2,20.0,120,4,1.0,1.0,0.8276952773526479,0.006859833249109175
MISSING_FRACTION_0p2_R36,missing_fraction,0.2,0.15,0.2,20.0,120,4,1.0,1.0,0.8315957105954991,0.006859833249109175
MISSING_FRACTION_0p2_R37,missing_fraction,0.2,0.15,0.2,20.0,120,4,1.0,1.0,0.8464508988827079,0.006859833249109175
MISSING_FRACTION_0p2_R38,missing_fraction,0.2,0.15,0.2,20.0,120,4,1.0,1.0,0.8322882472631399,0.006859833249109175
MISSING_FRACTION_0p2_R39,missing_fraction,0.2,0.15,0.2,20.0,120,4,1.0,1.0,0.8535270924041073,0.006859833249109175
MISSING_FRACTION_0p2_R40,missing_fraction,0.2,0.15,0.2,20.0,120,4,1.0,1.0,0.8479233091655866,0.006859833249109175
MISSING_FRACTION_0p3_R01,missing_fraction,0.3,0.15,0.2,30.0,120,4,1.0,1.0,0.8634216913106851,0.006859833249109175
MISSING_FRACTION_0p3_R02,missing_fraction,0.3,0.15,0.2,30.0,120,4,1.0,1.0,0.8469633597712144,0.006859833249109175
MISSING_FRACTION_0p3_R03,missing_fraction,0.3,0.15,0.2,30.0,120,4,1.0,1.0,0.811834709315536,0.006859833249109175
MISSING_FRACTION_0p3_R04,missing_fraction,0.3,0.15,0.2,30.0,120,4,1.0,1.0,0.8685611604809069,0.006859833249109175
MISSING_FRACTION_0p3_R05,missing_fraction,0.3,0.15,0.2,30.0,120,4,1.0,1.0,0.8322989791917359,0.006859833249109175
MISSING_FRACTION_0p3_R06,missing_fraction,0.3,0.15,0.2,30.0,120,4,1.0,1.0,0.8449292389296035,0.006859833249109175
MISSING_FRACTION_0p3_R07,missing_fraction,0.3,0.15,0.2,30.0,120,4,1.0,1.0,0.8626453075765932,0.006859833249109175
MISSING_FRACTION_0p3_R08,missing_fraction,0.3,0.15,0.2,30.0,120,4,1.0,1.0,0.8275546105772719,0.006859833249109175
MISSING_FRACTION_0p3_R09,missing_fraction,0.3,0.15,0.2,30.0,120,4,1.0,1.0,0.858092317991226,0.006859833249109175
MISSING_FRACTION_0p3_R10,missing_fraction,0.3,0.15,0.2,30.0,120,4,1.0,1.0,0.8569593768973283,0.006859833249109175
MISSING_FRACTION_0p3_R11,missing_fraction,0.3,0.15,0.2,30.0,120,4,1.0,1.0,0.8611907670402983,0.006859833249109175
MISSING_FRACTION_0p3_R12,missing_fraction,0.3,0.15,0.2,30.0,120,4,1.0,1.0,0.8627101784838634,0.006859833249109175
MISSING_FRACTION_0p3_R13,missing_fraction,0.3,0.15,0.2,30.0,120,4,1.0,1.0,0.8307875229022762,0.006859833249109175
MISSING_FRACTION_0p3_R14,missing_fraction,0.3,0.15,0.2,30.0,120,4,1.0,1.0,0.8611066693211211,0.006859833249109175
MISSING_FRACTION_0p3_R15,missing_fraction,0.3,0.15,0.2,30.0,120,4,1.0,1.0,0.8560284600987902,0.006859833249109175
MISSING_FRACTION_0p3_R16,missing_fraction,0.3,0.15,0.2,30.0,120,4,1.0,1.0,0.8581789850868549,0.006859833249109175
MISSING_FRACTION_0p3_R17,missing_fraction,0.3,0.15,0.2,30.0,120,4,1.0,1.0,0.8493855847037818,0.006859833249109175
MISSING_FRACTION_0p3_R18,missing_fraction,0.3,0.15,0.2,30.0,120,4,1.0,1.0,0.8476138822927268,0.006859833249109175
MISSING_FRACTION_0p3_R19,missing_fraction,0.3,0.15,0.2,30.0,120,4,1.0,1.0,0.8681521612797096,0.006859833249109175
MISSING_FRACTION_0p3_R20,missing_fraction,0.3,0.15,0.2,30.0,120,4,1.0,1.0,0.8591156290355094,0.006859833249109175
MISSING_FRACTION_0p3_R21,missing_fraction,0.3,0.15,0.2,30.0,120,4,1.0,1.0,0.8621472243830882,0.006859833249109175
MISSING_FRACTION_0p3_R22,missing_fraction,0.3,0.15,0.2,30.0,120,4,1.0,1.0,0.8485034320730008,0.006859833249109175
MISSING_FRACTION_0p3_R23,missing_fraction,0.3,0.15,0.2,30.0,120,4,1.0,1.0,0.860097543536549,0.006859833249109175
MISSING_FRACTION_0p3_R24,missing_fraction,0.3,0.15,0.2,30.0,120,4,1.0,1.0,0.8371905766128613,0.006859833249109175
MISSING_FRACTION_0p3_R25,missing_fraction,0.3,0.15,0.2,30.0,120,4,1.0,1.0,0.8466905114165189,0.006859833249109175
MISSING_FRACTION_0p3_R26,missing_fraction,0.3,0.15,0.2,30.0,120,4,1.0,1.0,0.8530528269062297,0.006859833249109175
MISSING_FRACTION_0p3_R27,missing_fraction,0.3,0.15,0.2,30.0,120,4,1.0,1.0,0.8355254755052482,0.006859833249109175
MISSING_FRACTION_0p3_R28,missing_fraction,0.3,0.15,0.2,30.0,120,4,1.0,1.0,0.8483348901509244,0.006859833249109175
MISSING_FRACTION_0p3_R29,missing_fraction,0.3,0.15,0.2,30.0,120,4,1.0,1.0,0.8545225698290599,0.006859833249109175
MISSING_FRACTION_0p3_R30,missing_fraction,0.3,0.15,0.2,30.0,120,4,1.0,1.0,0.8716118826758131,0.006859833249109175
MISSING_FRACTION_0p3_R31,missing_fraction,0.3,0.15,0.2,30.0,120,4,1.0,1.0,0.8697283821248248,0.006859833249109175
MISSING_FRACTION_0p3_R32,missing_fraction,0.3,0.15,0.2,30.0,120,4,1.0,1.0,0.8452460207681332,0.006859833249109175
MISSING_FRACTION_0p3_R33,missing_fraction,0.3,0.15,0.2,30.0,120,4,1.0,1.0,0.8253368734653389,0.006859833249109175
MISSING_FRACTION_0p3_R34,missing_fraction,0.3,0.15,0.2,30.0,120,4,1.0,1.0,0.846316200662687,0.006859833249109175
MISSING_FRACTION_0p3_R35,missing_fraction,0.3,0.15,0.2,30.0,120,4,1.0,1.0,0.8559542932155283,0.006859833249109175
MISSING_FRACTION_0p3_R36,missing_fraction,0.3,0.15,0.2,30.0,120,4,1.0,1.0,0.8568633710737729,0.006859833249109175
MISSING_FRACTION_0p3_R37,missing_fraction,0.3,0.15,0.2,30.0,120,4,1.0,1.0,0.8756143012600417,0.006859833249109175
MISSING_FRACTION_0p3_R38,missing_fraction,0.3,0.15,0.2,30.0,120,4,1.0,1.0,0.8438571214047412,0.006859833249109175
MISSING_FRACTION_0p3_R39,missing_fraction,0.3,0.15,0.2,30.0,120,4,1.0,1.0,0.8562378003057209,0.006859833249109175
MISSING_FRACTION_0p3_R40,missing_fraction,0.3,0.15,0.2,30.0,120,4,1.0,1.0,0.8582082298900865,0.006859833249109175
MISSING_FRACTION_0p4_R01,missing_fraction,0.4,0.15,0.2,40.0,120,4,1.0,1.0,0.8654970066587665,0.006859833249109175
MISSING_FRACTION_0p4_R02,missing_fraction,0.4,0.15,0.2,40.0,120,4,1.0,1.0,0.8711217004689582,0.006859833249109175
MISSING_FRACTION_0p4_R03,missing_fraction,0.4,0.15,0.2,40.0,120,4,1.0,1.0,0.8532995506886275,0.006859833249109175
MISSING_FRACTION_0p4_R04,missing_fraction,0.4,0.15,0.2,40.0,120,4,1.0,1.0,0.8710810330081701,0.006859833249109175
MISSING_FRACTION_0p4_R05,missing_fraction,0.4,0.15,0.2,40.0,120,4,1.0,1.0,0.871984491156202,0.006859833249109175
MISSING_FRACTION_0p4_R06,missing_fraction,0.4,0.15,0.2,40.0,120,4,1.0,1.0,0.853616793645092,0.006859833249109175
MISSING_FRACTION_0p4_R07,missing_fraction,0.4,0.15,0.2,40.0,120,4,1.0,1.0,0.8650828704185185,0.006859833249109175
MISSING_FRACTION_0p4_R08,missing_fraction,0.4,0.15,0.2,40.0,120,4,1.0,1.0,0.8638183084529156,0.006859833249109175
MISSING_FRACTION_0p4_R09,missing_fraction,0.4,0.15,0.2,40.0,120,4,1.0,1.0,0.8459579578851313,0.006859833249109175
MISSING_FRACTION_0p4_R10,missing_fraction,0.4,0.15,0.2,40.0,120,4,1.0,1.0,0.854868308431393,0.006859833249109175
MISSING_FRACTION_0p4_R11,missing_fraction,0.4,0.15,0.2,40.0,120,4,1.0,1.0,0.866387369378871,0.006859833249109175
MISSING_FRACTION_0p4_R12,missing_fraction,0.4,0.15,0.2,40.0,120,4,1.0,1.0,0.8575668714750689,0.006859833249109175
MISSING_FRACTION_0p4_R13,missing_fraction,0.4,0.15,0.2,40.0,120,4,1.0,1.0,0.8745886108394483,0.006859833249109175
MISSING_FRACTION_0p4_R14,missing_fraction,0.4,0.15,0.2,40.0,120,4,1.0,1.0,0.8486776333533912,0.006859833249109175
MISSING_FRACTION_0p4_R15,missing_fraction,0.4,0.15,0.2,40.0,120,4,1.0,1.0,0.8484597912141989,0.006859833249109175
MISSING_FRACTION_0p4_R16,missing_fraction,0.4,0.15,0.2,40.0,120,4,1.0,1.0,0.8627900833442784,0.006859833249109175
MISSING_FRACTION_0p4_R17,missing_fraction,0.4,0.15,0.2,40.0,120,4,1.0,1.0,0.8665436577971316,0.006859833249109175
MISSING_FRACTION_0p4_R18,missing_fraction,0.4,0.15,0.2,40.0,120,4,1.0,1.0,0.8474343873168936,0.006859833249109175
MISSING_FRACTION_0p4_R19,missing_fraction,0.4,0.15,0.2,40.0,120,4,1.0,1.0,0.854243895857131,0.006859833249109175
MISSING_FRACTION_0p4_R20,missing_fraction,0.4,0.15,0.2,40.0,120,4,1.0,1.0,0.8700597418513706,0.006859833249109175
MISSING_FRACTION_0p4_R21,missing_fraction,0.4,0.15,0.2,40.0,120,4,1.0,1.0,0.8573908759921454,0.006859833249109175
MISSING_FRACTION_0p4_R22,missing_fraction,0.4,0.15,0.2,40.0,120,4,1.0,1.0,0.8708378932711734,0.006859833249109175
MISSING_FRACTION_0p4_R23,missing_fraction,0.4,0.15,0.2,40.0,120,4,1.0,1.0,0.8643597284092787,0.006859833249109175
MISSING_FRACTION_0p4_R24,missing_fraction,0.4,0.15,0.2,40.0,120,4,1.0,1.0,0.8526005368586793,0.006859833249109175
MISSING_FRACTION_0p4_R25,missing_fraction,0.4,0.15,0.2,40.0,120,4,1.0,1.0,0.8712051235345106,0.006859833249109175
MISSING_FRACTION_0p4_R26,missing_fraction,0.4,0.15,0.2,40.0,120,4,1.0,1.0,0.8570891606271882,0.006859833249109175
MISSING_FRACTION_0p4_R27,missing_fraction,0.4,0.15,0.2,40.0,120,4,1.0,1.0,0.8735743161892512,0.006859833249109175
MISSING_FRACTION_0p4_R28,missing_fraction,0.4,0.15,0.2,40.0,120,4,1.0,1.0,0.854209314816248,0.006859833249109175
MISSING_FRACTION_0p4_R29,missing_fraction,0.4,0.15,0.2,40.0,120,4,1.0,1.0,0.8768220464671639,0.006859833249109175
MISSING_FRACTION_0p4_R30,missing_fraction,0.4,0.15,0.2,40.0,120,4,1.0,1.0,0.8628256918748383,0.006859833249109175
MISSING_FRACTION_0p4_R31,missing_fraction,0.4,0.15,0.2,40.0,120,4,1.0,1.0,0.863177056042894,0.006859833249109175
MISSING_FRACTION_0p4_R32,missing_fraction,0.4,0.15,0.2,40.0,120,4,1.0,1.0,0.8751863593742636,0.006859833249109175
MISSING_FRACTION_0p4_R33,missing_fraction,0.4,0.15,0.2,40.0,120,4,1.0,1.0,0.8564487390142208,0.006859833249109175
MISSING_FRACTION_0p4_R34,missing_fraction,0.4,0.15,0.2,40.0,120,4,1.0,1.0,0.8639442754983502,0.006859833249109175
MISSING_FRACTION_0p4_R35,missing_fraction,0.4,0.15,0.2,40.0,120,4,1.0,1.0,0.8516077774382209,0.006859833249109175
MISSING_FRACTION_0p4_R36,missing_fraction,0.4,0.15,0.2,40.0,120,4,1.0,1.0,0.8650723641658548,0.006859833249109175
MISSING_FRACTION_0p4_R37,missing_fraction,0.4,0.15,0.2,40.0,120,4,1.0,1.0,0.853837911533474,0.006859833249109175
MISSING_FRACTION_0p4_R38,missing_fraction,0.4,0.15,0.2,40.0,120,4,1.0,1.0,0.8586420370133985,0.006859833249109175
MISSING_FRACTION_0p4_R39,missing_fraction,0.4,0.15,0.2,40.0,120,4,1.0,1.0,0.86195509320296,0.006859833249109175
MISSING_FRACTION_0p4_R40,missing_fraction,0.4,0.15,0.2,40.0,120,4,1.0,1.0,0.8476493428657527,0.006859833249109175
MISSING_FRACTION_0p5_R01,missing_fraction,0.5,0.15,0.2,50.0,120,4,1.0,1.0,0.86879619481176,0.006859833249109175
MISSING_FRACTION_0p5_R02,missing_fraction,0.5,0.15,0.2,50.0,120,4,1.0,1.0,0.8605980103438644,0.006859833249109175
MISSING_FRACTION_0p5_R03,missing_fraction,0.5,0.15,0.2,50.0,120,4,1.0,1.0,0.879245300330937,0.006859833249109175
MISSING_FRACTION_0p5_R04,missing_fraction,0.5,0.15,0.2,50.0,120,4,1.0,1.0,0.8865895612702072,0.006859833249109175
MISSING_FRACTION_0p5_R05,missing_fraction,0.5,0.15,0.2,50.0,120,4,1.0,1.0,0.8596138648235631,0.006859833249109175
MISSING_FRACTION_0p5_R06,missing_fraction,0.5,0.15,0.2,50.0,120,4,1.0,1.0,0.873547054362805,0.006859833249109175
MISSING_FRACTION_0p5_R07,missing_fraction,0.5,0.15,0.2,50.0,120,4,1.0,1.0,0.8733957260087825,0.006859833249109175
MISSING_FRACTION_0p5_R08,missing_fraction,0.5,0.15,0.2,50.0,120,4,1.0,1.0,0.8573631841572749,0.006859833249109175
MISSING_FRACTION_0p5_R09,missing_fraction,0.5,0.15,0.2,50.0,120,4,1.0,1.0,0.8745869004427637,0.006859833249109175
MISSING_FRACTION_0p5_R10,missing_fraction,0.5,0.15,0.2,50.0,120,4,1.0,1.0,0.8781030831087435,0.006859833249109175
MISSING_FRACTION_0p5_R11,missing_fraction,0.5,0.15,0.2,50.0,120,4,1.0,1.0,0.8800873964176503,0.006859833249109175
MISSING_FRACTION_0p5_R12,missing_fraction,0.5,0.15,0.2,50.0,120,4,1.0,1.0,0.8741265502756207,0.006859833249109175
MISSING_FRACTION_0p5_R13,missing_fraction,0.5,0.15,0.2,50.0,120,4,1.0,1.0,0.8701293233857255,0.006859833249109175
MISSING_FRACTION_0p5_R14,missing_fraction,0.5,0.15,0.2,50.0,120,4,1.0,1.0,0.8860895159267443,0.006859833249109175
MISSING_FRACTION_0p5_R15,missing_fraction,0.5,0.15,0.2,50.0,120,4,1.0,1.0,0.8676863667900112,0.006859833249109175
MISSING_FRACTION_0p5_R16,missing_fraction,0.5,0.15,0.2,50.0,120,4,1.0,1.0,0.8663089037837868,0.006859833249109175
MISSING_FRACTION_0p5_R17,missing_fraction,0.5,0.15,0.2,50.0,120,4,1.0,1.0,0.872867240166029,0.006859833249109175
MISSING_FRACTION_0p5_R18,missing_fraction,0.5,0.15,0.2,50.0,120,4,1.0,1.0,0.8923102322460601,0.006859833249109175
MISSING_FRACTION_0p5_R19,missing_fraction,0.5,0.15,0.2,50.0,120,4,1.0,1.0,0.865941261050395,0.006859833249109175
MISSING_FRACTION_0p5_R20,missing_fraction,0.5,0.15,0.2,50.0,120,4,1.0,1.0,0.8745944861021168,0.006859833249109175
MISSING_FRACTION_0p5_R21,missing_fraction,0.5,0.15,0.2,50.0,120,4,1.0,1.0,0.8639958947014722,0.006859833249109175
MISSING_FRACTION_0p5_R22,missing_fraction,0.5,0.15,0.2,50.0,120,4,1.0,1.0,0.8739231836647534,0.006859833249109175
MISSING_FRACTION_0p5_R23,missing_fraction,0.5,0.15,0.2,50.0,120,4,1.0,1.0,0.8709702371033536,0.006859833249109175
MISSING_FRACTION_0p5_R24,missing_fraction,0.5,0.15,0.2,50.0,120,4,1.0,1.0,0.8697917073618906,0.006859833249109175
MISSING_FRACTION_0p5_R25,missing_fraction,0.5,0.15,0.2,50.0,120,4,1.0,1.0,0.8752195533172069,0.006859833249109175
MISSING_FRACTION_0p5_R26,missing_fraction,0.5,0.15,0.2,50.0,120,4,1.0,1.0,0.8847923298157302,0.006859833249109175
MISSING_FRACTION_0p5_R27,missing_fraction,0.5,0.15,0.2,50.0,120,4,1.0,1.0,0.8733192237305283,0.006859833249109175
MISSING_FRACTION_0p5_R28,missing_fraction,0.5,0.15,0.2,50.0,120,4,1.0,1.0,0.8805102856886281,0.006859833249109175
MISSING_FRACTION_0p5_R29,missing_fraction,0.5,0.15,0.2,50.0,120,4,1.0,1.0,0.8485054439488333,0.006859833249109175
MISSING_FRACTION_0p5_R30,missing_fraction,0.5,0.15,0.2,50.0,120,4,1.0,1.0,0.8603377647637143,0.006859833249109175
MISSING_FRACTION_0p5_R31,missing_fraction,0.5,0.15,0.2,50.0,120,4,1.0,1.0,0.8654612951457621,0.006859833249109175
MISSING_FRACTION_0p5_R32,missing_fraction,0.5,0.15,0.2,50.0,120,4,1.0,1.0,0.8654842278190589,0.006859833249109175
MISSING_FRACTION_0p5_R33,missing_fraction,0.5,0.15,0.2,50.0,120,4,1.0,1.0,0.8614119796074691,0.006859833249109175
MISSING_FRACTION_0p5_R34,missing_fraction,0.5,0.15,0.2,50.0,120,4,1.0,1.0,0.8656088633976626,0.006859833249109175
MISSING_FRACTION_0p5_R35,missing_fraction,0.5,0.15,0.2,50.0,120,4,1.0,1.0,0.8661980357643095,0.006859833249109175
MISSING_FRACTION_0p5_R36,missing_fraction,0.5,0.15,0.2,50.0,120,4,1.0,1.0,0.8800953020922285,0.006859833249109175
MISSING_FRACTION_0p5_R37,missing_fraction,0.5,0.15,0.2,50.0,120,4,1.0,1.0,0.8821406711551665,0.006859833249109175
MISSING_FRACTION_0p5_R38,missing_fraction,0.5,0.15,0.2,50.0,120,4,1.0,1.0,0.8777081983626803,0.006859833249109175
MISSING_FRACTION_0p5_R39,missing_fraction,0.5,0.15,0.2,50.0,120,4,1.0,1.0,0.8708069916173499,0.006859833249109175
MISSING_FRACTION_0p5_R40,missing_fraction,0.5,0.15,0.2,50.0,120,4,1.0,1.0,0.8787863898793719,0.006859833249109175
N_LINEAGES_30p0_R01,n_lineages,30.0,0.15,0.2,5.0,30,4,1.0,1.0,0.8270684797751032,0.004105072999664075
N_LINEAGES_30p0_R02,n_lineages,30.0,0.15,0.2,5.0,30,4,1.0,1.0,0.8154404282600548,0.004105072999664075
N_LINEAGES_30p0_R03,n_lineages,30.0,0.15,0.2,5.0,30,4,1.0,1.0,0.8276974419547354,0.004105072999664075
N_LINEAGES_30p0_R04,n_lineages,30.0,0.15,0.2,5.0,30,4,1.0,1.0,0.8432540747688635,0.004105072999664075
N_LINEAGES_30p0_R05,n_lineages,30.0,0.15,0.2,5.0,30,4,1.0,1.0,0.8227660071537913,0.004105072999664075
N_LINEAGES_30p0_R06,n_lineages,30.0,0.15,0.2,5.0,30,4,1.0,1.0,0.833565162990286,0.004105072999664075
N_LINEAGES_30p0_R07,n_lineages,30.0,0.15,0.2,5.0,30,4,1.0,1.0,0.8282161457444057,0.004105072999664075
N_LINEAGES_30p0_R08,n_lineages,30.0,0.15,0.2,5.0,30,4,1.0,1.0,0.8349542328181985,0.004105072999664075
N_LINEAGES_30p0_R09,n_lineages,30.0,0.15,0.2,5.0,30,4,1.0,1.0,0.8042184424703767,0.004105072999664075
N_LINEAGES_30p0_R10,n_lineages,30.0,0.15,0.2,5.0,30,4,1.0,1.0,0.827638586412828,0.004105072999664075
N_LINEAGES_30p0_R11,n_lineages,30.0,0.15,0.2,5.0,30,4,1.0,1.0,0.8039523705351309,0.004105072999664075
N_LINEAGES_30p0_R12,n_lineages,30.0,0.15,0.2,5.0,30,4,1.0,1.0,0.8085935520856272,0.004105072999664075
N_LINEAGES_30p0_R13,n_lineages,30.0,0.15,0.2,5.0,30,4,1.0,1.0,0.8451007090832519,0.004105072999664075
N_LINEAGES_30p0_R14,n_lineages,30.0,0.15,0.2,5.0,30,4,1.0,1.0,0.8053501499563279,0.004105072999664075
N_LINEAGES_30p0_R15,n_lineages,30.0,0.15,0.2,5.0,30,4,1.0,1.0,0.7762636018445267,0.004105072999664075
N_LINEAGES_30p0_R16,n_lineages,30.0,0.15,0.2,5.0,30,4,1.0,1.0,0.8429522614908992,0.004105072999664075
N_LINEAGES_30p0_R17,n_lineages,30.0,0.15,0.2,5.0,30,4,1.0,1.0,0.8369387504236845,0.004105072999664075
N_LINEAGES_30p0_R18,n_lineages,30.0,0.15,0.2,5.0,30,4,1.0,1.0,0.8355249182601863,0.004105072999664075
N_LINEAGES_30p0_R19,n_lineages,30.0,0.15,0.2,5.0,30,4,1.0,1.0,0.8251272135011951,0.004105072999664075
N_LINEAGES_30p0_R20,n_lineages,30.0,0.15,0.2,5.0,30,4,1.0,1.0,0.8290184467665785,0.004105072999664075
N_LINEAGES_30p0_R21,n_lineages,30.0,0.15,0.2,5.0,30,4,1.0,1.0,0.809124894363369,0.004105072999664075
N_LINEAGES_30p0_R22,n_lineages,30.0,0.15,0.2,5.0,30,4,1.0,1.0,0.8191728959910033,0.004105072999664075
N_LINEAGES_30p0_R23,n_lineages,30.0,0.15,0.2,5.0,30,4,1.0,1.0,0.8124052162253695,0.004105072999664075
N_LINEAGES_30p0_R24,n_lineages,30.0,0.15,0.2,5.0,30,4,1.0,1.0,0.8447113400698077,0.004105072999664075
N_LINEAGES_30p0_R25,n_lineages,30.0,0.15,0.2,5.0,30,4,1.0,1.0,0.8050117080980072,0.004105072999664075
N_LINEAGES_30p0_R26,n_lineages,30.0,0.15,0.2,5.0,30,4,1.0,1.0,0.8741608446973994,0.004105072999664075
N_LINEAGES_30p0_R27,n_lineages,30.0,0.15,0.2,5.0,30,4,1.0,1.0,0.7601093451898245,0.004105072999664075
N_LINEAGES_30p0_R28,n_lineages,30.0,0.15,0.2,5.0,30,4,1.0,1.0,0.8427601388019157,0.004105072999664075
N_LINEAGES_30p0_R29,n_lineages,30.0,0.15,0.2,5.0,30,4,1.0,1.0,0.8212604245904583,0.004105072999664075
N_LINEAGES_30p0_R30,n_lineages,30.0,0.15,0.2,5.0,30,4,1.0,1.0,0.8418206703118223,0.004105072999664075
N_LINEAGES_30p0_R31,n_lineages,30.0,0.15,0.2,5.0,30,4,1.0,1.0,0.8401646517433161,0.004105072999664075
N_LINEAGES_30p0_R32,n_lineages,30.0,0.15,0.2,5.0,30,4,1.0,1.0,0.8428890283207944,0.004105072999664075
N_LINEAGES_30p0_R33,n_lineages,30.0,0.15,0.2,5.0,30,4,1.0,1.0,0.82409300748037,0.004105072999664075
N_LINEAGES_30p0_R34,n_lineages,30.0,0.15,0.2,5.0,30,4,1.0,1.0,0.8170258058320133,0.004105072999664075
N_LINEAGES_30p0_R35,n_lineages,30.0,0.15,0.2,5.0,30,4,1.0,1.0,0.8506485393928077,0.004105072999664075
N_LINEAGES_30p0_R36,n_lineages,30.0,0.15,0.2,5.0,30,4,1.0,1.0,0.8077812660466125,0.004105072999664075
N_LINEAGES_30p0_R37,n_lineages,30.0,0.15,0.2,5.0,30,4,1.0,1.0,0.8388860180501494,0.004105072999664075
N_LINEAGES_30p0_R38,n_lineages,30.0,0.15,0.2,5.0,30,4,1.0,1.0,0.8194352364552235,0.004105072999664075
N_LINEAGES_30p0_R39,n_lineages,30.0,0.15,0.2,5.0,30,4,1.0,1.0,0.837670483526528,0.004105072999664075
N_LINEAGES_30p0_R40,n_lineages,30.0,0.15,0.2,5.0,30,4,1.0,1.0,0.814932611499779,0.004105072999664075
N_LINEAGES_60p0_R01,n_lineages,60.0,0.15,0.2,5.0,60,4,1.0,1.0,0.8327088339237807,0.00513974999921625
N_LINEAGES_60p0_R02,n_lineages,60.0,0.15,0.2,5.0,60,4,1.0,1.0,0.8327822316584514,0.00513974999921625
N_LINEAGES_60p0_R03,n_lineages,60.0,0.15,0.2,5.0,60,4,1.0,1.0,0.8329678598852578,0.00513974999921625
N_LINEAGES_60p0_R04,n_lineages,60.0,0.15,0.2,5.0,60,4,1.0,1.0,0.8328001381975692,0.00513974999921625
N_LINEAGES_60p0_R05,n_lineages,60.0,0.15,0.2,5.0,60,4,1.0,1.0,0.8269500380265019,0.00513974999921625
N_LINEAGES_60p0_R06,n_lineages,60.0,0.15,0.2,5.0,60,4,1.0,1.0,0.8079885717768779,0.00513974999921625
N_LINEAGES_60p0_R07,n_lineages,60.0,0.15,0.2,5.0,60,4,1.0,1.0,0.8303860603064838,0.00513974999921625
N_LINEAGES_60p0_R08,n_lineages,60.0,0.15,0.2,5.0,60,4,1.0,1.0,0.8201280204654622,0.00513974999921625
N_LINEAGES_60p0_R09,n_lineages,60.0,0.15,0.2,5.0,60,4,1.0,0.9833333333333332,0.8290992367934482,0.00513974999921625
N_LINEAGES_60p0_R10,n_lineages,60.0,0.15,0.2,5.0,60,4,1.0,1.0,0.8253859680966931,0.00513974999921625
N_LINEAGES_60p0_R11,n_lineages,60.0,0.15,0.2,5.0,60,4,1.0,1.0,0.8176662652216815,0.00513974999921625
N_LINEAGES_60p0_R12,n_lineages,60.0,0.15,0.2,5.0,60,4,1.0,1.0,0.8180559890675215,0.00513974999921625
N_LINEAGES_60p0_R13,n_lineages,60.0,0.15,0.2,5.0,60,4,1.0,1.0,0.8537762587895789,0.00513974999921625
N_LINEAGES_60p0_R14,n_lineages,60.0,0.15,0.2,5.0,60,4,1.0,1.0,0.8509897086864207,0.00513974999921625
N_LINEAGES_60p0_R15,n_lineages,60.0,0.15,0.2,5.0,60,4,1.0,1.0,0.8489922829951383,0.00513974999921625
N_LINEAGES_60p0_R16,n_lineages,60.0,0.15,0.2,5.0,60,4,1.0,1.0,0.8169260873567519,0.00513974999921625
N_LINEAGES_60p0_R17,n_lineages,60.0,0.15,0.2,5.0,60,4,1.0,1.0,0.843408204685232,0.00513974999921625
N_LINEAGES_60p0_R18,n_lineages,60.0,0.15,0.2,5.0,60,4,1.0,1.0,0.8310676025520872,0.00513974999921625
N_LINEAGES_60p0_R19,n_lineages,60.0,0.15,0.2,5.0,60,4,1.0,1.0,0.8411144133555608,0.00513974999921625
N_LINEAGES_60p0_R20,n_lineages,60.0,0.15,0.2,5.0,60,4,1.0,1.0,0.8335302183151267,0.00513974999921625
N_LINEAGES_60p0_R21,n_lineages,60.0,0.15,0.2,5.0,60,4,1.0,1.0,0.835552661701932,0.00513974999921625
N_LINEAGES_60p0_R22,n_lineages,60.0,0.15,0.2,5.0,60,4,1.0,1.0,0.8303527430862212,0.00513974999921625
N_LINEAGES_60p0_R23,n_lineages,60.0,0.15,0.2,5.0,60,4,1.0,1.0,0.8549214981972623,0.00513974999921625
N_LINEAGES_60p0_R24,n_lineages,60.0,0.15,0.2,5.0,60,4,1.0,1.0,0.8468136294838179,0.00513974999921625
N_LINEAGES_60p0_R25,n_lineages,60.0,0.15,0.2,5.0,60,4,1.0,1.0,0.835299916492581,0.00513974999921625
N_LINEAGES_60p0_R26,n_lineages,60.0,0.15,0.2,5.0,60,4,1.0,1.0,0.8425284060156464,0.00513974999921625
N_LINEAGES_60p0_R27,n_lineages,60.0,0.15,0.2,5.0,60,4,1.0,1.0,0.8274906791097868,0.00513974999921625
N_LINEAGES_60p0_R28,n_lineages,60.0,0.15,0.2,5.0,60,4,1.0,1.0,0.8472723630619361,0.00513974999921625
N_LINEAGES_60p0_R29,n_lineages,60.0,0.15,0.2,5.0,60,4,1.0,1.0,0.8424040957341405,0.00513974999921625
N_LINEAGES_60p0_R30,n_lineages,60.0,0.15,0.2,5.0,60,4,1.0,1.0,0.8258120707256803,0.00513974999921625
N_LINEAGES_60p0_R31,n_lineages,60.0,0.15,0.2,5.0,60,4,1.0,1.0,0.8110290255855787,0.00513974999921625
N_LINEAGES_60p0_R32,n_lineages,60.0,0.15,0.2,5.0,60,4,1.0,1.0,0.8418170051911864,0.00513974999921625
N_LINEAGES_60p0_R33,n_lineages,60.0,0.15,0.2,5.0,60,4,1.0,1.0,0.819378861539956,0.00513974999921625
N_LINEAGES_60p0_R34,n_lineages,60.0,0.15,0.2,5.0,60,4,1.0,1.0,0.841178829886309,0.00513974999921625
N_LINEAGES_60p0_R35,n_lineages,60.0,0.15,0.2,5.0,60,4,1.0,1.0,0.8316480185054254,0.00513974999921625
N_LINEAGES_60p0_R36,n_lineages,60.0,0.15,0.2,5.0,60,4,1.0,1.0,0.8377586555986596,0.00513974999921625
N_LINEAGES_60p0_R37,n_lineages,60.0,0.15,0.2,5.0,60,4,1.0,1.0,0.8439180819995753,0.00513974999921625
N_LINEAGES_60p0_R38,n_lineages,60.0,0.15,0.2,5.0,60,4,1.0,1.0,0.8380140896448275,0.00513974999921625
N_LINEAGES_60p0_R39,n_lineages,60.0,0.15,0.2,5.0,60,4,1.0,1.0,0.8461503518578757,0.00513974999921625
N_LINEAGES_60p0_R40,n_lineages,60.0,0.15,0.2,5.0,60,4,1.0,1.0,0.8426038436710026,0.00513974999921625
N_LINEAGES_120p0_R01,n_lineages,120.0,0.15,0.2,5.0,120,4,1.0,1.0,0.8419315856446278,0.006859833249109175
N_LINEAGES_120p0_R02,n_lineages,120.0,0.15,0.2,5.0,120,4,1.0,1.0,0.8239115523565097,0.006859833249109175
N_LINEAGES_120p0_R03,n_lineages,120.0,0.15,0.2,5.0,120,4,1.0,1.0,0.8477977927108626,0.006859833249109175
N_LINEAGES_120p0_R04,n_lineages,120.0,0.15,0.2,5.0,120,4,1.0,1.0,0.8263011642945146,0.006859833249109175
N_LINEAGES_120p0_R05,n_lineages,120.0,0.15,0.2,5.0,120,4,1.0,1.0,0.8334901243249776,0.006859833249109175
N_LINEAGES_120p0_R06,n_lineages,120.0,0.15,0.2,5.0,120,4,1.0,1.0,0.8517724767069556,0.006859833249109175
N_LINEAGES_120p0_R07,n_lineages,120.0,0.15,0.2,5.0,120,4,1.0,1.0,0.842944368138024,0.006859833249109175
N_LINEAGES_120p0_R08,n_lineages,120.0,0.15,0.2,5.0,120,4,1.0,1.0,0.8375982561113459,0.006859833249109175
N_LINEAGES_120p0_R09,n_lineages,120.0,0.15,0.2,5.0,120,4,1.0,1.0,0.8268701361912556,0.006859833249109175
N_LINEAGES_120p0_R10,n_lineages,120.0,0.15,0.2,5.0,120,4,1.0,1.0,0.8444546661514869,0.006859833249109175
N_LINEAGES_120p0_R11,n_lineages,120.0,0.15,0.2,5.0,120,4,1.0,1.0,0.8206767691162957,0.006859833249109175
N_LINEAGES_120p0_R12,n_lineages,120.0,0.15,0.2,5.0,120,4,1.0,1.0,0.8488931499114863,0.006859833249109175
N_LINEAGES_120p0_R13,n_lineages,120.0,0.15,0.2,5.0,120,4,1.0,1.0,0.8030476150571145,0.006859833249109175
N_LINEAGES_120p0_R14,n_lineages,120.0,0.15,0.2,5.0,120,4,1.0,1.0,0.8328770128732882,0.006859833249109175
N_LINEAGES_120p0_R15,n_lineages,120.0,0.15,0.2,5.0,120,4,1.0,1.0,0.8296697201745283,0.006859833249109175
N_LINEAGES_120p0_R16,n_lineages,120.0,0.15,0.2,5.0,120,4,1.0,1.0,0.8224935896948032,0.006859833249109175
N_LINEAGES_120p0_R17,n_lineages,120.0,0.15,0.2,5.0,120,4,1.0,1.0,0.8446088895364064,0.006859833249109175
N_LINEAGES_120p0_R18,n_lineages,120.0,0.15,0.2,5.0,120,4,1.0,1.0,0.8340377113387584,0.006859833249109175
N_LINEAGES_120p0_R19,n_lineages,120.0,0.15,0.2,5.0,120,4,1.0,1.0,0.8286235728055207,0.006859833249109175
N_LINEAGES_120p0_R20,n_lineages,120.0,0.15,0.2,5.0,120,4,1.0,1.0,0.838162915947063,0.006859833249109175
N_LINEAGES_120p0_R21,n_lineages,120.0,0.15,0.2,5.0,120,4,1.0,1.0,0.8278314560675694,0.006859833249109175
N_LINEAGES_120p0_R22,n_lineages,120.0,0.15,0.2,5.0,120,4,1.0,1.0,0.8381037224845636,0.006859833249109175
N_LINEAGES_120p0_R23,n_lineages,120.0,0.15,0.2,5.0,120,4,1.0,1.0,0.8409742014417901,0.006859833249109175
N_LINEAGES_120p0_R24,n_lineages,120.0,0.15,0.2,5.0,120,4,1.0,1.0,0.8300336190006012,0.006859833249109175
N_LINEAGES_120p0_R25,n_lineages,120.0,0.15,0.2,5.0,120,4,1.0,1.0,0.8215027818367893,0.006859833249109175
N_LINEAGES_120p0_R26,n_lineages,120.0,0.15,0.2,5.0,120,4,1.0,1.0,0.824598128145775,0.006859833249109175
N_LINEAGES_120p0_R27,n_lineages,120.0,0.15,0.2,5.0,120,4,1.0,1.0,0.8326016385932653,0.006859833249109175
N_LINEAGES_120p0_R28,n_lineages,120.0,0.15,0.2,5.0,120,4,1.0,1.0,0.8442348568813947,0.006859833249109175
N_LINEAGES_120p0_R29,n_lineages,120.0,0.15,0.2,5.0,120,4,1.0,1.0,0.8378699615231002,0.006859833249109175
N_LINEAGES_120p0_R30,n_lineages,120.0,0.15,0.2,5.0,120,4,1.0,1.0,0.8335991539156936,0.006859833249109175
N_LINEAGES_120p0_R31,n_lineages,120.0,0.15,0.2,5.0,120,4,1.0,1.0,0.8308891082989823,0.006859833249109175
N_LINEAGES_120p0_R32,n_lineages,120.0,0.15,0.2,5.0,120,4,1.0,1.0,0.8337824550977975,0.006859833249109175
N_LINEAGES_120p0_R33,n_lineages,120.0,0.15,0.2,5.0,120,4,1.0,1.0,0.8233126934670046,0.006859833249109175
N_LINEAGES_120p0_R34,n_lineages,120.0,0.15,0.2,5.0,120,4,1.0,1.0,0.8356206181453664,0.006859833249109175
N_LINEAGES_120p0_R35,n_lineages,120.0,0.15,0.2,5.0,120,4,1.0,1.0,0.8119540633415044,0.006859833249109175
N_LINEAGES_120p0_R36,n_lineages,120.0,0.15,0.2,5.0,120,4,1.0,1.0,0.8282101144902714,0.006859833249109175
N_LINEAGES_120p0_R37,n_lineages,120.0,0.15,0.2,5.0,120,4,1.0,1.0,0.8311519479897298,0.006859833249109175
N_LINEAGES_120p0_R38,n_lineages,120.0,0.15,0.2,5.0,120,4,1.0,1.0,0.8085115305778349,0.006859833249109175
N_LINEAGES_120p0_R39,n_lineages,120.0,0.15,0.2,5.0,120,4,1.0,1.0,0.8338637785598733,0.006859833249109175
N_LINEAGES_120p0_R40,n_lineages,120.0,0.15,0.2,5.0,120,4,1.0,1.0,0.831052822917189,0.006859833249109175
N_LINEAGES_180p0_R01,n_lineages,180.0,0.15,0.2,5.0,180,4,1.0,1.0,0.8369128319740992,
N_LINEAGES_180p0_R02,n_lineages,180.0,0.15,0.2,5.0,180,4,1.0,1.0,0.8312641832522686,
N_LINEAGES_180p0_R03,n_lineages,180.0,0.15,0.2,5.0,180,4,1.0,1.0,0.8428427792916309,
N_LINEAGES_180p0_R04,n_lineages,180.0,0.15,0.2,5.0,180,4,1.0,1.0,0.8440628124337126,
N_LINEAGES_180p0_R05,n_lineages,180.0,0.15,0.2,5.0,180,4,1.0,1.0,0.8327538834236199,
N_LINEAGES_180p0_R06,n_lineages,180.0,0.15,0.2,5.0,180,4,1.0,1.0,0.8331364348358347,
N_LINEAGES_180p0_R07,n_lineages,180.0,0.15,0.2,5.0,180,4,1.0,1.0,0.8444654497606919,
N_LINEAGES_180p0_R08,n_lineages,180.0,0.15,0.2,5.0,180,4,1.0,1.0,0.8382294252076512,
N_LINEAGES_180p0_R09,n_lineages,180.0,0.15,0.2,5.0,180,4,1.0,1.0,0.8354384220058577,
N_LINEAGES_180p0_R10,n_lineages,180.0,0.15,0.2,5.0,180,4,1.0,1.0,0.8207143838657759,
N_LINEAGES_180p0_R11,n_lineages,180.0,0.15,0.2,5.0,180,4,1.0,1.0,0.842480981206942,
N_LINEAGES_180p0_R12,n_lineages,180.0,0.15,0.2,5.0,180,4,1.0,1.0,0.8276100915765836,
N_LINEAGES_180p0_R13,n_lineages,180.0,0.15,0.2,5.0,180,4,1.0,1.0,0.8379576790759021,
N_LINEAGES_180p0_R14,n_lineages,180.0,0.15,0.2,5.0,180,4,1.0,1.0,0.8337940785623736,
N_LINEAGES_180p0_R15,n_lineages,180.0,0.15,0.2,5.0,180,4,1.0,1.0,0.8348107097525199,
N_LINEAGES_180p0_R16,n_lineages,180.0,0.15,0.2,5.0,180,4,1.0,1.0,0.8298439315092239,
N_LINEAGES_180p0_R17,n_lineages,180.0,0.15,0.2,5.0,180,4,1.0,1.0,0.8602829355287577,
N_LINEAGES_180p0_R18,n_lineages,180.0,0.15,0.2,5.0,180,4,1.0,1.0,0.82307375380251,
N_LINEAGES_180p0_R19,n_lineages,180.0,0.15,0.2,5.0,180,4,1.0,1.0,0.8445546375591348,
N_LINEAGES_180p0_R20,n_lineages,180.0,0.15,0.2,5.0,180,4,1.0,1.0,0.8057029214446919,
N_LINEAGES_180p0_R21,n_lineages,180.0,0.15,0.2,5.0,180,4,1.0,1.0,0.8254787684809685,
N_LINEAGES_180p0_R22,n_lineages,180.0,0.15,0.2,5.0,180,4,1.0,1.0,0.8302262997071018,
N_LINEAGES_180p0_R23,n_lineages,180.0,0.15,0.2,5.0,180,4,1.0,1.0,0.8480604276064659,
N_LINEAGES_180p0_R24,n_lineages,180.0,0.15,0.2,5.0,180,4,1.0,1.0,0.8494083235440375,
N_LINEAGES_180p0_R25,n_lineages,180.0,0.15,0.2,5.0,180,4,1.0,1.0,0.832206597193599,
N_LINEAGES_180p0_R26,n_lineages,180.0,0.15,0.2,5.0,180,4,1.0,1.0,0.8255378586540953,
N_LINEAGES_180p0_R27,n_lineages,180.0,0.15,0.2,5.0,180,4,1.0,1.0,0.845847973645141,
N_LINEAGES_180p0_R28,n_lineages,180.0,0.15,0.2,5.0,180,4,1.0,1.0,0.8295185278942465,
N_LINEAGES_180p0_R29,n_lineages,180.0,0.15,0.2,5.0,180,4,1.0,1.0,0.8338471776296441,
N_LINEAGES_180p0_R30,n_lineages,180.0,0.15,0.2,5.0,180,4,1.0,1.0,0.831764417589524,
N_LINEAGES_180p0_R31,n_lineages,180.0,0.15,0.2,5.0,180,4,1.0,1.0,0.8433588519269017,
N_LINEAGES_180p0_R32,n_lineages,180.0,0.15,0.2,5.0,180,4,1.0,1.0,0.8288102435823399,
N_LINEAGES_180p0_R33,n_lineages,180.0,0.15,0.2,5.0,180,4,1.0,1.0,0.8293514044849615,
N_LINEAGES_180p0_R34,n_lineages,180.0,0.15,0.2,5.0,180,4,1.0,1.0,0.8422415933511312,
N_LINEAGES_180p0_R35,n_lineages,180.0,0.15,0.2,5.0,180,4,1.0,1.0,0.8223812408181632,
N_LINEAGES_180p0_R36,n_lineages,180.0,0.15,0.2,5.0,180,4,1.0,1.0,0.8193589504703991,
N_LINEAGES_180p0_R37,n_lineages,180.0,0.15,0.2,5.0,180,4,1.0,1.0,0.840574000585545,
N_LINEAGES_180p0_R38,n_lineages,180.0,0.15,0.2,5.0,180,4,1.0,1.0,0.8130249797196146,
N_LINEAGES_180p0_R39,n_lineages,180.0,0.15,0.2,5.0,180,4,1.0,1.0,0.8201750087690997,
N_LINEAGES_180p0_R40,n_lineages,180.0,0.15,0.2,5.0,180,4,1.0,1.0,0.8260492845426372,
N_LINEAGES_240p0_R01,n_lineages,240.0,0.15,0.2,5.0,240,4,1.0,1.0,0.8500499176490691,0.010612979000143175
N_LINEAGES_240p0_R02,n_lineages,240.0,0.15,0.2,5.0,240,4,1.0,1.0,0.8325962164390841,0.010612979000143175
N_LINEAGES_240p0_R03,n_lineages,240.0,0.15,0.2,5.0,240,4,1.0,1.0,0.8378215415025746,0.010612979000143175
N_LINEAGES_240p0_R04,n_lineages,240.0,0.15,0.2,5.0,240,4,1.0,1.0,0.8325538802690091,0.010612979000143175
N_LINEAGES_240p0_R05,n_lineages,240.0,0.15,0.2,5.0,240,4,1.0,1.0,0.8387712878085473,0.010612979000143175
N_LINEAGES_240p0_R06,n_lineages,240.0,0.15,0.2,5.0,240,4,1.0,1.0,0.8278042816807487,0.010612979000143175
N_LINEAGES_240p0_R07,n_lineages,240.0,0.15,0.2,5.0,240,4,1.0,1.0,0.8530677126520974,0.010612979000143175
N_LINEAGES_240p0_R08,n_lineages,240.0,0.15,0.2,5.0,240,4,1.0,1.0,0.8317963219252502,0.010612979000143175
N_LINEAGES_240p0_R09,n_lineages,240.0,0.15,0.2,5.0,240,4,1.0,1.0,0.8304243817236983,0.010612979000143175
N_LINEAGES_240p0_R10,n_lineages,240.0,0.15,0.2,5.0,240,4,1.0,1.0,0.8356463007790856,0.010612979000143175
N_LINEAGES_240p0_R11,n_lineages,240.0,0.15,0.2,5.0,240,4,1.0,1.0,0.8196672057610672,0.010612979000143175
N_LINEAGES_240p0_R12,n_lineages,240.0,0.15,0.2,5.0,240,4,1.0,1.0,0.845850608237511,0.010612979000143175
N_LINEAGES_240p0_R13,n_lineages,240.0,0.15,0.2,5.0,240,4,1.0,1.0,0.8366284855666125,0.010612979000143175
N_LINEAGES_240p0_R14,n_lineages,240.0,0.15,0.2,5.0,240,4,1.0,1.0,0.8473327838083469,0.010612979000143175
N_LINEAGES_240p0_R15,n_lineages,240.0,0.15,0.2,5.0,240,4,1.0,1.0,0.8315618743770689,0.010612979000143175
N_LINEAGES_240p0_R16,n_lineages,240.0,0.15,0.2,5.0,240,4,1.0,1.0,0.8261310469433566,0.010612979000143175
N_LINEAGES_240p0_R17,n_lineages,240.0,0.15,0.2,5.0,240,4,1.0,1.0,0.8320836389843989,0.010612979000143175
N_LINEAGES_240p0_R18,n_lineages,240.0,0.15,0.2,5.0,240,4,1.0,1.0,0.827157086977065,0.010612979000143175
N_LINEAGES_240p0_R19,n_lineages,240.0,0.15,0.2,5.0,240,4,1.0,1.0,0.8415545108015371,0.010612979000143175
N_LINEAGES_240p0_R20,n_lineages,240.0,0.15,0.2,5.0,240,4,1.0,1.0,0.8484040894015279,0.010612979000143175
N_LINEAGES_240p0_R21,n_lineages,240.0,0.15,0.2,5.0,240,4,1.0,1.0,0.8470123724065108,0.010612979000143175
N_LINEAGES_240p0_R22,n_lineages,240.0,0.15,0.2,5.0,240,4,1.0,1.0,0.8299642724634799,0.010612979000143175
N_LINEAGES_240p0_R23,n_lineages,240.0,0.15,0.2,5.0,240,4,1.0,1.0,0.8144477470026421,0.010612979000143175
N_LINEAGES_240p0_R24,n_lineages,240.0,0.15,0.2,5.0,240,4,1.0,1.0,0.8276277628449273,0.010612979000143175
N_LINEAGES_240p0_R25,n_lineages,240.0,0.15,0.2,5.0,240,4,1.0,1.0,0.8382309219031145,0.010612979000143175
N_LINEAGES_240p0_R26,n_lineages,240.0,0.15,0.2,5.0,240,4,1.0,1.0,0.8217416670797432,0.010612979000143175
N_LINEAGES_240p0_R27,n_lineages,240.0,0.15,0.2,5.0,240,4,1.0,1.0,0.8342793014439858,0.010612979000143175
N_LINEAGES_240p0_R28,n_lineages,240.0,0.15,0.2,5.0,240,4,1.0,1.0,0.825586656212126,0.010612979000143175
N_LINEAGES_240p0_R29,n_lineages,240.0,0.15,0.2,5.0,240,4,1.0,1.0,0.8345859361969022,0.010612979000143175
N_LINEAGES_240p0_R30,n_lineages,240.0,0.15,0.2,5.0,240,4,1.0,1.0,0.8223331555753403,0.010612979000143175
N_LINEAGES_240p0_R31,n_lineages,240.0,0.15,0.2,5.0,240,4,1.0,1.0,0.8315589487795302,0.010612979000143175
N_LINEAGES_240p0_R32,n_lineages,240.0,0.15,0.2,5.0,240,4,1.0,1.0,0.8359992046278258,0.010612979000143175
N_LINEAGES_240p0_R33,n_lineages,240.0,0.15,0.2,5.0,240,4,1.0,1.0,0.8440204098705406,0.010612979000143175
N_LINEAGES_240p0_R34,n_lineages,240.0,0.15,0.2,5.0,240,4,1.0,1.0,0.8222392801781329,0.010612979000143175
N_LINEAGES_240p0_R35,n_lineages,240.0,0.15,0.2,5.0,240,4,1.0,1.0,0.8323095047110312,0.010612979000143175
N_LINEAGES_240p0_R36,n_lineages,240.0,0.15,0.2,5.0,240,4,1.0,1.0,0.8058158618838542,0.010612979000143175
N_LINEAGES_240p0_R37,n_lineages,240.0,0.15,0.2,5.0,240,4,1.0,1.0,0.8444510468789429,0.010612979000143175
N_LINEAGES_240p0_R38,n_lineages,240.0,0.15,0.2,5.0,240,4,1.0,1.0,0.8310134292052355,0.010612979000143175
N_LINEAGES_240p0_R39,n_lineages,240.0,0.15,0.2,5.0,240,4,1.0,1.0,0.828189942538627,0.010612979000143175
N_LINEAGES_240p0_R40,n_lineages,240.0,0.15,0.2,5.0,240,4,1.0,1.0,0.8297478001092599,0.010612979000143175
OBSERVATION_NOISE_0p0_R01,observation_noise,0.0,0.0,0.2,5.0,120,4,1.0,1.0,0.8897142228344043,0.006859833249109175
OBSERVATION_NOISE_0p0_R02,observation_noise,0.0,0.0,0.2,5.0,120,4,1.0,1.0,0.9029885075576634,0.006859833249109175
OBSERVATION_NOISE_0p0_R03,observation_noise,0.0,0.0,0.2,5.0,120,4,1.0,1.0,0.8916794530648343,0.006859833249109175
OBSERVATION_NOISE_0p0_R04,observation_noise,0.0,0.0,0.2,5.0,120,4,1.0,1.0,0.8995109340814718,0.006859833249109175
OBSERVATION_NOISE_0p0_R05,observation_noise,0.0,0.0,0.2,5.0,120,4,1.0,1.0,0.9093927722095138,0.006859833249109175
OBSERVATION_NOISE_0p0_R06,observation_noise,0.0,0.0,0.2,5.0,120,4,1.0,1.0,0.9052744307264976,0.006859833249109175
OBSERVATION_NOISE_0p0_R07,observation_noise,0.0,0.0,0.2,5.0,120,4,1.0,1.0,0.9052926026307238,0.006859833249109175
OBSERVATION_NOISE_0p0_R08,observation_noise,0.0,0.0,0.2,5.0,120,4,1.0,1.0,0.8829380963696705,0.006859833249109175
OBSERVATION_NOISE_0p0_R09,observation_noise,0.0,0.0,0.2,5.0,120,4,1.0,1.0,0.9006118637561665,0.006859833249109175
OBSERVATION_NOISE_0p0_R10,observation_noise,0.0,0.0,0.2,5.0,120,4,1.0,1.0,0.8894172348796973,0.006859833249109175
OBSERVATION_NOISE_0p0_R11,observation_noise,0.0,0.0,0.2,5.0,120,4,1.0,1.0,0.8918906076479578,0.006859833249109175
OBSERVATION_NOISE_0p0_R12,observation_noise,0.0,0.0,0.2,5.0,120,4,1.0,1.0,0.911646627856406,0.006859833249109175
OBSERVATION_NOISE_0p0_R13,observation_noise,0.0,0.0,0.2,5.0,120,4,1.0,1.0,0.8932095752186912,0.006859833249109175
OBSERVATION_NOISE_0p0_R14,observation_noise,0.0,0.0,0.2,5.0,120,4,1.0,1.0,0.899875808900511,0.006859833249109175
OBSERVATION_NOISE_0p0_R15,observation_noise,0.0,0.0,0.2,5.0,120,4,1.0,1.0,0.8955264005122872,0.006859833249109175
OBSERVATION_NOISE_0p0_R16,observation_noise,0.0,0.0,0.2,5.0,120,4,1.0,1.0,0.8963670104369942,0.006859833249109175
OBSERVATION_NOISE_0p0_R17,observation_noise,0.0,0.0,0.2,5.0,120,4,1.0,1.0,0.8874450365153287,0.006859833249109175
OBSERVATION_NOISE_0p0_R18,observation_noise,0.0,0.0,0.2,5.0,120,4,1.0,1.0,0.8891974235569229,0.006859833249109175
OBSERVATION_NOISE_0p0_R19,observation_noise,0.0,0.0,0.2,5.0,120,4,1.0,1.0,0.9066613140115416,0.006859833249109175
OBSERVATION_NOISE_0p0_R20,observation_noise,0.0,0.0,0.2,5.0,120,4,1.0,1.0,0.8868893641151001,0.006859833249109175
OBSERVATION_NOISE_0p0_R21,observation_noise,0.0,0.0,0.2,5.0,120,4,1.0,1.0,0.8977465695940011,0.006859833249109175
OBSERVATION_NOISE_0p0_R22,observation_noise,0.0,0.0,0.2,5.0,120,4,1.0,1.0,0.874136473860017,0.006859833249109175
OBSERVATION_NOISE_0p0_R23,observation_noise,0.0,0.0,0.2,5.0,120,4,1.0,1.0,0.8969474585759538,0.006859833249109175
OBSERVATION_NOISE_0p0_R24,observation_noise,0.0,0.0,0.2,5.0,120,4,1.0,1.0,0.8986137029358797,0.006859833249109175
OBSERVATION_NOISE_0p0_R25,observation_noise,0.0,0.0,0.2,5.0,120,4,1.0,1.0,0.8925449180952229,0.006859833249109175
OBSERVATION_NOISE_0p0_R26,observation_noise,0.0,0.0,0.2,5.0,120,4,1.0,1.0,0.8815668807903281,0.006859833249109175
OBSERVATION_NOISE_0p0_R27,observation_noise,0.0,0.0,0.2,5.0,120,4,1.0,1.0,0.9059897968167852,0.006859833249109175
OBSERVATION_NOISE_0p0_R28,observation_noise,0.0,0.0,0.2,5.0,120,4,1.0,1.0,0.9080252586935176,0.006859833249109175
OBSERVATION_NOISE_0p0_R29,observation_noise,0.0,0.0,0.2,5.0,120,4,1.0,1.0,0.8835454140978901,0.006859833249109175
OBSERVATION_NOISE_0p0_R30,observation_noise,0.0,0.0,0.2,5.0,120,4,1.0,1.0,0.9042548994339956,0.006859833249109175
OBSERVATION_NOISE_0p0_R31,observation_noise,0.0,0.0,0.2,5.0,120,4,1.0,1.0,0.9042759949295696,0.006859833249109175
OBSERVATION_NOISE_0p0_R32,observation_noise,0.0,0.0,0.2,5.0,120,4,1.0,1.0,0.8678501098096822,0.006859833249109175
OBSERVATION_NOISE_0p0_R33,observation_noise,0.0,0.0,0.2,5.0,120,4,1.0,1.0,0.909896630457238,0.006859833249109175
OBSERVATION_NOISE_0p0_R34,observation_noise,0.0,0.0,0.2,5.0,120,4,1.0,1.0,0.9078873342601534,0.006859833249109175
OBSERVATION_NOISE_0p0_R35,observation_noise,0.0,0.0,0.2,5.0,120,4,1.0,1.0,0.9097365331538504,0.006859833249109175
OBSERVATION_NOISE_0p0_R36,observation_noise,0.0,0.0,0.2,5.0,120,4,1.0,1.0,0.9081925198803572,0.006859833249109175
OBSERVATION_NOISE_0p0_R37,observation_noise,0.0,0.0,0.2,5.0,120,4,1.0,1.0,0.8820065647761614,0.006859833249109175
OBSERVATION_NOISE_0p0_R38,observation_noise,0.0,0.0,0.2,5.0,120,4,1.0,1.0,0.8922790448257392,0.006859833249109175
OBSERVATION_NOISE_0p0_R39,observation_noise,0.0,0.0,0.2,5.0,120,4,1.0,1.0,0.8949502292756952,0.006859833249109175
OBSERVATION_NOISE_0p0_R40,observation_noise,0.0,0.0,0.2,5.0,120,4,1.0,1.0,0.8932688337873839,0.006859833249109175
OBSERVATION_NOISE_0p1_R01,observation_noise,0.1,0.1,0.2,5.0,120,4,1.0,1.0,0.8615052198033379,0.006859833249109175
OBSERVATION_NOISE_0p1_R02,observation_noise,0.1,0.1,0.2,5.0,120,4,1.0,1.0,0.8597946151901763,0.006859833249109175
OBSERVATION_NOISE_0p1_R03,observation_noise,0.1,0.1,0.2,5.0,120,4,1.0,1.0,0.859961753152876,0.006859833249109175
OBSERVATION_NOISE_0p1_R04,observation_noise,0.1,0.1,0.2,5.0,120,4,1.0,1.0,0.8625695977329937,0.006859833249109175
OBSERVATION_NOISE_0p1_R05,observation_noise,0.1,0.1,0.2,5.0,120,4,1.0,1.0,0.8526680406197473,0.006859833249109175
OBSERVATION_NOISE_0p1_R06,observation_noise,0.1,0.1,0.2,5.0,120,4,1.0,1.0,0.8697573889762336,0.006859833249109175
OBSERVATION_NOISE_0p1_R07,observation_noise,0.1,0.1,0.2,5.0,120,4,1.0,1.0,0.8418544942061814,0.006859833249109175
OBSERVATION_NOISE_0p1_R08,observation_noise,0.1,0.1,0.2,5.0,120,4,1.0,1.0,0.8607574278976333,0.006859833249109175
OBSERVATION_NOISE_0p1_R09,observation_noise,0.1,0.1,0.2,5.0,120,4,1.0,1.0,0.8665999301752424,0.006859833249109175
OBSERVATION_NOISE_0p1_R10,observation_noise,0.1,0.1,0.2,5.0,120,4,1.0,1.0,0.8668024317096893,0.006859833249109175
OBSERVATION_NOISE_0p1_R11,observation_noise,0.1,0.1,0.2,5.0,120,4,1.0,1.0,0.8810918777398205,0.006859833249109175
OBSERVATION_NOISE_0p1_R12,observation_noise,0.1,0.1,0.2,5.0,120,4,1.0,1.0,0.8668407998695933,0.006859833249109175
OBSERVATION_NOISE_0p1_R13,observation_noise,0.1,0.1,0.2,5.0,120,4,1.0,1.0,0.8867420195111281,0.006859833249109175
OBSERVATION_NOISE_0p1_R14,observation_noise,0.1,0.1,0.2,5.0,120,4,1.0,1.0,0.8650439782976588,0.006859833249109175
OBSERVATION_NOISE_0p1_R15,observation_noise,0.1,0.1,0.2,5.0,120,4,1.0,1.0,0.8702753972219954,0.006859833249109175
OBSERVATION_NOISE_0p1_R16,observation_noise,0.1,0.1,0.2,5.0,120,4,1.0,1.0,0.8686639761135945,0.006859833249109175
OBSERVATION_NOISE_0p1_R17,observation_noise,0.1,0.1,0.2,5.0,120,4,1.0,1.0,0.8375033482982328,0.006859833249109175
OBSERVATION_NOISE_0p1_R18,observation_noise,0.1,0.1,0.2,5.0,120,4,1.0,1.0,0.8602041861332638,0.006859833249109175
OBSERVATION_NOISE_0p1_R19,observation_noise,0.1,0.1,0.2,5.0,120,4,1.0,1.0,0.849630592701855,0.006859833249109175
OBSERVATION_NOISE_0p1_R20,observation_noise,0.1,0.1,0.2,5.0,120,4,1.0,1.0,0.8453739723008613,0.006859833249109175
OBSERVATION_NOISE_0p1_R21,observation_noise,0.1,0.1,0.2,5.0,120,4,1.0,1.0,0.8797227009692173,0.006859833249109175
OBSERVATION_NOISE_0p1_R22,observation_noise,0.1,0.1,0.2,5.0,120,4,1.0,1.0,0.8421184182810173,0.006859833249109175
OBSERVATION_NOISE_0p1_R23,observation_noise,0.1,0.1,0.2,5.0,120,4,1.0,1.0,0.8759960807820892,0.006859833249109175
OBSERVATION_NOISE_0p1_R24,observation_noise,0.1,0.1,0.2,5.0,120,4,1.0,1.0,0.8571547691903957,0.006859833249109175
OBSERVATION_NOISE_0p1_R25,observation_noise,0.1,0.1,0.2,5.0,120,4,1.0,1.0,0.8527186883021144,0.006859833249109175
OBSERVATION_NOISE_0p1_R26,observation_noise,0.1,0.1,0.2,5.0,120,4,1.0,1.0,0.8614929282909345,0.006859833249109175
OBSERVATION_NOISE_0p1_R27,observation_noise,0.1,0.1,0.2,5.0,120,4,1.0,1.0,0.8580096692729697,0.006859833249109175
OBSERVATION_NOISE_0p1_R28,observation_noise,0.1,0.1,0.2,5.0,120,4,1.0,1.0,0.848857707791242,0.006859833249109175
OBSERVATION_NOISE_0p1_R29,observation_noise,0.1,0.1,0.2,5.0,120,4,1.0,1.0,0.8628774158659255,0.006859833249109175
OBSERVATION_NOISE_0p1_R30,observation_noise,0.1,0.1,0.2,5.0,120,4,1.0,1.0,0.8549022254673011,0.006859833249109175
OBSERVATION_NOISE_0p1_R31,observation_noise,0.1,0.1,0.2,5.0,120,4,1.0,1.0,0.8582229785435678,0.006859833249109175
OBSERVATION_NOISE_0p1_R32,observation_noise,0.1,0.1,0.2,5.0,120,4,1.0,1.0,0.8672507354015011,0.006859833249109175
OBSERVATION_NOISE_0p1_R33,observation_noise,0.1,0.1,0.2,5.0,120,4,1.0,1.0,0.8427850544584059,0.006859833249109175
OBSERVATION_NOISE_0p1_R34,observation_noise,0.1,0.1,0.2,5.0,120,4,1.0,1.0,0.8614463765929207,0.006859833249109175
OBSERVATION_NOISE_0p1_R35,observation_noise,0.1,0.1,0.2,5.0,120,4,1.0,1.0,0.8660052932351482,0.006859833249109175
OBSERVATION_NOISE_0p1_R36,observation_noise,0.1,0.1,0.2,5.0,120,4,1.0,1.0,0.874708492980715,0.006859833249109175
OBSERVATION_NOISE_0p1_R37,observation_noise,0.1,0.1,0.2,5.0,120,4,1.0,1.0,0.8706651125958159,0.006859833249109175
OBSERVATION_NOISE_0p1_R38,observation_noise,0.1,0.1,0.2,5.0,120,4,1.0,1.0,0.8500462666542321,0.006859833249109175
OBSERVATION_NOISE_0p1_R39,observation_noise,0.1,0.1,0.2,5.0,120,4,1.0,1.0,0.8774563307043223,0.006859833249109175
OBSERVATION_NOISE_0p1_R40,observation_noise,0.1,0.1,0.2,5.0,120,4,1.0,1.0,0.8330873643857705,0.006859833249109175
OBSERVATION_NOISE_0p2_R01,observation_noise,0.2,0.2,0.2,5.0,120,4,1.0,1.0,0.7892979496599648,0.006859833249109175
OBSERVATION_NOISE_0p2_R02,observation_noise,0.2,0.2,0.2,5.0,120,4,1.0,1.0,0.7979511601737523,0.006859833249109175
OBSERVATION_NOISE_0p2_R03,observation_noise,0.2,0.2,0.2,5.0,120,4,1.0,0.9916666666666668,0.7729465046458881,0.006859833249109175
OBSERVATION_NOISE_0p2_R04,observation_noise,0.2,0.2,0.2,5.0,120,4,1.0,1.0,0.806449096078588,0.006859833249109175
OBSERVATION_NOISE_0p2_R05,observation_noise,0.2,0.2,0.2,5.0,120,4,1.0,1.0,0.7803694184942112,0.006859833249109175
OBSERVATION_NOISE_0p2_R06,observation_noise,0.2,0.2,0.2,5.0,120,4,1.0,1.0,0.7979224825111938,0.006859833249109175
OBSERVATION_NOISE_0p2_R07,observation_noise,0.2,0.2,0.2,5.0,120,4,1.0,1.0,0.8049797406412219,0.006859833249109175
OBSERVATION_NOISE_0p2_R08,observation_noise,0.2,0.2,0.2,5.0,120,4,1.0,1.0,0.7721764210428272,0.006859833249109175
OBSERVATION_NOISE_0p2_R09,observation_noise,0.2,0.2,0.2,5.0,120,4,1.0,1.0,0.8138634787967886,0.006859833249109175
OBSERVATION_NOISE_0p2_R10,observation_noise,0.2,0.2,0.2,5.0,120,4,1.0,1.0,0.7851452175139121,0.006859833249109175
OBSERVATION_NOISE_0p2_R11,observation_noise,0.2,0.2,0.2,5.0,120,4,1.0,1.0,0.7871649446010883,0.006859833249109175
OBSERVATION_NOISE_0p2_R12,observation_noise,0.2,0.2,0.2,5.0,120,4,1.0,1.0,0.7844328076015386,0.006859833249109175
OBSERVATION_NOISE_0p2_R13,observation_noise,0.2,0.2,0.2,5.0,120,4,1.0,1.0,0.7840119989238383,0.006859833249109175
OBSERVATION_NOISE_0p2_R14,observation_noise,0.2,0.2,0.2,5.0,120,4,1.0,1.0,0.7848382288303073,0.006859833249109175
OBSERVATION_NOISE_0p2_R15,observation_noise,0.2,0.2,0.2,5.0,120,4,1.0,1.0,0.7992938286246951,0.006859833249109175
OBSERVATION_NOISE_0p2_R16,observation_noise,0.2,0.2,0.2,5.0,120,4,1.0,1.0,0.7936367192520516,0.006859833249109175
OBSERVATION_NOISE_0p2_R17,observation_noise,0.2,0.2,0.2,5.0,120,4,1.0,1.0,0.7821392571526622,0.006859833249109175
OBSERVATION_NOISE_0p2_R18,observation_noise,0.2,0.2,0.2,5.0,120,4,1.0,1.0,0.7797703262141717,0.006859833249109175
OBSERVATION_NOISE_0p2_R19,observation_noise,0.2,0.2,0.2,5.0,120,4,1.0,1.0,0.7836401547037256,0.006859833249109175
OBSERVATION_NOISE_0p2_R20,observation_noise,0.2,0.2,0.2,5.0,120,4,1.0,1.0,0.8016153305964453,0.006859833249109175
OBSERVATION_NOISE_0p2_R21,observation_noise,0.2,0.2,0.2,5.0,120,4,1.0,1.0,0.7975828322939067,0.006859833249109175
OBSERVATION_NOISE_0p2_R22,observation_noise,0.2,0.2,0.2,5.0,120,4,1.0,1.0,0.8073463778573924,0.006859833249109175
OBSERVATION_NOISE_0p2_R23,observation_noise,0.2,0.2,0.2,5.0,120,4,1.0,1.0,0.7821733750186476,0.006859833249109175
OBSERVATION_NOISE_0p2_R24,observation_noise,0.2,0.2,0.2,5.0,120,4,1.0,1.0,0.8057910348285812,0.006859833249109175
OBSERVATION_NOISE_0p2_R25,observation_noise,0.2,0.2,0.2,5.0,120,4,1.0,1.0,0.7847005403691416,0.006859833249109175
OBSERVATION_NOISE_0p2_R26,observation_noise,0.2,0.2,0.2,5.0,120,4,1.0,1.0,0.7850683367540132,0.006859833249109175
OBSERVATION_NOISE_0p2_R27,observation_noise,0.2,0.2,0.2,5.0,120,4,1.0,1.0,0.7922133646861711,0.006859833249109175
OBSERVATION_NOISE_0p2_R28,observation_noise,0.2,0.2,0.2,5.0,120,4,1.0,1.0,0.7970494552945654,0.006859833249109175
OBSERVATION_NOISE_0p2_R29,observation_noise,0.2,0.2,0.2,5.0,120,4,1.0,1.0,0.7939665091948194,0.006859833249109175
OBSERVATION_NOISE_0p2_R30,observation_noise,0.2,0.2,0.2,5.0,120,4,1.0,1.0,0.7798643617701291,0.006859833249109175
OBSERVATION_NOISE_0p2_R31,observation_noise,0.2,0.2,0.2,5.0,120,4,1.0,1.0,0.7908667689308074,0.006859833249109175
OBSERVATION_NOISE_0p2_R32,observation_noise,0.2,0.2,0.2,5.0,120,4,1.0,1.0,0.8059652525854175,0.006859833249109175
OBSERVATION_NOISE_0p2_R33,observation_noise,0.2,0.2,0.2,5.0,120,4,1.0,1.0,0.78316257166206,0.006859833249109175
OBSERVATION_NOISE_0p2_R34,observation_noise,0.2,0.2,0.2,5.0,120,4,1.0,1.0,0.8068826830172818,0.006859833249109175
OBSERVATION_NOISE_0p2_R35,observation_noise,0.2,0.2,0.2,5.0,120,4,1.0,1.0,0.7986066474952234,0.006859833249109175
OBSERVATION_NOISE_0p2_R36,observation_noise,0.2,0.2,0.2,5.0,120,4,1.0,1.0,0.7883432540716846,0.006859833249109175
OBSERVATION_NOISE_0p2_R37,observation_noise,0.2,0.2,0.2,5.0,120,4,1.0,1.0,0.8088000068304427,0.006859833249109175
OBSERVATION_NOISE_0p2_R38,observation_noise,0.2,0.2,0.2,5.0,120,4,1.0,1.0,0.8097520893050888,0.006859833249109175
OBSERVATION_NOISE_0p2_R39,observation_noise,0.2,0.2,0.2,5.0,120,4,1.0,1.0,0.7857182649011243,0.006859833249109175
OBSERVATION_NOISE_0p2_R40,observation_noise,0.2,0.2,0.2,5.0,120,4,1.0,1.0,0.7835048369331493,0.006859833249109175
OBSERVATION_NOISE_0p35_R01,observation_noise,0.35,0.35,0.2,5.0,120,4,1.0,1.0,0.6918124062531013,0.006859833249109175
OBSERVATION_NOISE_0p35_R02,observation_noise,0.35,0.35,0.2,5.0,120,4,1.0,1.0,0.65369348861508,0.006859833249109175
OBSERVATION_NOISE_0p35_R03,observation_noise,0.35,0.35,0.2,5.0,120,4,1.0,1.0,0.649697156055478,0.006859833249109175
OBSERVATION_NOISE_0p35_R04,observation_noise,0.35,0.35,0.2,5.0,120,4,1.0,0.9916666666666668,0.6493988624891539,0.006859833249109175
OBSERVATION_NOISE_0p35_R05,observation_noise,0.35,0.35,0.2,5.0,120,4,1.0,1.0,0.6792705281077495,0.006859833249109175
OBSERVATION_NOISE_0p35_R06,observation_noise,0.35,0.35,0.2,5.0,120,4,1.0,1.0,0.6713344913044398,0.006859833249109175
OBSERVATION_NOISE_0p35_R07,observation_noise,0.35,0.35,0.2,5.0,120,4,1.0,0.9916666666666668,0.6412614149247942,0.006859833249109175
OBSERVATION_NOISE_0p35_R08,observation_noise,0.35,0.35,0.2,5.0,120,4,1.0,1.0,0.6604609105946235,0.006859833249109175
OBSERVATION_NOISE_0p35_R09,observation_noise,0.35,0.35,0.2,5.0,120,4,1.0,1.0,0.6558299394945348,0.006859833249109175
OBSERVATION_NOISE_0p35_R10,observation_noise,0.35,0.35,0.2,5.0,120,4,1.0,1.0,0.6361920543491786,0.006859833249109175
OBSERVATION_NOISE_0p35_R11,observation_noise,0.35,0.35,0.2,5.0,120,4,1.0,1.0,0.6975421534466795,0.006859833249109175
OBSERVATION_NOISE_0p35_R12,observation_noise,0.35,0.35,0.2,5.0,120,4,1.0,1.0,0.6694166111299413,0.006859833249109175
OBSERVATION_NOISE_0p35_R13,observation_noise,0.35,0.35,0.2,5.0,120,4,1.0,1.0,0.6656701480332043,0.006859833249109175
OBSERVATION_NOISE_0p35_R14,observation_noise,0.35,0.35,0.2,5.0,120,4,1.0,1.0,0.6877352990137643,0.006859833249109175
OBSERVATION_NOISE_0p35_R15,observation_noise,0.35,0.35,0.2,5.0,120,4,1.0,1.0,0.6768516368820732,0.006859833249109175
OBSERVATION_NOISE_0p35_R16,observation_noise,0.35,0.35,0.2,5.0,120,4,1.0,1.0,0.6337333627617173,0.006859833249109175
OBSERVATION_NOISE_0p35_R17,observation_noise,0.35,0.35,0.2,5.0,120,4,1.0,1.0,0.6737111891292955,0.006859833249109175
OBSERVATION_NOISE_0p35_R18,observation_noise,0.35,0.35,0.2,5.0,120,4,1.0,1.0,0.6697579592543459,0.006859833249109175
OBSERVATION_NOISE_0p35_R19,observation_noise,0.35,0.35,0.2,5.0,120,4,1.0,1.0,0.6565788506391426,0.006859833249109175
OBSERVATION_NOISE_0p35_R20,observation_noise,0.35,0.35,0.2,5.0,120,4,1.0,1.0,0.6641408413464492,0.006859833249109175
OBSERVATION_NOISE_0p35_R21,observation_noise,0.35,0.35,0.2,5.0,120,4,1.0,1.0,0.6609394852250838,0.006859833249109175
OBSERVATION_NOISE_0p35_R22,observation_noise,0.35,0.35,0.2,5.0,120,4,1.0,1.0,0.6666793103980095,0.006859833249109175
OBSERVATION_NOISE_0p35_R23,observation_noise,0.35,0.35,0.2,5.0,120,4,1.0,1.0,0.6521121014012998,0.006859833249109175
OBSERVATION_NOISE_0p35_R24,observation_noise,0.35,0.35,0.2,5.0,120,4,1.0,1.0,0.6725341924083935,0.006859833249109175
OBSERVATION_NOISE_0p35_R25,observation_noise,0.35,0.35,0.2,5.0,120,4,1.0,1.0,0.6471060002224538,0.006859833249109175
OBSERVATION_NOISE_0p35_R26,observation_noise,0.35,0.35,0.2,5.0,120,4,1.0,1.0,0.6675457701632506,0.006859833249109175
OBSERVATION_NOISE_0p35_R27,observation_noise,0.35,0.35,0.2,5.0,120,4,1.0,1.0,0.6499110734662519,0.006859833249109175
OBSERVATION_NOISE_0p35_R28,observation_noise,0.35,0.35,0.2,5.0,120,4,1.0,1.0,0.6804855580495317,0.006859833249109175
OBSERVATION_NOISE_0p35_R29,observation_noise,0.35,0.35,0.2,5.0,120,4,1.0,1.0,0.6849315882000726,0.006859833249109175
OBSERVATION_NOISE_0p35_R30,observation_noise,0.35,0.35,0.2,5.0,120,4,1.0,1.0,0.6607928727495733,0.006859833249109175
OBSERVATION_NOISE_0p35_R31,observation_noise,0.35,0.35,0.2,5.0,120,4,1.0,1.0,0.675733189649932,0.006859833249109175
OBSERVATION_NOISE_0p35_R32,observation_noise,0.35,0.35,0.2,5.0,120,4,1.0,1.0,0.6705105032490895,0.006859833249109175
OBSERVATION_NOISE_0p35_R33,observation_noise,0.35,0.35,0.2,5.0,120,4,1.0,0.9916666666666668,0.6714500498953616,0.006859833249109175
OBSERVATION_NOISE_0p35_R34,observation_noise,0.35,0.35,0.2,5.0,120,4,1.0,1.0,0.6406251884012448,0.006859833249109175
OBSERVATION_NOISE_0p35_R35,observation_noise,0.35,0.35,0.2,5.0,120,4,1.0,1.0,0.6401881617688772,0.006859833249109175
OBSERVATION_NOISE_0p35_R36,observation_noise,0.35,0.35,0.2,5.0,120,4,1.0,1.0,0.6667489934102275,0.006859833249109175
OBSERVATION_NOISE_0p35_R37,observation_noise,0.35,0.35,0.2,5.0,120,4,1.0,1.0,0.6617082327126784,0.006859833249109175
OBSERVATION_NOISE_0p35_R38,observation_noise,0.35,0.35,0.2,5.0,120,4,1.0,0.9916666666666668,0.661393135443366,0.006859833249109175
OBSERVATION_NOISE_0p35_R39,observation_noise,0.35,0.35,0.2,5.0,120,4,1.0,1.0,0.6812898049302951,0.006859833249109175
OBSERVATION_NOISE_0p35_R40,observation_noise,0.35,0.35,0.2,5.0,120,4,1.0,1.0,0.6601680284913474,0.006859833249109175
OBSERVATION_NOISE_0p5_R01,observation_noise,0.5,0.5,0.2,5.0,120,4,1.0,1.0,0.5506547539454114,0.006859833249109175
OBSERVATION_NOISE_0p5_R02,observation_noise,0.5,0.5,0.2,5.0,120,4,1.0,1.0,0.515709650789282,0.006859833249109175
OBSERVATION_NOISE_0p5_R03,observation_noise,0.5,0.5,0.2,5.0,120,4,1.0,1.0,0.5622562229057406,0.006859833249109175
OBSERVATION_NOISE_0p5_R04,observation_noise,0.5,0.5,0.2,5.0,120,4,1.0,0.9833333333333332,0.5358594342109098,0.006859833249109175
OBSERVATION_NOISE_0p5_R05,observation_noise,0.5,0.5,0.2,5.0,120,4,1.0,0.9916666666666668,0.511125848421145,0.006859833249109175
OBSERVATION_NOISE_0p5_R06,observation_noise,0.5,0.5,0.2,5.0,120,4,1.0,1.0,0.5633002174718195,0.006859833249109175
OBSERVATION_NOISE_0p5_R07,observation_noise,0.5,0.5,0.2,5.0,120,4,1.0,1.0,0.5460751108108568,0.006859833249109175
OBSERVATION_NOISE_0p5_R08,observation_noise,0.5,0.5,0.2,5.0,120,4,1.0,1.0,0.5657371032749078,0.006859833249109175
OBSERVATION_NOISE_0p5_R09,observation_noise,0.5,0.5,0.2,5.0,120,4,1.0,0.9916666666666668,0.5408029160193983,0.006859833249109175
OBSERVATION_NOISE_0p5_R10,observation_noise,0.5,0.5,0.2,5.0,120,4,1.0,1.0,0.521902195228148,0.006859833249109175
OBSERVATION_NOISE_0p5_R11,observation_noise,0.5,0.5,0.2,5.0,120,4,1.0,1.0,0.5307925257430797,0.006859833249109175
OBSERVATION_NOISE_0p5_R12,observation_noise,0.5,0.5,0.2,5.0,120,4,1.0,0.9916666666666668,0.5127773267277893,0.006859833249109175
OBSERVATION_NOISE_0p5_R13,observation_noise,0.5,0.5,0.2,5.0,120,4,1.0,0.9916666666666668,0.5206340814715351,0.006859833249109175
OBSERVATION_NOISE_0p5_R14,observation_noise,0.5,0.5,0.2,5.0,120,4,1.0,1.0,0.54926244710761,0.006859833249109175
OBSERVATION_NOISE_0p5_R15,observation_noise,0.5,0.5,0.2,5.0,120,4,1.0,0.9833333333333332,0.5246946653799054,0.006859833249109175
OBSERVATION_NOISE_0p5_R16,observation_noise,0.5,0.5,0.2,5.0,120,4,1.0,0.9916666666666668,0.5152192176447026,0.006859833249109175
OBSERVATION_NOISE_0p5_R17,observation_noise,0.5,0.5,0.2,5.0,120,4,1.0,1.0,0.5422606893810724,0.006859833249109175
OBSERVATION_NOISE_0p5_R18,observation_noise,0.5,0.5,0.2,5.0,120,4,1.0,1.0,0.5662887916277612,0.006859833249109175
OBSERVATION_NOISE_0p5_R19,observation_noise,0.5,0.5,0.2,5.0,120,4,1.0,0.9916666666666668,0.542829722416608,0.006859833249109175
OBSERVATION_NOISE_0p5_R20,observation_noise,0.5,0.5,0.2,5.0,120,4,1.0,0.9833333333333332,0.5187914390535482,0.006859833249109175
OBSERVATION_NOISE_0p5_R21,observation_noise,0.5,0.5,0.2,5.0,120,4,1.0,0.975,0.5151145449962471,0.006859833249109175
OBSERVATION_NOISE_0p5_R22,observation_noise,0.5,0.5,0.2,5.0,120,4,1.0,0.9833333333333332,0.5368510724717024,0.006859833249109175
OBSERVATION_NOISE_0p5_R23,observation_noise,0.5,0.5,0.2,5.0,120,4,1.0,0.9833333333333332,0.5264749334706609,0.006859833249109175
OBSERVATION_NOISE_0p5_R24,observation_noise,0.5,0.5,0.2,5.0,120,4,1.0,1.0,0.5233619688777801,0.006859833249109175
OBSERVATION_NOISE_0p5_R25,observation_noise,0.5,0.5,0.2,5.0,120,4,1.0,0.9916666666666668,0.5102295181589491,0.006859833249109175
OBSERVATION_NOISE_0p5_R26,observation_noise,0.5,0.5,0.2,5.0,120,4,1.0,1.0,0.5153582606535632,0.006859833249109175
OBSERVATION_NOISE_0p5_R27,observation_noise,0.5,0.5,0.2,5.0,120,4,1.0,1.0,0.5453601190942167,0.006859833249109175
OBSERVATION_NOISE_0p5_R28,observation_noise,0.5,0.5,0.2,5.0,120,4,1.0,1.0,0.5390564690679833,0.006859833249109175
OBSERVATION_NOISE_0p5_R29,observation_noise,0.5,0.5,0.2,5.0,120,4,1.0,1.0,0.5046536509193552,0.006859833249109175
OBSERVATION_NOISE_0p5_R30,observation_noise,0.5,0.5,0.2,5.0,120,4,1.0,1.0,0.5294556087737861,0.006859833249109175
OBSERVATION_NOISE_0p5_R31,observation_noise,0.5,0.5,0.2,5.0,120,4,1.0,1.0,0.5239903914177126,0.006859833249109175
OBSERVATION_NOISE_0p5_R32,observation_noise,0.5,0.5,0.2,5.0,120,4,1.0,0.9916666666666668,0.5223707110190137,0.006859833249109175
OBSERVATION_NOISE_0p5_R33,observation_noise,0.5,0.5,0.2,5.0,120,4,1.0,1.0,0.5286418590134652,0.006859833249109175
OBSERVATION_NOISE_0p5_R34,observation_noise,0.5,0.5,0.2,5.0,120,4,1.0,1.0,0.5102718042046512,0.006859833249109175
OBSERVATION_NOISE_0p5_R35,observation_noise,0.5,0.5,0.2,5.0,120,4,1.0,1.0,0.531470501093521,0.006859833249109175
OBSERVATION_NOISE_0p5_R36,observation_noise,0.5,0.5,0.2,5.0,120,4,1.0,1.0,0.5273479866065072,0.006859833249109175
OBSERVATION_NOISE_0p5_R37,observation_noise,0.5,0.5,0.2,5.0,120,4,1.0,0.9916666666666668,0.5193142340300178,0.006859833249109175
OBSERVATION_NOISE_0p5_R38,observation_noise,0.5,0.5,0.2,5.0,120,4,1.0,1.0,0.5589554518668239,0.006859833249109175
OBSERVATION_NOISE_0p5_R39,observation_noise,0.5,0.5,0.2,5.0,120,4,1.0,1.0,0.534697584722129,0.006859833249109175
OBSERVATION_NOISE_0p5_R40,observation_noise,0.5,0.5,0.2,5.0,120,4,1.0,1.0,0.5368802385322073,0.006859833249109175
OBSERVATION_NOISE_0p7_R01,observation_noise,0.7,0.7,0.2,5.0,120,4,1.0,0.9916666666666668,0.4238148721627737,0.006859833249109175
OBSERVATION_NOISE_0p7_R02,observation_noise,0.7,0.7,0.2,5.0,120,4,1.0,0.9833333333333332,0.3999098557093389,0.006859833249109175
OBSERVATION_NOISE_0p7_R03,observation_noise,0.7,0.7,0.2,5.0,120,4,1.0,0.925,0.3287094642104173,0.006859833249109175
OBSERVATION_NOISE_0p7_R04,observation_noise,0.7,0.7,0.2,5.0,120,4,1.0,0.8833333333333333,0.3195183978074974,0.006859833249109175
OBSERVATION_NOISE_0p7_R05,observation_noise,0.7,0.7,0.2,5.0,120,4,1.0,0.9916666666666668,0.4006154289213437,0.006859833249109175
OBSERVATION_NOISE_0p7_R06,observation_noise,0.7,0.7,0.2,5.0,120,4,1.0,0.9916666666666668,0.3850426220865255,0.006859833249109175
OBSERVATION_NOISE_0p7_R07,observation_noise,0.7,0.7,0.2,5.0,120,4,1.0,0.95,0.3716758715428302,0.006859833249109175
OBSERVATION_NOISE_0p7_R08,observation_noise,0.7,0.7,0.2,5.0,120,4,1.0,0.9916666666666668,0.3866442568632173,0.006859833249109175
OBSERVATION_NOISE_0p7_R09,observation_noise,0.7,0.7,0.2,5.0,120,4,1.0,0.9916666666666668,0.3729138606141901,0.006859833249109175
OBSERVATION_NOISE_0p7_R10,observation_noise,0.7,0.7,0.2,5.0,120,4,1.0,0.9583333333333334,0.3856552549583417,0.006859833249109175
OBSERVATION_NOISE_0p7_R11,observation_noise,0.7,0.7,0.2,5.0,120,4,1.0,0.9666666666666668,0.3675742263622275,0.006859833249109175
OBSERVATION_NOISE_0p7_R12,observation_noise,0.7,0.7,0.2,5.0,120,4,1.0,0.9916666666666668,0.3840021381974879,0.006859833249109175
OBSERVATION_NOISE_0p7_R13,observation_noise,0.7,0.7,0.2,5.0,120,4,1.0,0.9416666666666668,0.3428745505928852,0.006859833249109175
OBSERVATION_NOISE_0p7_R14,observation_noise,0.7,0.7,0.2,5.0,120,4,1.0,0.975,0.3831684834444191,0.006859833249109175
OBSERVATION_NOISE_0p7_R15,observation_noise,0.7,0.7,0.2,5.0,120,4,1.0,0.9916666666666668,0.4217668429348021,0.006859833249109175
OBSERVATION_NOISE_0p7_R16,observation_noise,0.7,0.7,0.2,5.0,120,4,1.0,0.975,0.3672467555381536,0.006859833249109175
OBSERVATION_NOISE_0p7_R17,observation_noise,0.7,0.7,0.2,5.0,120,4,1.0,0.9666666666666668,0.374953341845137,0.006859833249109175
OBSERVATION_NOISE_0p7_R18,observation_noise,0.7,0.7,0.2,5.0,120,4,1.0,0.9916666666666668,0.413101216894444,0.006859833249109175
OBSERVATION_NOISE_0p7_R19,observation_noise,0.7,0.7,0.2,5.0,120,4,1.0,0.9833333333333332,0.4088999257182103,0.006859833249109175
OBSERVATION_NOISE_0p7_R20,observation_noise,0.7,0.7,0.2,5.0,120,4,1.0,0.925,0.3116300056793345,0.006859833249109175
OBSERVATION_NOISE_0p7_R21,observation_noise,0.7,0.7,0.2,5.0,120,4,1.0,0.9916666666666668,0.3948393306400531,0.006859833249109175
OBSERVATION_NOISE_0p7_R22,observation_noise,0.7,0.7,0.2,5.0,120,4,1.0,1.0,0.440205933300429,0.006859833249109175
OBSERVATION_NOISE_0p7_R23,observation_noise,0.7,0.7,0.2,5.0,120,4,1.0,0.9666666666666668,0.3710484964123097,0.006859833249109175
OBSERVATION_NOISE_0p7_R24,observation_noise,0.7,0.7,0.2,5.0,120,4,1.0,0.9666666666666668,0.391232080046249,0.006859833249109175
OBSERVATION_NOISE_0p7_R25,observation_noise,0.7,0.7,0.2,5.0,120,4,1.0,0.95,0.3658557252550701,0.006859833249109175
OBSERVATION_NOISE_0p7_R26,observation_noise,0.7,0.7,0.2,5.0,120,4,1.0,0.9833333333333332,0.3797254123300838,0.006859833249109175
OBSERVATION_NOISE_0p7_R27,observation_noise,0.7,0.7,0.2,5.0,120,4,1.0,0.975,0.3770737126761148,0.006859833249109175
OBSERVATION_NOISE_0p7_R28,observation_noise,0.7,0.7,0.2,5.0,120,4,1.0,1.0,0.4007945819317825,0.006859833249109175
OBSERVATION_NOISE_0p7_R29,observation_noise,0.7,0.7,0.2,5.0,120,4,1.0,0.9666666666666668,0.3425426298728968,0.006859833249109175
OBSERVATION_NOISE_0p7_R30,observation_noise,0.7,0.7,0.2,5.0,120,4,1.0,0.9916666666666668,0.3985297964441672,0.006859833249109175
OBSERVATION_NOISE_0p7_R31,observation_noise,0.7,0.7,0.2,5.0,120,4,1.0,0.9916666666666668,0.3842520873656636,0.006859833249109175
OBSERVATION_NOISE_0p7_R32,observation_noise,0.7,0.7,0.2,5.0,120,4,1.0,0.9666666666666668,0.3801861752864443,0.006859833249109175
OBSERVATION_NOISE_0p7_R33,observation_noise,0.7,0.7,0.2,5.0,120,4,1.0,0.9833333333333332,0.391224828136436,0.006859833249109175
OBSERVATION_NOISE_0p7_R34,observation_noise,0.7,0.7,0.2,5.0,120,4,1.0,0.95,0.3747607501900787,0.006859833249109175
OBSERVATION_NOISE_0p7_R35,observation_noise,0.7,0.7,0.2,5.0,120,4,0.0,0.9333333333333332,0.3940971473258953,0.006859833249109175
OBSERVATION_NOISE_0p7_R36,observation_noise,0.7,0.7,0.2,5.0,120,4,1.0,0.9916666666666668,0.3877580261007395,0.006859833249109175
OBSERVATION_NOISE_0p7_R37,observation_noise,0.7,0.7,0.2,5.0,120,4,1.0,0.9916666666666668,0.4213729041855656,0.006859833249109175
OBSERVATION_NOISE_0p7_R38,observation_noise,0.7,0.7,0.2,5.0,120,4,1.0,0.95,0.3680513869099735,0.006859833249109175
OBSERVATION_NOISE_0p7_R39,observation_noise,0.7,0.7,0.2,5.0,120,4,1.0,0.9833333333333332,0.4075435998980767,0.006859833249109175
OBSERVATION_NOISE_0p7_R40,observation_noise,0.7,0.7,0.2,5.0,120,4,1.0,0.925,0.360312705817008,0.006859833249109175
