replicate_id,seed,n_observations,true_mu,estimated_mu,mu_lower_95,mu_upper_95,true_theta,estimated_theta,theta_lower_95,theta_upper_95,true_sigma,estimated_sigma,sigma_lower_95,sigma_upper_95,fit_success,convergence_status,runtime_seconds,sequence_index,spawn_key,child_state_uint32,rng_reconstruction,runtime_status
OU_N025_R001,20260805,25,1.09351987367066,1.20313530334995,1.11904301141998,1.28722759527992,0.347251933796558,2.65025888121403,0.175659484560555,5.12485827786751,0.309411680479581,0.303721590106263,0.188814152264931,0.418629027947596,TRUE,successful_fit,,0,"(0,)",1117257062,np.random.default_rng(np.random.SeedSequence(20260805).spawn(360)[0]),not_recorded_by_Figure_S2_script
OU_N025_R002,20260805,25,-0.504593942159847,-0.400646039964447,-0.657797727753,-0.143494352175894,0.785773962469556,0.825012314720412,0,1.79124075597825,0.33703915605056,0.317167323439914,0.214345528392368,0.419989118487461,TRUE,successful_fit,,1,"(1,)",1739813875,np.random.default_rng(np.random.SeedSequence(20260805).spawn(360)[1]),not_recorded_by_Figure_S2_script
OU_N025_R003,20260805,25,-0.1447739221372,-2.07775733478314,-13.6966491028218,9.54113443325551,0.331479728650914,0.0879905480677109,0,0.572504056217789,0.56962330534057,0.537194214015451,0.376339954917662,0.69804847311324,TRUE,successful_fit,,2,"(2,)",1419349886,np.random.default_rng(np.random.SeedSequence(20260805).spawn(360)[2]),not_recorded_by_Figure_S2_script
OU_N025_R004,20260805,25,1.44687596890097,2.16379529980114,1.85067507142276,2.47691552817952,0.54627454466371,2.09470042582275,0.237342612437843,3.95205823920765,0.732855797798868,0.95848822234352,0.61071850719755,1.30625793748949,TRUE,successful_fit,,3,"(3,)",1077354921,np.random.default_rng(np.random.SeedSequence(20260805).spawn(360)[3]),not_recorded_by_Figure_S2_script
OU_N025_R005,20260805,25,-0.263807927802969,-0.703575078179786,-1.21771506801142,-0.189435088348154,0.535455151587895,0.667120625609657,0,1.39928783285583,0.57083262416467,0.514008436692485,0.354218305908002,0.673798567476967,TRUE,successful_fit,,4,"(4,)",1178390433,np.random.default_rng(np.random.SeedSequence(20260805).spawn(360)[4]),not_recorded_by_Figure_S2_script
OU_N025_R006,20260805,25,-1.10502909795443,-1.28655464324083,-1.5622500174522,-1.01085926902945,0.872308209072298,0.765561526689694,0,1.69724635999887,0.368327784610683,0.335350341880142,0.226093965489798,0.444606718270487,TRUE,successful_fit,,5,"(5,)",1139688365,np.random.default_rng(np.random.SeedSequence(20260805).spawn(360)[5]),not_recorded_by_Figure_S2_script
OU_N025_R007,20260805,25,1.43086238717608,1.11323088514046,0.439565784606149,1.78689598567477,1.07302192047089,0.529290891819679,0,1.26358420307708,0.853341501627137,0.565843483069031,0.387797255317391,0.743889710820671,TRUE,successful_fit,,6,"(6,)",3613669329,np.random.default_rng(np.random.SeedSequence(20260805).spawn(360)[6]),not_recorded_by_Figure_S2_script
OU_N025_R008,20260805,25,0.0725906346651163,-0.134919151448259,-0.424911274791142,0.155072971894623,0.83184024605786,2.39015162957026,0,4.95851174309768,0.77069951253946,1.00051701928081,0.579534897150122,1.4214991414115,TRUE,successful_fit,,7,"(7,)",4057879167,np.random.default_rng(np.random.SeedSequence(20260805).spawn(360)[7]),not_recorded_by_Figure_S2_script
OU_N025_R009,20260805,25,-0.509051061295275,-0.810730472545958,-1.10328789154573,-0.518173053546187,0.435770062028074,0.739416730087311,0,1.80460482872106,0.294900224289754,0.323401549556678,0.21647838282464,0.430324716288715,TRUE,successful_fit,,8,"(8,)",497110069,np.random.default_rng(np.random.SeedSequence(20260805).spawn(360)[8]),not_recorded_by_Figure_S2_script
OU_N025_R010,20260805,25,0.979943686546644,0.953419755583691,0.891038640369703,1.01580087079768,1.49043285409236,5.17068149141075,0.11314279356009,10.2282201892614,0.383816249784163,0.381284158476838,0.212509430630951,0.550058886322725,TRUE,successful_fit,,9,"(9,)",2986755770,np.random.default_rng(np.random.SeedSequence(20260805).spawn(360)[9]),not_recorded_by_Figure_S2_script
OU_N025_R011,20260805,25,0.595330972036864,0.445313056028699,0.208465416375778,0.682160695681619,0.923107515492418,1.15904151953563,0,2.42184414758665,0.416477245244325,0.429751678065582,0.281078631397813,0.578424724733352,TRUE,successful_fit,,10,"(10,)",3703391142,np.random.default_rng(np.random.SeedSequence(20260805).spawn(360)[10]),not_recorded_by_Figure_S2_script
OU_N025_R012,20260805,25,-0.73307995347581,-1.07757401511576,-1.94678267019721,-0.20836536003431,0.812880978030737,0.342746243655553,0,0.930755596627646,0.444841923160263,0.375385145830983,0.261022114116061,0.489748177545905,TRUE,successful_fit,,11,"(11,)",4075485789,np.random.default_rng(np.random.SeedSequence(20260805).spawn(360)[11]),not_recorded_by_Figure_S2_script
OU_N025_R013,20260805,25,1.73090947614274,1.57461956268053,1.36258197224802,1.78665715311304,1.04613141541234,2.52062296987668,0.0303134865343124,5.01093245321905,0.487576084931103,0.788627847513735,0.463477568042207,1.11377812698526,TRUE,successful_fit,,12,"(12,)",1734295287,np.random.default_rng(np.random.SeedSequence(20260805).spawn(360)[12]),not_recorded_by_Figure_S2_script
OU_N025_R014,20260805,25,1.2099061678304,0.62886623649035,-0.976525018422454,2.23425749140315,0.396486120817547,0.270921928772966,0,0.758007011629493,0.63963317932692,0.655707121544135,0.460122842274465,0.851291400813805,TRUE,successful_fit,,13,"(13,)",4050829272,np.random.default_rng(np.random.SeedSequence(20260805).spawn(360)[13]),not_recorded_by_Figure_S2_script
OU_N025_R015,20260805,25,0.414092565912971,0.538834549360894,0.38147755015058,0.696191548571208,1.00910000493004,1.67140353880637,0,3.41940144697831,0.409222266533363,0.379884076433668,0.241233821036757,0.518534331830579,TRUE,successful_fit,,14,"(14,)",863719853,np.random.default_rng(np.random.SeedSequence(20260805).spawn(360)[14]),not_recorded_by_Figure_S2_script
OU_N025_R016,20260805,25,1.31701527915248,1.13817618774912,0.384342832011787,1.89200954348645,1.05231906450686,0.63156309207165,0,1.46578782605757,0.627166890258045,0.749660107278951,0.510600899672881,0.98871931488502,TRUE,successful_fit,,15,"(15,)",251390282,np.random.default_rng(np.random.SeedSequence(20260805).spawn(360)[15]),not_recorded_by_Figure_S2_script
OU_N025_R017,20260805,25,0.882273434462524,0.934555557186257,0.75582865419497,1.11328246017754,0.86671013575517,1.34662397535153,0,2.99015506052403,0.372835726939992,0.352035254553273,0.22047875965986,0.483591749446686,TRUE,successful_fit,,16,"(16,)",3205418113,np.random.default_rng(np.random.SeedSequence(20260805).spawn(360)[16]),not_recorded_by_Figure_S2_script
OU_N025_R018,20260805,25,-0.973184369564328,-0.940758080997353,-1.28274335734675,-0.598772804647956,0.533962611059358,1.31086199758887,0,2.73225222730571,0.62559137440843,0.677183563938913,0.439113965829869,0.915253162047957,TRUE,successful_fit,,17,"(17,)",3442792960,np.random.default_rng(np.random.SeedSequence(20260805).spawn(360)[17]),not_recorded_by_Figure_S2_script
OU_N025_R019,20260805,25,0.537976959999441,0.6709637365225,0.519774806034444,0.822152667010557,1.00891643656468,2.933388553187,0,6.01861449147394,0.509970368869233,0.590501569397759,0.3479664119237,0.833036726871818,TRUE,successful_fit,,18,"(18,)",217835889,np.random.default_rng(np.random.SeedSequence(20260805).spawn(360)[18]),not_recorded_by_Figure_S2_script
OU_N025_R020,20260805,25,1.20600361793726,1.08739223524942,1.00418862713577,1.17059584336307,0.405240535580235,2.19308534787824,0,4.66372949601105,0.233055041039876,0.249155146895521,0.15178589080883,0.346524402982212,TRUE,successful_fit,,19,"(19,)",2615534499,np.random.default_rng(np.random.SeedSequence(20260805).spawn(360)[19]),not_recorded_by_Figure_S2_script
OU_N025_R021,20260805,25,-0.684554760297226,-0.927645595218909,-1.46757474009783,-0.387716450339991,1.13865398239111,0.971211150333205,0,2.18613234053684,0.725319646376215,0.810390250433772,0.537003773714775,1.08377672715277,TRUE,successful_fit,,20,"(20,)",1478138432,np.random.default_rng(np.random.SeedSequence(20260805).spawn(360)[20]),not_recorded_by_Figure_S2_script
OU_N025_R022,20260805,25,1.62608063561332,1.41258029314331,1.06893338216915,1.75622720411746,0.633759365419759,0.490304886271025,0,1.18784772667459,0.281280618358779,0.266483576491338,0.1836978027579,0.349269350224776,TRUE,successful_fit,,21,"(21,)",2729924504,np.random.default_rng(np.random.SeedSequence(20260805).spawn(360)[21]),not_recorded_by_Figure_S2_script
OU_N025_R023,20260805,25,0.202646742940098,0.121284027205153,-0.322979528932715,0.565547583343021,0.415076817904803,1.19370041087059,0,2.70580864031835,0.637025585867971,0.820681337889958,0.51799066129892,1.123372014481,TRUE,successful_fit,,22,"(22,)",1768946074,np.random.default_rng(np.random.SeedSequence(20260805).spawn(360)[22]),not_recorded_by_Figure_S2_script
OU_N025_R024,20260805,25,-1.24037259982964,-1.14477863583351,-1.23211345355574,-1.05744381811128,1.3796998944724,2.78055392025984,0,5.59770465742509,0.31839779910303,0.346868294707998,0.198208067932739,0.495528521483257,TRUE,successful_fit,,23,"(23,)",704437506,np.random.default_rng(np.random.SeedSequence(20260805).spawn(360)[23]),not_recorded_by_Figure_S2_script
OU_N025_R025,20260805,25,1.56947645575855,1.41430972311251,0.864559563690922,1.96405988253409,0.431026061601839,0.846797966305642,0,1.78582067667069,0.891538354041959,0.700019731071204,0.475353045240353,0.924686416902055,TRUE,successful_fit,,24,"(24,)",1058117336,np.random.default_rng(np.random.SeedSequence(20260805).spawn(360)[24]),not_recorded_by_Figure_S2_script
OU_N025_R026,20260805,25,-0.28388059222709,-0.569909228045295,-1.21201603408835,0.0721975779977621,0.437749507555101,0.615084141696613,0,1.26430140740333,0.700158528427323,0.514742232057676,0.357568318274127,0.671916145841224,TRUE,successful_fit,,25,"(25,)",3737085062,np.random.default_rng(np.random.SeedSequence(20260805).spawn(360)[25]),not_recorded_by_Figure_S2_script
OU_N025_R027,20260805,25,1.64272177638582,2.13080035278927,1.75034864450843,2.5112520610701,0.507966853606774,1.33885813741584,0.025084381456135,2.65263189337554,0.896118361420101,0.786450505518323,0.517918390248076,1.05498262078857,TRUE,successful_fit,,26,"(26,)",722459123,np.random.default_rng(np.random.SeedSequence(20260805).spawn(360)[26]),not_recorded_by_Figure_S2_script
OU_N025_R028,20260805,25,1.0473313116606,1.13867264845577,0.854470996769962,1.42287430014158,0.967491315918011,0.942012785614588,0,1.9391176117318,0.603642901197209,0.419445624378077,0.283483749187488,0.555407499568665,TRUE,successful_fit,,27,"(27,)",532809295,np.random.default_rng(np.random.SeedSequence(20260805).spawn(360)[27]),not_recorded_by_Figure_S2_script
OU_N025_R029,20260805,25,0.379200868580883,0.518676815027392,0.248039282377371,0.789314347677413,0.639395105563439,1.00529449630347,0,2.13212981992708,0.517923722756092,0.427021773571009,0.282859835664111,0.571183711477907,TRUE,successful_fit,,28,"(28,)",2524652648,np.random.default_rng(np.random.SeedSequence(20260805).spawn(360)[28]),not_recorded_by_Figure_S2_script
OU_N025_R030,20260805,25,-0.40853305220099,-0.496731544763018,-0.558904863390276,-0.434558226135761,0.481553193665705,4.09199127227405,0,8.85707851549139,0.267145749402966,0.31085774142031,0.166159315088737,0.455556167751884,TRUE,successful_fit,,29,"(29,)",2400190629,np.random.default_rng(np.random.SeedSequence(20260805).spawn(360)[29]),not_recorded_by_Figure_S2_script
OU_N025_R031,20260805,25,0.406680514887666,0.265443537443033,-0.119982658291741,0.650869733177808,0.718153124765167,1.29968741431776,0,2.71407468178128,0.63749270888133,0.777769382663938,0.503179639654299,1.05235912567358,TRUE,successful_fit,,30,"(30,)",697410702,np.random.default_rng(np.random.SeedSequence(20260805).spawn(360)[30]),not_recorded_by_Figure_S2_script
OU_N025_R032,20260805,25,0.570647524983235,0.717433728958767,0.355008827954535,1.079858629963,0.449888731037338,0.642406059540486,0,1.48878363803034,0.452753251890937,0.363815290815234,0.24718530161851,0.480445280011959,TRUE,successful_fit,,31,"(31,)",1925496482,np.random.default_rng(np.random.SeedSequence(20260805).spawn(360)[31]),not_recorded_by_Figure_S2_script
OU_N025_R033,20260805,25,1.11885522833525,0.117466517380228,-0.24886207431574,0.483795109076196,0.336154904778857,1.43120191725439,0,2.93297882438763,0.731869919681181,0.770107846020492,0.506935024440878,1.03328066760011,TRUE,successful_fit,,32,"(32,)",961428310,np.random.default_rng(np.random.SeedSequence(20260805).spawn(360)[32]),not_recorded_by_Figure_S2_script
OU_N025_R034,20260805,25,-0.807644371525418,-0.516736884039845,-0.957133288351138,-0.0763404797285518,0.929727358792267,1.53173518460547,0,3.10371319470756,0.725604485548163,1.04147687412481,0.661134876199098,1.42181887205053,TRUE,successful_fit,,33,"(33,)",2752819375,np.random.default_rng(np.random.SeedSequence(20260805).spawn(360)[33]),not_recorded_by_Figure_S2_script
OU_N025_R035,20260805,25,0.13314412877729,0.698945763142937,0.308730578699612,1.08916094758626,0.68158302188742,1.15731313690459,0,2.50825020336105,0.649408907375295,0.674602821583224,0.443720251972502,0.905485391193947,TRUE,successful_fit,,34,"(34,)",905563065,np.random.default_rng(np.random.SeedSequence(20260805).spawn(360)[34]),not_recorded_by_Figure_S2_script
OU_N025_R036,20260805,25,0.378246956076538,0.65471604920139,0.321580320959316,0.987851777443464,0.328295291529852,0.387340315193131,0,1.03157045898146,0.28778295199161,0.192860577257135,0.13348460216596,0.25223655234831,TRUE,successful_fit,,35,"(35,)",3336728789,np.random.default_rng(np.random.SeedSequence(20260805).spawn(360)[35]),not_recorded_by_Figure_S2_script
OU_N025_R037,20260805,25,0.0524474855289727,0.139622236845006,-0.0174198705335198,0.296664344223532,1.38097955830166,1.65569057597733,0,3.3290274651152,0.37401210749648,0.394071569528747,0.249343484054707,0.538799655002786,TRUE,successful_fit,,36,"(36,)",1115825419,np.random.default_rng(np.random.SeedSequence(20260805).spawn(360)[36]),not_recorded_by_Figure_S2_script
OU_N025_R038,20260805,25,0.107593288242598,0.237348616986994,-0.471223868176238,0.945921102150225,0.574273166659476,0.486272019926092,0,1.08941160940956,0.531041343952745,0.519836819969772,0.362092172779984,0.677581467159561,TRUE,successful_fit,,37,"(37,)",4209236425,np.random.default_rng(np.random.SeedSequence(20260805).spawn(360)[37]),not_recorded_by_Figure_S2_script
OU_N025_R039,20260805,25,-0.884138065347434,-0.752782288987282,-1.40649066676431,-0.0990739112102587,1.22642808166819,0.754747278995573,0,1.67436757493153,0.697908046694874,0.739034213203139,0.504372572157534,0.973695854248744,TRUE,successful_fit,,38,"(38,)",1958277543,np.random.default_rng(np.random.SeedSequence(20260805).spawn(360)[38]),not_recorded_by_Figure_S2_script
OU_N025_R040,20260805,25,-0.0232801523225886,-0.0562897081627072,-0.701441798120793,0.588862381795379,0.577388233909234,0.807783014614189,0,1.8456370308899,0.781916798661865,0.808163884402859,0.543810963199906,1.07251680560581,TRUE,successful_fit,,39,"(39,)",2852859683,np.random.default_rng(np.random.SeedSequence(20260805).spawn(360)[39]),not_recorded_by_Figure_S2_script
OU_N025_R041,20260805,25,0.863900381539053,0.89808978519666,0.763796708888021,1.0323828615053,1.03642511270142,1.94924848949388,0,3.96620982941614,0.366500874887933,0.385774051628867,0.239018339702068,0.532529763555665,TRUE,successful_fit,,40,"(40,)",2224261417,np.random.default_rng(np.random.SeedSequence(20260805).spawn(360)[40]),not_recorded_by_Figure_S2_script
OU_N025_R042,20260805,25,1.71952694280522,1.6638223808836,1.58551559868083,1.74212916308637,0.454125122011607,3.4721233407872,0.286607783627078,6.65763889794731,0.360198285981373,0.375116192200034,0.214768608563877,0.535463775836191,TRUE,successful_fit,,41,"(41,)",3907994052,np.random.default_rng(np.random.SeedSequence(20260805).spawn(360)[41]),not_recorded_by_Figure_S2_script
OU_N025_R043,20260805,25,1.6954510422408,2.20338277137702,1.83708782812315,2.56967771463089,0.480192108078041,1.41919361536498,0.202519280412857,2.63586795031711,0.684177652971749,0.78377989055199,0.523642925548184,1.0439168555558,TRUE,successful_fit,,42,"(42,)",709315727,np.random.default_rng(np.random.SeedSequence(20260805).spawn(360)[42]),not_recorded_by_Figure_S2_script
OU_N025_R044,20260805,25,0.56981977061134,0.873029230758341,0.467891882900577,1.27816657861611,0.362447316693337,0.473980235299187,0,1.18321370565085,0.361397498048686,0.281817233205694,0.193982620019598,0.369651846391789,TRUE,successful_fit,,43,"(43,)",970322932,np.random.default_rng(np.random.SeedSequence(20260805).spawn(360)[43]),not_recorded_by_Figure_S2_script
OU_N025_R045,20260805,25,1.15885030635823,0.810377281853952,0.369957822827278,1.25079674088063,0.576739460221434,0.635615080702137,0,1.44359836260753,0.49747851517389,0.44608152777977,0.304767440322401,0.587395615237139,TRUE,successful_fit,,44,"(44,)",3347600977,np.random.default_rng(np.random.SeedSequence(20260805).spawn(360)[44]),not_recorded_by_Figure_S2_script
OU_N025_R046,20260805,25,1.74311139105964,1.84870587818028,1.15224282298532,2.54516893337523,0.780834377645408,0.584232820837148,0,1.3608889683352,0.557644359796177,0.639252779053307,0.440577833719573,0.837927724387041,TRUE,successful_fit,,45,"(45,)",2242053229,np.random.default_rng(np.random.SeedSequence(20260805).spawn(360)[45]),not_recorded_by_Figure_S2_script
OU_N025_R047,20260805,25,-1.24316324277039,-1.42381800512658,-1.78562889865233,-1.06200711160084,0.382666664728254,0.871601856712637,0,1.89339925738095,0.388586333858741,0.486288563820353,0.328699718601441,0.643877409039265,TRUE,successful_fit,,46,"(46,)",2767824752,np.random.default_rng(np.random.SeedSequence(20260805).spawn(360)[46]),not_recorded_by_Figure_S2_script
OU_N025_R048,20260805,25,0.678281055229706,0.354874884894363,-0.210453251061767,0.920203020850494,0.481342357696689,0.650400290089305,0,1.440905487404,0.643573838153066,0.582761974061886,0.399064334016589,0.766459614107184,TRUE,successful_fit,,47,"(47,)",571358767,np.random.default_rng(np.random.SeedSequence(20260805).spawn(360)[47]),not_recorded_by_Figure_S2_script
OU_N025_R049,20260805,25,1.5922520289354,1.38757666627361,1.20301879412659,1.57213453842064,0.461321099246807,2.09255667612371,0.0988039560039162,4.08630939624351,0.61980962155229,0.563601743785746,0.347129627590306,0.780073859981186,TRUE,successful_fit,,48,"(48,)",149994116,np.random.default_rng(np.random.SeedSequence(20260805).spawn(360)[48]),not_recorded_by_Figure_S2_script
OU_N025_R050,20260805,25,0.147989169014673,0.254157808504524,-0.13910447114658,0.647420088155628,0.434680442306881,0.595351441143672,0,1.34981678942871,0.371042412507905,0.362305379241078,0.248360823007534,0.476249935474623,TRUE,successful_fit,,49,"(49,)",2769041360,np.random.default_rng(np.random.SeedSequence(20260805).spawn(360)[49]),not_recorded_by_Figure_S2_script
OU_N025_R051,20260805,25,0.422620548166992,0.771932697138592,0.159847701372913,1.38401769290427,0.308914099673601,0.578881359264238,0,1.32096783247012,0.509141402129993,0.529878011148898,0.36505382969887,0.694702192598925,TRUE,successful_fit,,50,"(50,)",2505105755,np.random.default_rng(np.random.SeedSequence(20260805).spawn(360)[50]),not_recorded_by_Figure_S2_script
OU_N025_R052,20260805,25,0.785870204044544,0.902475924439459,0.386056690547286,1.41889515833163,0.351928168258835,0.341177521357228,0,0.899707094820891,0.290202569686522,0.282995546233026,0.197506430178135,0.368484662287917,TRUE,successful_fit,,51,"(51,)",4240823178,np.random.default_rng(np.random.SeedSequence(20260805).spawn(360)[51]),not_recorded_by_Figure_S2_script
OU_N025_R053,20260805,25,0.655040859248516,0.843778498779695,-1.65529315248729,3.34285015004668,0.351478876847398,0.221105330772887,0,0.828226048280407,0.753992414916165,0.802176738579802,0.556085051931019,1.04826842522859,TRUE,successful_fit,,52,"(52,)",2335426345,np.random.default_rng(np.random.SeedSequence(20260805).spawn(360)[52]),not_recorded_by_Figure_S2_script
OU_N025_R054,20260805,25,0.0242380678564134,0.0430036861631659,-0.236629048880059,0.32263642120639,1.20070048805835,0.594734837705711,0,1.40616437163054,0.249170928192763,0.258465917210177,0.177044338204669,0.339887496215685,TRUE,successful_fit,,53,"(53,)",909436865,np.random.default_rng(np.random.SeedSequence(20260805).spawn(360)[53]),not_recorded_by_Figure_S2_script
OU_N025_R055,20260805,25,-0.252361750617194,-0.544072443429004,-0.843254181884414,-0.244890704973595,0.789447920574446,1.62023880336435,0,3.29370035925219,0.702952092864655,0.736997157371425,0.467712607956033,1.00628170678682,TRUE,successful_fit,,54,"(54,)",3474991468,np.random.default_rng(np.random.SeedSequence(20260805).spawn(360)[54]),not_recorded_by_Figure_S2_script
OU_N025_R056,20260805,25,-1.18040955726362,-0.934773467479278,-1.40190586331401,-0.467641071644551,0.4929634842095,0.639483866763292,0,1.40449501516505,0.479250647861834,0.475253782093561,0.325841513535611,0.624666050651511,TRUE,successful_fit,,55,"(55,)",3529078649,np.random.default_rng(np.random.SeedSequence(20260805).spawn(360)[55]),not_recorded_by_Figure_S2_script
OU_N025_R057,20260805,25,-1.10923155217808,-0.719177538432989,-1.22636671966979,-0.211988357196187,0.328451197867793,0.40582778380171,0,1.01537258393614,0.353779233503863,0.32627220482474,0.226670094709427,0.425874314940053,TRUE,successful_fit,,56,"(56,)",147399555,np.random.default_rng(np.random.SeedSequence(20260805).spawn(360)[56]),not_recorded_by_Figure_S2_script
OU_N025_R058,20260805,25,-0.622573416480238,-0.614341405446104,-0.753158658955876,-0.475524151936333,1.13341357952553,1.07203462267045,0,2.22211750174579,0.234912778571676,0.227646128250841,0.152603394556863,0.302688861944818,TRUE,successful_fit,,57,"(57,)",525543210,np.random.default_rng(np.random.SeedSequence(20260805).spawn(360)[57]),not_recorded_by_Figure_S2_script
OU_N025_R059,20260805,25,0.735570466752416,0.425242344641931,-3.79240245213742,4.64288714142128,0.381886105979392,0.175265567547793,0,0.676117371968601,0.875874349731108,1.00072603797953,0.700281662229454,1.30117041372961,TRUE,successful_fit,,58,"(58,)",2014057640,np.random.default_rng(np.random.SeedSequence(20260805).spawn(360)[58]),not_recorded_by_Figure_S2_script
OU_N025_R060,20260805,25,-0.863183551149518,-1.23864130945738,-1.65081514971414,-0.826467469200626,0.752384853459176,0.813632568960491,0.109089888697166,1.51817524922382,0.778136528155483,0.494401249171599,0.342687932786449,0.646114565556749,TRUE,successful_fit,,59,"(59,)",1786032819,np.random.default_rng(np.random.SeedSequence(20260805).spawn(360)[59]),not_recorded_by_Figure_S2_script
OU_N025_R061,20260805,25,1.69607271789442,1.49540287775468,1.09715829006358,1.89364746544578,0.532668805929964,0.853324305499001,0,1.89286291265521,0.481801034806606,0.516819576713153,0.348573793983136,0.685065359443169,TRUE,successful_fit,,60,"(60,)",3387155390,np.random.default_rng(np.random.SeedSequence(20260805).spawn(360)[60]),not_recorded_by_Figure_S2_script
OU_N025_R062,20260805,25,1.50301156042712,1.44682548393488,1.32760567137113,1.56604529649863,1.14958467172978,3.79329279461543,0,8.4966946438645,0.630490168304557,0.607379240761003,0.292116120059381,0.922642361462626,TRUE,successful_fit,,61,"(61,)",2218482782,np.random.default_rng(np.random.SeedSequence(20260805).spawn(360)[61]),not_recorded_by_Figure_S2_script
OU_N025_R063,20260805,25,0.110752454066023,0.136456464512813,-0.094031458962938,0.366944387988565,0.694363213251181,1.12474373315641,0,2.42547857243413,0.343829056908117,0.399141967901218,0.26271266675568,0.535571269046756,TRUE,successful_fit,,62,"(62,)",1130943653,np.random.default_rng(np.random.SeedSequence(20260805).spawn(360)[62]),not_recorded_by_Figure_S2_script
OU_N025_R064,20260805,25,0.154792379959468,0.414754327100821,0.21792029237225,0.611588361829392,1.08532801159865,3.33914867037142,0,7.06571348363967,0.8010347906247,0.871558430845084,0.476495814946261,1.26662104674391,TRUE,successful_fit,,63,"(63,)",3942213810,np.random.default_rng(np.random.SeedSequence(20260805).spawn(360)[63]),not_recorded_by_Figure_S2_script
OU_N025_R065,20260805,25,1.27804795270922,1.36618045447046,0.774300862665743,1.95806004627518,0.836973815276588,0.302600794232629,0,0.922476504341083,0.358968885866246,0.276252029750534,0.191539526706476,0.360964532794592,TRUE,successful_fit,,64,"(64,)",2157405226,np.random.default_rng(np.random.SeedSequence(20260805).spawn(360)[64]),not_recorded_by_Figure_S2_script
OU_N025_R066,20260805,25,0.262930231126218,0.475008243181172,0.197431214208643,0.752585272153702,0.398433546301827,1.59284301130687,0,3.22807517692305,0.710045099925077,0.677909180867473,0.429168909743968,0.926649451990977,TRUE,successful_fit,,65,"(65,)",1264070443,np.random.default_rng(np.random.SeedSequence(20260805).spawn(360)[65]),not_recorded_by_Figure_S2_script
OU_N025_R067,20260805,25,0.816607893603321,0.606428383212312,0.399359971235778,0.813496795188845,0.625603284129452,2.33075192892862,0.169174120179679,4.49232973767757,0.655090204686876,0.658063674987241,0.420724166036083,0.8954031839384,TRUE,successful_fit,,66,"(66,)",2204693458,np.random.default_rng(np.random.SeedSequence(20260805).spawn(360)[66]),not_recorded_by_Figure_S2_script
OU_N025_R068,20260805,25,0.325910402617886,0.47236752407751,0.0291134389220965,0.915621609232923,0.964238713262446,0.560223534440527,0,1.34366324422665,0.367194995000608,0.349382408603922,0.238712667591376,0.460052149616467,TRUE,successful_fit,,67,"(67,)",3711921879,np.random.default_rng(np.random.SeedSequence(20260805).spawn(360)[67]),not_recorded_by_Figure_S2_script
OU_N025_R069,20260805,25,-0.985953397044676,-1.06697358558905,-1.17153611692264,-0.962411054255456,0.792865245401669,2.53323080471964,0,5.39176340204316,0.335875057767328,0.37096182879842,0.216893239493048,0.525030418103793,TRUE,successful_fit,,68,"(68,)",711528696,np.random.default_rng(np.random.SeedSequence(20260805).spawn(360)[68]),not_recorded_by_Figure_S2_script
OU_N025_R070,20260805,25,0.0569004474243705,0.0328026628666906,-0.204782487905189,0.27038781363857,0.481932099201788,1.38257537304671,0,2.8469335401611,0.436381851554652,0.491753688750913,0.322416591455322,0.661090786046504,TRUE,successful_fit,,69,"(69,)",2513538549,np.random.default_rng(np.random.SeedSequence(20260805).spawn(360)[69]),not_recorded_by_Figure_S2_script
OU_N025_R071,20260805,25,0.170707480339032,0.128158037299285,-0.047935868116939,0.304251942715509,0.501512129323504,1.27344431569725,0,2.56546826500213,0.436155584156086,0.342994510901981,0.226531969082496,0.459457052721466,TRUE,successful_fit,,70,"(70,)",484937114,np.random.default_rng(np.random.SeedSequence(20260805).spawn(360)[70]),not_recorded_by_Figure_S2_script
OU_N025_R072,20260805,25,-0.49927951152278,-0.382656141268616,-0.840455346961048,0.0751430644238164,0.952940538137977,0.616038296174794,0,1.42680519474652,0.477411385430314,0.445291585623189,0.303965323750724,0.586617847495654,TRUE,successful_fit,,71,"(71,)",625319931,np.random.default_rng(np.random.SeedSequence(20260805).spawn(360)[71]),not_recorded_by_Figure_S2_script
OU_N025_R073,20260805,25,1.07074117035133,0.92677558099098,0.530543011151016,1.32300815083094,0.434740379625005,0.81307262537556,0,1.93724336450061,0.400384036901102,0.472899571154752,0.313016504074844,0.632782638234661,TRUE,successful_fit,,72,"(72,)",3571366072,np.random.default_rng(np.random.SeedSequence(20260805).spawn(360)[72]),not_recorded_by_Figure_S2_script
OU_N025_R074,20260805,25,-0.878842876465413,-0.726318668861193,-0.903627579583334,-0.549009758139052,0.376142536919373,0.991201269126287,0,2.03382775188207,0.211188584145299,0.248152079491144,0.16744008383034,0.328864075151947,TRUE,successful_fit,,73,"(73,)",229315707,np.random.default_rng(np.random.SeedSequence(20260805).spawn(360)[73]),not_recorded_by_Figure_S2_script
OU_N025_R075,20260805,25,0.0842409018053463,0.343913005267358,0.0586452810420635,0.629180729492653,0.976483108744363,1.78323299397994,0,3.64584796037314,0.630283211889532,0.768146249139328,0.477934825265107,1.05835767301355,TRUE,successful_fit,,74,"(74,)",539885261,np.random.default_rng(np.random.SeedSequence(20260805).spawn(360)[74]),not_recorded_by_Figure_S2_script
OU_N025_R076,20260805,25,-0.333107861281289,-0.495120981704366,-0.795104955610791,-0.19513700779794,0.796817955522454,1.93847387505157,0,3.91500249014709,0.7041324183929,0.88636130329384,0.538087769882336,1.23463483670535,TRUE,successful_fit,,75,"(75,)",1145627973,np.random.default_rng(np.random.SeedSequence(20260805).spawn(360)[75]),not_recorded_by_Figure_S2_script
OU_N025_R077,20260805,25,0.0314596201350693,0.273176730294655,-0.100194368232881,0.646547828822192,0.390321054061503,0.664685070668507,0,1.47558999966111,0.402754725048444,0.374904762225132,0.255996340425836,0.493813184024429,TRUE,successful_fit,,76,"(76,)",1349791849,np.random.default_rng(np.random.SeedSequence(20260805).spawn(360)[76]),not_recorded_by_Figure_S2_script
OU_N025_R078,20260805,25,-0.8019104482289,-0.796053132180981,-1.16823743199227,-0.423868832369688,1.19103930467742,1.29141406456816,0.0336103835898001,2.54921774554652,0.657954204132798,0.732532914810355,0.482858028163383,0.982207801457327,TRUE,successful_fit,,77,"(77,)",1056865539,np.random.default_rng(np.random.SeedSequence(20260805).spawn(360)[77]),not_recorded_by_Figure_S2_script
OU_N025_R079,20260805,25,0.902181837263897,1.41161666861406,1.17797729490051,1.64525604232761,0.750187917073943,0.777252893550752,0,1.85323805890499,0.414987503549816,0.283633951229644,0.188870391358987,0.378397511100301,TRUE,successful_fit,,78,"(78,)",911594215,np.random.default_rng(np.random.SeedSequence(20260805).spawn(360)[78]),not_recorded_by_Figure_S2_script
OU_N025_R080,20260805,25,-0.331875619511,-0.196207185166528,-0.768991142156595,0.37657677182354,1.01461703434982,0.828229562462418,0,1.78793538204102,0.664183165859506,0.752014771067143,0.504641677789431,0.999387864344855,TRUE,successful_fit,,79,"(79,)",615430272,np.random.default_rng(np.random.SeedSequence(20260805).spawn(360)[79]),not_recorded_by_Figure_S2_script
OU_N025_R081,20260805,25,1.33981451694912,1.04897925905992,0.836609367724787,1.26134915039505,0.336576764708281,1.48095033558494,0.0580138982736862,2.90388677289619,0.516875423135433,0.469895098724198,0.308754081843736,0.63103611560466,TRUE,successful_fit,,80,"(80,)",3806314122,np.random.default_rng(np.random.SeedSequence(20260805).spawn(360)[80]),not_recorded_by_Figure_S2_script
OU_N025_R082,20260805,25,0.637292576643732,0.737012393238472,0.486201911614794,0.987822874862151,0.88999098000696,1.26027420946009,0,2.67234487436712,0.427399187070436,0.458400245461428,0.305744602287067,0.611055888635789,TRUE,successful_fit,,81,"(81,)",2192888819,np.random.default_rng(np.random.SeedSequence(20260805).spawn(360)[81]),not_recorded_by_Figure_S2_script
OU_N025_R083,20260805,25,1.07832604619249,1.00888810397521,0.651177129933634,1.36659907801678,0.67056210523237,0.866832326786242,0,2.18348570938543,0.422541151746938,0.443517338685012,0.293728784584175,0.59330589278585,TRUE,successful_fit,,82,"(82,)",1427620977,np.random.default_rng(np.random.SeedSequence(20260805).spawn(360)[82]),not_recorded_by_Figure_S2_script
OU_N025_R084,20260805,25,0.0412635779648648,0.0933723940000665,-0.0961744051819207,0.282919193182054,0.993870363120697,2.65323765708386,0,5.55506590993807,0.577154838441834,0.72421893426813,0.411290786646359,1.0371470818899,TRUE,successful_fit,,83,"(83,)",3356841053,np.random.default_rng(np.random.SeedSequence(20260805).spawn(360)[83]),not_recorded_by_Figure_S2_script
OU_N025_R085,20260805,25,1.23320432561034,1.20205708351695,0.823977021968326,1.58013714506556,0.864745831759452,1.23835959401883,0.0608371224547657,2.41588206558289,0.643952224664071,0.706032904516916,0.474533444350546,0.937532364683286,TRUE,successful_fit,,84,"(84,)",3232096941,np.random.default_rng(np.random.SeedSequence(20260805).spawn(360)[84]),not_recorded_by_Figure_S2_script
OU_N025_R086,20260805,25,-0.234453276081242,-0.709765735575361,-1.1440825311752,-0.275448939975519,1.07667107729335,1.41043786531192,0,2.915328770033,0.808665075453617,0.926610992253862,0.602697107432801,1.25052487707492,TRUE,successful_fit,,85,"(85,)",3732519763,np.random.default_rng(np.random.SeedSequence(20260805).spawn(360)[85]),not_recorded_by_Figure_S2_script
OU_N025_R087,20260805,25,1.43612590601555,0.959222442731921,-1.60640751382246,3.5248523992863,0.350646426361551,0.169813894627648,0,0.60031490106622,0.464701924431151,0.485698748585921,0.342105770531617,0.629291726640224,TRUE,successful_fit,,86,"(86,)",2998128219,np.random.default_rng(np.random.SeedSequence(20260805).spawn(360)[86]),not_recorded_by_Figure_S2_script
OU_N025_R088,20260805,25,1.48801941301131,1.57135242965736,0.99185588262074,2.15084897669397,0.564468988688667,0.88618185516959,0,1.93600033290904,0.699526353624438,0.804344333999113,0.534957410845131,1.0737312571531,TRUE,successful_fit,,87,"(87,)",1145132762,np.random.default_rng(np.random.SeedSequence(20260805).spawn(360)[87]),not_recorded_by_Figure_S2_script
OU_N025_R089,20260805,25,-1.22248015348475,-1.22343929073197,-1.67409991635792,-0.772778665106011,0.334993278939144,0.829272112446946,0,1.7622071004749,0.683192398045132,0.587513579053868,0.397562094653145,0.777465063454591,TRUE,successful_fit,,88,"(88,)",2069193880,np.random.default_rng(np.random.SeedSequence(20260805).spawn(360)[88]),not_recorded_by_Figure_S2_script
OU_N025_R090,20260805,25,0.344415242774384,0.0856924039870848,-0.321919627635826,0.493304435609995,0.466232326714872,1.05112877723774,0,2.26472026368052,0.741855512891559,0.660417752104294,0.436542887199775,0.884292617008813,TRUE,successful_fit,,89,"(89,)",2139075093,np.random.default_rng(np.random.SeedSequence(20260805).spawn(360)[89]),not_recorded_by_Figure_S2_script
OU_N025_R091,20260805,25,0.362544876378516,0.617656142840293,0.326584096033257,0.908728189647328,0.529865797827946,0.913857410075583,0,1.95372331018776,0.541875709057719,0.412983702453056,0.2762417457396,0.549725659166511,TRUE,successful_fit,,90,"(90,)",3455529551,np.random.default_rng(np.random.SeedSequence(20260805).spawn(360)[90]),not_recorded_by_Figure_S2_script
OU_N025_R092,20260805,25,1.19779336303819,1.20931194977907,0.762697884044016,1.65592601551412,0.91517721418912,1.14844614056467,0,2.39497463121723,0.753577804560989,0.784931700400746,0.522713089425493,1.047150311376,TRUE,successful_fit,,91,"(91,)",1852503263,np.random.default_rng(np.random.SeedSequence(20260805).spawn(360)[91]),not_recorded_by_Figure_S2_script
OU_N025_R093,20260805,25,-0.359643260008854,-0.68006481580493,-1.12824083045332,-0.231888801156539,0.472684506477592,0.664131879965446,0,1.43444816781191,0.462755843707355,0.469143180867589,0.322145765670372,0.616140596064805,TRUE,successful_fit,,92,"(92,)",3297631443,np.random.default_rng(np.random.SeedSequence(20260805).spawn(360)[92]),not_recorded_by_Figure_S2_script
OU_N025_R094,20260805,25,1.50767497481128,1.80544836720674,1.14158922100397,2.46930751340952,1.03229670553108,0.735451068341288,0,1.59209199882544,0.794972938820536,0.768891572704935,0.524800644639589,1.01298250077028,TRUE,successful_fit,,93,"(93,)",2268057410,np.random.default_rng(np.random.SeedSequence(20260805).spawn(360)[93]),not_recorded_by_Figure_S2_script
OU_N025_R095,20260805,25,-0.803377645397241,-0.757864340189255,-0.811495538043338,-0.704233142335172,0.763052488045139,4.54699851048862,0.473576228759084,8.62042079221816,0.247284837707684,0.296797322784734,0.174497798132398,0.41909684743707,TRUE,successful_fit,,94,"(94,)",2589933108,np.random.default_rng(np.random.SeedSequence(20260805).spawn(360)[94]),not_recorded_by_Figure_S2_script
OU_N025_R096,20260805,25,1.27932166444222,1.26611510003332,1.08411168465165,1.448118515415,0.915308273628276,1.5030867409404,0,3.02503731879243,0.35118633997454,0.410092833039968,0.266736045864042,0.553449620215894,TRUE,successful_fit,,95,"(95,)",856118389,np.random.default_rng(np.random.SeedSequence(20260805).spawn(360)[95]),not_recorded_by_Figure_S2_script
OU_N025_R097,20260805,25,0.517759408414531,0.53428675776969,0.428525275713295,0.640048239826085,1.39090783527326,2.00793376035756,0.0551653472886775,3.96070217342644,0.296926243602807,0.297990475158078,0.191888989692923,0.404091960623234,TRUE,successful_fit,,96,"(96,)",1293532032,np.random.default_rng(np.random.SeedSequence(20260805).spawn(360)[96]),not_recorded_by_Figure_S2_script
OU_N025_R098,20260805,25,-1.10675159603678,-1.25922735171993,-1.83868957774182,-0.679765125698043,0.821897260470797,0.812390027537172,0,1.67632018363662,0.886982490519599,0.743294195579316,0.50569886897765,0.980889522180982,TRUE,successful_fit,,97,"(97,)",161394534,np.random.default_rng(np.random.SeedSequence(20260805).spawn(360)[97]),not_recorded_by_Figure_S2_script
OU_N025_R099,20260805,25,0.333916220054699,1.13605684694294,0.745323949756033,1.52678974412986,0.464414462896643,1.08057282269544,0,2.27363650171005,0.553340597006177,0.662914818996536,0.437050989574345,0.888778648418728,TRUE,successful_fit,,98,"(98,)",891070820,np.random.default_rng(np.random.SeedSequence(20260805).spawn(360)[98]),not_recorded_by_Figure_S2_script
OU_N025_R100,20260805,25,-0.956666000236311,-1.57999138535685,-2.36516603358002,-0.794816737133689,0.337113634112464,0.571239518223016,0,1.32415375877631,0.598756631245326,0.714600788220391,0.490916897162309,0.938284679278474,TRUE,successful_fit,,99,"(99,)",2816530863,np.random.default_rng(np.random.SeedSequence(20260805).spawn(360)[99]),not_recorded_by_Figure_S2_script
OU_N025_R101,20260805,25,0.851787866695008,1.23058844534733,0.958794509212922,1.50238238148174,0.929427330100878,2.62623631104749,0.346596885778738,4.90587573631624,0.887155156950118,1.02321188236523,0.635072176603333,1.41135158812713,TRUE,successful_fit,,100,"(100,)",1682602526,np.random.default_rng(np.random.SeedSequence(20260805).spawn(360)[100]),not_recorded_by_Figure_S2_script
OU_N025_R102,20260805,25,0.757899715478614,0.643766088686102,-0.240642688278632,1.52817486565083,1.01203547265779,0.630441951791055,0,1.65259772200465,0.877375734316303,0.691149203802489,0.458502455196455,0.923795952408523,TRUE,successful_fit,,101,"(101,)",2176132984,np.random.default_rng(np.random.SeedSequence(20260805).spawn(360)[101]),not_recorded_by_Figure_S2_script
OU_N025_R103,20260805,25,-0.706953378200798,-0.737980159357136,-0.918601119374697,-0.557359199339576,1.0612322149226,1.88818436068618,0.400807717849032,3.37556100352333,0.68253610814636,0.49313498237286,0.324325694410204,0.661944270335516,TRUE,successful_fit,,102,"(102,)",4215472652,np.random.default_rng(np.random.SeedSequence(20260805).spawn(360)[102]),not_recorded_by_Figure_S2_script
OU_N025_R104,20260805,25,0.213858802080962,0.265702214171842,0.141188357075077,0.390216071268607,0.307281351217296,1.87153639221705,0,3.77790299754953,0.356743423450905,0.346342440902328,0.216592515595152,0.476092366209504,TRUE,successful_fit,,103,"(103,)",2520630921,np.random.default_rng(np.random.SeedSequence(20260805).spawn(360)[103]),not_recorded_by_Figure_S2_script
OU_N025_R105,20260805,25,-0.466596928211335,-0.415096595631507,-0.641483988028933,-0.188709203234081,0.531145853272339,0.840454959002413,0,1.81310425950204,0.321275556986012,0.299196876950543,0.201301277951384,0.397092475949702,TRUE,successful_fit,,104,"(104,)",2452189914,np.random.default_rng(np.random.SeedSequence(20260805).spawn(360)[104]),not_recorded_by_Figure_S2_script
OU_N025_R106,20260805,25,0.588315323004214,0.0496217713342232,-5.3347803410028,5.43402388367124,0.558437844577865,0.0864863498048805,0,0.588272296679049,0.367573938991967,0.324349909319114,0.226725244456459,0.42197457418177,TRUE,successful_fit,,105,"(105,)",3794205915,np.random.default_rng(np.random.SeedSequence(20260805).spawn(360)[105]),not_recorded_by_Figure_S2_script
OU_N025_R107,20260805,25,-1.08123335999535,-0.878272482284561,-1.18254095046128,-0.574004014107842,0.3564174277924,0.968436692519205,0.150279112020779,1.78659427301763,0.477052990633493,0.442935118144377,0.305689464635235,0.580180771653519,TRUE,successful_fit,,106,"(106,)",2923624876,np.random.default_rng(np.random.SeedSequence(20260805).spawn(360)[106]),not_recorded_by_Figure_S2_script
OU_N025_R108,20260805,25,-0.694915841505003,-0.895530313906732,-1.04913764924964,-0.741922978563829,0.349135644491234,1.77309046694945,0,3.67379609843964,0.452196416517824,0.403479639151401,0.249176346669209,0.557782931633593,TRUE,successful_fit,,107,"(107,)",4048072743,np.random.default_rng(np.random.SeedSequence(20260805).spawn(360)[107]),not_recorded_by_Figure_S2_script
OU_N025_R109,20260805,25,1.50587866900978,1.64460114847117,1.13618681190724,2.1530154850351,0.775054193948738,0.869883357596907,0,1.75867065829706,0.860096298954432,0.654718330030995,0.447299929666763,0.862136730395227,TRUE,successful_fit,,108,"(108,)",95602238,np.random.default_rng(np.random.SeedSequence(20260805).spawn(360)[108]),not_recorded_by_Figure_S2_script
OU_N025_R110,20260805,25,1.03379605579279,0.0983091268202396,-0.297450656538899,0.494068910179378,0.530999922899695,1.77780977959705,0,3.68327144632641,0.830801790116512,1.04471153293615,0.653949268084395,1.4354737977879,TRUE,successful_fit,,109,"(109,)",3862568586,np.random.default_rng(np.random.SeedSequence(20260805).spawn(360)[109]),not_recorded_by_Figure_S2_script
OU_N025_R111,20260805,25,1.09259543721361,1.26724630126388,0.767584140381176,1.76690846214658,0.348357597010253,0.965295004594816,0,2.13917278717116,0.693785128719657,0.75666787924747,0.499333580198216,1.01400217829672,TRUE,successful_fit,,110,"(110,)",1863284379,np.random.default_rng(np.random.SeedSequence(20260805).spawn(360)[110]),not_recorded_by_Figure_S2_script
OU_N025_R112,20260805,25,-0.980357701165379,-1.10799473730815,-1.4773740099831,-0.738615464633205,0.576399450712312,0.901523042696313,0,1.96655417795732,0.516924781889144,0.505866057947009,0.34316130088717,0.668570815006848,TRUE,successful_fit,,111,"(111,)",4094677306,np.random.default_rng(np.random.SeedSequence(20260805).spawn(360)[111]),not_recorded_by_Figure_S2_script
OU_N025_R113,20260805,25,-0.91175597701283,-0.95838120526793,-1.21408147445872,-0.702680936077139,0.363829260786032,1.9787936321581,0,3.97162332986849,0.709740661871852,0.730528836926608,0.458833507803107,1.00222416605011,TRUE,successful_fit,,112,"(112,)",1779607252,np.random.default_rng(np.random.SeedSequence(20260805).spawn(360)[112]),not_recorded_by_Figure_S2_script
OU_N025_R114,20260805,25,1.70380626726442,1.44953087319977,1.08510788120273,1.81395386519682,0.697868889804178,1.74470239235793,0.0365433474153951,3.45286143730046,0.747373888956432,0.921218611262319,0.593527166716418,1.24891005580822,TRUE,successful_fit,,113,"(113,)",3453695176,np.random.default_rng(np.random.SeedSequence(20260805).spawn(360)[113]),not_recorded_by_Figure_S2_script
OU_N025_R115,20260805,25,0.768149366615575,0.914831801353294,0.518728664116668,1.31093493858992,0.901567544138088,0.629164222340407,0,1.55487975125339,0.463086754770367,0.387372598536074,0.261315417916522,0.513429779155626,TRUE,successful_fit,,114,"(114,)",1285006056,np.random.default_rng(np.random.SeedSequence(20260805).spawn(360)[114]),not_recorded_by_Figure_S2_script
OU_N025_R116,20260805,25,0.683754058996164,0.506989221466319,0.400956147366684,0.613022295565954,0.664258173822032,4.28764375937757,0,9.7114769886537,0.377184219394995,0.587229772139842,0.27465426826011,0.899805276019573,TRUE,successful_fit,,115,"(115,)",3662092501,np.random.default_rng(np.random.SeedSequence(20260805).spawn(360)[115]),not_recorded_by_Figure_S2_script
OU_N025_R117,20260805,25,1.14093255377122,0.16233953793161,-0.189998571814437,0.514677647677658,0.341690718185168,1.67219904084319,0.223153021527186,3.12124506015919,0.777151015738896,0.851449758421758,0.553894751162777,1.14900476568074,TRUE,successful_fit,,116,"(116,)",4265199489,np.random.default_rng(np.random.SeedSequence(20260805).spawn(360)[116]),not_recorded_by_Figure_S2_script
OU_N025_R118,20260805,25,-0.752219767253501,-0.805245232709724,-0.920495340353193,-0.689995125066255,1.47457053798853,1.81258439888132,0,3.68306289981498,0.343396234536534,0.295593447261165,0.190137003847005,0.401049890675325,TRUE,successful_fit,,117,"(117,)",2109897777,np.random.default_rng(np.random.SeedSequence(20260805).spawn(360)[117]),not_recorded_by_Figure_S2_script
OU_N025_R119,20260805,25,0.751343776413936,0.472282600331401,0.19528727523142,0.749277925431382,1.20233600661175,1.93567101509468,0,4.14233009909092,0.616317703890592,0.784966020544494,0.473983564038233,1.09594847705076,TRUE,successful_fit,,118,"(118,)",2263371108,np.random.default_rng(np.random.SeedSequence(20260805).spawn(360)[118]),not_recorded_by_Figure_S2_script
OU_N025_R120,20260805,25,1.29437669182566,1.54805728367528,1.31496311663548,1.78115145071508,0.723537373117901,0.601029639050553,0,1.29539852773482,0.241907939734306,0.184042047660747,0.126864793365316,0.241219301956178,TRUE,successful_fit,,119,"(119,)",1116904469,np.random.default_rng(np.random.SeedSequence(20260805).spawn(360)[119]),not_recorded_by_Figure_S2_script
OU_N050_R001,20260805,50,0.720119721796243,0.852131797109495,0.624417247140991,1.079846347078,1.4716140260939,1.60330565429925,0.202044104674852,3.00456720392365,0.597698163952835,0.574083999076049,0.443468002120167,0.70469999603193,TRUE,successful_fit,,120,"(120,)",441077969,np.random.default_rng(np.random.SeedSequence(20260805).spawn(360)[120]),not_recorded_by_Figure_S2_script
OU_N050_R002,20260805,50,0.739593310134867,1.4310994573507,-1.04146978709901,3.90366870180041,0.361885706512318,0.248567284591464,0,0.929388462142572,0.811735355190656,0.678235100015017,0.536455592144726,0.820014607885309,TRUE,successful_fit,,121,"(121,)",3409693813,np.random.default_rng(np.random.SeedSequence(20260805).spawn(360)[121]),not_recorded_by_Figure_S2_script
OU_N050_R003,20260805,50,0.270379022529036,0.174972346248411,0.0294880917256761,0.320456600771146,0.90284925281141,1.85526859926598,0.338408847433309,3.37212835109864,0.483277008783835,0.423914629421967,0.325937721937137,0.521891536906798,TRUE,successful_fit,,122,"(122,)",3035348583,np.random.default_rng(np.random.SeedSequence(20260805).spawn(360)[122]),not_recorded_by_Figure_S2_script
OU_N050_R004,20260805,50,1.72570473469548,1.96777197511609,1.4256189033081,2.50992504692407,0.724848311714627,0.542154645155972,0,1.2673469327858,0.557844962914645,0.41709935868172,0.329684534744167,0.504514182619272,TRUE,successful_fit,,123,"(123,)",3452788166,np.random.default_rng(np.random.SeedSequence(20260805).spawn(360)[123]),not_recorded_by_Figure_S2_script
OU_N050_R005,20260805,50,0.142542888199439,0.327049752981287,-0.170136460502972,0.824235966465546,0.993610989988391,0.730946956845667,0,1.61899479591054,0.580148465273177,0.566272590407889,0.444950168126239,0.687595012689539,TRUE,successful_fit,,124,"(124,)",1775262291,np.random.default_rng(np.random.SeedSequence(20260805).spawn(360)[124]),not_recorded_by_Figure_S2_script
OU_N050_R006,20260805,50,-0.564669653844629,-0.938919705963527,-1.08101477692865,-0.796824634998399,0.921329841674699,3.38467482019155,0.731023455207973,6.03832618517513,0.632843165056294,0.714156715650679,0.529305974690384,0.899007456610974,TRUE,successful_fit,,125,"(125,)",1035805214,np.random.default_rng(np.random.SeedSequence(20260805).spawn(360)[125]),not_recorded_by_Figure_S2_script
OU_N050_R007,20260805,50,0.99601806349664,0.797720559089874,0.719038440836867,0.876402677342881,0.757975065841101,2.16987662751261,0.540310682483257,3.79944257254196,0.254429860250021,0.26892340642398,0.205207242386432,0.332639570461528,TRUE,successful_fit,,126,"(126,)",1724297949,np.random.default_rng(np.random.SeedSequence(20260805).spawn(360)[126]),not_recorded_by_Figure_S2_script
OU_N050_R008,20260805,50,-1.1398147886473,-0.789128813614199,-1.30025641862575,-0.278001208602646,0.867329783427436,0.631749015004373,0,1.3708644488922,0.530378720213282,0.518927397062631,0.410123576399902,0.62773121772536,TRUE,successful_fit,,127,"(127,)",3866672395,np.random.default_rng(np.random.SeedSequence(20260805).spawn(360)[127]),not_recorded_by_Figure_S2_script
OU_N050_R009,20260805,50,-0.776165458917292,-0.384698528537402,-0.631686352272853,-0.13771070480195,0.465409862992603,0.976028900512648,0.000184263959241426,1.95187353706606,0.35673127827558,0.383866342651239,0.300863496040457,0.466869189262021,TRUE,successful_fit,,128,"(128,)",2233981375,np.random.default_rng(np.random.SeedSequence(20260805).spawn(360)[128]),not_recorded_by_Figure_S2_script
OU_N050_R010,20260805,50,-0.346258525674169,-0.455445734603743,-0.696377880996634,-0.214513588210853,0.761998515844643,1.57673665562269,0.295958977862524,2.85751433338286,0.494381998212185,0.594599308071614,0.462185619714684,0.727012996428543,TRUE,successful_fit,,129,"(129,)",2226428963,np.random.default_rng(np.random.SeedSequence(20260805).spawn(360)[129]),not_recorded_by_Figure_S2_script
OU_N050_R011,20260805,50,0.507418988106406,-0.228400363671414,-2.44912847903349,1.99232775169066,0.526590570844923,0.247441045675764,0,0.782704132179287,0.670113192718154,0.631762020431686,0.502293576480267,0.761230464383105,TRUE,successful_fit,,130,"(130,)",722951650,np.random.default_rng(np.random.SeedSequence(20260805).spawn(360)[130]),not_recorded_by_Figure_S2_script
OU_N050_R012,20260805,50,0.584824963695994,0.446399638153197,0.30845943629259,0.584339840013804,0.537139339272715,1.54547618687914,0.26820472422358,2.82274764953469,0.250098788991924,0.337503475119062,0.261605487832166,0.413401462405958,TRUE,successful_fit,,131,"(131,)",1163756654,np.random.default_rng(np.random.SeedSequence(20260805).spawn(360)[131]),not_recorded_by_Figure_S2_script
OU_N050_R013,20260805,50,0.394473553546338,0.105156329098891,-0.202146655338123,0.412459313535905,1.26599158609934,1.73173304717303,0.395651839560863,3.0678142547852,0.714521503453213,0.837255797225849,0.648580414489153,1.02593117996255,TRUE,successful_fit,,132,"(132,)",830277375,np.random.default_rng(np.random.SeedSequence(20260805).spawn(360)[132]),not_recorded_by_Figure_S2_script
OU_N050_R014,20260805,50,0.813777137140437,1.01049397313622,0.878418510538437,1.142569435734,0.989054827176969,2.22677361187567,0.55404970426876,3.89949751948258,0.416244792558846,0.460220413524845,0.351432455530498,0.569008371519191,TRUE,successful_fit,,133,"(133,)",2521640618,np.random.default_rng(np.random.SeedSequence(20260805).spawn(360)[133]),not_recorded_by_Figure_S2_script
OU_N050_R015,20260805,50,0.10003057741892,0.0867908864462455,-0.279586443801298,0.453168216693789,1.44900136277088,1.0383279810082,0.0509898194743424,2.02566614254206,0.552308308614758,0.610329180689154,0.477538510635993,0.743119850742314,TRUE,successful_fit,,134,"(134,)",1749028560,np.random.default_rng(np.random.SeedSequence(20260805).spawn(360)[134]),not_recorded_by_Figure_S2_script
OU_N050_R016,20260805,50,-1.2430226828856,-1.08191964366424,-1.60456364100497,-0.559275646323511,0.454382384780393,0.647393414100098,0,1.41703567929873,0.542111204026916,0.539902813586894,0.426091776470491,0.653713850703298,TRUE,successful_fit,,135,"(135,)",464621859,np.random.default_rng(np.random.SeedSequence(20260805).spawn(360)[135]),not_recorded_by_Figure_S2_script
OU_N050_R017,20260805,50,1.74400175633013,1.70155940194995,1.22089202440149,2.18222677949842,1.18526190522819,0.591117665877,0,1.30939699207737,0.427755994806289,0.4573995563507,0.361566505010879,0.553232607690521,TRUE,successful_fit,,136,"(136,)",2435243372,np.random.default_rng(np.random.SeedSequence(20260805).spawn(360)[136]),not_recorded_by_Figure_S2_script
OU_N050_R018,20260805,50,-0.897117589061515,-1.28476746768387,-1.72254702972332,-0.846987905644419,0.406992059936114,0.82660966175225,0,1.72554154463512,0.500714901293274,0.57161053544481,0.448905980774817,0.694315090114802,TRUE,successful_fit,,137,"(137,)",1680737002,np.random.default_rng(np.random.SeedSequence(20260805).spawn(360)[137]),not_recorded_by_Figure_S2_script
OU_N050_R019,20260805,50,0.793496429306802,0.592662207880529,0.365121915001655,0.820202500759403,0.506014912226722,1.86833337825295,0.377196105127794,3.35947065137811,0.722618305761917,0.671355428500379,0.515897149763232,0.826813707237526,TRUE,successful_fit,,138,"(138,)",2840654801,np.random.default_rng(np.random.SeedSequence(20260805).spawn(360)[138]),not_recorded_by_Figure_S2_script
OU_N050_R020,20260805,50,0.31294182077942,0.722884284861843,0.026724789134676,1.41904378058901,0.32734952475772,0.467325528570012,0,1.03231940669745,0.553369205514513,0.48695579438982,0.386996924570692,0.586914664208948,TRUE,successful_fit,,139,"(139,)",2824386646,np.random.default_rng(np.random.SeedSequence(20260805).spawn(360)[139]),not_recorded_by_Figure_S2_script
OU_N050_R021,20260805,50,-0.526701168204953,-0.555390231085382,-0.68216779382364,-0.428612668347124,0.741599158135345,1.85920349806289,0.570279956731828,3.14812703939396,0.415778582753029,0.363084613168454,0.28175253166291,0.444416694673998,TRUE,successful_fit,,140,"(140,)",3694909197,np.random.default_rng(np.random.SeedSequence(20260805).spawn(360)[140]),not_recorded_by_Figure_S2_script
OU_N050_R022,20260805,50,0.887016108204669,0.751460867859279,0.350623250410493,1.15229848530806,1.20699429754622,1.73707207026541,0.250346845476363,3.22379729505446,0.877550887626159,1.0933622730365,0.839619071230574,1.34710547484242,TRUE,successful_fit,,141,"(141,)",759782761,np.random.default_rng(np.random.SeedSequence(20260805).spawn(360)[141]),not_recorded_by_Figure_S2_script
OU_N050_R023,20260805,50,0.533095873593907,0.452006169275423,0.223019070065464,0.680993268485382,1.41986626823177,2.46335056776814,0.543759013054534,4.38294212248174,0.857357511819546,0.872902882374285,0.660926080738517,1.08487968401005,TRUE,successful_fit,,142,"(142,)",2550069525,np.random.default_rng(np.random.SeedSequence(20260805).spawn(360)[142]),not_recorded_by_Figure_S2_script
OU_N050_R024,20260805,50,-0.109104864068546,-0.213242669093159,-0.313381671224359,-0.11310366696196,1.20359549477885,4.26771298673521,1.30722450280757,7.22820147066285,0.533783883157811,0.630309551726777,0.462235018799434,0.79838408465412,TRUE,successful_fit,,143,"(143,)",1808402311,np.random.default_rng(np.random.SeedSequence(20260805).spawn(360)[143]),not_recorded_by_Figure_S2_script
OU_N050_R025,20260805,50,0.206087701439259,0.528253256794489,-0.308109379469028,1.36461589305801,0.648965335077715,0.50242271178485,0,1.19319866776402,0.611777261082092,0.554147559788018,0.438589920396363,0.669705199179672,TRUE,successful_fit,,144,"(144,)",3728758658,np.random.default_rng(np.random.SeedSequence(20260805).spawn(360)[144]),not_recorded_by_Figure_S2_script
OU_N050_R026,20260805,50,-0.672358530227551,-0.434913575760095,-1.90248416933397,1.03265701781378,0.380956270816307,0.202845486770785,0,0.612396489057624,0.457261415115681,0.414312197656998,0.330579055603631,0.498045339710364,TRUE,successful_fit,,145,"(145,)",3438138378,np.random.default_rng(np.random.SeedSequence(20260805).spawn(360)[145]),not_recorded_by_Figure_S2_script
OU_N050_R027,20260805,50,1.58667776590025,1.57421318313924,1.22281881123897,1.9256075550395,0.636665793599558,1.25091527143489,0.0746023486150658,2.42722819425471,0.755874564261718,0.697440218648764,0.542926058233939,0.851954379063588,TRUE,successful_fit,,146,"(146,)",1086340527,np.random.default_rng(np.random.SeedSequence(20260805).spawn(360)[146]),not_recorded_by_Figure_S2_script
OU_N050_R028,20260805,50,0.963590325778292,1.08871078350217,0.696404940883812,1.48101662612053,1.46843370089272,1.24984441197807,0.154689300674195,2.34499952328194,0.805335646445285,0.761796478759272,0.595120018572086,0.928472938946459,TRUE,successful_fit,,147,"(147,)",902182920,np.random.default_rng(np.random.SeedSequence(20260805).spawn(360)[147]),not_recorded_by_Figure_S2_script
OU_N050_R029,20260805,50,1.1887750614672,1.28797574433412,0.716422423180985,1.85952906548726,1.00415578065702,0.731184504935978,0,1.57742064498733,0.73508812332887,0.669048088012906,0.526283823356118,0.811812352669695,TRUE,successful_fit,,148,"(148,)",1792384023,np.random.default_rng(np.random.SeedSequence(20260805).spawn(360)[148]),not_recorded_by_Figure_S2_script
OU_N050_R030,20260805,50,0.289598570892601,0.290509468531431,0.160956779467646,0.420062157595215,0.684937036795912,1.94709829735317,0.342391434619723,3.55180516008662,0.337649367530596,0.394230300437408,0.301816469994609,0.486644130880206,TRUE,successful_fit,,149,"(149,)",3421266031,np.random.default_rng(np.random.SeedSequence(20260805).spawn(360)[149]),not_recorded_by_Figure_S2_script
OU_N050_R031,20260805,50,1.74930931014405,1.75549909453719,1.64690610198928,1.8640920870851,1.06099936687072,1.4963759715248,0.0305772757681528,2.96217466728145,0.282742235370495,0.252551371505646,0.193309418645118,0.311793324366173,TRUE,successful_fit,,150,"(150,)",3893671318,np.random.default_rng(np.random.SeedSequence(20260805).spawn(360)[150]),not_recorded_by_Figure_S2_script
OU_N050_R032,20260805,50,-0.501224279325211,-0.850973908343888,-1.33556548858392,-0.366382328103852,0.397614508929421,1.21097334191724,0.108835311524347,2.31311137231014,0.860285583395349,0.915494796687756,0.714023054957833,1.11696653841768,TRUE,successful_fit,,151,"(151,)",1425154307,np.random.default_rng(np.random.SeedSequence(20260805).spawn(360)[151]),not_recorded_by_Figure_S2_script
OU_N050_R033,20260805,50,-0.8103839363355,-0.948512629615501,-1.17080748668638,-0.72621777254462,0.533574633014387,2.49748233163375,0.136391273272316,4.85857338999518,0.778892421067438,0.836240897478005,0.622959902584195,1.04952189237181,TRUE,successful_fit,,152,"(152,)",2317158514,np.random.default_rng(np.random.SeedSequence(20260805).spawn(360)[152]),not_recorded_by_Figure_S2_script
OU_N050_R034,20260805,50,1.43790549877025,1.64068640583826,1.34312251495893,1.93825029671759,0.561256766921731,1.19210135858622,0.0769265067138083,2.30727621045864,0.529722698905668,0.558177959582314,0.435074021552809,0.681281897611819,TRUE,successful_fit,,153,"(153,)",3580926823,np.random.default_rng(np.random.SeedSequence(20260805).spawn(360)[153]),not_recorded_by_Figure_S2_script
OU_N050_R035,20260805,50,-0.413549761171408,-0.246581548910794,-0.626514685374243,0.133351587552655,0.535581417912385,0.842035309767328,0,1.80580838829237,0.505269930383291,0.49303772896453,0.386153650084452,0.599921807844609,TRUE,successful_fit,,154,"(154,)",1976581153,np.random.default_rng(np.random.SeedSequence(20260805).spawn(360)[154]),not_recorded_by_Figure_S2_script
OU_N050_R036,20260805,50,-0.470256121794803,-0.37004549861466,-0.995036860658356,0.254945863429035,0.388543698812252,0.482052266423987,0,1.10808312787901,0.526128120690032,0.483326999007919,0.383349594924425,0.583304403091412,TRUE,successful_fit,,155,"(155,)",3224138820,np.random.default_rng(np.random.SeedSequence(20260805).spawn(360)[155]),not_recorded_by_Figure_S2_script
OU_N050_R037,20260805,50,0.233249010432546,0.888643887529185,-1.79239116000564,3.56967893506401,0.408125825789458,0.205185039671582,0,0.74353117507852,0.581391358484848,0.671136296701134,0.533489084496421,0.808783508905846,TRUE,successful_fit,,156,"(156,)",1388378989,np.random.default_rng(np.random.SeedSequence(20260805).spawn(360)[156]),not_recorded_by_Figure_S2_script
OU_N050_R038,20260805,50,-0.0418192032697788,0.226045151909768,-0.635495992775017,1.08758629659455,0.582899052510865,0.410929107438268,0,1.00436286601777,0.514203138424619,0.518165311690578,0.411351274974269,0.624979348406888,TRUE,successful_fit,,157,"(157,)",346955979,np.random.default_rng(np.random.SeedSequence(20260805).spawn(360)[157]),not_recorded_by_Figure_S2_script
OU_N050_R039,20260805,50,1.13260662323996,0.986762619829509,0.643463128482086,1.33006211117693,1.25109214731719,1.01747299853731,0,2.06826313925174,0.738613222901741,0.55341758640449,0.432106218772482,0.674728954036497,TRUE,successful_fit,,158,"(158,)",2651127494,np.random.default_rng(np.random.SeedSequence(20260805).spawn(360)[158]),not_recorded_by_Figure_S2_script
OU_N050_R040,20260805,50,-0.706908248436859,-1.23894608037519,-1.98596994912711,-0.491922211623276,0.875012836294893,0.565872716558295,0,1.16365173071177,0.754233750982225,0.63490042756004,0.504151300636631,0.765649554483449,TRUE,successful_fit,,159,"(159,)",4105639852,np.random.default_rng(np.random.SeedSequence(20260805).spawn(360)[159]),not_recorded_by_Figure_S2_script
OU_N050_R041,20260805,50,-0.86543228293601,-1.1296810119279,-1.41111775522869,-0.848244268627114,0.400697041506036,2.14649841127968,0.637982292958238,3.65501452960112,0.855074360570673,0.927923769705619,0.715918971608325,1.13992856780291,TRUE,successful_fit,,160,"(160,)",1521597899,np.random.default_rng(np.random.SeedSequence(20260805).spawn(360)[160]),not_recorded_by_Figure_S2_script
OU_N050_R042,20260805,50,1.62065266899322,1.36464787252559,1.00405178291085,1.72524396214033,0.581733463712285,0.899177392274028,0,1.8857371614876,0.58028019223891,0.508240075090582,0.398097564457687,0.618382585723477,TRUE,successful_fit,,161,"(161,)",4121925617,np.random.default_rng(np.random.SeedSequence(20260805).spawn(360)[161]),not_recorded_by_Figure_S2_script
OU_N050_R043,20260805,50,1.14969006644779,1.19368625680507,0.725093046373303,1.66227946723683,0.391358021069526,0.890205560323724,0.0638172095038535,1.71659391114359,0.663349378008437,0.652311822611547,0.514530669719161,0.790092975503934,TRUE,successful_fit,,162,"(162,)",1584236214,np.random.default_rng(np.random.SeedSequence(20260805).spawn(360)[162]),not_recorded_by_Figure_S2_script
OU_N050_R044,20260805,50,-1.01093265810694,-0.912621191836102,-1.10608457557188,-0.719157808100322,0.625251092626111,1.94276993560711,0.448418001706042,3.43712186950819,0.507169365190492,0.587269208702798,0.452158339635653,0.722380077769942,TRUE,successful_fit,,163,"(163,)",2287191184,np.random.default_rng(np.random.SeedSequence(20260805).spawn(360)[163]),not_recorded_by_Figure_S2_script
OU_N050_R045,20260805,50,1.68138743953814,2.31510919863125,2.18839655158196,2.44182184568053,0.387953374600612,4.07803308108424,1.11118331433111,7.04488284783738,0.629771775071415,0.753886372403356,0.5544617296159,0.953311015190812,TRUE,successful_fit,,164,"(164,)",36236939,np.random.default_rng(np.random.SeedSequence(20260805).spawn(360)[164]),not_recorded_by_Figure_S2_script
OU_N050_R046,20260805,50,0.585717561625504,0.868397832798672,0.598374429526341,1.138421236071,0.500835932179329,0.830112406588221,0,1.67466592697912,0.343055214630805,0.343059476438956,0.270159609708164,0.415959343169748,TRUE,successful_fit,,165,"(165,)",4126408669,np.random.default_rng(np.random.SeedSequence(20260805).spawn(360)[165]),not_recorded_by_Figure_S2_script
OU_N050_R047,20260805,50,0.534163645340524,0.748422091097169,0.457622676020274,1.03922150617406,0.801386213521202,1.79932439366521,0.297822698754231,3.3008260885762,0.787083633434754,0.826945673349389,0.634642413398544,1.01924893330023,TRUE,successful_fit,,166,"(166,)",3008473366,np.random.default_rng(np.random.SeedSequence(20260805).spawn(360)[166]),not_recorded_by_Figure_S2_script
OU_N050_R048,20260805,50,1.08095514660653,1.10462403285449,0.849590888067344,1.35965717764163,0.627963201466112,0.831766990281705,0,1.71403782577938,0.307253203403714,0.338248756618727,0.266023508838432,0.410474004399021,TRUE,successful_fit,,167,"(167,)",188395986,np.random.default_rng(np.random.SeedSequence(20260805).spawn(360)[167]),not_recorded_by_Figure_S2_script
OU_N050_R049,20260805,50,-0.0218192585145838,0.043262809609487,-0.490092555916542,0.576618175135516,0.777144005651948,0.309798050098674,0,0.8059021614972,0.331462628449623,0.26592283313233,0.211709245454781,0.320136420809879,TRUE,successful_fit,,168,"(168,)",2581116241,np.random.default_rng(np.random.SeedSequence(20260805).spawn(360)[168]),not_recorded_by_Figure_S2_script
OU_N050_R050,20260805,50,1.61596869733562,1.54743812419325,1.25333061317736,1.84154563520915,1.08284837066213,1.86001701654821,0.368896355194463,3.35113767790196,0.672729028522316,0.857796226286292,0.659689083740473,1.05590336883211,TRUE,successful_fit,,169,"(169,)",2750884597,np.random.default_rng(np.random.SeedSequence(20260805).spawn(360)[169]),not_recorded_by_Figure_S2_script
OU_N050_R051,20260805,50,1.53781139524725,0.94631348379847,-0.0445434358210874,1.93717040341803,0.922879439334522,0.502182419908704,0,1.14678594290491,0.863486772224254,0.744867244128469,0.59035698006711,0.899377508189828,TRUE,successful_fit,,170,"(170,)",1516614363,np.random.default_rng(np.random.SeedSequence(20260805).spawn(360)[170]),not_recorded_by_Figure_S2_script
OU_N050_R052,20260805,50,1.62086554737498,2.04438401861973,0.574275418386585,3.51449261885287,0.314260362769034,0.311849886071473,0,0.820466034893128,0.705515077334911,0.657536397707924,0.523284747063689,0.791788048352158,TRUE,successful_fit,,171,"(171,)",4292663222,np.random.default_rng(np.random.SeedSequence(20260805).spawn(360)[171]),not_recorded_by_Figure_S2_script
OU_N050_R053,20260805,50,1.65682259565606,0.797071675225798,0.380729750767379,1.21341359968422,0.663708993875997,1.28003573924257,0.111864778248259,2.44820670023689,0.821890938171099,0.84414295703675,0.656166775409574,1.03211913866393,TRUE,successful_fit,,172,"(172,)",3212576547,np.random.default_rng(np.random.SeedSequence(20260805).spawn(360)[172]),not_recorded_by_Figure_S2_script
OU_N050_R054,20260805,50,1.07584132057145,0.89820420666102,0.707264948446715,1.08914346487533,1.47953380777511,2.75796548767529,0.896481414209849,4.61944956114074,0.693465382589048,0.803618644279072,0.612930624066969,0.994306664491176,TRUE,successful_fit,,173,"(173,)",2299225538,np.random.default_rng(np.random.SeedSequence(20260805).spawn(360)[173]),not_recorded_by_Figure_S2_script
OU_N050_R055,20260805,50,1.69415894105368,1.74821928028821,1.23055675732419,2.26588180325223,1.3018646243728,1.02740752316877,0,2.07010960378591,0.870196921695745,0.849969175775471,0.663877177102946,1.036061174448,TRUE,successful_fit,,174,"(174,)",3730039464,np.random.default_rng(np.random.SeedSequence(20260805).spawn(360)[174]),not_recorded_by_Figure_S2_script
OU_N050_R056,20260805,50,-0.853554547286219,-0.794190760849807,-0.970610970274986,-0.617770551424628,0.639095526320223,0.797356189929056,0,1.69131742471447,0.242588488397218,0.224037315987848,0.176098725642596,0.271975906333099,TRUE,successful_fit,,175,"(175,)",3415364218,np.random.default_rng(np.random.SeedSequence(20260805).spawn(360)[175]),not_recorded_by_Figure_S2_script
OU_N050_R057,20260805,50,1.41502408267394,1.74783256127957,1.51468984473931,1.98097527781984,0.313420718041959,0.950637863498251,0,1.90761266300514,0.374418652363373,0.354757576039537,0.27817519399322,0.431339958085854,TRUE,successful_fit,,176,"(176,)",2605887615,np.random.default_rng(np.random.SeedSequence(20260805).spawn(360)[176]),not_recorded_by_Figure_S2_script
OU_N050_R058,20260805,50,1.03505875229942,1.33673053719599,1.11314878616894,1.56031228822303,0.516639689679441,1.63682957213065,0.246658375274342,3.02700076898695,0.513565628205688,0.579306645276861,0.445957532659329,0.712655757894392,TRUE,successful_fit,,177,"(177,)",757940260,np.random.default_rng(np.random.SeedSequence(20260805).spawn(360)[177]),not_recorded_by_Figure_S2_script
OU_N050_R059,20260805,50,0.0617743233853782,-0.12029877279424,-0.402274761833055,0.161677216244576,0.908796177352635,0.684642518397675,0,1.55467206079485,0.293151888099141,0.292084966387105,0.229681472183849,0.35448846059036,TRUE,successful_fit,,178,"(178,)",4142656215,np.random.default_rng(np.random.SeedSequence(20260805).spawn(360)[178]),not_recorded_by_Figure_S2_script
OU_N050_R060,20260805,50,-0.843551280518829,-1.18745170961087,-1.44118474211068,-0.933718677111061,0.342905540017557,0.541910553920026,0,1.224308238573,0.226215280519926,0.212338454176485,0.168090468551059,0.25658643980191,TRUE,successful_fit,,179,"(179,)",950537436,np.random.default_rng(np.random.SeedSequence(20260805).spawn(360)[179]),not_recorded_by_Figure_S2_script
OU_N050_R061,20260805,50,-0.688492737637322,-0.751637592589164,-0.815298170167225,-0.687977015011103,0.358347634395906,2.30829540251922,0.61051931540935,4.00607148962908,0.205914270752391,0.230455151588753,0.175657712582335,0.285252590595171,TRUE,successful_fit,,180,"(180,)",2496933953,np.random.default_rng(np.random.SeedSequence(20260805).spawn(360)[180]),not_recorded_by_Figure_S2_script
OU_N050_R062,20260805,50,1.03947785551746,-1.33432531426564,-12.7287411247839,10.0600904962527,0.322329101998789,0.139994387397533,0,0.819031320732252,0.591607795336287,0.635964462288564,0.502827660512698,0.769101264064429,TRUE,successful_fit,,181,"(181,)",2042587550,np.random.default_rng(np.random.SeedSequence(20260805).spawn(360)[181]),not_recorded_by_Figure_S2_script
OU_N050_R063,20260805,50,-0.633458645083219,-0.803762675739575,-1.30927347800481,-0.298251873474336,0.50392526752082,1.29273911461355,0.0784606623543662,2.50701756687273,0.836283617731318,1.03074058583103,0.802569160885802,1.25891201077625,TRUE,successful_fit,,182,"(182,)",1862184044,np.random.default_rng(np.random.SeedSequence(20260805).spawn(360)[182]),not_recorded_by_Figure_S2_script
OU_N050_R064,20260805,50,0.395129286294906,0.373093118165724,0.289929380689185,0.456256855642263,1.20040998261995,1.84368525254005,0.337226005149231,3.35014449993087,0.223934752658939,0.236911569824717,0.182501673893904,0.291321465755531,TRUE,successful_fit,,183,"(183,)",1246195016,np.random.default_rng(np.random.SeedSequence(20260805).spawn(360)[183]),not_recorded_by_Figure_S2_script
OU_N050_R065,20260805,50,0.691228158006799,2.02478439755235,0.544942072288176,3.50462672281652,0.314892676547308,0.321124288713145,0,0.875441895433938,0.563687456868979,0.573147495325668,0.455488830200305,0.690806160451031,TRUE,successful_fit,,184,"(184,)",4261522273,np.random.default_rng(np.random.SeedSequence(20260805).spawn(360)[184]),not_recorded_by_Figure_S2_script
OU_N050_R066,20260805,50,-0.0541713524379822,-0.0453895591200293,-0.370299632496172,0.279520514256114,0.915316664307974,1.60486030565075,0.203610188203465,3.00611042309804,0.882009948434076,0.822843832223307,0.633831825809028,1.01185583863759,TRUE,successful_fit,,185,"(185,)",2547747181,np.random.default_rng(np.random.SeedSequence(20260805).spawn(360)[185]),not_recorded_by_Figure_S2_script
OU_N050_R067,20260805,50,1.08151688906835,1.02549351430847,0.834935021355192,1.21605200726175,1.25558121103604,1.38656085526003,0.0441161314377156,2.72900557908234,0.400613268511084,0.413580190933688,0.31966193381007,0.507498448057306,TRUE,successful_fit,,186,"(186,)",277797255,np.random.default_rng(np.random.SeedSequence(20260805).spawn(360)[186]),not_recorded_by_Figure_S2_script
OU_N050_R068,20260805,50,0.406492868716133,0.280268301004349,0.037409531960802,0.523127070047896,0.718014295053223,0.893740586412464,0.0321205884171342,1.75536058440779,0.300277352803897,0.346734128486697,0.272929205063628,0.420539051909766,TRUE,successful_fit,,187,"(187,)",3318733985,np.random.default_rng(np.random.SeedSequence(20260805).spawn(360)[187]),not_recorded_by_Figure_S2_script
OU_N050_R069,20260805,50,1.74761565572944,1.63058557758725,1.51768647264723,1.74348468252727,1.19458689875911,1.79001647414041,0.386544152462331,3.19348879581848,0.331800605262083,0.320036774874596,0.246565059720741,0.393508490028451,TRUE,successful_fit,,188,"(188,)",203235879,np.random.default_rng(np.random.SeedSequence(20260805).spawn(360)[188]),not_recorded_by_Figure_S2_script
OU_N050_R070,20260805,50,-0.627546046728692,-0.575663206686589,-0.893575277325197,-0.25775113604798,0.64010302196577,0.720483845726852,0,1.68526052633383,0.365157719285332,0.335338564488368,0.262384640974181,0.408292488002554,TRUE,successful_fit,,189,"(189,)",2983832238,np.random.default_rng(np.random.SeedSequence(20260805).spawn(360)[189]),not_recorded_by_Figure_S2_script
OU_N050_R071,20260805,50,0.228126534226457,0.373849208075285,-0.0693983047532563,0.817096720903827,0.396044095287973,0.822964084059768,0,1.69407410870172,0.62839515174567,0.58478286110723,0.459791692868297,0.709774029346164,TRUE,successful_fit,,190,"(190,)",178192306,np.random.default_rng(np.random.SeedSequence(20260805).spawn(360)[190]),not_recorded_by_Figure_S2_script
OU_N050_R072,20260805,50,0.29191365778342,0.436044731822191,0.195016543307392,0.67707292033699,0.723801926727072,2.39555758468801,0.607396071548233,4.18371909782778,0.76409630075538,0.87351316372073,0.666637842569901,1.08038848487156,TRUE,successful_fit,,191,"(191,)",1200256555,np.random.default_rng(np.random.SeedSequence(20260805).spawn(360)[191]),not_recorded_by_Figure_S2_script
OU_N050_R073,20260805,50,-1.13321370202884,-0.99509309220005,-1.09571336892153,-0.894472815478571,0.991005435919216,2.68423800798151,0.80248197366572,4.56599404229731,0.330449474986521,0.407053944528162,0.310544835498956,0.503563053557369,TRUE,successful_fit,,192,"(192,)",2014794430,np.random.default_rng(np.random.SeedSequence(20260805).spawn(360)[192]),not_recorded_by_Figure_S2_script
OU_N050_R074,20260805,50,-0.509988835038387,-0.476003135667097,-0.592321909081216,-0.359684362252978,0.951386854741054,1.88914720440202,0.372072260398264,3.40622214840578,0.339993496501013,0.343206748721429,0.263607532282974,0.422805965159884,TRUE,successful_fit,,193,"(193,)",981494992,np.random.default_rng(np.random.SeedSequence(20260805).spawn(360)[193]),not_recorded_by_Figure_S2_script
OU_N050_R075,20260805,50,-0.285510700373603,-0.13058206998207,-0.274736175152398,0.0135720351882591,1.31123106686837,3.07292355296406,0.981859785000965,5.16398732092716,0.59881881419372,0.661822851968792,0.50182698072858,0.821818723209003,TRUE,successful_fit,,194,"(194,)",2276795246,np.random.default_rng(np.random.SeedSequence(20260805).spawn(360)[194]),not_recorded_by_Figure_S2_script
OU_N050_R076,20260805,50,-0.268223223775151,-0.139558674935926,-0.467135480630578,0.188018130758726,0.504795228289507,1.22217500030224,0.0240345407261853,2.42031545987829,0.592062010648353,0.622015424843209,0.483472004957211,0.760558844729208,TRUE,successful_fit,,195,"(195,)",133888633,np.random.default_rng(np.random.SeedSequence(20260805).spawn(360)[195]),not_recorded_by_Figure_S2_script
OU_N050_R077,20260805,50,0.845247723685678,0.914417503698417,0.769996280044069,1.05883872735276,0.78600244245443,1.07050507085674,0,2.16257383520589,0.241640569112375,0.243055716522883,0.189402023428569,0.296709409617197,TRUE,successful_fit,,196,"(196,)",3581311734,np.random.default_rng(np.random.SeedSequence(20260805).spawn(360)[196]),not_recorded_by_Figure_S2_script
OU_N050_R078,20260805,50,0.579503420918788,0.581379597515606,0.497246607848057,0.665512587183155,0.398557345328354,2.43394306200773,0.545669307105623,4.32221681690984,0.320841516985564,0.313471213256239,0.237945401172485,0.388997025339994,TRUE,successful_fit,,197,"(197,)",440662074,np.random.default_rng(np.random.SeedSequence(20260805).spawn(360)[197]),not_recorded_by_Figure_S2_script
OU_N050_R079,20260805,50,0.408635875636637,0.138045926416381,0.0336778352553169,0.242414017577445,0.76100357335149,2.98405603418671,0.955597953311278,5.01251411506214,0.449193286565403,0.465959914577615,0.353639636553977,0.578280192601254,TRUE,successful_fit,,198,"(198,)",130049510,np.random.default_rng(np.random.SeedSequence(20260805).spawn(360)[198]),not_recorded_by_Figure_S2_script
OU_N050_R080,20260805,50,1.56509878801011,1.72129543370446,1.42869912141844,2.01389174599048,1.45914321158806,1.28741832180391,0,2.72370701943663,0.5963689555043,0.577122797827236,0.442731370455633,0.711514225198839,TRUE,successful_fit,,199,"(199,)",1282483486,np.random.default_rng(np.random.SeedSequence(20260805).spawn(360)[199]),not_recorded_by_Figure_S2_script
OU_N050_R081,20260805,50,-0.185044720850293,-0.104889636110542,-0.598664915022066,0.388885642800982,1.03955120217208,0.617850071798414,0,1.35718965787599,0.62172113248509,0.490871018198114,0.387808868563185,0.593933167833043,TRUE,successful_fit,,200,"(200,)",3336812734,np.random.default_rng(np.random.SeedSequence(20260805).spawn(360)[200]),not_recorded_by_Figure_S2_script
OU_N050_R082,20260805,50,0.888975980934078,0.996907978823649,0.852135058898735,1.14168089874856,0.779772755707216,2.3786502202696,0.63903058526689,4.11826985527232,0.503218286988312,0.529019935422003,0.404457423408318,0.653582447435689,TRUE,successful_fit,,201,"(201,)",556835694,np.random.default_rng(np.random.SeedSequence(20260805).spawn(360)[201]),not_recorded_by_Figure_S2_script
OU_N050_R083,20260805,50,-0.339286809416381,-0.429686972575748,-0.835556756955372,-0.0238171881961229,0.95850937583886,1.30286456097514,0.11185415108768,2.4938749708626,0.817610336206308,0.834524547645449,0.649124935948258,1.01992415934264,TRUE,successful_fit,,202,"(202,)",1312710,np.random.default_rng(np.random.SeedSequence(20260805).spawn(360)[202]),not_recorded_by_Figure_S2_script
OU_N050_R084,20260805,50,0.740195755822493,0.837900460666461,-0.167330467772218,1.84313138910514,0.645076376068909,0.327613464550478,0,0.828032486903448,0.547937357353469,0.522964536648881,0.416321309955275,0.629607763342487,TRUE,successful_fit,,203,"(203,)",4239054187,np.random.default_rng(np.random.SeedSequence(20260805).spawn(360)[203]),not_recorded_by_Figure_S2_script
OU_N050_R085,20260805,50,0.958117818984104,0.9938848362387,-0.147864909118943,2.13563458159634,0.517487157173834,0.543863967060534,0,1.22944478667674,0.885586166503049,0.997078630014135,0.789507833117331,1.20464942691094,TRUE,successful_fit,,204,"(204,)",4051291539,np.random.default_rng(np.random.SeedSequence(20260805).spawn(360)[204]),not_recorded_by_Figure_S2_script
OU_N050_R086,20260805,50,-1.20913959669798,-1.67777831843896,-2.11952209803542,-1.2360345388425,0.331889947382911,1.18908310939076,0.0697293574379056,2.30843686134362,0.704392963626409,0.831618363574445,0.648234741177882,1.01500198597101,TRUE,successful_fit,,205,"(205,)",2061184334,np.random.default_rng(np.random.SeedSequence(20260805).spawn(360)[205]),not_recorded_by_Figure_S2_script
OU_N050_R087,20260805,50,1.6778188701372,1.85295211118762,1.61589196184996,2.09001226052527,1.37919364920675,2.0119868010451,0.487156882671484,3.53681671941871,0.651584551527511,0.745464142504417,0.572947101282974,0.91798118372586,TRUE,successful_fit,,206,"(206,)",3209358148,np.random.default_rng(np.random.SeedSequence(20260805).spawn(360)[206]),not_recorded_by_Figure_S2_script
OU_N050_R088,20260805,50,1.74935028953269,1.58913587836454,1.05192760276679,2.12634415396229,0.472357109208612,0.711342293603018,0,1.51126023193222,0.635254465581109,0.598799488810895,0.472328589833627,0.725270387788163,TRUE,successful_fit,,207,"(207,)",657318489,np.random.default_rng(np.random.SeedSequence(20260805).spawn(360)[207]),not_recorded_by_Figure_S2_script
OU_N050_R089,20260805,50,1.5137133864921,1.46836829099191,1.2530453366998,1.68369124528403,0.503649167735115,1.23378331203091,0.277748022964538,2.18981860109729,0.3899432853001,0.418961160901805,0.328754046274365,0.509168275529245,TRUE,successful_fit,,208,"(208,)",4144350327,np.random.default_rng(np.random.SeedSequence(20260805).spawn(360)[208]),not_recorded_by_Figure_S2_script
OU_N050_R090,20260805,50,-0.675660107908757,-0.542701609081843,-0.66340102931966,-0.422002188844026,1.31143406035626,3.11373383275401,0.9561287556613,5.27133890984672,0.463521226324401,0.562094055684521,0.425386013869167,0.698802097499875,TRUE,successful_fit,,209,"(209,)",1615742199,np.random.default_rng(np.random.SeedSequence(20260805).spawn(360)[209]),not_recorded_by_Figure_S2_script
OU_N050_R091,20260805,50,-1.02734030795172,-0.982798759330903,-2.47670213486232,0.511104616200514,0.470131735266672,0.366945636558861,0,1.05233249227315,0.86488117319657,0.838618399451148,0.66355462421347,1.01368217468883,TRUE,successful_fit,,210,"(210,)",941392545,np.random.default_rng(np.random.SeedSequence(20260805).spawn(360)[210]),not_recorded_by_Figure_S2_script
OU_N050_R092,20260805,50,-1.07364876753604,-0.898912447424031,-1.07374661366008,-0.724078281187981,1.46832955497231,3.89312469068221,1.03110946861029,6.75513991275414,0.882915123083687,0.99761666335838,0.735000408573099,1.26023291814366,TRUE,successful_fit,,211,"(211,)",441543669,np.random.default_rng(np.random.SeedSequence(20260805).spawn(360)[211]),not_recorded_by_Figure_S2_script
OU_N050_R093,20260805,50,0.428042299980208,0.0140401612980746,-0.315870547780718,0.343950870376868,0.338084689220428,0.994859011098473,0.0270138491776499,1.9627041730193,0.584223954168403,0.517365439758274,0.406197994393197,0.62853288512335,TRUE,successful_fit,,212,"(212,)",203479793,np.random.default_rng(np.random.SeedSequence(20260805).spawn(360)[212]),not_recorded_by_Figure_S2_script
OU_N050_R094,20260805,50,-0.25923376173687,0.155816484905628,-0.237080751979813,0.548713721791068,0.500924498081236,0.65554284660352,0,1.35743648370568,0.451512178555999,0.401483745730427,0.317759260767811,0.485208230693042,TRUE,successful_fit,,213,"(213,)",2190910363,np.random.default_rng(np.random.SeedSequence(20260805).spawn(360)[213]),not_recorded_by_Figure_S2_script
OU_N050_R095,20260805,50,0.946523616523784,0.84788418471642,-0.149568897184429,1.84533726661727,0.887077530963757,0.50223188813795,0,1.20887065180275,0.76079840134677,0.779745370340503,0.616398612683849,0.943092127997156,TRUE,successful_fit,,214,"(214,)",1795675851,np.random.default_rng(np.random.SeedSequence(20260805).spawn(360)[214]),not_recorded_by_Figure_S2_script
OU_N050_R096,20260805,50,0.86586142976547,0.809326853978517,0.695441445299255,0.92321226265778,0.843168813068008,1.63424264181932,0.453744194229324,2.81474108940932,0.321118911346804,0.288431374829099,0.224718140524193,0.352144609134005,TRUE,successful_fit,,215,"(215,)",3227537976,np.random.default_rng(np.random.SeedSequence(20260805).spawn(360)[215]),not_recorded_by_Figure_S2_script
OU_N050_R097,20260805,50,-0.482100896637496,-0.466356209147753,-0.531472542578651,-0.401239875716855,0.648413286817644,2.18300799997704,0.375314031693286,3.99070196826079,0.247533064668686,0.22152679044591,0.16804114686357,0.27501243402825,TRUE,successful_fit,,216,"(216,)",2850591900,np.random.default_rng(np.random.SeedSequence(20260805).spawn(360)[216]),not_recorded_by_Figure_S2_script
OU_N050_R098,20260805,50,0.239642189774176,0.165380853664512,-0.0315915800538748,0.362353287382899,1.37476322315558,2.76885155856433,0.693783801293092,4.84391931583557,0.768604166673981,0.842746174877682,0.633705782247816,1.05178656750755,TRUE,successful_fit,,217,"(217,)",3967793938,np.random.default_rng(np.random.SeedSequence(20260805).spawn(360)[217]),not_recorded_by_Figure_S2_script
OU_N050_R099,20260805,50,1.58766538204068,1.81178411673712,1.24277785160434,2.3807903818699,0.353800140904913,0.519772149909686,0,1.16022902013307,0.421017621877175,0.474224455811699,0.376054520597259,0.572394391026139,TRUE,successful_fit,,218,"(218,)",1057552462,np.random.default_rng(np.random.SeedSequence(20260805).spawn(360)[218]),not_recorded_by_Figure_S2_script
OU_N050_R100,20260805,50,0.312076921367315,0.164295718761402,-1.39514399648728,1.72373543401008,0.303832483668426,0.25823991271839,0,0.755986236952921,0.499578663818377,0.515357780232801,0.410244949811341,0.62047061065426,TRUE,successful_fit,,219,"(219,)",1186639424,np.random.default_rng(np.random.SeedSequence(20260805).spawn(360)[219]),not_recorded_by_Figure_S2_script
OU_N050_R101,20260805,50,0.317360726622055,0.496620570891911,0.392701772554726,0.600539369229096,1.09714042918239,1.76053102279638,0.312254342193528,3.20880770339922,0.312307413574496,0.288722578898792,0.222111626820127,0.355333530977458,TRUE,successful_fit,,220,"(220,)",1576724975,np.random.default_rng(np.random.SeedSequence(20260805).spawn(360)[220]),not_recorded_by_Figure_S2_script
OU_N050_R102,20260805,50,-0.735949388579742,-0.965905733668373,-1.36158363953095,-0.570227827805796,0.968793353570159,1.18456942066096,0.0900239784830823,2.27911486283884,0.672959175479549,0.73947203143268,0.577676032614884,0.901268030250476,TRUE,successful_fit,,221,"(221,)",1955135842,np.random.default_rng(np.random.SeedSequence(20260805).spawn(360)[221]),not_recorded_by_Figure_S2_script
OU_N050_R103,20260805,50,0.255309074390405,0.20427444424801,-0.222782061660061,0.631330950156082,0.828057702515531,0.982326800293053,0,2.02513201895562,0.67584385179577,0.657343555347953,0.513372163669358,0.801314947026548,TRUE,successful_fit,,222,"(222,)",2219743911,np.random.default_rng(np.random.SeedSequence(20260805).spawn(360)[222]),not_recorded_by_Figure_S2_script
OU_N050_R104,20260805,50,-1.04591131364666,-1.2778478164397,-1.85034816612822,-0.705347466751176,0.635958589674837,0.782280689856959,0,1.57157042612571,0.730082098252983,0.71635116585926,0.565131921471106,0.867570410247414,TRUE,successful_fit,,223,"(223,)",3768598221,np.random.default_rng(np.random.SeedSequence(20260805).spawn(360)[223]),not_recorded_by_Figure_S2_script
OU_N050_R105,20260805,50,0.362669209022902,0.464973561016686,0.281393203730519,0.648553918302852,1.22831002651782,2.21129350764793,0.476024178815782,3.94656283648008,0.716808813286296,0.621872477379683,0.476459119075412,0.767285835683954,TRUE,successful_fit,,224,"(224,)",1983435446,np.random.default_rng(np.random.SeedSequence(20260805).spawn(360)[224]),not_recorded_by_Figure_S2_script
OU_N050_R106,20260805,50,0.993099107301672,1.50792669102814,1.053792398558,1.96206098349827,0.714239485266571,0.56307485433197,0,1.30683090431007,0.402722244372682,0.409106640735163,0.323310207571639,0.494903073898687,TRUE,successful_fit,,225,"(225,)",710227700,np.random.default_rng(np.random.SeedSequence(20260805).spawn(360)[225]),not_recorded_by_Figure_S2_script
OU_N050_R107,20260805,50,0.713671993671494,0.709625026640058,0.479061132071073,0.940188921209043,1.01700182846926,0.662905305724678,0,1.42964962825769,0.244186929430542,0.245193030395622,0.193511044728594,0.29687501606265,TRUE,successful_fit,,226,"(226,)",3901386650,np.random.default_rng(np.random.SeedSequence(20260805).spawn(360)[226]),not_recorded_by_Figure_S2_script
OU_N050_R108,20260805,50,0.920283842632927,0.576526560607932,0.106514153266637,1.04653896794923,0.673967315373472,1.06050500644677,0.00784737413753334,2.113162638756,0.748608427754099,0.787902024348945,0.616844079494414,0.958959969203476,TRUE,successful_fit,,227,"(227,)",895581748,np.random.default_rng(np.random.SeedSequence(20260805).spawn(360)[227]),not_recorded_by_Figure_S2_script
OU_N050_R109,20260805,50,-0.393048192795179,-0.201418387396432,-0.519971849247652,0.117135074454787,1.04618269285458,1.04717010061518,0,2.14240276348077,0.599854863995677,0.528527277894833,0.411724976045046,0.645329579744621,TRUE,successful_fit,,228,"(228,)",3273797913,np.random.default_rng(np.random.SeedSequence(20260805).spawn(360)[228]),not_recorded_by_Figure_S2_script
OU_N050_R110,20260805,50,-0.779962743456237,-0.848253709681823,-0.994334427617808,-0.702172991745838,1.34415020045237,1.44933919563974,0.205183682627332,2.69349470865215,0.337585556736417,0.336146840027495,0.260810659600962,0.411483020454028,TRUE,successful_fit,,229,"(229,)",3491606641,np.random.default_rng(np.random.SeedSequence(20260805).spawn(360)[229]),not_recorded_by_Figure_S2_script
OU_N050_R111,20260805,50,-1.23143853940561,-1.08824480453735,-1.27105669340025,-0.905432915674446,0.323692737399864,1.37576214938356,0,2.76726107284405,0.35011450879339,0.388455726472812,0.298536403990909,0.478375048954715,TRUE,successful_fit,,230,"(230,)",1811647058,np.random.default_rng(np.random.SeedSequence(20260805).spawn(360)[230]),not_recorded_by_Figure_S2_script
OU_N050_R112,20260805,50,-0.294980555016918,-0.472663543134536,-0.790146647536935,-0.155180438732137,1.12895525665341,1.41130055646894,0.0939893749001062,2.72861173803778,0.643359691682722,0.698321098369647,0.54119739438062,0.855444802358674,TRUE,successful_fit,,231,"(231,)",4163934663,np.random.default_rng(np.random.SeedSequence(20260805).spawn(360)[231]),not_recorded_by_Figure_S2_script
OU_N050_R113,20260805,50,-1.1191470294797,-1.23574920026563,-1.32632876683124,-1.14516963370002,1.33909716733155,6,1.48952577969978,10.5104742203002,0.796043537276064,0.69243035987737,0.503470002092296,0.881390717662444,TRUE,successful_fit,,232,"(232,)",1798899696,np.random.default_rng(np.random.SeedSequence(20260805).spawn(360)[232]),not_recorded_by_Figure_S2_script
OU_N050_R114,20260805,50,0.858198285316391,0.937447368774785,-0.151022806216823,2.02591754376639,0.397369683623453,0.438816596705974,0,1.02767424807957,0.647510271033383,0.688322657423903,0.546496240668694,0.830149074179111,TRUE,successful_fit,,233,"(233,)",2065133950,np.random.default_rng(np.random.SeedSequence(20260805).spawn(360)[233]),not_recorded_by_Figure_S2_script
OU_N050_R115,20260805,50,0.585287561962291,0.51249536581021,-0.662234878207689,1.68722560982811,0.436834787645856,0.58740982649856,0,1.38328864615775,0.849503767682925,0.916251278642987,0.722197459640841,1.11030509764513,TRUE,successful_fit,,234,"(234,)",2447615528,np.random.default_rng(np.random.SeedSequence(20260805).spawn(360)[234]),not_recorded_by_Figure_S2_script
OU_N050_R116,20260805,50,-0.882115582037387,-0.934509421930031,-1.04658072339411,-0.822438120465948,0.463642593104907,1.42361335481383,0.147006496911697,2.70022021271597,0.22873987412549,0.252450642682949,0.195846553336121,0.309054732029777,TRUE,successful_fit,,235,"(235,)",350036240,np.random.default_rng(np.random.SeedSequence(20260805).spawn(360)[235]),not_recorded_by_Figure_S2_script
OU_N050_R117,20260805,50,-0.68254034863501,-0.848852493598472,-1.26707880386156,-0.430626183335384,0.541936521813919,1.47482446104607,0.216106667514994,2.73354225457714,0.871946329082701,0.982909157413478,0.761147468794219,1.20467084603274,TRUE,successful_fit,,236,"(236,)",3190859743,np.random.default_rng(np.random.SeedSequence(20260805).spawn(360)[236]),not_recorded_by_Figure_S2_script
OU_N050_R118,20260805,50,-0.655096308311714,-1.26050156926056,-1.4571332837889,-1.06386985473222,0.361792564208465,1.29654971960775,0.260547649465305,2.33255178975019,0.456451736777537,0.393885237717999,0.309443369698645,0.478327105737353,TRUE,successful_fit,,237,"(237,)",1921599014,np.random.default_rng(np.random.SeedSequence(20260805).spawn(360)[237]),not_recorded_by_Figure_S2_script
OU_N050_R119,20260805,50,-0.435995269874925,-0.523840162503444,-0.875941376520576,-0.171738948486312,0.478689982967648,1.27363943833206,0.00304024965762606,2.5442386270065,0.704340010090627,0.704640371281227,0.545358990124294,0.863921752438161,TRUE,successful_fit,,238,"(238,)",3806309026,np.random.default_rng(np.random.SeedSequence(20260805).spawn(360)[238]),not_recorded_by_Figure_S2_script
OU_N050_R120,20260805,50,0.906239336397666,0.376883431936319,-1.35346631012997,2.10723317400261,0.695462057415154,0.279259685359149,0,0.927246888306865,0.871720096383833,0.707042934206186,0.559996663507016,0.854089204905356,TRUE,successful_fit,,239,"(239,)",2734045738,np.random.default_rng(np.random.SeedSequence(20260805).spawn(360)[239]),not_recorded_by_Figure_S2_script
OU_N100_R001,20260805,100,0.62828924836851,0.654705198677607,0.508397990267647,0.801012407087568,1.3024922076036,2.33146937887025,0.779628785882618,3.88330997185789,0.505506631131811,0.541458271123792,0.457762509150127,0.625154033097457,TRUE,successful_fit,,240,"(240,)",3243062662,np.random.default_rng(np.random.SeedSequence(20260805).spawn(360)[240]),not_recorded_by_Figure_S2_script
OU_N100_R002,20260805,100,-0.119811770306056,-0.11787234667082,-0.364296973087306,0.128552279745665,0.592658320707951,0.90442616699243,0.130909557074405,1.67794277691046,0.391165688260443,0.35005415084851,0.299625086136311,0.400483215560709,TRUE,successful_fit,,241,"(241,)",504258371,np.random.default_rng(np.random.SeedSequence(20260805).spawn(360)[241]),not_recorded_by_Figure_S2_script
OU_N100_R003,20260805,100,-0.438141104437282,-0.438945916757445,-1.21458487723141,0.336693043716519,0.628627643086523,0.48700947299192,0,1.13547059347064,0.563017773860494,0.580867068553503,0.497870536130851,0.663863600976156,TRUE,successful_fit,,242,"(242,)",2625396016,np.random.default_rng(np.random.SeedSequence(20260805).spawn(360)[242]),not_recorded_by_Figure_S2_script
OU_N100_R004,20260805,100,-0.465306843217854,-0.590877544604722,-0.81590510458078,-0.365849984628663,1.13841392969031,2.09220369813141,0.631576515095048,3.55283088116778,0.728681277619877,0.750634102968554,0.635922480102273,0.865345725834836,TRUE,successful_fit,,243,"(243,)",1881871001,np.random.default_rng(np.random.SeedSequence(20260805).spawn(360)[243]),not_recorded_by_Figure_S2_script
OU_N100_R005,20260805,100,-0.255202530796422,-0.255308469403417,-0.589550756477131,0.0789338176702974,0.79101312782101,1.44885875386985,0.0900470044630535,2.80767050327665,0.683841106434867,0.724293955490994,0.613804591776981,0.834783319205008,TRUE,successful_fit,,244,"(244,)",793782330,np.random.default_rng(np.random.SeedSequence(20260805).spawn(360)[244]),not_recorded_by_Figure_S2_script
OU_N100_R006,20260805,100,-0.369050410149315,-0.312028214213479,-0.780848939826476,0.156792511399518,0.988028708735569,1.00967779653883,0.0665963163191177,1.95275927675853,0.68718196254766,0.762106175938315,0.65059439612063,0.873617955755999,TRUE,successful_fit,,245,"(245,)",1344248622,np.random.default_rng(np.random.SeedSequence(20260805).spawn(360)[245]),not_recorded_by_Figure_S2_script
OU_N100_R007,20260805,100,0.250257214322987,-1.03814071151442,-4.63662840032817,2.56034697729934,0.349383719649523,0.238913631328585,0,0.762077380389251,0.893672427066091,0.874729474640147,0.750782123209352,0.998676826070943,TRUE,successful_fit,,246,"(246,)",112125194,np.random.default_rng(np.random.SeedSequence(20260805).spawn(360)[246]),not_recorded_by_Figure_S2_script
OU_N100_R008,20260805,100,-0.921095466275136,-0.847983972077553,-1.2896874029878,-0.406280541167309,0.399197292811882,0.666160333944848,0,1.40967867747463,0.513889885953642,0.47438345381992,0.406122263822059,0.542644643817781,TRUE,successful_fit,,247,"(247,)",2737752476,np.random.default_rng(np.random.SeedSequence(20260805).spawn(360)[247]),not_recorded_by_Figure_S2_script
OU_N100_R009,20260805,100,1.57732060068915,1.75602847656474,1.18592066125137,2.32613629187811,1.19003696514286,1.0705594580037,0.118954377027989,2.0221645389794,0.880550210883003,0.981072991751602,0.83736076750496,1.12478521599824,TRUE,successful_fit,,248,"(248,)",2950519807,np.random.default_rng(np.random.SeedSequence(20260805).spawn(360)[248]),not_recorded_by_Figure_S2_script
OU_N100_R010,20260805,100,1.12608285146947,1.07875551234485,0.811181183103682,1.34632984158603,1.05262651897483,2.23468039069617,0.658858852291184,3.81050192910116,0.843014535666836,0.948528209498207,0.801736175231146,1.09532024376527,TRUE,successful_fit,,249,"(249,)",61767308,np.random.default_rng(np.random.SeedSequence(20260805).spawn(360)[249]),not_recorded_by_Figure_S2_script
OU_N100_R011,20260805,100,-0.249065746388514,-0.313982585527962,-0.489660469326101,-0.138304701729823,0.982383342058422,1.20059663182807,0.044007257440374,2.35718600621577,0.28644377637553,0.330576246848865,0.28121043587833,0.379942057819399,TRUE,successful_fit,,250,"(250,)",2815717284,np.random.default_rng(np.random.SeedSequence(20260805).spawn(360)[250]),not_recorded_by_Figure_S2_script
OU_N100_R012,20260805,100,1.58973856933954,1.45394005229991,0.208747307117609,2.69913279748221,0.411165356006217,0.386120243475803,0,0.924885920423559,0.724755394982828,0.75518734923446,0.648098610029177,0.862276088439744,TRUE,successful_fit,,251,"(251,)",2649565263,np.random.default_rng(np.random.SeedSequence(20260805).spawn(360)[251]),not_recorded_by_Figure_S2_script
OU_N100_R013,20260805,100,0.0522616204139046,-0.200926505667505,-0.650905684509442,0.249052673174431,0.90532723186501,1.04626900796101,0.103568113957579,1.98896990196444,0.746549973275075,0.754045170224238,0.643833033594595,0.864257306853882,TRUE,successful_fit,,252,"(252,)",758775689,np.random.default_rng(np.random.SeedSequence(20260805).spawn(360)[252]),not_recorded_by_Figure_S2_script
OU_N100_R014,20260805,100,1.0056046567706,1.38044980255788,0.904316161854935,1.85658344326083,0.413047496149395,0.616961665544521,0,1.34151974165909,0.44490348293973,0.472289254563001,0.404429162685856,0.540149346440147,TRUE,successful_fit,,253,"(253,)",1761170567,np.random.default_rng(np.random.SeedSequence(20260805).spawn(360)[253]),not_recorded_by_Figure_S2_script
OU_N100_R015,20260805,100,-0.606821983399863,-1.1527047891414,-2.07690480698994,-0.228504771292859,0.478954579401237,0.563378363852538,0,1.30467518269275,0.759130199595693,0.826551845613339,0.707608593257246,0.945495097969432,TRUE,successful_fit,,254,"(254,)",1385250863,np.random.default_rng(np.random.SeedSequence(20260805).spawn(360)[254]),not_recorded_by_Figure_S2_script
OU_N100_R016,20260805,100,0.993943051493198,0.99258296827972,-0.958444600453444,2.94361053701288,0.308985265920572,0.256589022724829,0,0.664242576104346,0.818320944347986,0.784203689201682,0.673821131424229,0.894586246979135,TRUE,successful_fit,,255,"(255,)",179382416,np.random.default_rng(np.random.SeedSequence(20260805).spawn(360)[255]),not_recorded_by_Figure_S2_script
OU_N100_R017,20260805,100,-0.309450581622484,0.0612718294366865,-0.0131346420625722,0.135678300935945,0.334927872998969,1.85977635434951,0.558662515404719,3.1608901932943,0.221004318027862,0.220003415741423,0.186795930310958,0.253210901171888,TRUE,successful_fit,,256,"(256,)",4285981621,np.random.default_rng(np.random.SeedSequence(20260805).spawn(360)[256]),not_recorded_by_Figure_S2_script
OU_N100_R018,20260805,100,-0.708571084385614,-0.672457961357816,-1.12041717196146,-0.22449875075417,0.327561300504377,0.939084687693636,0.0669255135445362,1.81124386184274,0.641553486978384,0.672771887835025,0.574933996443641,0.770609779226409,TRUE,successful_fit,,257,"(257,)",2015818303,np.random.default_rng(np.random.SeedSequence(20260805).spawn(360)[257]),not_recorded_by_Figure_S2_script
OU_N100_R019,20260805,100,0.544888843916049,0.251414135321134,-0.263684412765982,0.766512683408251,1.39761488098909,0.957311675092481,0.0276202920271796,1.88700305815778,0.7941163577745,0.788651623339801,0.67345351757901,0.903849729100591,TRUE,successful_fit,,258,"(258,)",2265125778,np.random.default_rng(np.random.SeedSequence(20260805).spawn(360)[258]),not_recorded_by_Figure_S2_script
OU_N100_R020,20260805,100,1.0130649869668,1.18582350958358,0.724038015315045,1.64760900385211,0.390906095456302,0.975879870393396,0.0872337813541112,1.86452595943268,0.710754808318281,0.72417206971497,0.618784089859051,0.829560049570889,TRUE,successful_fit,,259,"(259,)",1713497216,np.random.default_rng(np.random.SeedSequence(20260805).spawn(360)[259]),not_recorded_by_Figure_S2_script
OU_N100_R021,20260805,100,-0.302523825775369,0.0763881196610973,-0.643407370106374,0.796183609428569,0.396549062377224,0.651021543264237,0,1.60441012239615,0.679104448009794,0.70683647045258,0.603157869079822,0.810515071825337,TRUE,successful_fit,,260,"(260,)",2637994220,np.random.default_rng(np.random.SeedSequence(20260805).spawn(360)[260]),not_recorded_by_Figure_S2_script
OU_N100_R022,20260805,100,0.684887156317476,0.622417159066402,0.353361813718619,0.891472504414185,0.843078435675787,1.3273777963997,0.301863726124088,2.35289186667532,0.54338211578892,0.563526164193955,0.480576260772948,0.646476067614962,TRUE,successful_fit,,261,"(261,)",2457640279,np.random.default_rng(np.random.SeedSequence(20260805).spawn(360)[261]),not_recorded_by_Figure_S2_script
OU_N100_R023,20260805,100,1.20273956380722,0.79372087919323,0.436124900906743,1.15131685747972,0.330020808994372,0.857282578923505,0.0467425712532457,1.66782258659376,0.458032949227843,0.48956806989208,0.418808948864241,0.560327190919919,TRUE,successful_fit,,262,"(262,)",337025828,np.random.default_rng(np.random.SeedSequence(20260805).spawn(360)[262]),not_recorded_by_Figure_S2_script
OU_N100_R024,20260805,100,0.748128749471983,0.873076657104636,0.616054534818576,1.1300987793907,0.925470326726027,1.13659680585352,0.185182752872934,2.0880108588341,0.42862147709851,0.46162121616642,0.394142523090138,0.529099909242701,TRUE,successful_fit,,263,"(263,)",4116831648,np.random.default_rng(np.random.SeedSequence(20260805).spawn(360)[263]),not_recorded_by_Figure_S2_script
OU_N100_R025,20260805,100,0.606858656980012,1.14140974206253,0.808727446537797,1.47409203758726,0.573789752172894,1.44838281375549,0.37388553425237,2.5228800932586,0.889632384203311,0.766060831055546,0.653106785994606,0.879014876116486,TRUE,successful_fit,,264,"(264,)",3814444184,np.random.default_rng(np.random.SeedSequence(20260805).spawn(360)[264]),not_recorded_by_Figure_S2_script
OU_N100_R026,20260805,100,0.723317044102639,0.546660649304984,0.179040006784568,0.9142812918254,1.33267310948952,0.863325716042676,0.0409415416940092,1.68570989039134,0.532428940887707,0.50725449824401,0.43384289314242,0.5806661033456,TRUE,successful_fit,,265,"(265,)",1873293318,np.random.default_rng(np.random.SeedSequence(20260805).spawn(360)[265]),not_recorded_by_Figure_S2_script
OU_N100_R027,20260805,100,-0.641304362901143,0.163760458893123,-0.0332897758926418,0.360810693678887,0.722369263119944,2.74844557681186,1.05446689760683,4.4424242560169,0.842114310016642,0.862460890184388,0.727221266606706,0.997700513762069,TRUE,successful_fit,,266,"(266,)",1031382223,np.random.default_rng(np.random.SeedSequence(20260805).spawn(360)[266]),not_recorded_by_Figure_S2_script
OU_N100_R028,20260805,100,0.708855197946408,0.815476693344619,0.723377834324032,0.907575552365206,1.45620597991792,1.75529572265409,0.504286902895189,3.00630454241299,0.242650773225216,0.258354044347193,0.219496736002968,0.297211352691417,TRUE,successful_fit,,267,"(267,)",1502533520,np.random.default_rng(np.random.SeedSequence(20260805).spawn(360)[267]),not_recorded_by_Figure_S2_script
OU_N100_R029,20260805,100,0.409575944278721,0.477117689187928,0.263024374445527,0.69121100393033,0.798042245598613,1.04727216361875,0.0218102203382897,2.07273410689922,0.389160790436565,0.359357762503574,0.306325089537105,0.412390435470042,TRUE,successful_fit,,268,"(268,)",3679108358,np.random.default_rng(np.random.SeedSequence(20260805).spawn(360)[268]),not_recorded_by_Figure_S2_script
OU_N100_R030,20260805,100,-0.317510749187471,-0.38266900219854,-0.644839559169612,-0.120498445227468,1.11320557566317,2.55734919451986,0.913025028081119,4.20167336095861,0.896060053030171,1.06913229261435,0.902276478163092,1.2359881070656,TRUE,successful_fit,,269,"(269,)",1822478899,np.random.default_rng(np.random.SeedSequence(20260805).spawn(360)[269]),not_recorded_by_Figure_S2_script
OU_N100_R031,20260805,100,0.881174444454024,0.978629167768495,0.523767297573481,1.43349103796351,0.938926336372414,1.0149815107013,0.130675749810243,1.89928727159236,0.741680376105554,0.733803982831653,0.627054234213206,0.840553731450101,TRUE,successful_fit,,270,"(270,)",3804875817,np.random.default_rng(np.random.SeedSequence(20260805).spawn(360)[270]),not_recorded_by_Figure_S2_script
OU_N100_R032,20260805,100,0.821656468406189,0.739402205476316,0.492003951757178,0.986800459195454,1.18303170727249,2.03759036142755,0.521356976580627,3.55382374627448,0.738318308755264,0.802835159449301,0.678571507296177,0.927098811602425,TRUE,successful_fit,,271,"(271,)",1519897029,np.random.default_rng(np.random.SeedSequence(20260805).spawn(360)[271]),not_recorded_by_Figure_S2_script
OU_N100_R033,20260805,100,-0.552251722173483,-0.85715948009066,-1.12971828098721,-0.584600679194114,0.500000033849707,0.899793823100518,0,1.83534504700306,0.424582537857791,0.380849796971204,0.32512927879569,0.436570315146718,TRUE,successful_fit,,272,"(272,)",975172027,np.random.default_rng(np.random.SeedSequence(20260805).spawn(360)[272]),not_recorded_by_Figure_S2_script
OU_N100_R034,20260805,100,-1.04771622212626,-1.04901316641874,-1.44089674596926,-0.657129586868235,0.515911960522476,0.985388284058795,0.173091367930056,1.79768520018753,0.585411395458843,0.614807442820391,0.525947781701152,0.70366710393963,TRUE,successful_fit,,273,"(273,)",3038060340,np.random.default_rng(np.random.SeedSequence(20260805).spawn(360)[273]),not_recorded_by_Figure_S2_script
OU_N100_R035,20260805,100,-0.0896106938533141,-0.956439134613668,-1.3767700581207,-0.536108211106637,0.553845084485696,1.13608328326583,0.166555270601927,2.10561129592974,0.759459358686165,0.763937478536475,0.652205353201193,0.875669603871757,TRUE,successful_fit,,274,"(274,)",1840084025,np.random.default_rng(np.random.SeedSequence(20260805).spawn(360)[274]),not_recorded_by_Figure_S2_script
OU_N100_R036,20260805,100,-0.597778956638343,-0.53578291596189,-0.695756936272354,-0.375808895651426,1.15706435311052,0.917207999070725,0.000958822047695929,1.83345717609375,0.238798475865336,0.235774308797217,0.201348392441815,0.270200225152619,TRUE,successful_fit,,275,"(275,)",1803320580,np.random.default_rng(np.random.SeedSequence(20260805).spawn(360)[275]),not_recorded_by_Figure_S2_script
OU_N100_R037,20260805,100,0.247077540134574,0.166906682822983,-0.12488927011528,0.458702635761245,1.23521350482428,1.65571884541041,0.423719846637234,2.88771784418359,0.868173891174661,0.773616871296198,0.657668116765684,0.889565625826711,TRUE,successful_fit,,276,"(276,)",151047378,np.random.default_rng(np.random.SeedSequence(20260805).spawn(360)[276]),not_recorded_by_Figure_S2_script
OU_N100_R038,20260805,100,-1.11432688109659,-1.03443254783074,-1.28346873116379,-0.785396364497688,0.569739625785133,1.69891558342223,0.43006703752071,2.96776412932375,0.731824482906616,0.674339127949673,0.573132015846719,0.775546240052626,TRUE,successful_fit,,277,"(277,)",1257593229,np.random.default_rng(np.random.SeedSequence(20260805).spawn(360)[277]),not_recorded_by_Figure_S2_script
OU_N100_R039,20260805,100,-0.254420643183011,-0.0944869669702407,-0.382155173264034,0.193181239323553,0.503206233839036,1.27954110191427,0.227152817266915,2.33192938656163,0.616407860283945,0.588685368332235,0.501828057623199,0.675542679041272,TRUE,successful_fit,,278,"(278,)",3312895867,np.random.default_rng(np.random.SeedSequence(20260805).spawn(360)[278]),not_recorded_by_Figure_S2_script
OU_N100_R040,20260805,100,1.12839052921587,1.81078959657902,1.43324941079029,2.18832978236775,0.426712663312422,1.15150111343781,0.305322414906792,1.99767981196882,0.671678248260534,0.686385400902458,0.586989406705331,0.785781395099586,TRUE,successful_fit,,279,"(279,)",3585221949,np.random.default_rng(np.random.SeedSequence(20260805).spawn(360)[279]),not_recorded_by_Figure_S2_script
OU_N100_R041,20260805,100,1.15622209226664,1.64659347924564,1.26281342953421,2.03037352895706,0.508027264359583,0.715546454334344,0,1.486724843871,0.388635072550603,0.442067587547498,0.378366104980692,0.505769070114305,TRUE,successful_fit,,280,"(280,)",2914947464,np.random.default_rng(np.random.SeedSequence(20260805).spawn(360)[280]),not_recorded_by_Figure_S2_script
OU_N100_R042,20260805,100,0.233972592202011,0.0746816449586995,-0.117627047821752,0.266990337739151,0.560749452274155,1.38650487424665,0.226871193036768,2.54613855545654,0.439945249613996,0.426739744442522,0.363159640212505,0.490319848672538,TRUE,successful_fit,,281,"(281,)",2156460808,np.random.default_rng(np.random.SeedSequence(20260805).spawn(360)[281]),not_recorded_by_Figure_S2_script
OU_N100_R043,20260805,100,0.912471654196142,1.48694449431588,0.874162520700519,2.09972646793123,0.322460830252864,0.698307658224935,0,1.42979679592865,0.702346293817927,0.686350678304341,0.587724690471112,0.784976666137571,TRUE,successful_fit,,282,"(282,)",2672892723,np.random.default_rng(np.random.SeedSequence(20260805).spawn(360)[282]),not_recorded_by_Figure_S2_script
OU_N100_R044,20260805,100,0.89171267318935,0.869476181225939,0.766213181712127,0.97273918073975,1.33366173789006,1.79910022676604,0.501954766195155,3.09624568733692,0.282625625670127,0.298052511568303,0.252999107556746,0.343105915579861,TRUE,successful_fit,,283,"(283,)",1344495284,np.random.default_rng(np.random.SeedSequence(20260805).spawn(360)[283]),not_recorded_by_Figure_S2_script
OU_N100_R045,20260805,100,-0.518885679710886,-0.551602399300787,-1.62274531511042,0.519540516508847,0.35530418639247,0.32218193510125,0,0.839280887352246,0.575305344594804,0.517153585795877,0.443913254020699,0.590393917571055,TRUE,successful_fit,,284,"(284,)",597889353,np.random.default_rng(np.random.SeedSequence(20260805).spawn(360)[284]),not_recorded_by_Figure_S2_script
OU_N100_R046,20260805,100,1.24128620592892,1.25665767547311,1.0167294950509,1.49658585589532,0.872190425723604,1.29225018979894,0.166231642038755,2.41826873755912,0.540508623161444,0.485080153631699,0.412946763691708,0.55721354357169,TRUE,successful_fit,,285,"(285,)",2336761533,np.random.default_rng(np.random.SeedSequence(20260805).spawn(360)[285]),not_recorded_by_Figure_S2_script
OU_N100_R047,20260805,100,1.59628231967548,1.50903819580201,1.09399611043934,1.92408028116468,0.850862132045716,1.29628741556375,0.199129798533726,2.39344503259376,0.847846064098795,0.858779119934954,0.731839548104536,0.985718691765371,TRUE,successful_fit,,286,"(286,)",904055192,np.random.default_rng(np.random.SeedSequence(20260805).spawn(360)[286]),not_recorded_by_Figure_S2_script
OU_N100_R048,20260805,100,0.34220500594012,0.83425293967692,0.191527672779929,1.47697820657391,0.44281207727562,0.926399126333111,0,1.89236461309443,0.874450855126424,0.923718763831287,0.788241049397935,1.05919647826464,TRUE,successful_fit,,287,"(287,)",670027410,np.random.default_rng(np.random.SeedSequence(20260805).spawn(360)[287]),not_recorded_by_Figure_S2_script
OU_N100_R049,20260805,100,-0.261137075270298,-0.0226743035930582,-0.468115305954182,0.422766698768065,1.47023873819541,1.38400835744433,0.271817975833129,2.49619873905553,0.884687408813677,0.989387827881669,0.842577235920148,1.13619841984319,TRUE,successful_fit,,288,"(288,)",3487197596,np.random.default_rng(np.random.SeedSequence(20260805).spawn(360)[288]),not_recorded_by_Figure_S2_script
OU_N100_R050,20260805,100,-0.869481496142757,-1.15084602085399,-1.30626159295549,-0.995430448752492,0.314702144491595,1.15832875542086,0.01856104871701,2.29809646212472,0.268796646065601,0.285997638850048,0.243390175687639,0.328605102012457,TRUE,successful_fit,,289,"(289,)",3297535056,np.random.default_rng(np.random.SeedSequence(20260805).spawn(360)[289]),not_recorded_by_Figure_S2_script
OU_N100_R051,20260805,100,0.432868965611514,-0.0114552720026983,-0.353225960477021,0.330315416471624,0.875789203604914,1.64496887676901,0.463498924847138,2.82643882869089,0.778165063170558,0.876562198648352,0.745809653242791,1.00731474405391,TRUE,successful_fit,,290,"(290,)",3369810302,np.random.default_rng(np.random.SeedSequence(20260805).spawn(360)[290]),not_recorded_by_Figure_S2_script
OU_N100_R052,20260805,100,-0.0444070308471377,-0.9574752899232,-1.16562678213194,-0.749323797714454,0.4388276047909,2.98456219528482,1.18883092494867,4.78029346562097,0.863036501721469,0.974879388327687,0.821867892300869,1.1278908843545,TRUE,successful_fit,,291,"(291,)",2643817033,np.random.default_rng(np.random.SeedSequence(20260805).spawn(360)[291]),not_recorded_by_Figure_S2_script
OU_N100_R053,20260805,100,0.566563371209599,0.138996427047788,-0.0754403824424549,0.353433236538031,0.518767736715642,2.37953740433155,1.04581266286627,3.71326214579683,0.777767618993555,0.805145574010783,0.68408989781499,0.926201250206577,TRUE,successful_fit,,292,"(292,)",90351162,np.random.default_rng(np.random.SeedSequence(20260805).spawn(360)[292]),not_recorded_by_Figure_S2_script
OU_N100_R054,20260805,100,0.33206639043617,1.44005266967791,1.09368438824072,1.78642095111509,0.375996564757049,1.6771091167844,0.373483561281177,2.98073467228762,0.854935920835118,0.925527290034833,0.785728188363483,1.06532639170618,TRUE,successful_fit,,293,"(293,)",668073174,np.random.default_rng(np.random.SeedSequence(20260805).spawn(360)[293]),not_recorded_by_Figure_S2_script
OU_N100_R055,20260805,100,1.37814523406241,1.57404232751903,1.22528845827805,1.92279619676002,0.836110773431935,0.517007087467525,0,1.14821961600993,0.326900298455222,0.290467321024906,0.249031893111743,0.331902748938069,TRUE,successful_fit,,294,"(294,)",3537434165,np.random.default_rng(np.random.SeedSequence(20260805).spawn(360)[294]),not_recorded_by_Figure_S2_script
OU_N100_R056,20260805,100,0.497247859481516,0.358693745115038,-0.427996095120461,1.14538358535054,0.954819699592635,0.403256755241668,0,1.03081758022586,0.544209872101225,0.493660188704569,0.42322420753826,0.564096169870878,TRUE,successful_fit,,295,"(295,)",481955450,np.random.default_rng(np.random.SeedSequence(20260805).spawn(360)[295]),not_recorded_by_Figure_S2_script
OU_N100_R057,20260805,100,-0.0200245117750359,-0.0254279628737443,-0.418724562766762,0.367868637019274,0.721651651499394,1.25956528062668,0.173022917344233,2.34610764390912,0.820524216861576,0.793935788576043,0.676480957248516,0.91139061990357,TRUE,successful_fit,,296,"(296,)",3845646482,np.random.default_rng(np.random.SeedSequence(20260805).spawn(360)[296]),not_recorded_by_Figure_S2_script
OU_N100_R058,20260805,100,1.41283535842603,1.43265914388585,0.825565708160341,2.03975257961136,0.843634724209503,0.685920418552779,0,1.4146681959937,0.686959714589389,0.669825963741557,0.573588720686606,0.766063206796508,TRUE,successful_fit,,297,"(297,)",2624210528,np.random.default_rng(np.random.SeedSequence(20260805).spawn(360)[297]),not_recorded_by_Figure_S2_script
OU_N100_R059,20260805,100,-1.0293174801467,-0.630051584649111,-1.14877537870509,-0.111327790593131,0.439498433595829,0.836724271477588,0.0491892174443296,1.62425932551085,0.686329480129631,0.668956364144671,0.572471726387965,0.765441001901377,TRUE,successful_fit,,298,"(298,)",9990276,np.random.default_rng(np.random.SeedSequence(20260805).spawn(360)[298]),not_recorded_by_Figure_S2_script
OU_N100_R060,20260805,100,-0.850714665080199,-0.658446721930433,-0.839847059466567,-0.477046384394298,0.319533609322242,0.85988191457417,0.139907643165726,1.57985618598261,0.244947207749752,0.23854535329975,0.204310196948427,0.272780509651074,TRUE,successful_fit,,299,"(299,)",2982501462,np.random.default_rng(np.random.SeedSequence(20260805).spawn(360)[299]),not_recorded_by_Figure_S2_script
OU_N100_R061,20260805,100,1.03405922139261,0.636776725174767,0.477398095652232,0.796155354697303,0.376116775297119,1.70424448317918,0.411140414167138,2.99734855219123,0.421787939315883,0.434396061631436,0.368913162987822,0.49987896027505,TRUE,successful_fit,,300,"(300,)",994176711,np.random.default_rng(np.random.SeedSequence(20260805).spawn(360)[300]),not_recorded_by_Figure_S2_script
OU_N100_R062,20260805,100,-0.462518404423809,-0.463203695764545,-0.648195512953023,-0.278211878576067,0.732793860304163,1.16462228660223,0.179023885752293,2.15022068745218,0.298771554127294,0.345411360780738,0.294682949235165,0.39613977232631,TRUE,successful_fit,,301,"(301,)",3387849120,np.random.default_rng(np.random.SeedSequence(20260805).spawn(360)[301]),not_recorded_by_Figure_S2_script
OU_N100_R063,20260805,100,-0.854008382795575,-0.868577090995195,-1.43195570781057,-0.305198474179816,0.31658151088041,0.275770553952924,0,0.775464096659519,0.241502034266563,0.240855727426241,0.206778799284492,0.27493265556799,TRUE,successful_fit,,302,"(302,)",2884073855,np.random.default_rng(np.random.SeedSequence(20260805).spawn(360)[302]),not_recorded_by_Figure_S2_script
OU_N100_R064,20260805,100,-0.752767604244964,-0.818118701903461,-1.0977874358453,-0.538449967961625,0.96643365707144,1.0057087687035,0.0942322195386185,1.91718531786838,0.514371523551739,0.451843166376377,0.385949127197348,0.517737205555405,TRUE,successful_fit,,303,"(303,)",2596935731,np.random.default_rng(np.random.SeedSequence(20260805).spawn(360)[303]),not_recorded_by_Figure_S2_script
OU_N100_R065,20260805,100,-0.96253765290614,-1.85488931619495,-2.8741361584927,-0.835642473897193,0.434568616278599,0.5853000855355,0,1.29643520405963,0.868202573004465,0.961351792574351,0.823371401469579,1.09933218367912,TRUE,successful_fit,,304,"(304,)",2355940445,np.random.default_rng(np.random.SeedSequence(20260805).spawn(360)[304]),not_recorded_by_Figure_S2_script
OU_N100_R066,20260805,100,0.201868450615536,0.157878382534207,0.0161369823220596,0.299619782746354,1.07086483122029,2.24554941780407,0.751726234383138,3.739372601225,0.512087098658658,0.507137444489418,0.429275085627167,0.584999803351668,TRUE,successful_fit,,305,"(305,)",2001887260,np.random.default_rng(np.random.SeedSequence(20260805).spawn(360)[305]),not_recorded_by_Figure_S2_script
OU_N100_R067,20260805,100,-1.18873213839472,-1.22679134412036,-1.33889393901561,-1.11468874922512,0.541487288242478,2.41110079240386,0.858513521323873,3.96368806348384,0.431552599695397,0.428530718928986,0.3626752013747,0.494386236483273,TRUE,successful_fit,,306,"(306,)",2116030773,np.random.default_rng(np.random.SeedSequence(20260805).spawn(360)[306]),not_recorded_by_Figure_S2_script
OU_N100_R068,20260805,100,-0.273387958862843,-0.381906963751041,-0.686517136867153,-0.0772967906349303,0.899909686159307,0.863546486236253,0,1.81842366419076,0.405169094225445,0.411319736848692,0.351086311174666,0.471553162522717,TRUE,successful_fit,,307,"(307,)",169981606,np.random.default_rng(np.random.SeedSequence(20260805).spawn(360)[307]),not_recorded_by_Figure_S2_script
OU_N100_R069,20260805,100,-0.741776157527848,-0.924279603688996,-1.37271158630052,-0.475847621077468,0.9650797037161,1.20254390053665,0.173683714370947,2.23140408670236,0.819229769537005,0.859434011827704,0.732768175500828,0.986099848154579,TRUE,successful_fit,,308,"(308,)",2955692021,np.random.default_rng(np.random.SeedSequence(20260805).spawn(360)[308]),not_recorded_by_Figure_S2_script
OU_N100_R070,20260805,100,0.988761678527432,0.826173059862728,0.445984962326023,1.20636115739943,1.49055148294147,0.931836932878742,0.0612008204837365,1.80247304527375,0.513169309743864,0.569502582938142,0.486793231032791,0.652211934843492,TRUE,successful_fit,,309,"(309,)",1822642769,np.random.default_rng(np.random.SeedSequence(20260805).spawn(360)[309]),not_recorded_by_Figure_S2_script
OU_N100_R071,20260805,100,-0.44644823516489,-0.344206368955119,-0.778297309897996,0.089884571987757,0.378607557975612,0.697052691383906,0,1.46155772181451,0.439671352506702,0.487594264857203,0.417342131770853,0.557846397943553,TRUE,successful_fit,,310,"(310,)",2629233070,np.random.default_rng(np.random.SeedSequence(20260805).spawn(360)[310]),not_recorded_by_Figure_S2_script
OU_N100_R072,20260805,100,1.04414816991853,1.20757107487115,1.03604369838385,1.37909845135845,0.308975942601431,1.22261875851923,0.177702032983655,2.2675354840548,0.325776326118316,0.336051979786987,0.286410437953668,0.385693521620306,TRUE,successful_fit,,311,"(311,)",4110749286,np.random.default_rng(np.random.SeedSequence(20260805).spawn(360)[311]),not_recorded_by_Figure_S2_script
OU_N100_R073,20260805,100,-0.697372002635853,-2.98942853050141,-4.41434873887829,-1.56450832212453,0.35167878030066,0.4071989112958,0,0.982916085863861,0.892942071293555,0.931750606480159,0.799333213114186,1.06416799984613,TRUE,successful_fit,,312,"(312,)",1786888313,np.random.default_rng(np.random.SeedSequence(20260805).spawn(360)[312]),not_recorded_by_Figure_S2_script
OU_N100_R074,20260805,100,-0.673106972520601,-0.840052150357079,-1.3665740055682,-0.313530295145962,0.499134952977975,1.12383800166837,0.260431993575937,1.98724400976079,0.852187871663237,0.938216681829004,0.802092212832737,1.07434115082527,TRUE,successful_fit,,313,"(313,)",1834003575,np.random.default_rng(np.random.SeedSequence(20260805).spawn(360)[313]),not_recorded_by_Figure_S2_script
OU_N100_R075,20260805,100,0.982480489471494,0.948720417558694,0.790923307846909,1.10651752727048,1.29050629660381,2.57406706452608,0.913094651788519,4.23503947726364,0.715527097458435,0.64628178649748,0.545217071475795,0.747346501519164,TRUE,successful_fit,,314,"(314,)",768164538,np.random.default_rng(np.random.SeedSequence(20260805).spawn(360)[314]),not_recorded_by_Figure_S2_script
OU_N100_R076,20260805,100,1.12707477989,0.951123485570465,0.620815271766818,1.28143169937411,0.554752613276762,1.13579708495038,0.117109545829372,2.15448462407139,0.57891666019228,0.600320941672622,0.511966843056892,0.688675040288352,TRUE,successful_fit,,315,"(315,)",1119353664,np.random.default_rng(np.random.SeedSequence(20260805).spawn(360)[315]),not_recorded_by_Figure_S2_script
OU_N100_R077,20260805,100,0.736505199161623,0.843540835254383,0.60215396182594,1.08492770868283,1.47609600772884,1.78749025041176,0.511942571156212,3.06303792966731,0.693829694072912,0.69098758991118,0.586707058226837,0.795268121595524,TRUE,successful_fit,,316,"(316,)",1015100253,np.random.default_rng(np.random.SeedSequence(20260805).spawn(360)[316]),not_recorded_by_Figure_S2_script
OU_N100_R078,20260805,100,-1.09287907839213,-0.989382155314604,-1.54193933016072,-0.436824980468484,0.708939376243326,0.89813174773859,0.0683153992422043,1.72794809623498,0.882859930247051,0.796699779165212,0.681416448085707,0.911983110244716,TRUE,successful_fit,,317,"(317,)",4076176822,np.random.default_rng(np.random.SeedSequence(20260805).spawn(360)[317]),not_recorded_by_Figure_S2_script
OU_N100_R079,20260805,100,1.09421565530517,1.07714909183711,0.409551019748711,1.7447471639255,0.537715328629407,0.809869567889538,0.0269312012209799,1.5928079345581,0.835929160915156,0.841387180681922,0.720006051687481,0.962768309676363,TRUE,successful_fit,,318,"(318,)",4042606060,np.random.default_rng(np.random.SeedSequence(20260805).spawn(360)[318]),not_recorded_by_Figure_S2_script
OU_N100_R080,20260805,100,1.04615643936433,1.01398874488866,0.444281211951861,1.58369627782545,0.332398643106977,0.811841837019069,0,1.63313736459807,0.69563704629189,0.720873768036321,0.61659877383628,0.825148762236363,TRUE,successful_fit,,319,"(319,)",134679049,np.random.default_rng(np.random.SeedSequence(20260805).spawn(360)[319]),not_recorded_by_Figure_S2_script
OU_N100_R081,20260805,100,0.347071495224041,0.190113620167344,0.0630054097401606,0.317221830594527,1.37985505384775,1.19746645243155,0.176693882085284,2.21823902277781,0.250933284934761,0.244938163350438,0.208839783804959,0.281036542895917,TRUE,successful_fit,,320,"(320,)",146786754,np.random.default_rng(np.random.SeedSequence(20260805).spawn(360)[320]),not_recorded_by_Figure_S2_script
OU_N100_R082,20260805,100,-0.365509364472387,-0.126661445791771,-0.424585607326978,0.171262715743437,0.741668812098771,1.74800154192284,0.476075103242946,3.01992798060274,0.800471512318919,0.835674471602394,0.709621453438044,0.961727489766744,TRUE,successful_fit,,321,"(321,)",2742450621,np.random.default_rng(np.random.SeedSequence(20260805).spawn(360)[321]),not_recorded_by_Figure_S2_script
OU_N100_R083,20260805,100,1.04311791739585,1.55005570994099,1.12670227164921,1.97340914823276,1.1348485972217,1.38052208978392,0.22903613204626,2.53200804752157,0.852312984556926,0.938060257637,0.798364499521755,1.07775601575224,TRUE,successful_fit,,322,"(322,)",827029338,np.random.default_rng(np.random.SeedSequence(20260805).spawn(360)[322]),not_recorded_by_Figure_S2_script
OU_N100_R084,20260805,100,-0.514754989959758,-0.834076643766738,-1.2290573286846,-0.439095958848875,0.617197180407218,0.887009786188655,0,1.82072265106779,0.576948363375386,0.557845729020721,0.476346396056305,0.639345061985138,TRUE,successful_fit,,323,"(323,)",3633065804,np.random.default_rng(np.random.SeedSequence(20260805).spawn(360)[323]),not_recorded_by_Figure_S2_script
OU_N100_R085,20260805,100,0.169474453762331,0.692459016400553,0.513367909157063,0.871550123644042,0.964924227078561,2.68588595449995,0.998873969770001,4.37289793922989,0.740190478825687,0.764664471217642,0.6450025029241,0.884326439511184,TRUE,successful_fit,,324,"(324,)",309315288,np.random.default_rng(np.random.SeedSequence(20260805).spawn(360)[324]),not_recorded_by_Figure_S2_script
OU_N100_R086,20260805,100,-0.586036030276749,-0.237969217426042,-0.792909255381002,0.316970820528919,0.640224486835013,0.818724622416201,0,1.67031700176237,0.704532605402347,0.731106007118394,0.624994357195131,0.837217657041658,TRUE,successful_fit,,325,"(325,)",2411167344,np.random.default_rng(np.random.SeedSequence(20260805).spawn(360)[325]),not_recorded_by_Figure_S2_script
OU_N100_R087,20260805,100,0.838614790199647,1.02323006567838,0.752342320697321,1.29411781065944,0.461238271504188,0.81988803860278,0.0725022161713142,1.56727386103425,0.39790462173435,0.351264944754952,0.300793644657154,0.401736244852751,TRUE,successful_fit,,326,"(326,)",661347115,np.random.default_rng(np.random.SeedSequence(20260805).spawn(360)[326]),not_recorded_by_Figure_S2_script
OU_N100_R088,20260805,100,1.25890952494172,1.90784251631788,1.0944307429073,2.72125428972845,0.390079258708612,0.531641460309061,0,1.27383915121203,0.644811878397897,0.676088596814334,0.578783927026728,0.77339326660194,TRUE,successful_fit,,327,"(327,)",2182644022,np.random.default_rng(np.random.SeedSequence(20260805).spawn(360)[327]),not_recorded_by_Figure_S2_script
OU_N100_R089,20260805,100,-0.712080488588724,-0.652376255399628,-0.965348023322592,-0.339404487476664,1.44971922114607,1.49861454065803,0.340073231212625,2.65715585010344,0.772734170496301,0.751453413840577,0.639273624877645,0.86363320280351,TRUE,successful_fit,,328,"(328,)",1342807429,np.random.default_rng(np.random.SeedSequence(20260805).spawn(360)[328]),not_recorded_by_Figure_S2_script
OU_N100_R090,20260805,100,0.824350160376581,0.53480383982953,-0.0321463454694384,1.1017540251285,0.696073803585423,0.999480977260433,0.10095744547215,1.89800450904872,0.827300102869646,0.899216772829328,0.7683391417869,1.03009440387176,TRUE,successful_fit,,329,"(329,)",1459479427,np.random.default_rng(np.random.SeedSequence(20260805).spawn(360)[329]),not_recorded_by_Figure_S2_script
OU_N100_R091,20260805,100,0.067419711282096,0.0611341080574827,-0.191438079751338,0.313706295866303,1.30895958184225,1.33071826590089,0.240019783547282,2.4214167482545,0.545714559857242,0.536403857998288,0.456876089502354,0.615931626494223,TRUE,successful_fit,,330,"(330,)",896201282,np.random.default_rng(np.random.SeedSequence(20260805).spawn(360)[330]),not_recorded_by_Figure_S2_script
OU_N100_R092,20260805,100,-0.989940730203629,-0.999876283640353,-1.0711618423836,-0.928590724897106,0.689421033026724,2.63165865595711,0.94233294991575,4.32098436199847,0.258542110099421,0.298027304577257,0.251282696269646,0.344771912884868,TRUE,successful_fit,,331,"(331,)",1937999244,np.random.default_rng(np.random.SeedSequence(20260805).spawn(360)[331]),not_recorded_by_Figure_S2_script
OU_N100_R093,20260805,100,-0.665890439724852,-0.550788604098444,-1.01541325672668,-0.0861639514702049,0.338033407313385,0.62720561266834,0,1.38929173554118,0.475632087886017,0.452049962162275,0.38692324614085,0.517176678183701,TRUE,successful_fit,,332,"(332,)",3403038178,np.random.default_rng(np.random.SeedSequence(20260805).spawn(360)[332]),not_recorded_by_Figure_S2_script
OU_N100_R094,20260805,100,1.56900285127407,2.02690151323422,0.661936449322732,3.3918665771457,0.310273657454252,0.351089046896742,0,0.881823870957394,0.622405149492041,0.650706668292471,0.558493175552351,0.742920161032591,TRUE,successful_fit,,333,"(333,)",22966564,np.random.default_rng(np.random.SeedSequence(20260805).spawn(360)[333]),not_recorded_by_Figure_S2_script
OU_N100_R095,20260805,100,0.34260138771636,0.493969555924728,0.232427095288926,0.755512016560529,0.746504658570998,1.35238455654465,0.281483075929801,2.4232860371595,0.555433125934304,0.565854726386086,0.482271786185228,0.649437666586944,TRUE,successful_fit,,334,"(334,)",245765764,np.random.default_rng(np.random.SeedSequence(20260805).spawn(360)[334]),not_recorded_by_Figure_S2_script
OU_N100_R096,20260805,100,1.51300462249264,1.40145196346261,1.0516214521082,1.75128247481701,0.852349615546001,0.735085669781032,0,1.60036589479611,0.396311993890166,0.408314917203027,0.349020588864471,0.467609245541583,TRUE,successful_fit,,335,"(335,)",1761704361,np.random.default_rng(np.random.SeedSequence(20260805).spawn(360)[335]),not_recorded_by_Figure_S2_script
OU_N100_R097,20260805,100,1.71430158037661,1.54702992218493,1.26181207582572,1.83224776854414,0.425475566511376,0.666447342620773,0.121452946072187,1.21144173916936,0.278248932371607,0.278988406010103,0.239446839772607,0.318529972247599,TRUE,successful_fit,,336,"(336,)",2780285463,np.random.default_rng(np.random.SeedSequence(20260805).spawn(360)[336]),not_recorded_by_Figure_S2_script
OU_N100_R098,20260805,100,1.08723064539708,1.54921518591148,0.920771020937222,2.17765935088574,0.347628567720665,0.715408416921587,0,1.54670814368303,0.671016735547764,0.716700798904837,0.612768812300446,0.820632785509229,TRUE,successful_fit,,337,"(337,)",4100208314,np.random.default_rng(np.random.SeedSequence(20260805).spawn(360)[337]),not_recorded_by_Figure_S2_script
OU_N100_R099,20260805,100,-0.760314725044262,-0.728003352032094,-0.932628161352209,-0.523378542711979,0.60529409966701,0.918924609399698,0.00886271533023708,1.82898650346916,0.255808380213118,0.301488634797754,0.257548711042211,0.345428558553298,TRUE,successful_fit,,338,"(338,)",839122519,np.random.default_rng(np.random.SeedSequence(20260805).spawn(360)[338]),not_recorded_by_Figure_S2_script
OU_N100_R100,20260805,100,-0.389258745205208,-0.618334629935152,-0.970180091556351,-0.266489168313953,0.90143292361606,1.02335770667857,0.0830415499600463,1.96367386339708,0.664123912393647,0.572105984573193,0.488549471752264,0.655662497394122,TRUE,successful_fit,,339,"(339,)",358041671,np.random.default_rng(np.random.SeedSequence(20260805).spawn(360)[339]),not_recorded_by_Figure_S2_script
OU_N100_R101,20260805,100,1.32173620736525,0.942868169309905,0.700761040744016,1.18497529787579,0.837903856005757,1.29502342028131,0.184630326248241,2.40541651431437,0.492089465331856,0.503082841888059,0.428269666663286,0.577896017112832,TRUE,successful_fit,,340,"(340,)",305818867,np.random.default_rng(np.random.SeedSequence(20260805).spawn(360)[340]),not_recorded_by_Figure_S2_script
OU_N100_R102,20260805,100,-0.561046816790664,-0.455093643111752,-0.643626366796097,-0.266560919427408,0.723223286828905,2.08803093297612,0.679132888380841,3.4969289775714,0.683538950187061,0.629048236670073,0.533244911084853,0.724851562255293,TRUE,successful_fit,,341,"(341,)",4269227016,np.random.default_rng(np.random.SeedSequence(20260805).spawn(360)[341]),not_recorded_by_Figure_S2_script
OU_N100_R103,20260805,100,0.823248264455045,1.00910924599616,-0.394473200993841,2.41269169298617,0.341968267728235,0.215005628977182,0,0.733441422716383,0.316382657189267,0.315710694880842,0.270984023969252,0.360437365792431,TRUE,successful_fit,,342,"(342,)",764383059,np.random.default_rng(np.random.SeedSequence(20260805).spawn(360)[342]),not_recorded_by_Figure_S2_script
OU_N100_R104,20260805,100,-0.66609841442605,-1.31924956847706,-1.70677423587786,-0.931724901076261,0.662316134705185,1.42305073098297,0.315759794231935,2.53034166773401,0.835054356956507,0.875496842467335,0.745695828658323,1.00529785627635,TRUE,successful_fit,,343,"(343,)",2377531193,np.random.default_rng(np.random.SeedSequence(20260805).spawn(360)[343]),not_recorded_by_Figure_S2_script
OU_N100_R105,20260805,100,0.870445266748031,1.06718644871866,0.697395938315079,1.43697695912224,1.15517056381317,1.3118220815622,0.256126064779814,2.36751809834459,0.865360164608423,0.759202499688316,0.64743767214197,0.870967327234662,TRUE,successful_fit,,344,"(344,)",2887673671,np.random.default_rng(np.random.SeedSequence(20260805).spawn(360)[344]),not_recorded_by_Figure_S2_script
OU_N100_R106,20260805,100,1.21028758771512,1.47576697001051,0.879700298146222,2.07183364187479,1.1215199398966,0.817798056370293,0,1.64664515911872,0.776195934945094,0.782306865405946,0.669033000844529,0.895580729967364,TRUE,successful_fit,,345,"(345,)",1335726407,np.random.default_rng(np.random.SeedSequence(20260805).spawn(360)[345]),not_recorded_by_Figure_S2_script
OU_N100_R107,20260805,100,-0.198234393641285,0.0710755513763838,-0.142743916783003,0.28489501953577,0.767967850754813,0.998419734964839,0.0664118064270816,1.9304276635026,0.316801031448684,0.343788091490125,0.293526309420405,0.394049873559845,TRUE,successful_fit,,346,"(346,)",2801853795,np.random.default_rng(np.random.SeedSequence(20260805).spawn(360)[346]),not_recorded_by_Figure_S2_script
OU_N100_R108,20260805,100,-0.360683189146174,-0.846093234675455,-1.22141180116045,-0.470774668190457,0.398944379898467,0.820773043820295,0.0243072280145549,1.61723885962604,0.531260352776576,0.493910542859491,0.422630957225438,0.565190128493543,TRUE,successful_fit,,347,"(347,)",1766161979,np.random.default_rng(np.random.SeedSequence(20260805).spawn(360)[347]),not_recorded_by_Figure_S2_script
OU_N100_R109,20260805,100,-1.19105774271376,-1.04541407924857,-1.87591658433114,-0.214911574166005,0.616506808268147,0.532213312718983,0,1.21716892167308,0.714843337203979,0.70881031665748,0.607290162957537,0.810330470357423,TRUE,successful_fit,,348,"(348,)",2931423233,np.random.default_rng(np.random.SeedSequence(20260805).spawn(360)[348]),not_recorded_by_Figure_S2_script
OU_N100_R110,20260805,100,-0.626952833499009,-0.316468554391281,-0.841114349386927,0.208177240604366,0.43324069433347,0.882408273783339,0.0701303313006164,1.69468621626606,0.747153477813161,0.734378909443135,0.628243467080842,0.840514351805429,TRUE,successful_fit,,349,"(349,)",3474043310,np.random.default_rng(np.random.SeedSequence(20260805).spawn(360)[349]),not_recorded_by_Figure_S2_script
OU_N100_R111,20260805,100,-0.897875299015378,-0.994983303477499,-1.18208007800974,-0.807886528945255,0.726005513702684,2.06556551310467,0.633621982942919,3.49750904326642,0.566427680940914,0.617249260151927,0.52292372530028,0.711574795003574,TRUE,successful_fit,,350,"(350,)",97717093,np.random.default_rng(np.random.SeedSequence(20260805).spawn(360)[350]),not_recorded_by_Figure_S2_script
OU_N100_R112,20260805,100,0.338516351538313,0.285642351152979,0.0692235091413677,0.50206119316459,0.345899689869843,0.813768692912725,0,1.80594291311103,0.269565438332179,0.273365030083969,0.233141116248697,0.313588943919241,TRUE,successful_fit,,351,"(351,)",1066348207,np.random.default_rng(np.random.SeedSequence(20260805).spawn(360)[351]),not_recorded_by_Figure_S2_script
OU_N100_R113,20260805,100,0.605747583658992,0.6216241258677,0.00983197861770202,1.2334162731177,0.613321189031135,0.669725900931085,0,1.4066886633477,0.705441709009229,0.660326620758401,0.565378063453928,0.755275178062873,TRUE,successful_fit,,352,"(352,)",2127360760,np.random.default_rng(np.random.SeedSequence(20260805).spawn(360)[352]),not_recorded_by_Figure_S2_script
OU_N100_R114,20260805,100,-1.07631577221456,-1.07835582883567,-1.25891445797887,-0.897797199692461,1.00885977876855,1.76918887472367,0.471977439028861,3.06640031041848,0.479155592940035,0.507684306865775,0.431158255066606,0.584210358664943,TRUE,successful_fit,,353,"(353,)",1950079314,np.random.default_rng(np.random.SeedSequence(20260805).spawn(360)[353]),not_recorded_by_Figure_S2_script
OU_N100_R115,20260805,100,-0.849810384604059,-0.752849600614884,-1.09424630233378,-0.411452898895983,0.363038408921674,0.583026499538569,0,1.19776184470698,0.327482031592724,0.315577631862285,0.270640894560076,0.360514369164495,TRUE,successful_fit,,354,"(354,)",2742915976,np.random.default_rng(np.random.SeedSequence(20260805).spawn(360)[354]),not_recorded_by_Figure_S2_script
OU_N100_R116,20260805,100,-0.930567777343979,-0.853768121587871,-1.25993896243623,-0.447597280739515,0.471094724600071,0.471539816990949,0,1.10512967954798,0.324613718307849,0.297828930323744,0.255334254781167,0.340323605866322,TRUE,successful_fit,,355,"(355,)",3454380849,np.random.default_rng(np.random.SeedSequence(20260805).spawn(360)[355]),not_recorded_by_Figure_S2_script
OU_N100_R117,20260805,100,-0.150651920447981,-0.00944933292703138,-0.630811009430284,0.611912343576222,0.476327055858166,0.648739349701214,0,1.38560880948083,0.67960197523559,0.643328165161876,0.550820534728622,0.73583579559513,TRUE,successful_fit,,356,"(356,)",468305796,np.random.default_rng(np.random.SeedSequence(20260805).spawn(360)[356]),not_recorded_by_Figure_S2_script
OU_N100_R118,20260805,100,-0.188125176772836,0.309539715286873,-0.0160412250492376,0.635120655622983,0.481678073338368,1.12811413349656,0.135029529711444,2.12119873728168,0.610154417254334,0.590782784966397,0.504041874408067,0.677523695524727,TRUE,successful_fit,,357,"(357,)",796987872,np.random.default_rng(np.random.SeedSequence(20260805).spawn(360)[357]),not_recorded_by_Figure_S2_script
OU_N100_R119,20260805,100,1.11475464022873,1.01729571849173,0.408162494060847,1.62642894292262,1.24243730916265,0.698655110035059,0,1.47618690279432,0.711883608046214,0.673079636788546,0.575988098476458,0.770171175100634,TRUE,successful_fit,,358,"(358,)",1162915612,np.random.default_rng(np.random.SeedSequence(20260805).spawn(360)[358]),not_recorded_by_Figure_S2_script
OU_N100_R120,20260805,100,-0.720298953951012,-0.830639838324763,-1.13859291576084,-0.522686760888685,0.441681508749178,1.29729172562622,0.240209204787785,2.35437424646465,0.700504885544868,0.642901902361592,0.547841494623203,0.737962310099981,TRUE,successful_fit,,359,"(359,)",1577107547,np.random.default_rng(np.random.SeedSequence(20260805).spawn(360)[359]),not_recorded_by_Figure_S2_script
