n_observations,noise_sd,missing_probability,interval_pattern,replicate,observed_n,theta_true,sigma_true,theta_naive,sigma_naive,theta_abs_error_naive,sigma_abs_error_naive,theta_bound_naive,sigma_bound_naive,fit_success_naive,theta_measurement_aware,sigma_measurement_aware,theta_abs_error_measurement_aware,sigma_abs_error_measurement_aware,theta_bound_measurement_aware,sigma_bound_measurement_aware,fit_success_measurement_aware,theta_estimate,theta_abs_error,sigma_estimate,sigma_abs_error,success,theta_squared_error_naive,theta_squared_error_measurement_aware,sigma_squared_error_naive,sigma_squared_error_measurement_aware
5,0.0,0.0,regular,0,5,0.8,0.25,0.566253468277575,0.0692170080234916,0.2337465317224251,0.1807829919765083,False,False,True,0.566253468277575,0.0692170080234916,0.2337465317224251,0.1807829919765083,False,False,True,0.566253468277575,0.2337465317224251,0.0692170080234916,0.1807829919765083,True,0.054637441092262685,0.054637441092262685,0.0326824901879783,0.0326824901879783
5,0.0,0.0,regular,1,5,0.8,0.25,0.9436519729725024,0.2563566829651918,0.1436519729725023,0.0063566829651918,False,False,True,0.9436519729725024,0.2563566829651918,0.1436519729725023,0.0063566829651918,False,False,True,0.9436519729725024,0.1436519729725023,0.2563566829651918,0.0063566829651918,True,0.020635889338892537,0.020635889338892537,4.040741831995984e-05,4.040741831995984e-05
5,0.0,0.0,regular,2,5,0.8,0.25,14.544391520724956,0.6904423509550831,13.744391520724957,0.4404423509550831,False,False,True,14.544391520724956,0.6904423509550831,13.744391520724957,0.4404423509550831,False,False,True,14.544391520724956,13.744391520724957,0.6904423509550831,0.4404423509550831,True,188.90829827497603,188.90829827497603,0.1939894645148406,0.1939894645148406
5,0.0,0.0,regular,3,5,0.8,0.25,0.7512810726053064,0.0796876467735991,0.0487189273946936,0.1703123532264008,False,False,True,0.7512810726053064,0.0796876467735991,0.0487189273946936,0.1703123532264008,False,False,True,0.7512810726053064,0.0487189273946936,0.0796876467735991,0.1703123532264008,True,0.0023735338864894298,0.0023735338864894298,0.029006297661514347,0.029006297661514347
5,0.0,0.0,regular,4,5,0.8,0.25,9.792651024030471,0.3372008875607239,8.99265102403047,0.0872008875607239,False,False,True,9.792651024030471,0.3372008875607239,8.99265102403047,0.0872008875607239,False,False,True,9.792651024030471,8.99265102403047,0.3372008875607239,0.0872008875607239,True,80.86777243999627,80.86777243999627,0.007603994791378015,0.007603994791378015
5,0.0,0.0,regular,5,5,0.8,0.25,0.4732460818194013,0.0251573292391285,0.3267539181805987,0.2248426707608714,False,False,True,0.4732460818194013,0.0251573292391285,0.3267539181805987,0.2248426707608714,False,False,True,0.4732460818194013,0.3267539181805987,0.0251573292391285,0.2248426707608714,True,0.10676812304637341,0.10676812304637341,0.05055422659488166,0.05055422659488166
5,0.0,0.0,regular,6,5,0.8,0.25,16.238403413048058,0.7065346585360186,15.438403413048055,0.4565346585360186,False,False,True,16.238403413048058,0.7065346585360186,15.438403413048055,0.4565346585360186,False,False,True,16.238403413048058,15.438403413048055,0.7065346585360186,0.4565346585360186,True,238.3442999440139,238.3442999440139,0.2084238944445991,0.2084238944445991
5,0.0,0.0,regular,7,5,0.8,0.25,16.509775554887277,1.303036124567691,15.709775554887276,1.053036124567691,False,False,True,16.509775554887277,1.303036124567691,15.709775554887276,1.053036124567691,False,False,True,16.509775554887277,15.709775554887276,1.303036124567691,1.053036124567691,True,246.7970479849338,246.7970479849338,1.1088850796445415,1.1088850796445415
5,0.0,0.0,regular,8,5,0.8,0.25,0.64517936943254,0.1171368194069606,0.1548206305674601,0.1328631805930394,False,False,True,0.64517936943254,0.1171368194069606,0.1548206305674601,0.1328631805930394,False,False,True,0.64517936943254,0.1548206305674601,0.1171368194069606,0.1328631805930394,True,0.023969427649305958,0.023969427649305958,0.017652624757298608,0.017652624757298608
5,0.0,0.0,regular,9,5,0.8,0.25,12.772457381934368,0.640345593726991,11.972457381934367,0.3903455937269909,False,False,True,12.772457381934368,0.640345593726991,11.972457381934367,0.3903455937269909,False,False,True,12.772457381934368,11.972457381934367,0.640345593726991,0.3903455937269909,True,143.3397357622347,143.3397357622347,0.15236968254207708,0.15236968254207708
5,0.0,0.0,irregular,0,5,0.8,0.25,0.7712043745742849,0.2045827096951934,0.0287956254257151,0.0454172903048065,False,False,True,0.7712043745742849,0.2045827096951934,0.0287956254257151,0.0454172903048065,False,False,True,0.7712043745742849,0.0287956254257151,0.2045827096951934,0.0454172903048065,True,0.0008291880436580912,0.0008291880436580912,0.0020627302586310793,0.0020627302586310793
5,0.0,0.0,irregular,1,5,0.8,0.25,6.9840864204586515,0.7625060035112774,6.184086420458652,0.5125060035112774,False,False,True,6.9840864204586515,0.7625060035112774,6.184086420458652,0.5125060035112774,False,False,True,6.9840864204586515,6.184086420458652,0.7625060035112774,0.5125060035112774,True,38.2429248557011,38.2429248557011,0.26266240363510146,0.26266240363510146
5,0.0,0.0,irregular,2,5,0.8,0.25,0.0169772177921307,0.1649806011000035,0.7830227822078694,0.0850193988999964,False,False,True,0.0169772177921307,0.1649806011000035,0.7830227822078694,0.0850193988999964,False,False,True,0.0169772177921307,0.7830227822078694,0.1649806011000035,0.0850193988999964,True,0.6131246774565524,0.6131246774565524,0.007228298189316725,0.007228298189316725
5,0.0,0.0,irregular,3,5,0.8,0.25,15.09752019629966,0.4428096190483448,14.297520196299658,0.1928096190483448,False,False,True,15.09752019629966,0.4428096190483448,14.297520196299658,0.1928096190483448,False,False,True,15.09752019629966,14.297520196299658,0.4428096190483448,0.1928096190483448,True,204.41908376359666,204.41908376359666,0.03717554919756785,0.03717554919756785
5,0.0,0.0,irregular,4,5,0.8,0.25,2.0924579080236394,0.4129850911575063,1.2924579080236394,0.1629850911575063,False,False,True,2.0924579080236394,0.4129850911575063,1.2924579080236394,0.1629850911575063,False,False,True,2.0924579080236394,1.2924579080236394,0.4129850911575063,0.1629850911575063,True,1.6704474440128423,1.6704474440128423,0.026564139939620642,0.026564139939620642
5,0.0,0.0,irregular,5,5,0.8,0.25,19.999999999999996,0.7280311490276937,19.199999999999996,0.4780311490276937,True,False,True,19.999999999999996,0.7280311490276937,19.199999999999996,0.4780311490276937,True,False,True,19.999999999999996,19.199999999999996,0.7280311490276937,0.4780311490276937,True,368.6399999999998,368.6399999999998,0.2285137794407371,0.2285137794407371
5,0.0,0.0,irregular,6,5,0.8,0.25,0.0312528561110033,0.1163329352689951,0.7687471438889967,0.1336670647310048,False,False,True,0.0312528561110033,0.1163329352689951,0.7687471438889967,0.1336670647310048,False,False,True,0.0312528561110033,0.7687471438889967,0.1163329352689951,0.1336670647310048,True,0.5909721712374899,0.5909721712374899,0.017866884193802654,0.017866884193802654
5,0.0,0.0,irregular,7,5,0.8,0.25,2.064420135661489,0.2121723929458321,1.2644201356614888,0.0378276070541678,False,False,True,2.064420135661489,0.2121723929458321,1.2644201356614888,0.0378276070541678,False,False,True,2.064420135661489,1.2644201356614888,0.2121723929458321,0.0378276070541678,True,1.5987582794662178,1.5987582794662178,0.0014309278554445334,0.0014309278554445334
5,0.0,0.0,irregular,8,5,0.8,0.25,5.824990600531073,0.3671471589197056,5.024990600531074,0.1171471589197056,False,False,True,5.824990600531073,0.3671471589197056,5.024990600531074,0.1171471589197056,False,False,True,5.824990600531073,5.024990600531074,0.3671471589197056,0.1171471589197056,True,25.25053053542564,25.25053053542564,0.013723456842958764,0.013723456842958764
5,0.0,0.0,irregular,9,5,0.8,0.25,0.1963880600801282,0.1292951133925122,0.6036119399198718,0.1207048866074878,False,False,True,0.1963880600801282,0.1292951133925122,0.6036119399198718,0.1207048866074878,False,False,True,0.1963880600801282,0.6036119399198718,0.1292951133925122,0.1207048866074878,True,0.36434737401383094,0.36434737401383094,0.014569669650926487,0.014569669650926487
5,0.0,0.1,regular,0,4,0.8,0.25,0.8477700504855138,0.2030875563759358,0.0477700504855137,0.0469124436240641,False,False,True,0.8477700504855138,0.2030875563759358,0.0477700504855137,0.0469124436240641,False,False,True,0.8477700504855138,0.0477700504855137,0.2030875563759358,0.0469124436240641,True,0.0022819777233885324,0.0022819777233885324,0.0022007773667810007,0.0022007773667810007
5,0.0,0.1,regular,1,5,0.8,0.25,1.5905751991400414,0.4375844772006219,0.7905751991400414,0.1875844772006219,False,False,True,1.5905751991400414,0.4375844772006219,0.7905751991400414,0.1875844772006219,False,False,True,1.5905751991400414,0.7905751991400414,0.4375844772006219,0.1875844772006219,True,0.625009145495316,0.625009145495316,0.03518793608663063,0.03518793608663063
5,0.0,0.1,regular,2,5,0.8,0.25,16.06369486151501,1.199355687868327,15.26369486151501,0.9493556878683268,False,False,True,16.06369486151501,1.199355687868327,15.26369486151501,0.9493556878683268,False,False,True,16.06369486151501,15.26369486151501,1.199355687868327,0.9493556878683268,True,232.9803808254397,232.9803808254397,0.9012762220879441,0.9012762220879441
5,0.0,0.1,regular,3,5,0.8,0.25,14.46568339406878,0.6325926405582398,13.66568339406878,0.3825926405582398,False,False,True,14.46568339406878,0.6325926405582398,13.66568339406878,0.3825926405582398,False,False,True,14.46568339406878,13.66568339406878,0.6325926405582398,0.3825926405582398,True,186.75090262692717,186.75090262692717,0.1463771286093265,0.1463771286093265
5,0.0,0.1,regular,4,5,0.8,0.25,16.76163589511694,1.0335303990962588,15.961635895116938,0.7835303990962588,False,False,True,16.76163589511694,1.0335303990962588,15.961635895116938,0.7835303990962588,False,False,True,16.76163589511694,15.961635895116938,1.0335303990962588,0.7835303990962588,True,254.7738204482855,254.7738204482855,0.6139198863079426,0.6139198863079426
5,0.0,0.1,regular,5,5,0.8,0.25,16.479197271609923,1.3840097191333456,15.679197271609922,1.1340097191333456,False,False,True,16.479197271609923,1.3840097191333456,15.679197271609922,1.1340097191333456,False,False,True,16.479197271609923,15.679197271609922,1.3840097191333456,1.1340097191333456,True,245.83722708206002,245.83722708206002,1.2859780430888894,1.2859780430888894
5,0.0,0.1,regular,6,5,0.8,0.25,14.018588957577135,0.6601435311092209,13.218588957577136,0.4101435311092208,False,False,True,14.018588957577135,0.6601435311092209,13.218588957577136,0.4101435311092208,False,False,True,14.018588957577135,13.218588957577136,0.6601435311092209,0.4101435311092208,True,174.73109402938016,174.73109402938016,0.1682177161107404,0.1682177161107404
5,0.0,0.1,regular,7,4,0.8,0.25,0.1442841705262971,0.0052160659476739,0.6557158294737029,0.244783934052326,False,False,True,0.1442841705262971,0.0052160659476739,0.6557158294737029,0.244783934052326,False,False,True,0.1442841705262971,0.6557158294737029,0.0052160659476739,0.244783934052326,True,0.4299632490223862,0.4299632490223862,0.059919174370133534,0.059919174370133534
5,0.0,0.1,regular,8,5,0.8,0.25,15.53498062559822,1.0237539215994342,14.73498062559822,0.7737539215994342,False,False,True,15.53498062559822,1.0237539215994342,14.73498062559822,0.7737539215994342,False,False,True,15.53498062559822,14.73498062559822,1.0237539215994342,0.7737539215994342,True,217.11965403675487,217.11965403675487,0.5986951311905034,0.5986951311905034
5,0.0,0.1,regular,9,5,0.8,0.25,1.8083820563285755,0.158417518578454,1.0083820563285757,0.0915824814215459,False,False,True,1.8083820563285755,0.158417518578454,1.0083820563285757,0.0915824814215459,False,False,True,1.8083820563285755,1.0083820563285757,0.158417518578454,0.0915824814215459,True,1.0168343715254464,1.0168343715254464,0.00838735090332782,0.00838735090332782
5,0.0,0.1,irregular,0,4,0.8,0.25,2.2842115114074177,0.0211882236146724,1.4842115114074177,0.2288117763853275,False,False,True,2.2842115114074177,0.0211882236146724,1.4842115114074177,0.2288117763853275,False,False,True,2.2842115114074177,1.4842115114074177,0.0211882236146724,0.2288117763853275,True,2.202883810594291,2.202883810594291,0.05235482901260916,0.05235482901260916
5,0.0,0.1,irregular,1,5,0.8,0.25,1.7338456908789182,0.0968548281052593,0.933845690878918,0.1531451718947406,False,False,True,1.7338456908789182,0.0968548281052593,0.933845690878918,0.1531451718947406,False,False,True,1.7338456908789182,0.933845690878918,0.0968548281052593,0.1531451718947406,True,0.8720677743731239,0.8720677743731239,0.023453443674669675,0.023453443674669675
5,0.0,0.1,irregular,2,4,0.8,0.25,1.957868655807087,0.3304067711667278,1.157868655807087,0.0804067711667277,False,False,True,1.957868655807087,0.3304067711667278,1.157868655807087,0.0804067711667277,False,False,True,1.957868655807087,1.157868655807087,0.3304067711667278,0.0804067711667277,True,1.3406598241005105,1.3406598241005105,0.006465248849458527,0.006465248849458527
5,0.0,0.1,irregular,3,5,0.8,0.25,17.761149364654617,0.4850250341547636,16.961149364654617,0.2350250341547636,False,False,True,17.761149364654617,0.4850250341547636,16.961149364654617,0.2350250341547636,False,False,True,17.761149364654617,16.961149364654617,0.4850250341547636,0.2350250341547636,True,287.6805877701237,287.6805877701237,0.0552367666794478,0.0552367666794478
5,0.0,0.1,irregular,4,4,0.8,0.25,0.1939028271887856,0.0704729263908106,0.6060971728112144,0.1795270736091893,False,False,True,0.1939028271887856,0.0704729263908106,0.6060971728112144,0.1795270736091893,False,False,True,0.1939028271887856,0.6060971728112144,0.0704729263908106,0.1795270736091893,True,0.3673537828897471,0.3673537828897471,0.03222997015867931,0.03222997015867931
5,0.0,0.1,irregular,5,4,0.8,0.25,19.708461635325175,0.3601733549897892,18.908461635325175,0.1101733549897892,False,False,True,19.708461635325175,0.3601733549897892,18.908461635325175,0.1101733549897892,False,False,True,19.708461635325175,18.908461635325175,0.3601733549897892,0.1101733549897892,True,357.529921414564,357.529921414564,0.012138168149706108,0.012138168149706108
5,0.0,0.1,irregular,6,5,0.8,0.25,1.498239277090787,0.155217482691417,0.698239277090787,0.0947825173085829,False,False,True,1.498239277090787,0.155217482691417,0.698239277090787,0.0947825173085829,False,False,True,1.498239277090787,0.698239277090787,0.155217482691417,0.0947825173085829,True,0.4875380880722649,0.4875380880722649,0.008983725587351837,0.008983725587351837
5,0.0,0.1,irregular,7,5,0.8,0.25,0.0562633728494091,0.0732939282721184,0.743736627150591,0.1767060717278815,False,False,True,0.0562633728494091,0.0732939282721184,0.743736627150591,0.1767060717278815,False,False,True,0.0562633728494091,0.743736627150591,0.0732939282721184,0.1767060717278815,True,0.5531441705653372,0.5531441705653372,0.03122503578549924,0.03122503578549924
5,0.0,0.1,irregular,8,5,0.8,0.25,0.9578722341136996,0.2473668924645602,0.1578722341136995,0.0026331075354397,False,False,True,0.9578722341136996,0.2473668924645602,0.1578722341136995,0.0026331075354397,False,False,True,0.9578722341136996,0.1578722341136995,0.2473668924645602,0.0026331075354397,True,0.02492364230405076,0.02492364230405076,6.933255293189854e-06,6.933255293189854e-06
5,0.0,0.1,irregular,9,4,0.8,0.25,0.2739998515227492,0.0420231870395395,0.5260001484772507,0.2079768129604605,False,False,True,0.2739998515227492,0.0420231870395395,0.5260001484772507,0.2079768129604605,False,False,True,0.2739998515227492,0.5260001484772507,0.0420231870395395,0.2079768129604605,True,0.27667615619808994,0.27667615619808994,0.04325435472919037,0.04325435472919037
5,0.0,0.3,regular,0,4,0.8,0.25,0.5003474771376812,0.051836233651188,0.2996525228623188,0.1981637663488119,False,False,True,0.5003474771376812,0.051836233651188,0.2996525228623188,0.1981637663488119,False,False,True,0.5003474771376812,0.2996525228623188,0.051836233651188,0.1981637663488119,True,0.0897916344577525,0.0897916344577525,0.039268878293546555,0.039268878293546555
5,0.0,0.3,regular,1,4,0.8,0.25,1.2608169391228592,0.0462930823537503,0.4608169391228591,0.2037069176462496,False,False,True,1.2608169391228592,0.0462930823537503,0.4608169391228591,0.2037069176462496,False,False,True,1.2608169391228592,0.4608169391228591,0.0462930823537503,0.2037069176462496,True,0.21235225138256086,0.21235225138256086,0.04149650829693596,0.04149650829693596
5,0.0,0.3,regular,2,4,0.8,0.25,15.979854013227184,0.6651088627588864,15.179854013227184,0.4151088627588863,False,False,True,15.979854013227184,0.6651088627588864,15.179854013227184,0.4151088627588863,False,False,True,15.979854013227184,15.179854013227184,0.6651088627588864,0.4151088627588863,True,230.42796786288943,230.42796786288943,0.17231536794097596,0.17231536794097596
5,0.0,0.3,regular,4,4,0.8,0.25,11.87118877305546,1.617855797674859,11.07118877305546,1.367855797674859,False,False,True,11.87118877305546,1.617855797674859,11.07118877305546,1.367855797674859,False,False,True,11.87118877305546,11.07118877305546,1.617855797674859,1.367855797674859,True,122.57122084862924,122.57122084862924,1.871029483232725,1.871029483232725
5,0.0,0.3,regular,6,4,0.8,0.25,1.1145140994227796,0.2083437364966118,0.3145140994227795,0.0416562635033881,False,False,True,1.1145140994227796,0.2083437364966118,0.3145140994227795,0.0416562635033881,False,False,True,1.1145140994227796,0.3145140994227795,0.2083437364966118,0.0416562635033881,True,0.09891911873572204,0.09891911873572204,0.001735244289063711,0.001735244289063711
5,0.0,0.3,regular,8,4,0.8,0.25,16.545668341159057,0.5539164138041852,15.745668341159057,0.3039164138041852,False,False,True,16.545668341159057,0.5539164138041852,15.745668341159057,0.3039164138041852,False,False,True,16.545668341159057,15.745668341159057,0.5539164138041852,0.3039164138041852,True,247.9260715097786,247.9260715097786,0.09236518657959675,0.09236518657959675
5,0.0,0.3,regular,9,4,0.8,0.25,16.489202614660535,0.653174358412889,15.689202614660534,0.4031743584128889,False,False,True,16.489202614660535,0.653174358412889,15.689202614660534,0.4031743584128889,False,False,True,16.489202614660535,15.689202614660534,0.653174358412889,0.4031743584128889,True,246.15107868387094,246.15107868387094,0.16254956328164463,0.16254956328164463
5,0.0,0.3,irregular,0,5,0.8,0.25,19.999999999999996,0.5111970456247016,19.199999999999996,0.2611970456247016,True,False,True,19.999999999999996,0.5111970456247016,19.199999999999996,0.2611970456247016,True,False,True,19.999999999999996,19.199999999999996,0.5111970456247016,0.2611970456247016,True,368.6399999999998,368.6399999999998,0.06822389664307243,0.06822389664307243
5,0.0,0.3,irregular,1,5,0.8,0.25,1.1248407394284172,0.393219806677854,0.3248407394284172,0.143219806677854,False,False,True,1.1248407394284172,0.393219806677854,0.3248407394284172,0.143219806677854,False,False,True,1.1248407394284172,0.3248407394284172,0.393219806677854,0.143219806677854,True,0.10552150599240083,0.10552150599240083,0.020511913024841875,0.020511913024841875
5,0.0,0.3,irregular,2,5,0.8,0.25,0.8088005627229846,0.2527180806548368,0.0088005627229845,0.0027180806548368,False,False,True,0.8088005627229846,0.2527180806548368,0.0088005627229845,0.0027180806548368,False,False,True,0.8088005627229846,0.0088005627229845,0.2527180806548368,0.0027180806548368,True,7.744990424118564e-05,7.744990424118564e-05,7.3879624461980886e-06,7.3879624461980886e-06
5,0.0,0.3,irregular,3,4,0.8,0.25,19.999999999999996,0.2749870003371429,19.199999999999996,0.0249870003371429,True,False,True,19.999999999999996,0.2749870003371429,19.199999999999996,0.0249870003371429,True,False,True,19.999999999999996,19.199999999999996,0.2749870003371429,0.0249870003371429,True,368.6399999999998,368.6399999999998,0.0006243501858483797,0.0006243501858483797
5,0.0,0.3,irregular,4,5,0.8,0.25,19.999999999999996,0.6563810626246247,19.199999999999996,0.4063810626246247,True,False,True,19.999999999999996,0.6563810626246247,19.199999999999996,0.4063810626246247,True,False,True,19.999999999999996,19.199999999999996,0.6563810626246247,0.4063810626246247,True,368.6399999999998,368.6399999999998,0.16514556805991915,0.16514556805991915
5,0.0,0.3,irregular,6,4,0.8,0.25,17.747792937134395,1.126450979703922,16.947792937134395,0.8764509797039219,False,False,True,17.747792937134395,1.126450979703922,16.947792937134395,0.8764509797039219,False,False,True,17.747792937134395,16.947792937134395,1.126450979703922,0.8764509797039219,True,287.22768543998245,287.22768543998245,0.7681663198239645,0.7681663198239645
5,0.0,0.3,irregular,7,5,0.8,0.25,0.714455174039858,0.1704758310597257,0.085544825960142,0.0795241689402743,False,False,True,0.714455174039858,0.1704758310597257,0.085544825960142,0.0795241689402743,False,False,True,0.714455174039858,0.085544825960142,0.1704758310597257,0.0795241689402743,True,0.007317917248550986,0.007317917248550986,0.006324093445641289,0.006324093445641289
5,0.0,0.3,irregular,8,4,0.8,0.25,2.061002882348414,0.1320724374940544,1.261002882348414,0.1179275625059456,False,False,True,2.061002882348414,0.1320724374940544,1.261002882348414,0.1179275625059456,False,False,True,2.061002882348414,1.261002882348414,0.1320724374940544,0.1179275625059456,True,1.5901282692910081,1.5901282692910081,0.013906909998593708,0.013906909998593708
5,0.0,0.3,irregular,9,4,0.8,0.25,19.999999999999996,0.88871482929505,19.199999999999996,0.63871482929505,True,False,True,19.999999999999996,0.88871482929505,19.199999999999996,0.63871482929505,True,False,True,19.999999999999996,19.199999999999996,0.88871482929505,0.63871482929505,True,368.6399999999998,368.6399999999998,0.40795663316140485,0.40795663316140485
5,0.1,0.0,regular,0,5,0.8,0.25,1.1175118546895673,0.1590128863451977,0.3175118546895672,0.0909871136548022,False,False,True,1.117638596785192,0.0054565080571339,0.317638596785192,0.2445434919428661,False,False,True,1.1175118546895673,0.3175118546895672,0.1590128863451977,0.0909871136548022,True,0.10081377786840885,0.1008942781676658,0.008278654851231911,0.059801519451610614
5,0.1,0.0,regular,1,5,0.8,0.25,15.15650219969566,0.8677798604493755,14.356502199695658,0.6177798604493755,False,False,True,14.166543946647613,0.6484766718983733,13.366543946647612,0.3984766718983733,False,False,True,15.15650219969566,14.356502199695658,0.8677798604493755,0.6177798604493755,True,206.10915540986633,178.6644970776619,0.38165195597684987,0.15878365804720387
5,0.1,0.0,regular,2,5,0.8,0.25,14.896130782407354,0.7287022578158046,14.096130782407354,0.4787022578158045,False,False,True,15.483360667452882,0.4921893258941066,14.68336066745288,0.2421893258941066,False,False,True,14.896130782407354,14.096130782407354,0.7287022578158046,0.4787022578158045,True,198.70090303473216,215.6010804905023,0.22915585163794902,0.05865566957704176
5,0.1,0.0,regular,3,5,0.8,0.25,16.430335292797775,0.9097768673924336,15.630335292797774,0.6597768673924337,False,False,True,12.961173944794265,0.6274642574224735,12.161173944794262,0.3774642574224734,False,False,True,16.430335292797775,15.630335292797774,0.9097768673924336,0.6597768673924337,True,244.30738136527967,147.89415171554288,0.4353055147461729,0.14247926563149932
5,0.1,0.0,regular,4,5,0.8,0.25,13.98695634422517,0.6259706483893437,13.18695634422517,0.3759706483893437,False,False,True,19.999999999999996,0.4003648749232081,19.199999999999996,0.1503648749232081,True,False,True,13.98695634422517,13.18695634422517,0.6259706483893437,0.3759706483893437,True,173.89581762450044,368.6399999999998,0.1413539284503035,0.022609595610672016
5,0.1,0.0,regular,5,5,0.8,0.25,1.259190357782778,0.3034742988699105,0.4591903577827778,0.0534742988699105,False,False,True,1.2591743666935518,0.2542674471826663,0.4591743666935517,0.0042674471826663,False,False,True,1.259190357782778,0.4591903577827778,0.3034742988699105,0.0534742988699105,True,0.21085578468067573,0.2108410990284243,0.002859500639628512,1.8211105456846596e-05
5,0.1,0.0,regular,6,5,0.8,0.25,2.0286177223261523,0.2574636238555177,1.2286177223261523,0.0074636238555177,False,False,True,2.028638362798955,0.1587554026552885,1.2286383627989548,0.0912445973447114,False,False,True,2.0286177223261523,1.2286177223261523,0.2574636238555177,0.0074636238555177,True,1.5095015076139022,1.509552226541296,5.570568105665271e-05,0.00832557654459853
5,0.1,0.0,regular,7,5,0.8,0.25,1.3033425806597254,0.1943154819308433,0.5033425806597254,0.0556845180691566,False,False,True,1.3033554500849622,0.0980159800575589,0.5033554500849622,0.151984019942441,False,False,True,1.3033425806597254,0.5033425806597254,0.1943154819308433,0.0556845180691566,True,0.2533537535051921,0.25336670913023485,0.0031007655525942387,0.02309914231786433
5,0.1,0.0,regular,8,5,0.8,0.25,12.712475398221937,0.559916241924474,11.912475398221936,0.309916241924474,False,False,True,15.83963558271226,0.2717170921799695,15.03963558271226,0.0217170921799694,False,False,True,12.712475398221937,11.912475398221936,0.559916241924474,0.309916241924474,True,141.90707011324287,226.19063846078473,0.09604807700858908,0.0004716320927532914
5,0.1,0.0,regular,9,5,0.8,0.25,15.356810459546956,1.762074763771544,14.556810459546956,1.512074763771544,False,False,True,17.304117681269258,1.7755424600312046,16.504117681269257,1.5255424600312046,False,False,True,15.356810459546956,14.556810459546956,1.762074763771544,1.512074763771544,True,211.90073075517566,272.3859004371845,2.28637009123477,2.3272797973580595
5,0.1,0.0,irregular,0,5,0.8,0.25,19.999999999999996,0.4592664651677258,19.199999999999996,0.2092664651677258,True,False,True,0.714307748308778,4.671023941384231e-05,0.085692251691222,0.2499532897605861,False,False,True,19.999999999999996,19.199999999999996,0.4592664651677258,0.2092664651677258,True,368.6399999999998,0.007343161999911753,0.04379245344379499,0.06247664706213954
5,0.1,0.0,irregular,1,5,0.8,0.25,3.4450240311737157,0.1754318377175409,2.645024031173715,0.074568162282459,False,False,True,5.094654570828174,1.4895384956044244e-05,4.2946545708281745,0.2499851046150439,False,False,True,3.4450240311737157,2.645024031173715,0.1754318377175409,0.074568162282459,True,6.996152125486452,18.444057882735333,0.005560410826183157,0.062492552529394466
5,0.1,0.0,irregular,2,5,0.8,0.25,0.8978425995159035,0.1152902124297862,0.0978425995159034,0.1347097875702138,False,False,True,1.3376089254189785,6.474174303731089e-05,0.5376089254189784,0.2499352582569627,False,False,True,0.8978425995159035,0.0978425995159034,0.1152902124297862,0.1347097875702138,True,0.009573174280029472,0.2890233566901487,0.018146726867212127,0.06246763331997464
5,0.1,0.0,irregular,3,5,0.8,0.25,1.4809482978712654,0.2878813370413203,0.6809482978712653,0.0378813370413202,False,False,True,1.37224632135882,0.189683809191608,0.5722463213588198,0.060316190808392,False,False,True,1.4809482978712654,0.6809482978712653,0.2878813370413203,0.0378813370413202,True,0.4636905843737735,0.32746585230870195,0.001434995696038105,0.003638042873634353
5,0.1,0.0,irregular,4,5,0.8,0.25,19.999999999999996,1.431168722483933,19.199999999999996,1.181168722483933,True,False,True,18.967466036132535,1.2503781038077364,18.167466036132534,1.0003781038077364,False,False,True,19.999999999999996,19.199999999999996,1.431168722483933,1.181168722483933,True,368.6399999999998,330.0568221740292,1.395159550974326,1.0007563505779622
5,0.1,0.0,irregular,5,5,0.8,0.25,19.999999999999996,0.5604995407890776,19.199999999999996,0.3104995407890776,True,False,True,6.091496236337434,7.06267728554792e-05,5.2914962363374345,0.2499293732271445,False,False,True,19.999999999999996,19.199999999999996,0.5604995407890776,0.3104995407890776,True,368.6399999999998,27.999932419173234,0.09640996483022807,0.0624646916017133
5,0.1,0.0,irregular,6,5,0.8,0.25,10.663458787253646,0.8925892800202065,9.863458787253643,0.6425892800202065,False,False,True,2.0182551649350575,0.0604073491453729,1.2182551649350577,0.189592650854627,False,False,True,10.663458787253646,9.863458787253643,0.8925892800202065,0.6425892800202065,True,97.28781924785115,1.4841456468909442,0.41292098279688744,0.03594537325808453
5,0.1,0.0,irregular,7,5,0.8,0.25,10.524528960903233,0.294915352342158,9.724528960903232,0.044915352342158,False,False,True,10.60341264254126,2.4238168425581608e-05,9.80341264254126,0.2499757618315744,False,False,True,10.524528960903233,9.724528960903232,0.294915352342158,0.044915352342158,True,94.56646351144569,96.10689943993779,0.002017388876020197,0.06248788150327601
5,0.1,0.0,irregular,8,5,0.8,0.25,0.558353830033697,0.0815289765317061,0.241646169966303,0.1684710234682938,False,False,True,0.5256120338993469,1.1930498363876337e-05,0.2743879661006532,0.2499880695016361,False,False,True,0.558353830033697,0.241646169966303,0.0815289765317061,0.1684710234682938,True,0.058392871459383426,0.0752887559408532,0.028382485748454433,0.06249403489315485
5,0.1,0.0,irregular,9,5,0.8,0.25,11.61142690193269,0.3051333856766728,10.81142690193269,0.0551333856766728,False,False,True,19.945799296015576,0.0006476392244193,19.145799296015575,0.2493523607755806,False,False,True,11.61142690193269,10.81142690193269,0.3051333856766728,0.0551333856766728,True,116.88695165583387,366.5616306833105,0.0030396902161727505,0.06217659982435536
5,0.1,0.1,regular,0,5,0.8,0.25,0.1001927966550052,0.1690524824241706,0.6998072033449948,0.0809475175758293,False,False,True,0.1001988910367321,0.1117826364110877,0.6998011089632679,0.1382173635889122,False,False,True,0.1001927966550052,0.6998072033449948,0.1690524824241706,0.0809475175758293,True,0.4897301218535429,0.4897215921062196,0.006552500601689211,0.019104039597469577
5,0.1,0.1,regular,1,4,0.8,0.25,1.2695660825008992,0.1113573084790855,0.4695660825008991,0.1386426915209144,False,False,True,1.3525531633289305,0.0001217206575233,0.5525531633289302,0.2498782793424767,False,False,True,1.2695660825008992,0.4695660825008991,0.1113573084790855,0.1386426915209144,True,0.22049230583524124,0.3053149983048077,0.019221795912163463,0.06243915448715682
5,0.1,0.1,regular,2,5,0.8,0.25,16.60652211833701,0.7227420475129364,15.80652211833701,0.4727420475129363,False,False,True,15.247552421622,0.4178995128006099,14.447552421622,0.1678995128006099,False,False,True,16.60652211833701,15.80652211833701,0.7227420475129364,0.4727420475129363,True,249.84614147747715,208.7317709755157,0.22348504348672338,0.028190246398682162
5,0.1,0.1,regular,3,5,0.8,0.25,14.12588002219652,0.9669663893415262,13.32588002219652,0.7169663893415262,False,False,True,15.48218701647559,0.8456697385126759,14.68218701647559,0.5956697385126759,False,False,True,14.12588002219652,13.32588002219652,0.9669663893415262,0.7169663893415262,True,177.57907836597633,215.56661558676439,0.514040803445425,0.3548224373797597
5,0.1,0.1,regular,4,4,0.8,0.25,17.79722190288234,0.7246662722925568,16.99722190288234,0.4746662722925567,False,False,True,14.990514760146164,0.3775010296376923,14.190514760146163,0.1275010296376922,False,False,True,17.79722190288234,16.99722190288234,0.7246662722925568,0.4746662722925567,True,288.9055524158232,201.37070915792611,0.22530807005211165,0.016256512558671683
5,0.1,0.1,regular,6,4,0.8,0.25,11.78955265382366,0.92886387562873,10.989552653823658,0.67886387562873,False,False,True,14.827945209495244,0.8880232438298278,14.027945209495243,0.6380232438298278,False,False,True,11.78955265382366,10.989552653823658,0.92886387562873,0.67886387562873,True,120.77026753116265,196.78324680060055,0.4608561616336597,0.4070736596671359
5,0.1,0.1,regular,7,5,0.8,0.25,13.244478859169831,0.1912444933963836,12.44447885916983,0.0587555066036163,False,False,True,19.999999999999996,0.0001066034588628,19.199999999999996,0.2498933965411371,True,False,True,13.244478859169831,12.44447885916983,0.1912444933963836,0.0587555066036163,True,154.86505407632484,368.6399999999998,0.0034522095562476095,0.062446709634866045
5,0.1,0.1,regular,8,4,0.8,0.25,12.542882603519752,0.5674190363093532,11.742882603519751,0.3174190363093532,False,False,True,15.966664245071572,0.3008977387780064,15.166664245071573,0.0508977387780064,False,False,True,12.542882603519752,11.742882603519751,0.5674190363093532,0.3174190363093532,True,137.8952918400468,230.0277043227324,0.10075484461155848,0.002590579812714177
5,0.1,0.1,regular,9,5,0.8,0.25,13.895539431998053,1.023121531277027,13.095539431998052,0.773121531277027,False,False,True,15.10605698299537,0.9142466117429918,14.306056982995369,0.6642466117429918,False,False,True,13.895539431998053,13.095539431998052,1.023121531277027,0.773121531277027,True,171.49315301501585,204.66326640071054,0.597716902124135,0.4412235612120449
5,0.1,0.1,irregular,0,5,0.8,0.25,2.2384684125313337,0.1646369382638542,1.4384684125313336,0.0853630617361457,False,False,True,3.372179520219747,9.803081827134536e-05,2.5721795202197466,0.2499019691817286,False,False,True,2.2384684125313337,1.4384684125313336,0.1646369382638542,0.0853630617361457,True,2.069191373850415,6.616107484237886,0.0072868523089690395,0.06245099420090566
5,0.1,0.1,irregular,1,5,0.8,0.25,13.074006224989816,0.630914579357566,12.274006224989815,0.380914579357566,False,False,True,19.98418100857399,0.4569070932462165,19.184181008573994,0.2069070932462164,False,False,True,13.074006224989816,12.274006224989815,0.630914579357566,0.380914579357566,True,150.65122881108874,368.03280096973094,0.14509591676715144,0.04281054523559852
5,0.1,0.1,irregular,2,5,0.8,0.25,19.999999999999996,1.1880515366525295,19.199999999999996,0.9380515366525296,True,False,True,19.999999999999996,1.005716257934673,19.199999999999996,0.755716257934673,True,False,True,19.999999999999996,19.199999999999996,1.1880515366525295,0.9380515366525296,True,368.6399999999998,368.6399999999998,0.8799406854161719,0.5711070625067852
5,0.1,0.1,irregular,3,5,0.8,0.25,19.07608818370918,1.149657951117259,18.27608818370918,0.8996579511172593,False,False,True,19.999999999999996,0.9926964692672487,19.199999999999996,0.7426964692672489,True,False,True,19.07608818370918,18.27608818370918,1.149657951117259,0.8996579511172593,True,334.0153992987143,368.6399999999998,0.8093844290085046,0.5515980454620374
5,0.1,0.1,irregular,4,5,0.8,0.25,19.999999999999996,1.647106266012003,19.199999999999996,1.397106266012003,True,False,True,19.999999999999996,1.5208409687131466,19.199999999999996,1.2708409687131466,True,False,True,19.999999999999996,19.199999999999996,1.647106266012003,1.397106266012003,True,368.6399999999998,368.6399999999998,1.9519059185300018,1.6150367677597688
5,0.1,0.1,irregular,5,4,0.8,0.25,1.6718955789550078,0.4302377779138058,0.8718955789550078,0.1802377779138058,False,False,True,1.7869583476446598,0.402669736420145,0.9869583476446596,0.152669736420145,False,False,True,1.6718955789550078,0.8718955789550078,0.4302377779138058,0.1802377779138058,True,0.7602019006012882,0.974086779985477,0.03248565658730638,0.02330804841859654
5,0.1,0.1,irregular,6,5,0.8,0.25,0.5117413657048591,0.06710323406767,0.288258634295141,0.1828967659323299,False,False,True,0.7029463370129884,0.000145383316616,0.0970536629870116,0.2498546166833839,False,False,True,0.5117413657048591,0.288258634295141,0.06710323406767,0.1828967659323299,True,0.08309304024569983,0.009419413499196441,0.03345122698850551,0.06242732947800075
5,0.1,0.1,irregular,8,5,0.8,0.25,19.999999999999996,0.8478079622015326,19.199999999999996,0.5978079622015326,True,False,True,2.073604856349884,4.861507107405696e-05,1.273604856349884,0.2499513849289259,False,False,True,19.999999999999996,19.199999999999996,0.8478079622015326,0.5978079622015326,True,368.6399999999998,1.6220693301180082,0.35737435967154907,0.062475694827888104
5,0.1,0.1,irregular,9,5,0.8,0.25,4.240014582956485,0.2867445596543061,3.4400145829564854,0.0367445596543061,False,False,True,4.455798260779212,6.678386257924688e-05,3.655798260779212,0.2499332161374207,False,False,True,4.240014582956485,3.4400145829564854,0.2867445596543061,0.0367445596543061,True,11.833700330953283,13.364860923516314,0.001350162664188861,0.06246661252879468
5,0.1,0.3,regular,0,5,0.8,0.25,0.1592372428313964,0.0446509498844126,0.6407627571686036,0.2053490501155873,False,False,True,0.50575141870972,0.0001713078915314,0.2942485812902801,0.2498286921084685,False,False,True,0.1592372428313964,0.6407627571686036,0.0446509498844126,0.2053490501155873,True,0.4105769109743109,0.08658222759134257,0.04216823238337403,0.062414375400628
5,0.1,0.3,regular,1,5,0.8,0.25,1.1834498471680146,0.2011289266141101,0.3834498471680145,0.0488710733858898,False,False,True,1.183454734662721,0.1191349404389222,0.383454734662721,0.1308650595610778,False,False,True,1.1834498471680146,0.3834498471680145,0.2011289266141101,0.0488710733858898,True,0.1470337852931737,0.1470375335352578,0.0023883818138890353,0.01712566381392444
5,0.1,0.3,regular,2,4,0.8,0.25,0.9672462091662454,0.2398105334986727,0.1672462091662453,0.0101894665013272,False,False,True,0.9302655235343116,0.1792487832319598,0.1302655235343115,0.0707512167680401,False,False,True,0.9672462091662454,0.1672462091662453,0.2398105334986727,0.0101894665013272,True,0.027971294480479483,0.016969106621668274,0.00010382522758167107,0.005005734674158211
5,0.1,0.3,regular,4,4,0.8,0.25,0.5562367919964103,0.1496771924259173,0.2437632080035897,0.1003228075740826,False,False,True,11.35702624857268,0.3815591989292522,10.55702624857268,0.1315591989292522,False,False,True,0.5562367919964103,0.2437632080035897,0.1496771924259173,0.1003228075740826,True,0.05942050157620136,111.45080321305254,0.010064665719546428,0.01730782282290656
5,0.1,0.3,regular,7,4,0.8,0.25,14.694859450897734,1.4494823401457946,13.894859450897734,1.1994823401457946,False,False,True,11.463738375507049,1.1873312202310522,10.663738375507046,0.9373312202310522,False,False,True,14.694859450897734,13.894859450897734,1.4494823401457946,1.1994823401457946,True,193.06711916020208,113.7153161412617,1.4387578843216315,0.8785898164198332
5,0.1,0.3,regular,8,4,0.8,0.25,13.200154767620964,0.9358864787955536,12.400154767620965,0.6858864787955536,False,False,True,13.287626699525925,0.7848223430897933,12.487626699525924,0.5348223430897933,False,False,True,13.200154767620964,12.400154767620965,0.9358864787955536,0.6858864787955536,True,153.7638382609529,155.94082058671273,0.47044026179456344,0.2860349386680565
5,0.1,0.3,regular,9,5,0.8,0.25,16.003345935421198,0.9695310728629885,15.203345935421195,0.7195310728629885,False,False,True,12.515855680993532,0.6963017431769164,11.715855680993531,0.4463017431769164,False,False,True,16.003345935421198,15.203345935421195,0.9695310728629885,0.7195310728629885,True,231.14172763208822,137.2612743378684,0.5177249648153632,0.19918524596275425
5,0.1,0.3,irregular,0,5,0.8,0.25,3.729751805013106,0.2546951146434614,2.9297518050131064,0.0046951146434613,False,False,True,15.085214515105276,0.0004246313577502,14.285214515105274,0.2495753686422497,False,False,True,3.729751805013106,2.9297518050131064,0.2546951146434614,0.0046951146434613,True,8.583445638977555,204.06735374257445,2.2044101515245626e-05,0.062287864632914886
5,0.1,0.3,irregular,1,4,0.8,0.25,7.731467263666691,0.8536472176274259,6.931467263666691,0.6036472176274259,False,False,True,9.9535183794327,0.8357847093355492,9.1535183794327,0.5857847093355492,False,False,True,7.731467263666691,6.931467263666691,0.8536472176274259,0.6036472176274259,True,48.045238427283,83.78689872261222,0.3643899633493329,0.34314372569133383
5,0.1,0.3,irregular,4,5,0.8,0.25,0.6772252174284834,0.1124838106105368,0.1227747825715166,0.1375161893894631,False,False,True,19.999999999999996,0.0001106790926869,19.199999999999996,0.249889320907313,True,False,True,0.6772252174284834,0.1227747825715166,0.1124838106105368,0.1375161893894631,True,0.015073647235483186,368.6399999999998,0.01891070234419871,0.06244467270351811
5,0.1,0.3,irregular,5,4,0.8,0.25,0.3141777768177351,0.0191611408586452,0.4858222231822649,0.2308388591413547,False,False,True,0.3915976908175448,1.5845517329848683e-05,0.4084023091824552,0.2499841544826701,False,False,True,0.3141777768177351,0.4858222231822649,0.0191611408586452,0.2308388591413547,True,0.23602323253775842,0.16679244614556177,0.05328657888968224,0.06249207749241549
5,0.1,0.3,irregular,6,4,0.8,0.25,0.6994630924705149,0.0357413239589211,0.1005369075294851,0.2142586760410788,False,False,True,1.2305014742998583,0.0001538741114014,0.4305014742998583,0.2498461258885985,False,False,True,0.6994630924705149,0.1005369075294851,0.0357413239589211,0.2142586760410788,True,0.010107669775592255,0.18533151937435155,0.045906780258876,0.06242308662154147
5,0.1,0.3,irregular,7,4,0.8,0.25,2.4666231348278056,0.4816690774787303,1.6666231348278056,0.2316690774787302,False,False,True,1.8032740645566327,0.000233623248204,1.0032740645566327,0.2497663767517959,False,False,True,2.4666231348278056,1.6666231348278056,0.4816690774787303,0.2316690774787302,True,2.7776326735432617,1.0065588486119863,0.05367056145984593,0.0623832429557201
5,0.1,0.3,irregular,9,4,0.8,0.25,1.9151081384881723,0.0582819803163723,1.1151081384881725,0.1917180196836277,False,False,True,19.999999999999996,5.3149022724660846e-05,19.199999999999996,0.2499468509772753,True,False,True,1.9151081384881723,1.1151081384881725,0.0582819803163723,0.1917180196836277,True,1.2434661605225568,368.6399999999998,0.03675579907141186,0.062473428313456286
5,0.25,0.0,regular,0,5,0.8,0.25,12.974136718271422,0.8994677247842426,12.174136718271422,0.6494677247842426,False,False,True,19.999999999999996,9.18916083315215e-05,19.199999999999996,0.2499081083916684,True,False,True,12.974136718271422,12.174136718271422,0.8994677247842426,0.6494677247842426,True,148.20960483516447,368.6399999999998,0.4218083255364207,0.062454062639901914
5,0.25,0.0,regular,1,5,0.8,0.25,0.5896569520505289,0.5581933851203403,0.2103430479494711,0.3081933851203403,False,False,True,0.5896598160626465,0.4405636136640194,0.2103401839373535,0.1905636136640194,False,False,True,0.5896569520505289,0.2103430479494711,0.5581933851203403,0.3081933851203403,True,0.04424419782067351,0.044242992978799724,0.09498316263193442,0.036314490852689646
5,0.25,0.0,regular,2,5,0.8,0.25,14.448545597503344,1.2137798195265954,13.648545597503343,0.9637798195265954,False,False,True,19.999999999999996,0.0024071642876402,19.199999999999996,0.2475928357123597,True,False,True,14.448545597503344,13.648545597503343,1.2137798195265954,0.9637798195265954,True,186.2827969271279,368.6399999999998,0.9288715405267168,0.06130221229608759
5,0.25,0.0,regular,3,5,0.8,0.25,0.3204188450975711,0.2601070407755648,0.4795811549024289,0.0101070407755648,False,False,True,0.4367675651216245,0.0003397077063067,0.3632324348783755,0.2496602922936933,False,False,True,0.3204188450975711,0.4795811549024289,0.2601070407755648,0.0101070407755648,True,0.22999808413754752,0.13193780174767333,0.00010215227323892932,0.06233026154817237
5,0.25,0.0,regular,4,5,0.8,0.25,16.218074970346056,1.2282688887537792,15.418074970346057,0.9782688887537792,False,False,True,19.999999999999996,0.0004877381659438,19.199999999999996,0.2495122618340561,True,False,True,16.218074970346056,15.418074970346057,1.2282688887537792,0.9782688887537792,True,237.71703579121152,368.6399999999998,0.957010018703554,0.062256368805546615
5,0.25,0.0,regular,5,5,0.8,0.25,12.675901080663982,0.8066454460853704,11.87590108066398,0.5566454460853704,False,False,True,19.999999999999996,0.0014361979146842,19.199999999999996,0.2485638020853157,True,False,True,12.675901080663982,11.87590108066398,0.8066454460853704,0.5566454460853704,True,141.03702647771593,368.6399999999998,0.309854152647581,0.06178396370710805
5,0.25,0.0,regular,6,5,0.8,0.25,15.87878179377211,1.3150908724907002,15.078781793772109,1.0650908724907002,False,False,True,19.999999999999996,0.0014929184124623,19.199999999999996,0.2485070815875376,True,False,True,15.87878179377211,15.078781793772109,1.3150908724907002,1.0650908724907002,True,227.36966038419322,368.6399999999998,1.1344185666630011,0.06175576959915512
5,0.25,0.0,regular,7,5,0.8,0.25,12.608635342960946,0.7282936510827301,11.808635342960946,0.4782936510827301,False,False,True,19.999999999999996,0.0003988374052561,19.199999999999996,0.2496011625947438,True,False,True,12.608635342960946,11.808635342960946,0.7282936510827301,0.4782936510827301,True,139.44386866302636,368.6399999999998,0.2287648166660484,0.062300740368647786
5,0.25,0.0,regular,8,5,0.8,0.25,16.349647169021043,1.2985991236398422,15.549647169021044,1.0485991236398422,False,False,True,19.999999999999996,0.0010092134753079,19.199999999999996,0.248990786524692,True,False,True,16.349647169021043,15.549647169021044,1.2985991236398422,1.0485991236398422,True,241.79152708104414,368.6399999999998,1.0995601220982452,0.06199641177418479
5,0.25,0.0,regular,9,5,0.8,0.25,15.009353192621791,1.6617073966924774,14.209353192621792,1.4117073966924774,False,False,True,12.842044937166236,0.8702280056505725,12.042044937166237,0.6202280056505725,False,False,True,15.009353192621791,14.209353192621792,1.6617073966924774,1.4117073966924774,True,201.90571815267108,145.01084626873094,1.9929177738762516,0.3846827789932865
5,0.25,0.0,irregular,0,5,0.8,0.25,19.300056468889025,0.8223433246542122,18.500056468889024,0.5723433246542122,False,False,True,19.999999999999996,0.0002171185294707,19.199999999999996,0.2497828814705292,True,False,True,19.300056468889025,18.500056468889024,0.8223433246542122,0.5723433246542122,True,342.25208935208263,368.6399999999998,0.32757688127623696,0.062391487875720485
5,0.25,0.0,irregular,1,5,0.8,0.25,1.159368372536778,0.6745913486221051,0.359368372536778,0.4245913486221051,False,False,True,0.8479412846545252,0.2472242767607691,0.0479412846545251,0.0027757232392308,False,False,True,1.159368372536778,0.359368372536778,0.6745913486221051,0.4245913486221051,True,0.12914562717973246,0.002298366774326212,0.18027781332473802,7.70463950080644e-06
5,0.25,0.0,irregular,2,5,0.8,0.25,0.9203699236208802,0.3748377146770166,0.1203699236208801,0.1248377146770166,False,False,True,0.870804339481405,0.1199767481238321,0.0708043394814049,0.1300232518761678,False,False,True,0.9203699236208802,0.1203699236208801,0.3748377146770166,0.1248377146770166,True,0.014488918512496526,0.005013254489398042,0.015584455005780205,0.016906046028453397
5,0.25,0.0,irregular,3,5,0.8,0.25,0.4027822600845597,0.0811127543523563,0.3972177399154403,0.1688872456476436,False,False,True,1.198578172763784,0.0003934842624883,0.398578172763784,0.2496065157375116,False,False,True,0.4027822600845597,0.3972177399154403,0.0811127543523563,0.1688872456476436,True,0.1577819329035304,0.1588645598037169,0.02852290174244754,0.06230341269862067
5,0.25,0.0,irregular,4,5,0.8,0.25,19.999999999999996,0.5835616667814854,19.199999999999996,0.3335616667814853,True,False,True,19.999999999999996,3.249856744158064e-05,19.199999999999996,0.2499675014325584,True,False,True,19.999999999999996,19.199999999999996,0.5835616667814854,0.3335616667814853,True,368.6399999999998,368.6399999999998,0.11126338554604268,0.06248375177243609
5,0.25,0.0,irregular,5,5,0.8,0.25,19.999999999999996,1.508588631716723,19.199999999999996,1.258588631716723,True,False,True,19.999999999999996,0.0046770896190731,19.199999999999996,0.2453229103809268,True,False,True,19.999999999999996,19.199999999999996,1.508588631716723,1.258588631716723,True,368.6399999999998,368.6399999999998,1.584045343886573,0.060183330357768294
5,0.25,0.0,irregular,6,5,0.8,0.25,19.999999999999996,1.2940684380485297,19.199999999999996,1.0440684380485297,True,False,True,19.999999999999996,0.0003620956278182,19.199999999999996,0.2496379043721817,True,False,True,19.999999999999996,19.199999999999996,1.2940684380485297,1.0440684380485297,True,368.6399999999998,368.6399999999998,1.0900789033290965,0.06231908329933459
5,0.25,0.0,irregular,7,5,0.8,0.25,0.8288391746008532,0.5506539049174605,0.0288391746008531,0.3006539049174604,False,False,True,0.3842106479403701,2.393173678473603e-05,0.4157893520596299,0.2499760682632152,False,False,True,0.8288391746008532,0.0288391746008531,0.5506539049174605,0.3006539049174604,True,0.0008316979916584945,0.1728807852861669,0.09039277054211736,0.06248803470433565
5,0.25,0.0,irregular,8,5,0.8,0.25,19.999999999999996,1.4283151536515228,19.199999999999996,1.1783151536515228,True,False,True,1.4245022521065118,2.7329068750837128e-05,0.6245022521065118,0.2499726709312491,False,False,True,19.999999999999996,19.199999999999996,1.4283151536515228,1.1783151536515228,True,368.6399999999998,0.3900030628861052,1.3884266013248119,0.06248633621250258
5,0.25,0.0,irregular,9,5,0.8,0.25,19.20345088975604,0.738592478612631,18.403450889756037,0.488592478612631,False,False,True,19.999999999999996,0.000263917844424,19.199999999999996,0.2497360821555759,True,False,True,19.20345088975604,18.403450889756037,0.738592478612631,0.488592478612631,True,338.6870046516624,368.6399999999998,0.23872261015683427,0.0623681107304166
5,0.25,0.1,regular,0,4,0.8,0.25,0.7408588165533804,0.3349862120442891,0.0591411834466196,0.084986212044289,False,False,True,10.899202906615283,0.0077841882563914,10.099202906615282,0.2422158117436086,False,False,True,0.7408588165533804,0.0591411834466196,0.3349862120442891,0.084986212044289,True,0.0034976795794667208,101.99389934898657,0.007222656237636866,0.05866849945861524
5,0.25,0.1,regular,1,4,0.8,0.25,12.807750308263016,0.6619990327205261,12.007750308263017,0.411999032720526,False,False,True,19.999999999999996,0.0006928934211156,19.199999999999996,0.2493071065788843,True,False,True,12.807750308263016,12.007750308263017,0.6619990327205261,0.411999032720526,True,144.18606746559053,368.6399999999998,0.1697432029626491,0.06215403339073523
5,0.25,0.1,regular,2,5,0.8,0.25,14.720722628020786,1.2145014482697594,13.920722628020783,0.9645014482697594,False,False,True,17.505851760016807,0.0029087750353124,16.705851760016806,0.2470912249646875,False,False,True,14.720722628020786,13.920722628020783,1.2145014482697594,0.9645014482697594,True,193.7865184862899,279.0854830276566,0.9302630437144633,0.061054073454549856
5,0.25,0.1,regular,3,5,0.8,0.25,13.579651924259847,0.6273765697442054,12.779651924259849,0.3773765697442054,False,False,True,19.999999999999996,0.0001150282543573,19.199999999999996,0.2498849717456426,True,False,True,13.579651924259847,12.779651924259849,0.6273765697442054,0.3773765697442054,True,163.3195033052384,368.6399999999998,0.14241307539190312,0.06244249910432065
5,0.25,0.1,regular,4,5,0.8,0.25,12.9279007296648,0.7370923967913615,12.127900729664798,0.4870923967913615,False,False,True,18.98750497177523,0.004430476341125,18.18750497177523,0.2455695236588749,False,False,True,12.9279007296648,12.127900729664798,0.7370923967913615,0.4870923967913615,True,147.085976108604,330.7853370983487,0.23725900301195316,0.06030439095004676
5,0.25,0.1,regular,5,5,0.8,0.25,19.045046310475016,2.4031596603513563,18.245046310475015,2.1531596603513563,False,False,True,15.689777399287882,1.672275057170989,14.88977739928788,1.422275057170989,False,False,True,19.045046310475016,18.245046310475015,2.4031596603513563,2.1531596603513563,True,332.88171487137794,221.70547100034418,4.636096522964368,2.02286633825074
5,0.25,0.1,regular,6,5,0.8,0.25,15.271685338497043,0.4054748846494028,14.471685338497045,0.1554748846494028,False,False,True,19.999999999999996,8.235220795547349e-05,19.199999999999996,0.2499176477920445,True,False,True,15.271685338497043,14.471685338497045,0.4054748846494028,0.1554748846494028,True,209.42967653647025,368.6399999999998,0.024172439756745105,0.062458830677908424
5,0.25,0.1,regular,7,5,0.8,0.25,1.090504433714489,0.2799479554144028,0.2905044337144888,0.0299479554144028,False,False,True,1.2563851123025431,0.0001541847926176,0.4563851123025433,0.2498458152073823,False,False,True,1.090504433714489,0.2905044337144888,0.2799479554144028,0.0299479554144028,True,0.08439282600777585,0.20828737073140485,0.0008968800335030589,0.06242293137664147
5,0.25,0.1,regular,8,4,0.8,0.25,15.2901586241545,2.2493626383306258,14.4901586241545,1.9993626383306256,False,False,True,14.646303311352426,1.7366036490327417,13.846303311352424,1.4866036490327417,False,False,True,15.2901586241545,14.4901586241545,2.2493626383306258,1.9993626383306256,True,209.96469695315903,191.72011538996915,3.997450959552401,2.209990409317463
5,0.25,0.1,regular,9,5,0.8,0.25,11.76489606784105,1.0178007073343431,10.96489606784105,0.7678007073343431,False,False,True,19.999999999999996,0.0033354165130512,19.199999999999996,0.2466645834869487,True,False,True,11.76489606784105,10.96489606784105,1.0178007073343431,0.7678007073343431,True,120.22894577855611,368.6399999999998,0.5895179261831176,0.06084341674678994
5,0.25,0.1,irregular,0,5,0.8,0.25,6.474179762654773,1.2810842902492734,5.674179762654773,1.0310842902492734,False,False,True,2.6041574646337144,0.4067153048657675,1.8041574646337144,0.1567153048657675,False,False,True,6.474179762654773,5.674179762654773,1.2810842902492734,1.0310842902492734,True,32.19631597892097,3.2549841571935523,1.0631348135988479,0.024559686779170455
5,0.25,0.1,irregular,2,5,0.8,0.25,19.999999999999996,0.3268282172131126,19.199999999999996,0.0768282172131126,True,False,True,19.999999999999996,4.7101961532512494e-05,19.199999999999996,0.2499528980384674,True,False,True,19.999999999999996,19.199999999999996,0.3268282172131126,0.0768282172131126,True,368.6399999999998,368.6399999999998,0.005902574960145213,0.06247645123782852
5,0.25,0.1,irregular,3,5,0.8,0.25,19.999999999999996,0.3740424324664493,19.199999999999996,0.1240424324664493,True,False,True,19.999999999999996,0.0018739618762339,19.199999999999996,0.248126038123766,True,False,True,19.999999999999996,19.199999999999996,0.3740424324664493,0.1240424324664493,True,368.6399999999998,368.6399999999998,0.015386525052193636,0.06156653079499663
5,0.25,0.1,irregular,4,5,0.8,0.25,0.0024892434660119,0.2587288628686262,0.7975107565339881,0.0087288628686262,False,False,True,0.0031582224553239,1.0000000000000004e-06,0.7968417775446761,0.249999,False,True,True,0.0024892434660119,0.7975107565339881,0.2587288628686262,0.0087288628686262,True,0.6360234067874142,0.6349568184405591,7.619304697928077e-05,0.062499500001
5,0.25,0.1,irregular,5,4,0.8,0.25,19.05458627744416,0.5975718003616728,18.25458627744416,0.3475718003616728,False,False,True,19.999999999999996,0.0004182524261518,19.199999999999996,0.2495817475738481,True,False,True,19.05458627744416,18.25458627744416,0.5975718003616728,0.3475718003616728,True,333.22992016065257,368.6399999999998,0.12080615640665453,0.06229104872201609
5,0.25,0.1,irregular,6,4,0.8,0.25,17.387969406285404,1.155656022621436,16.587969406285403,0.905656022621436,False,False,True,19.999999999999996,0.0003287985293159,19.199999999999996,0.249671201470684,True,False,True,17.387969406285404,16.587969406285403,1.155656022621436,0.905656022621436,True,275.1607290238605,368.6399999999998,0.8202128313104792,0.06233570884381494
5,0.25,0.1,irregular,7,4,0.8,0.25,0.6795036769467595,0.2551321152779338,0.1204963230532405,0.0051321152779337,False,False,True,1.1844914586714257,7.78232306594562e-05,0.3844914586714254,0.2499221767693405,False,False,True,0.6795036769467595,0.1204963230532405,0.2551321152779338,0.0051321152779337,True,0.014519363869350908,0.14783368179128062,2.6338607226001317e-05,0.0624610944411255
5,0.25,0.1,irregular,8,5,0.8,0.25,19.999999999999996,1.183903324906767,19.199999999999996,0.933903324906767,True,False,True,19.999999999999996,0.0017151490785503,19.199999999999996,0.2482848509214497,True,False,True,19.999999999999996,19.199999999999996,1.183903324906767,0.933903324906767,True,368.6399999999998,368.6399999999998,0.8721754202719144,0.0616453671970865
5,0.25,0.1,irregular,9,5,0.8,0.25,1.5752766541334011,0.4475516270318318,0.7752766541334011,0.1975516270318318,False,False,True,2.653060045171689,0.1003137137045731,1.853060045171689,0.1496862862954268,False,False,True,1.5752766541334011,0.7752766541334011,0.4475516270318318,0.1975516270318318,True,0.6010538904442811,3.4338315310117022,0.039026645342923987,0.02240598430491651
5,0.25,0.3,regular,0,4,0.8,0.25,0.658334221610604,0.1279616804715809,0.1416657783893961,0.122038319528419,False,False,True,1.5495480568423765,1.7336804305383717e-05,0.7495480568423765,0.2499826631956946,False,False,True,0.658334221610604,0.1416657783893961,0.1279616804715809,0.122038319528419,True,0.020069192766673485,0.5618222895161824,0.014893351433320517,0.06249133189841209
5,0.25,0.3,regular,1,5,0.8,0.25,11.566055529931104,1.2596333908495958,10.766055529931103,1.0096333908495958,False,False,True,17.38288465065265,0.460207923196033,16.582884650652648,0.210207923196033,False,False,True,11.566055529931104,10.766055529931103,1.2596333908495958,1.0096333908495958,True,115.90795167356009,274.9920633368512,1.0193595839184526,0.0441873709743893
5,0.25,0.3,regular,4,5,0.8,0.25,15.142172817417878,1.4640623411807896,14.342172817417875,1.2140623411807896,False,False,True,19.999999999999996,0.5754511179118738,19.199999999999996,0.3254511179118737,True,False,True,15.142172817417878,14.342172817417875,1.4640623411807896,1.2140623411807896,True,205.69792112468025,368.6399999999998,1.47394736827338,0.10591843015008835
5,0.25,0.3,regular,5,4,0.8,0.25,12.75877607672846,1.0256031860453902,11.95877607672846,0.7756031860453902,False,False,True,19.999999999999996,0.0038115766651334,19.199999999999996,0.2461884233348665,True,False,True,12.75877607672846,11.95877607672846,1.0256031860453902,0.7756031860453902,True,143.0123252533329,368.6399999999998,0.6015603022037602,0.06060873978410749
5,0.25,0.3,regular,6,4,0.8,0.25,17.12175864783138,1.2914404186931143,16.32175864783138,1.0414404186931143,False,False,True,19.999999999999996,0.0027565227567477,19.199999999999996,0.2472434772432522,True,False,True,17.12175864783138,16.32175864783138,1.2914404186931143,1.0414404186931143,True,266.3998053580585,368.6399999999998,1.0845981456876892,0.06112933703933462
5,0.25,0.3,regular,7,4,0.8,0.25,17.157703253965845,0.7832803035031383,16.357703253965845,0.5332803035031383,False,False,True,19.999999999999996,0.0017007243704447,19.199999999999996,0.2482992756295552,True,False,True,17.157703253965845,16.357703253965845,0.7832803035031383,0.5332803035031383,True,267.57445574480477,368.6399999999998,0.28438788210439925,0.06165253027816188
5,0.25,0.3,regular,8,5,0.8,0.25,14.899687987020387,1.3393422832284618,14.099687987020388,1.0893422832284618,False,False,True,19.999999999999996,0.0084709608594576,19.199999999999996,0.2415290391405423,True,False,True,14.899687987020387,14.099687987020388,1.3393422832284618,1.0893422832284618,True,198.801201331327,368.6399999999998,1.1866666100293983,0.05833627674815367
5,0.25,0.3,regular,9,5,0.8,0.25,0.2824073154991726,0.4131157558089567,0.5175926845008274,0.1631157558089567,False,False,True,0.2824056077765457,0.2579663904568265,0.5175943922234543,0.0079663904568265,False,False,True,0.2824073154991726,0.5175926845008274,0.4131157558089567,0.1631157558089567,True,0.26790218704877306,0.267903954861167,0.026606749793127195,6.34633769106165e-05
5,0.25,0.3,irregular,2,5,0.8,0.25,19.999999999999996,2.194792940495048,19.199999999999996,1.944792940495048,True,False,True,19.58961842382911,1.5065256729637484,18.789618423829108,1.2565256729637484,False,False,True,19.999999999999996,19.199999999999996,2.194792940495048,1.944792940495048,True,368.6399999999998,353.04976051309825,3.7822195813993758,1.5788567668170008
5,0.25,0.3,irregular,3,5,0.8,0.25,19.999999999999996,1.6497054948228602,19.199999999999996,1.3997054948228602,True,False,True,16.2393197719826,0.424123602147639,15.4393197719826,0.174123602147639,False,False,True,19.999999999999996,19.199999999999996,1.6497054948228602,1.3997054948228602,True,368.6399999999998,238.37259502153285,1.959175472237308,0.03031902882486927
5,0.25,0.3,irregular,6,5,0.8,0.25,0.2269736224944951,0.0792165073681168,0.5730263775055049,0.1707834926318831,False,False,True,0.4811572215778077,7.547875366639463e-06,0.3188427784221923,0.2499924521246333,False,False,True,0.2269736224944951,0.5730263775055049,0.0792165073681168,0.1707834926318831,True,0.3283592293170814,0.10166071735198323,0.0291670013555445,0.0624962261192871
5,0.25,0.3,irregular,7,4,0.8,0.25,2.6273509751833437,0.4580058636848921,1.8273509751833437,0.2080058636848921,False,False,True,3.869312421161208,6.175649828112297e-05,3.069312421161208,0.2499382435017188,False,False,True,2.6273509751833437,1.8273509751833437,0.4580058636848921,0.2080058636848921,True,3.339211586503517,9.420678738694479,0.043266439327297915,0.06246912556472451
5,0.25,0.3,irregular,8,5,0.8,0.25,19.999999999999996,1.8593059030594503,19.199999999999996,1.6093059030594503,True,False,True,4.306877707682401,0.0004053571090458,3.506877707682401,0.2495946428909541,False,False,True,19.999999999999996,19.199999999999996,1.8593059030594503,1.6093059030594503,True,368.6399999999998,12.298191256639772,2.589865489621993,0.06229748575986296
5,0.25,0.3,irregular,9,5,0.8,0.25,19.999999999999996,1.281588115418068,19.199999999999996,1.031588115418068,True,False,True,19.999999999999996,4.458717792271726e-05,19.199999999999996,0.2499554128220772,True,False,True,19.999999999999996,19.199999999999996,1.281588115418068,1.031588115418068,True,368.6399999999998,368.6399999999998,1.0641740398718011,0.062477708399055074
5,0.5,0.0,regular,0,5,0.8,0.25,15.531143079564783,0.7400237824250704,14.731143079564784,0.4900237824250704,False,False,True,19.999999999999996,0.0017637799811039,19.199999999999996,0.248236220018896,True,False,True,15.531143079564783,14.731143079564784,0.7400237824250704,0.4900237824250704,True,217.00657643060939,368.6399999999998,0.24012330734217271,0.061621220929269784
5,0.5,0.0,regular,1,5,0.8,0.25,0.561652943193832,0.0467576419848687,0.238347056806168,0.2032423580151313,False,False,True,2.396616409604817,4.071731834157334e-05,1.596616409604817,0.2499592826816584,False,False,True,0.561652943193832,0.238347056806168,0.0467576419848687,0.2032423580151313,True,0.056809319488162716,2.5491839594193766,0.04130745609155081,0.062479642998729226
5,0.5,0.0,regular,2,5,0.8,0.25,14.30212575561044,1.903876852209071,13.50212575561044,1.653876852209071,False,False,True,19.999999999999996,0.0054447608611493,19.199999999999996,0.2445552391388507,True,False,True,14.30212575561044,13.50212575561044,1.903876852209071,1.653876852209071,True,182.30739992031877,368.6399999999998,2.7353086422729853,0.05980726499026045
5,0.5,0.0,regular,3,5,0.8,0.25,16.780504790094515,2.0940198933439933,15.980504790094514,1.8440198933439933,False,False,True,19.999999999999996,0.0006189243107575,19.199999999999996,0.2493810756892424,True,False,True,16.780504790094515,15.980504790094514,2.0940198933439933,1.8440198933439933,True,255.3765333462337,368.6399999999998,3.4004093670483924,0.0621909209119237
5,0.5,0.0,regular,4,5,0.8,0.25,16.16445228897617,1.3911252560318024,15.364452288976173,1.1411252560318024,False,False,True,19.999999999999996,0.0001712499984028,19.199999999999996,0.2498287500015971,True,False,True,16.16445228897617,15.364452288976173,1.3911252560318024,1.1411252560318024,True,236.0663941402251,368.6399999999998,1.3021668499536465,0.062414404327360555
5,0.5,0.0,regular,5,5,0.8,0.25,13.693923453894712,1.7344487768198371,12.893923453894711,1.4844487768198371,False,False,True,19.999999999999996,0.0051358402317845,19.199999999999996,0.2448641597682154,True,False,True,13.693923453894712,12.893923453894711,1.7344487768198371,1.4844487768198371,True,166.25326203489612,368.6399999999998,2.2035881710019107,0.05995845673899416
5,0.5,0.0,regular,6,5,0.8,0.25,16.364716097113558,3.2977727974287125,15.564716097113555,3.0477727974287125,False,False,True,12.819326495699428,1.4524213504169887,12.019326495699428,1.2024213504169887,False,False,True,16.364716097113558,15.564716097113555,3.2977727974287125,3.0477727974287125,True,242.26038718374588,144.46420941022228,9.28891902474644,1.4458171039386147
5,0.5,0.0,regular,7,5,0.8,0.25,15.383123814274963,2.2360748123259166,14.583123814274964,1.9860748123259169,False,False,True,19.999999999999996,0.0055244582270581,19.199999999999996,0.2444755417729418,True,False,True,15.383123814274963,14.583123814274964,2.2360748123259166,1.9860748123259169,True,212.66750018247353,368.6399999999998,3.944493160155425,0.059768290525173455
5,0.5,0.0,regular,8,5,0.8,0.25,15.462394540802595,0.6232469091455028,14.662394540802596,0.3732469091455028,False,False,True,19.999999999999996,0.0001062758950615,19.199999999999996,0.2498937241049384,True,False,True,15.462394540802595,14.662394540802596,0.6232469091455028,0.3732469091455028,True,214.98581367015774,368.6399999999998,0.13931325518667126,0.06244687334703513
5,0.5,0.0,regular,9,5,0.8,0.25,0.503058104649271,0.2724064649053406,0.296941895350729,0.0224064649053406,False,False,True,1.781662533588626,0.0001629901763367,0.981662533588626,0.2498370098236632,False,False,True,0.503058104649271,0.296941895350729,0.2724064649053406,0.0224064649053406,True,0.0881744892144833,0.9636613298516402,0.0005020496695542598,0.062418531477629234
5,0.5,0.0,irregular,0,5,0.8,0.25,19.999999999999996,2.095163886081973,19.199999999999996,1.8451638860819728,True,False,True,19.999999999999996,0.0033826273175624,19.199999999999996,0.2466173726824375,True,False,True,19.999999999999996,19.199999999999996,2.095163886081973,1.8451638860819728,True,368.6399999999998,368.6399999999998,3.4046297665011283,0.060820128508788325
5,0.5,0.0,irregular,1,5,0.8,0.25,19.999999999999996,2.3695318994653927,19.199999999999996,2.1195318994653927,True,False,True,19.999999999999996,0.0002592339133968,19.199999999999996,0.2497407660866032,True,False,True,19.999999999999996,19.199999999999996,2.3695318994653927,2.1195318994653927,True,368.6399999999998,368.6399999999998,4.492415472851375,0.06237045024552346
5,0.5,0.0,irregular,2,5,0.8,0.25,19.999999999999996,2.548835585221187,19.199999999999996,2.298835585221187,True,False,True,19.999999999999996,0.000692259164976,19.199999999999996,0.2493077408350239,True,False,True,19.999999999999996,19.199999999999996,2.548835585221187,2.298835585221187,True,368.6399999999998,368.6399999999998,5.284645047879238,0.06215434964026349
5,0.5,0.0,irregular,3,5,0.8,0.25,19.874048017914827,2.924522867253614,19.074048017914823,2.674522867253614,False,False,True,1.7285194708386762,0.0005029789548575,0.928519470838676,0.2494970210451424,False,False,True,19.874048017914827,19.074048017914823,2.924522867253614,2.674522867253614,True,363.81930778972054,0.8621484077265351,7.153072567462492,0.06224876351040027
5,0.5,0.0,irregular,4,5,0.8,0.25,19.999999999999996,2.2500621410488097,19.199999999999996,2.0000621410488097,True,False,True,19.999999999999996,0.0017186152453388,19.199999999999996,0.2482813847546611,True,False,True,19.999999999999996,19.199999999999996,2.2500621410488097,2.0000621410488097,True,368.6399999999998,368.6399999999998,4.000248568056749,0.061643646015692104
5,0.5,0.0,irregular,5,5,0.8,0.25,19.999999999999996,5.143300518606281,19.199999999999996,4.893300518606281,True,False,True,19.999999999999996,3.724023779580754,19.199999999999996,3.474023779580754,True,False,True,19.999999999999996,19.199999999999996,5.143300518606281,4.893300518606281,True,368.6399999999998,368.6399999999998,23.944389965392496,12.068841221092548
5,0.5,0.0,irregular,6,5,0.8,0.25,19.999999999999996,3.0992758177691053,19.199999999999996,2.8492758177691053,True,False,True,0.4806895245791177,1.0000000000000004e-06,0.3193104754208823,0.249999,False,True,True,19.999999999999996,19.199999999999996,3.0992758177691053,2.8492758177691053,True,368.6399999999998,0.10195917971350993,8.118372685723804,0.062499500001
5,0.5,0.0,irregular,7,5,0.8,0.25,6.763478424179411,1.4858518035583357,5.963478424179411,1.2358518035583357,False,False,True,19.999999999999996,0.0067378470375988,19.199999999999996,0.2432621529624011,True,False,True,6.763478424179411,5.963478424179411,1.4858518035583357,1.2358518035583357,True,35.56307491565335,368.6399999999998,1.5273296803583911,0.059176475063902674
5,0.5,0.0,irregular,8,5,0.8,0.25,19.999999999999996,2.294958220949549,19.199999999999996,2.044958220949549,True,False,True,19.999999999999996,0.0009043468119124,19.199999999999996,0.2490956531880875,True,False,True,19.999999999999996,19.199999999999996,2.294958220949549,2.044958220949549,True,368.6399999999998,368.6399999999998,4.181854125429145,0.06204864443720002
5,0.5,0.0,irregular,9,5,0.8,0.25,19.999999999999996,2.7270865918795963,19.199999999999996,2.4770865918795963,True,False,True,19.999999999999996,0.0079306474975043,19.199999999999996,0.2420693525024956,True,False,True,19.999999999999996,19.199999999999996,2.7270865918795963,2.4770865918795963,True,368.6399999999998,368.6399999999998,6.135957983669674,0.05859757142097752
5,0.5,0.1,regular,0,5,0.8,0.25,3.262584829503049,1.394344947727524,2.462584829503049,1.144344947727524,False,False,True,3.262083633517519,0.5584957069400899,2.462083633517519,0.3084957069400899,False,False,True,3.262584829503049,2.462584829503049,1.394344947727524,1.144344947727524,True,6.064324042498561,6.06185581843483,1.3095253593895098,0.09516960120046582
5,0.5,0.1,regular,1,5,0.8,0.25,16.524195024505076,3.0917100153118273,15.724195024505075,2.8417100153118273,False,False,True,12.547946490463463,0.9922411725384988,11.747946490463464,0.7422411725384989,False,False,True,16.524195024505076,15.724195024505075,3.0917100153118273,2.8417100153118273,True,247.25030916867016,138.01424674279278,8.075315811123545,0.5509219582113255
5,0.5,0.1,regular,2,5,0.8,0.25,14.628679509868697,2.098780305052073,13.828679509868694,1.848780305052073,False,False,True,19.999999999999996,0.0043612090799342,19.199999999999996,0.2456387909200657,True,False,True,14.628679509868697,13.828679509868694,2.098780305052073,1.848780305052073,True,191.2323769866623,368.6399999999998,3.417988616348436,0.0603384156046718
5,0.5,0.1,regular,3,4,0.8,0.25,15.26891949313034,1.1822762016708634,14.46891949313034,0.9322762016708634,False,False,True,19.999999999999996,0.000368277878775,19.199999999999996,0.2496317221212249,True,False,True,15.26891949313034,14.46891949313034,1.1822762016708634,0.9322762016708634,True,209.34963129868711,368.6399999999998,0.8691389162018525,0.062315996689208494
5,0.5,0.1,regular,4,5,0.8,0.25,16.884658938301772,1.692151003634922,16.08465893830177,1.442151003634922,False,False,True,17.060657641458313,0.005194492305098,16.260657641458312,0.2448055076949019,False,False,True,16.884658938301772,16.08465893830177,1.692151003634922,1.442151003634922,True,258.71625316149107,264.40898693271663,2.0797995172852133,0.05992973659775872
5,0.5,0.1,regular,5,5,0.8,0.25,17.2197419371004,1.9166393173918497,16.4197419371004,1.6666393173918497,False,False,True,19.999999999999996,0.0052710596145618,19.199999999999996,0.2447289403854381,True,False,True,17.2197419371004,16.4197419371004,1.9166393173918497,1.6666393173918497,True,269.60792528097363,368.6399999999998,2.7776866142763708,0.05989225426217936
5,0.5,0.1,regular,6,5,0.8,0.25,14.552561783189594,1.5286010348604044,13.752561783189591,1.2786010348604044,False,False,True,19.999999999999996,0.0004579239916599,19.199999999999996,0.24954207600834,True,False,True,14.552561783189594,13.752561783189591,1.5286010348604044,1.2786010348604044,True,189.13295560044693,368.6399999999998,1.6348206063460973,0.06227124769855219
5,0.5,0.1,regular,7,5,0.8,0.25,15.901582305629466,2.621155878955846,15.101582305629464,2.371155878955846,False,False,True,19.999999999999996,0.0088308625876707,19.199999999999996,0.2411691374123292,True,False,True,15.901582305629466,15.101582305629464,2.621155878955846,2.371155878955846,True,228.05778813370097,368.6399999999998,5.62238020230687,0.058162552840206966
5,0.5,0.1,regular,8,5,0.8,0.25,13.78546225910702,3.1542030183182823,12.98546225910702,2.9042030183182823,False,False,True,16.360466285342458,1.9045058836321016,15.560466285342455,1.6545058836321018,False,False,True,13.78546225910702,12.98546225910702,3.1542030183182823,2.9042030183182823,True,168.62223008269277,242.12811101727928,8.43439517160902,2.7373897189732412
5,0.5,0.1,regular,9,5,0.8,0.25,14.51891493772401,1.8272356995742367,13.718914937724008,1.5772356995742367,False,False,True,19.999999999999996,0.0063434351966162,19.199999999999996,0.2436565648033837,True,False,True,14.51891493772401,13.718914937724008,1.8272356995742367,1.5772356995742367,True,188.20862706850693,368.6399999999998,2.4876724520114317,0.05936852157178557
5,0.5,0.1,irregular,0,5,0.8,0.25,19.999999999999996,1.7647214914386276,19.199999999999996,1.5147214914386276,True,False,True,19.999999999999996,0.0037565229293656,19.199999999999996,0.2462434770706343,True,False,True,19.999999999999996,19.199999999999996,1.7647214914386276,1.5147214914386276,True,368.6399999999998,368.6399999999998,2.2943811966260603,0.06063584999983605
5,0.5,0.1,irregular,1,5,0.8,0.25,19.999999999999996,5.559926615700602,19.199999999999996,5.309926615700602,True,False,True,19.999999999999996,4.573179347912333,19.199999999999996,4.323179347912333,True,False,True,19.999999999999996,19.199999999999996,5.559926615700602,5.309926615700602,True,368.6399999999998,368.6399999999998,28.195320664125653,18.689879674215707
5,0.5,0.1,irregular,2,5,0.8,0.25,19.429614677449894,2.336416153319372,18.629614677449897,2.086416153319372,False,False,True,19.999999999999996,0.0002472470822527,19.199999999999996,0.2497527529177472,True,False,True,19.429614677449894,18.629614677449897,2.336416153319372,2.086416153319372,True,347.0625430302565,368.6399999999998,4.353132364832006,0.062376437589993325
5,0.5,0.1,irregular,3,5,0.8,0.25,0.7213496710789039,0.714935822203114,0.0786503289210961,0.464935822203114,False,False,True,0.4145079178017525,0.0009177901942731,0.3854920821982475,0.2490822098057268,False,False,True,0.7213496710789039,0.0786503289210961,0.714935822203114,0.464935822203114,True,0.006185874239396611,0.14860414543754044,0.21616531876768566,0.06204194724170416
5,0.5,0.1,irregular,4,5,0.8,0.25,19.999999999999996,4.111369852875531,19.199999999999996,3.861369852875531,True,False,True,19.999999999999996,2.6269269701096225,19.199999999999996,2.3769269701096225,True,False,True,19.999999999999996,19.199999999999996,4.111369852875531,3.861369852875531,True,368.6399999999998,368.6399999999998,14.910177140696,5.649781821234511
5,0.5,0.1,irregular,5,5,0.8,0.25,19.225055617469415,1.2380177653847122,18.425055617469415,0.9880177653847122,False,False,True,19.999999999999996,0.0001885168678545,19.199999999999996,0.2498114831321454,True,False,True,19.225055617469415,18.425055617469415,1.2380177653847122,0.9880177653847122,True,339.48267450684125,368.6399999999998,0.9761791047158002,0.06240577710468221
5,0.5,0.1,irregular,6,5,0.8,0.25,5.717705017695598,1.4216597158135753,4.9177050176955985,1.1716597158135753,False,False,True,6.750680727520073,0.0002509677094383,5.950680727520073,0.2497490322905616,False,False,True,5.717705017695598,4.9177050176955985,1.4216597158135753,1.1716597158135753,True,24.183822641068467,35.41060112087882,1.372786489660348,0.06237457913007203
5,0.5,0.1,irregular,7,5,0.8,0.25,19.999999999999996,3.031103659747626,19.199999999999996,2.781103659747626,True,False,True,19.999999999999996,0.0037629672829879,19.199999999999996,0.246237032717012,True,False,True,19.999999999999996,19.199999999999996,3.031103659747626,2.781103659747626,True,368.6399999999998,368.6399999999998,7.73453756626164,0.06063267628127889
5,0.5,0.1,irregular,8,5,0.8,0.25,7.462180372081442,1.9460415215904323,6.662180372081442,1.6960415215904323,False,False,True,8.95964987779579,0.2105931798620475,8.15964987779579,0.0394068201379524,False,False,True,7.462180372081442,6.662180372081442,1.9460415215904323,1.6960415215904323,True,44.38464731014722,66.57988612821285,2.876556842958789,0.0015528974733849382
5,0.5,0.1,irregular,9,5,0.8,0.25,19.999999999999996,3.052253353615255,19.199999999999996,2.802253353615255,True,False,True,1.045511516178775,0.0001032789844862,0.2455115161787748,0.2498967210155138,False,False,True,19.999999999999996,19.199999999999996,3.052253353615255,2.802253353615255,True,368.6399999999998,0.060275904576400835,7.852623857847944,0.06244837117430554
5,0.5,0.3,regular,0,4,0.8,0.25,0.0008306970581206,0.1460495878440933,0.7991693029418794,0.1039504121559066,False,False,True,1.75108866150607,2.605316239526229e-05,0.95108866150607,0.2499739468376047,False,False,True,0.0008306970581206,0.7991693029418794,0.1460495878440933,0.1039504121559066,True,0.6386715747646096,0.9045696420454076,0.010805688187382874,0.06248697409756964
5,0.5,0.3,regular,1,4,0.8,0.25,15.04714844285289,2.751232149280957,14.24714844285289,2.501232149280957,False,False,True,19.999999999999996,0.2464418543977908,19.199999999999996,0.0035581456022091,True,False,True,15.04714844285289,14.24714844285289,2.751232149280957,2.501232149280957,True,202.98123875268553,368.6399999999998,6.256162264596635,1.2660400126520754e-05
5,0.5,0.3,regular,2,5,0.8,0.25,15.527901346321942,2.615653261245559,14.72790134632194,2.365653261245559,False,False,True,19.999999999999996,0.0002676648846771,19.199999999999996,0.2497323351153228,True,False,True,15.527901346321942,14.72790134632194,2.615653261245559,2.365653261245559,True,216.91107806699165,368.6399999999998,5.596315352441749,0.06236623920215193
5,0.5,0.3,regular,4,5,0.8,0.25,14.705016434578248,2.6593813896506115,13.905016434578249,2.4093813896506115,False,False,True,19.999999999999996,0.0005003751786212,19.199999999999996,0.2494996248213787,True,False,True,14.705016434578248,13.905016434578249,2.6593813896506115,2.4093813896506115,True,193.34948204589114,368.6399999999998,5.805118680794712,0.06225006278600878
5,0.5,0.3,regular,5,4,0.8,0.25,13.854701304825706,2.034746951030233,13.054701304825706,1.784746951030233,False,False,True,19.999999999999996,0.00309945452158,19.199999999999996,0.24690054547842,True,False,True,13.854701304825706,13.054701304825706,2.034746951030233,1.784746951030233,True,170.42522615821798,368.6399999999998,3.1853216792117127,0.06095987935754134
5,0.5,0.3,regular,7,4,0.8,0.25,15.815698079967088,2.043619175229532,15.015698079967088,1.7936191752295318,False,False,True,19.999999999999996,0.0001096283719802,19.199999999999996,0.2498903716280197,True,False,True,15.815698079967088,15.015698079967088,2.043619175229532,1.7936191752295318,True,225.4711888287273,368.6399999999998,3.217069745751066,0.062445197832389845
5,0.5,0.3,regular,8,4,0.8,0.25,0.0144121436781787,0.2566267149745287,0.7855878563218213,0.0066267149745287,False,False,True,0.3495574770858394,5.333822705098551e-05,0.4504425229141606,0.249946661772949,False,False,True,0.0144121436781787,0.7855878563218213,0.2566267149745287,0.0066267149745287,True,0.6171482800003146,0.20289846644927415,4.391335135364309e-05,0.062473333731440976
5,0.5,0.3,regular,9,4,0.8,0.25,13.163053499469228,0.1421949038572743,12.363053499469228,0.1078050961427256,False,False,True,19.999999999999996,1.0480236848340416e-05,19.199999999999996,0.2499895197631516,True,False,True,13.163053499469228,12.363053499469228,0.1421949038572743,0.1078050961427256,True,152.8450918307383,368.6399999999998,0.011621938754342333,0.062494759991411186
5,0.5,0.3,irregular,0,4,0.8,0.25,8.131521083517804,0.1175564619021247,7.331521083517804,0.1324435380978752,False,False,True,19.999999999999996,0.0009238332000987,19.199999999999996,0.2490761667999012,True,False,True,8.131521083517804,7.331521083517804,0.1175564619021247,0.1324435380978752,True,53.75120139806607,368.6399999999998,0.017541290783883345,0.06203893686773226
5,0.5,0.3,irregular,1,4,0.8,0.25,0.5252465025117654,0.7880891958268107,0.2747534974882346,0.5380891958268107,False,False,True,0.431065420178031,0.000377883997966,0.368934579821969,0.2496221160020339,False,False,True,0.5252465025117654,0.2747534974882346,0.7880891958268107,0.5380891958268107,True,0.07548948438201736,0.13611272418841283,0.2895399826655438,0.06231120079733291
5,0.5,0.3,irregular,3,4,0.8,0.25,19.999999999999996,3.0323811609874456,19.199999999999996,2.7823811609874456,True,False,True,19.999999999999996,0.0002592914861657,19.199999999999996,0.2497407085138342,True,False,True,19.999999999999996,19.199999999999996,3.0323811609874456,2.7823811609874456,True,368.6399999999998,368.6399999999998,7.741644925017845,0.06237042148899194
5,0.5,0.3,irregular,4,4,0.8,0.25,19.999999999999996,5.441350131558639,19.199999999999996,5.191350131558639,True,False,True,19.999999999999996,4.421526784790013,19.199999999999996,4.171526784790013,True,False,True,19.999999999999996,19.199999999999996,5.441350131558639,5.191350131558639,True,368.6399999999998,368.6399999999998,26.950116188433896,17.4016357162205
5,0.5,0.3,irregular,6,4,0.8,0.25,19.999999999999996,1.080509010609137,19.199999999999996,0.8305090106091371,True,False,True,19.999999999999996,0.0060129808044151,19.199999999999996,0.2439870191955848,True,False,True,19.999999999999996,19.199999999999996,1.080509010609137,0.8305090106091371,True,368.6399999999998,368.6399999999998,0.6897452167029677,0.05952966553594672
5,0.5,0.3,irregular,7,4,0.8,0.25,11.79997114750449,4.199096769052461,10.999971147504487,3.9490967690524608,False,False,True,12.644145359868892,3.5457171357406794,11.844145359868891,3.2957171357406794,False,False,True,11.79997114750449,10.999971147504487,4.199096769052461,3.9490967690524608,True,120.99936524593123,140.28377930570377,15.595365291340585,10.861751438814748
5,0.5,0.3,irregular,8,5,0.8,0.25,19.999999999999996,2.276184635117854,19.199999999999996,2.026184635117854,True,False,True,19.999999999999996,0.0003207642707124,19.199999999999996,0.2496792357292875,True,False,True,19.999999999999996,19.199999999999996,2.276184635117854,2.026184635117854,True,368.6399999999998,368.6399999999998,4.105424175587672,0.062339720754361165
10,0.0,0.0,regular,0,10,0.8,0.25,2.8437351337863017,0.2194204513589596,2.043735133786302,0.0305795486410403,False,False,True,2.8437351337863017,0.2194204513589596,2.043735133786302,0.0305795486410403,False,False,True,2.8437351337863017,2.043735133786302,0.2194204513589596,0.0305795486410403,True,4.176853297072514,4.176853297072514,0.0009351087950897558,0.0009351087950897558
10,0.0,0.0,regular,1,10,0.8,0.25,0.4751209575855681,0.1624554490820435,0.3248790424144319,0.0875445509179564,False,False,True,0.4751209575855681,0.1624554490820435,0.3248790424144319,0.0875445509179564,False,False,True,0.4751209575855681,0.3248790424144319,0.1624554490820435,0.0875445509179564,True,0.10554639220011827,0.10554639220011827,0.007664048395426676,0.007664048395426676
10,0.0,0.0,regular,2,10,0.8,0.25,2.36686961637251,0.314686258046235,1.566869616372509,0.064686258046235,False,False,True,2.36686961637251,0.314686258046235,1.566869616372509,0.064686258046235,False,False,True,2.36686961637251,1.566869616372509,0.314686258046235,0.064686258046235,True,2.4550803947113358,2.4550803947113358,0.004184311980024104,0.004184311980024104
10,0.0,0.0,regular,3,10,0.8,0.25,0.7809154787453072,0.2635984903226848,0.0190845212546928,0.0135984903226848,False,False,True,0.7809154787453072,0.2635984903226848,0.0190845212546928,0.0135984903226848,False,False,True,0.7809154787453072,0.0190845212546928,0.2635984903226848,0.0135984903226848,True,0.0003642189515208229,0.0003642189515208229,0.00018491893905615177,0.00018491893905615177
10,0.0,0.0,regular,4,10,0.8,0.25,3.7153789755127806,0.3131392146311978,2.9153789755127804,0.0631392146311978,False,False,True,3.7153789755127806,0.3131392146311978,2.9153789755127804,0.0631392146311978,False,False,True,3.7153789755127806,2.9153789755127804,0.3131392146311978,0.0631392146311978,True,8.499434570861949,8.499434570861949,0.003986560424244464,0.003986560424244464
10,0.0,0.0,regular,5,10,0.8,0.25,2.5237481902285195,0.3810720047871496,1.7237481902285194,0.1310720047871496,False,False,True,2.5237481902285195,0.3810720047871496,1.7237481902285194,0.1310720047871496,False,False,True,2.5237481902285195,1.7237481902285194,0.3810720047871496,0.1310720047871496,True,2.971307823316096,2.971307823316096,0.017179870438922565,0.017179870438922565
10,0.0,0.0,regular,6,10,0.8,0.25,2.8923280129883433,0.2053748336828463,2.092328012988343,0.0446251663171536,False,False,True,2.8923280129883433,0.2053748336828463,2.092328012988343,0.0446251663171536,False,False,True,2.8923280129883433,2.092328012988343,0.2053748336828463,0.0446251663171536,True,4.377836513935748,4.377836513935748,0.0019914054688336302,0.0019914054688336302
10,0.0,0.0,regular,7,10,0.8,0.25,0.4978204165022427,0.2793058415920099,0.3021795834977573,0.0293058415920098,False,False,True,0.4978204165022427,0.2793058415920099,0.3021795834977573,0.0293058415920098,False,False,True,0.4978204165022427,0.3021795834977573,0.2793058415920099,0.0293058415920098,True,0.09131250068287812,0.09131250068287812,0.0008588323514159764,0.0008588323514159764
10,0.0,0.0,regular,8,10,0.8,0.25,0.6635362963783693,0.156458670144272,0.1364637036216307,0.093541329855728,False,False,True,0.6635362963783693,0.156458670144272,0.1364637036216307,0.093541329855728,False,False,True,0.6635362963783693,0.1364637036216307,0.156458670144272,0.093541329855728,True,0.018622342406132274,0.018622342406132274,0.00874998039117811,0.00874998039117811
10,0.0,0.0,regular,9,10,0.8,0.25,2.4221419096241297,0.2482182286902999,1.6221419096241296,0.0017817713097,False,False,True,2.4221419096241297,0.2482182286902999,1.6221419096241296,0.0017817713097,False,False,True,2.4221419096241297,1.6221419096241296,0.2482182286902999,0.0017817713097,True,2.631344374959018,2.631344374959018,3.1747090000703612e-06,3.1747090000703612e-06
10,0.0,0.0,irregular,0,10,0.8,0.25,2.1026741263049424,0.2853558552285241,1.3026741263049424,0.035355855228524,False,False,True,2.1026741263049424,0.2853558552285241,1.3026741263049424,0.035355855228524,False,False,True,2.1026741263049424,1.3026741263049424,0.2853558552285241,0.035355855228524,True,1.696959879344345,1.696959879344345,0.0012500364989403536,0.0012500364989403536
10,0.0,0.0,irregular,1,10,0.8,0.25,2.9247484008967204,0.1947762836322427,2.124748400896721,0.0552237163677572,False,False,True,2.9247484008967204,0.1947762836322427,2.124748400896721,0.0552237163677572,False,False,True,2.9247484008967204,2.124748400896721,0.1947762836322427,0.0552237163677572,True,4.514555767113171,4.514555767113171,0.003049658849466506,0.003049658849466506
10,0.0,0.0,irregular,2,10,0.8,0.25,1.2124545359720456,0.1711504330834997,0.4124545359720455,0.0788495669165002,False,False,True,1.2124545359720456,0.1711504330834997,0.4124545359720455,0.0788495669165002,False,False,True,1.2124545359720456,0.4124545359720455,0.1711504330834997,0.0788495669165002,True,0.17011874424391538,0.17011874424391538,0.006217254202919659,0.006217254202919659
10,0.0,0.0,irregular,3,10,0.8,0.25,0.9504332601428096,0.2168058557730082,0.1504332601428095,0.0331941442269917,False,False,True,0.9504332601428096,0.2168058557730082,0.1504332601428095,0.0331941442269917,False,False,True,0.9504332601428096,0.1504332601428095,0.2168058557730082,0.0331941442269917,True,0.022630165757194214,0.022630165757194214,0.0011018512109623327,0.0011018512109623327
10,0.0,0.0,irregular,4,10,0.8,0.25,0.0019521928143574,0.1742267155009768,0.7980478071856426,0.0757732844990232,False,False,True,0.0019521928143574,0.1742267155009768,0.7980478071856426,0.0757732844990232,False,False,True,0.0019521928143574,0.7980478071856426,0.1742267155009768,0.0757732844990232,True,0.6368803025538126,0.6368803025538126,0.005741590643769911,0.005741590643769911
10,0.0,0.0,irregular,5,10,0.8,0.25,1.2214996576122097,0.215062317406178,0.4214996576122096,0.0349376825938219,False,False,True,1.2214996576122097,0.215062317406178,0.4214996576122096,0.0349376825938219,False,False,True,1.2214996576122097,0.4214996576122096,0.215062317406178,0.0349376825938219,True,0.17766196136720996,0.17766196136720996,0.001220641665026652,0.001220641665026652
10,0.0,0.0,irregular,6,10,0.8,0.25,4.8225885679494525,0.2500043626694507,4.022588567949453,4.362669450752588e-06,False,False,True,4.8225885679494525,0.2500043626694507,4.022588567949453,4.362669450752588e-06,False,False,True,4.8225885679494525,4.022588567949453,0.2500043626694507,4.362669450752588e-06,True,16.18121878699763,16.18121878699763,1.9032884736045532e-11,1.9032884736045532e-11
10,0.0,0.0,irregular,7,10,0.8,0.25,1.1266804215214477,0.1131965271970735,0.3266804215214476,0.1368034728029264,False,False,True,1.1266804215214477,0.1131965271970735,0.3266804215214476,0.1368034728029264,False,False,True,1.1266804215214477,0.3266804215214476,0.1131965271970735,0.1368034728029264,True,0.1067200978054307,0.1067200978054307,0.018715190170941046,0.018715190170941046
10,0.0,0.0,irregular,8,10,0.8,0.25,2.7991911054279193,0.2430813261204029,1.9991911054279192,0.006918673879597,False,False,True,2.7991911054279193,0.2430813261204029,1.9991911054279192,0.006918673879597,False,False,True,2.7991911054279193,1.9991911054279192,0.2430813261204029,0.006918673879597,True,3.996765076022106,3.996765076022106,4.786804825221924e-05,4.786804825221924e-05
10,0.0,0.0,irregular,9,10,0.8,0.25,2.067918064164303,0.2839668336196833,1.2679180641643029,0.0339668336196833,False,False,True,2.067918064164303,0.2839668336196833,1.2679180641643029,0.0339668336196833,False,False,True,2.067918064164303,1.2679180641643029,0.2839668336196833,0.0339668336196833,True,1.6076162174341533,1.6076162174341533,0.0011537457861472463,0.0011537457861472463
10,0.0,0.1,regular,0,10,0.8,0.25,1.4892540509406067,0.2848686296225406,0.6892540509406067,0.0348686296225406,False,False,True,1.4892540509406067,0.2848686296225406,0.6892540509406067,0.0348686296225406,False,False,True,1.4892540509406067,0.6892540509406067,0.2848686296225406,0.0348686296225406,True,0.4750711467380364,0.4750711467380364,0.0012158213317539168,0.0012158213317539168
10,0.0,0.1,regular,1,8,0.8,0.25,1.259664799904051,0.1972623707904815,0.4596647999040508,0.0527376292095184,False,False,True,1.259664799904051,0.1972623707904815,0.4596647999040508,0.0527376292095184,False,False,True,1.259664799904051,0.4596647999040508,0.1972623707904815,0.0527376292095184,True,0.2112917282708311,0.2112917282708311,0.0027812575346406582,0.0027812575346406582
10,0.0,0.1,regular,2,9,0.8,0.25,0.6526459900913476,0.2160741983497192,0.1473540099086524,0.0339258016502808,False,False,True,0.6526459900913476,0.2160741983497192,0.1473540099086524,0.0339258016502808,False,False,True,0.6526459900913476,0.1473540099086524,0.2160741983497192,0.0339258016502808,True,0.02171320423615924,0.02171320423615924,0.0011509600176141958,0.0011509600176141958
10,0.0,0.1,regular,3,10,0.8,0.25,0.8252741848811566,0.1704858994458437,0.0252741848811565,0.0795141005541563,False,False,True,0.8252741848811566,0.1704858994458437,0.0252741848811565,0.0795141005541563,False,False,True,0.8252741848811566,0.0252741848811565,0.1704858994458437,0.0795141005541563,True,0.0006387844214068805,0.0006387844214068805,0.006322492186936481,0.006322492186936481
10,0.0,0.1,regular,4,10,0.8,0.25,6.1673321104013885,0.3489482313426642,5.367332110401389,0.0989482313426642,False,False,True,6.1673321104013885,0.3489482313426642,5.367332110401389,0.0989482313426642,False,False,True,6.1673321104013885,5.367332110401389,0.3489482313426642,0.0989482313426642,True,28.808253983345825,28.808253983345825,0.009790752485841388,0.009790752485841388
10,0.0,0.1,regular,5,10,0.8,0.25,1.9531014004904956,0.4087417843659823,1.1531014004904956,0.1587417843659823,False,False,True,1.9531014004904956,0.4087417843659823,1.1531014004904956,0.1587417843659823,False,False,True,1.9531014004904956,1.1531014004904956,0.4087417843659823,0.1587417843659823,True,1.3296428398131424,1.3296428398131424,0.025198954103696023,0.025198954103696023
10,0.0,0.1,regular,6,9,0.8,0.25,0.6231433839400208,0.2043488565801711,0.1768566160599792,0.0456511434198289,False,False,True,0.6231433839400208,0.2043488565801711,0.1768566160599792,0.0456511434198289,False,False,True,0.6231433839400208,0.1768566160599792,0.2043488565801711,0.0456511434198289,True,0.03127826264418691,0.03127826264418691,0.0020840268955377873,0.0020840268955377873
10,0.0,0.1,regular,7,10,0.8,0.25,2.717083525737201,0.2016450101659998,1.9170835257372003,0.0483549898340001,False,False,True,2.717083525737201,0.2016450101659998,1.9170835257372003,0.0483549898340001,False,False,True,2.717083525737201,1.9170835257372003,0.2016450101659998,0.0483549898340001,True,3.675209244652977,3.675209244652977,0.0023382050418462616,0.0023382050418462616
10,0.0,0.1,regular,8,10,0.8,0.25,0.5963783294975982,0.089286465591281,0.2036216705024018,0.1607135344087189,False,False,True,0.5963783294975982,0.089286465591281,0.2036216705024018,0.1607135344087189,False,False,True,0.5963783294975982,0.2036216705024018,0.089286465591281,0.1607135344087189,True,0.04146178469818872,0.04146178469818872,0.025828840142142505,0.025828840142142505
10,0.0,0.1,regular,9,10,0.8,0.25,0.2051097700421557,0.2303565279302834,0.5948902299578442,0.0196434720697165,False,False,True,0.2051097700421557,0.2303565279302834,0.5948902299578442,0.0196434720697165,False,False,True,0.2051097700421557,0.5948902299578442,0.2303565279302834,0.0196434720697165,True,0.35389438569929693,0.35389438569929693,0.0003858659949537357,0.0003858659949537357
10,0.0,0.1,irregular,0,9,0.8,0.25,19.999999999999996,0.5395101298661541,19.199999999999996,0.2895101298661541,True,False,True,19.999999999999996,0.5395101298661541,19.199999999999996,0.2895101298661541,True,False,True,19.999999999999996,19.199999999999996,0.5395101298661541,0.2895101298661541,True,368.6399999999998,368.6399999999998,0.08381611529511741,0.08381611529511741
10,0.0,0.1,irregular,1,10,0.8,0.25,0.603309212815581,0.2147634075655667,0.196690787184419,0.0352365924344332,False,False,True,0.603309212815581,0.2147634075655667,0.196690787184419,0.0352365924344332,False,False,True,0.603309212815581,0.196690787184419,0.2147634075655667,0.0352365924344332,True,0.03868726576322641,0.03868726576322641,0.0012416174463903626,0.0012416174463903626
10,0.0,0.1,irregular,2,9,0.8,0.25,1.0105435569310373,0.3399976438628301,0.2105435569310372,0.0899976438628301,False,False,True,1.0105435569310373,0.3399976438628301,0.2105435569310372,0.0899976438628301,False,False,True,1.0105435569310373,0.2105435569310372,0.3399976438628301,0.0899976438628301,True,0.04432858936517291,0.04432858936517291,0.0080995759008608,0.0080995759008608
10,0.0,0.1,irregular,3,10,0.8,0.25,2.222616188256613,0.3333667968475958,1.4226161882566128,0.0833667968475958,False,False,True,2.222616188256613,0.3333667968475958,1.4226161882566128,0.0833667968475958,False,False,True,2.222616188256613,1.4226161882566128,0.3333667968475958,0.0833667968475958,True,2.0238368190897744,2.0238368190897744,0.006950022816628308,0.006950022816628308
10,0.0,0.1,irregular,4,10,0.8,0.25,1.6572393762348527,0.3135899469122422,0.8572393762348527,0.0635899469122421,False,False,True,1.6572393762348527,0.3135899469122422,0.8572393762348527,0.0635899469122421,False,False,True,1.6572393762348527,0.8572393762348527,0.3135899469122422,0.0635899469122421,True,0.7348593481675193,0.7348593481675193,0.004043681348301778,0.004043681348301778
10,0.0,0.1,irregular,5,9,0.8,0.25,1.2753752421583646,0.2006547547411809,0.4753752421583646,0.049345245258819,False,False,True,1.2753752421583646,0.2006547547411809,0.4753752421583646,0.049345245258819,False,False,True,1.2753752421583646,0.4753752421583646,0.2006547547411809,0.049345245258819,True,0.22598162085712376,0.22598162085712376,0.0024349532296530077,0.0024349532296530077
10,0.0,0.1,irregular,6,10,0.8,0.25,0.437791423615467,0.2043347730196458,0.362208576384533,0.0456652269803541,False,False,True,0.437791423615467,0.2043347730196458,0.362208576384533,0.0456652269803541,False,False,True,0.437791423615467,0.362208576384533,0.2043347730196458,0.0456652269803541,True,0.1311950528065101,0.1311950528065101,0.0020853129551672684,0.0020853129551672684
10,0.0,0.1,irregular,7,10,0.8,0.25,1.0984297284609723,0.2514703351683833,0.2984297284609725,0.0014703351683833,False,False,True,1.0984297284609723,0.2514703351683833,0.2984297284609725,0.0014703351683833,False,False,True,1.0984297284609723,0.2984297284609725,0.2514703351683833,0.0014703351683833,True,0.08906030282928964,0.08906030282928964,2.1618855073847372e-06,2.1618855073847372e-06
10,0.0,0.1,irregular,8,10,0.8,0.25,1.908311920039824,0.1392538524842723,1.108311920039824,0.1107461475157276,False,False,True,1.908311920039824,0.1392538524842723,1.108311920039824,0.1107461475157276,False,False,True,1.908311920039824,1.108311920039824,0.1392538524842723,0.1107461475157276,True,1.2283553121023612,1.2283553121023612,0.012264709189575321,0.012264709189575321
10,0.0,0.1,irregular,9,9,0.8,0.25,1.9402661066070332,0.2626346429949559,1.1402661066070332,0.0126346429949559,False,False,True,1.9402661066070332,0.2626346429949559,1.1402661066070332,0.0126346429949559,False,False,True,1.9402661066070332,1.1402661066070332,0.2626346429949559,0.0126346429949559,True,1.300206793876762,1.300206793876762,0.0001596342036099888,0.0001596342036099888
10,0.0,0.3,regular,0,7,0.8,0.25,2.7437495304986017,0.313479626885225,1.9437495304986017,0.063479626885225,False,False,True,2.7437495304986017,0.313479626885225,1.9437495304986017,0.063479626885225,False,False,True,2.7437495304986017,1.9437495304986017,0.313479626885225,0.063479626885225,True,3.778162237313534,3.778162237313534,0.004029663029487382,0.004029663029487382
10,0.0,0.3,regular,1,7,0.8,0.25,0.384250716026214,0.1343275438974232,0.415749283973786,0.1156724561025767,False,False,True,0.384250716026214,0.1343275438974232,0.415749283973786,0.1156724561025767,False,False,True,0.384250716026214,0.415749283973786,0.1343275438974232,0.1156724561025767,True,0.17284746712471577,0.17284746712471577,0.013380117100802554,0.013380117100802554
10,0.0,0.3,regular,2,8,0.8,0.25,0.0015078688888112,0.1703496868729859,0.7984921311111889,0.079650313127014,False,False,True,0.0015078688888112,0.1703496868729859,0.7984921311111889,0.079650313127014,False,False,True,0.0015078688888112,0.7984921311111889,0.1703496868729859,0.079650313127014,True,0.637589683446488,0.637589683446488,0.006344172381231394,0.006344172381231394
10,0.0,0.3,regular,3,8,0.8,0.25,4.4223879408923885,0.7315592626103219,3.6223879408923887,0.4815592626103219,False,False,True,4.4223879408923885,0.7315592626103219,3.6223879408923887,0.4815592626103219,False,False,True,4.4223879408923885,3.6223879408923887,0.7315592626103219,0.4815592626103219,True,13.1216943943226,13.1216943943226,0.23189932340579697,0.23189932340579697
10,0.0,0.3,regular,4,8,0.8,0.25,1.8299037748424445,0.3014232925254087,1.0299037748424442,0.0514232925254087,False,False,True,1.8299037748424445,0.3014232925254087,1.0299037748424442,0.0514232925254087,False,False,True,1.8299037748424445,1.0299037748424442,0.3014232925254087,0.0514232925254087,True,1.0607017854347165,1.0607017854347165,0.002644355014153757,0.002644355014153757
10,0.0,0.3,regular,5,5,0.8,0.25,0.0784112961077912,0.0967465378891503,0.7215887038922089,0.1532534621108496,False,False,True,0.0784112961077912,0.0967465378891503,0.7215887038922089,0.1532534621108496,False,False,True,0.0784112961077912,0.7215887038922089,0.0967465378891503,0.1532534621108496,True,0.5206902575848379,0.5206902575848379,0.023486623648961643,0.023486623648961643
10,0.0,0.3,regular,6,7,0.8,0.25,19.999999999999996,0.8414357365559251,19.199999999999996,0.5914357365559251,True,False,True,19.999999999999996,0.8414357365559251,19.199999999999996,0.5914357365559251,True,False,True,19.999999999999996,19.199999999999996,0.8414357365559251,0.5914357365559251,True,368.6399999999998,368.6399999999998,0.3497962304754496,0.3497962304754496
10,0.0,0.3,regular,7,9,0.8,0.25,1.1247286624443844,0.2454963850122118,0.3247286624443843,0.0045036149877881,False,False,True,1.1247286624443844,0.2454963850122118,0.3247286624443843,0.0045036149877881,False,False,True,1.1247286624443844,0.3247286624443843,0.2454963850122118,0.0045036149877881,True,0.10544870421291892,0.10544870421291892,2.028254795823052e-05,2.028254795823052e-05
10,0.0,0.3,regular,8,7,0.8,0.25,0.1550983337745284,0.2155017636426676,0.6449016662254716,0.0344982363573324,False,False,True,0.1550983337745284,0.2155017636426676,0.6449016662254716,0.0344982363573324,False,False,True,0.1550983337745284,0.6449016662254716,0.2155017636426676,0.0344982363573324,True,0.41589815910038963,0.41589815910038963,0.0011901283117663711,0.0011901283117663711
10,0.0,0.3,regular,9,8,0.8,0.25,1.9895737634192852,0.3262244785510097,1.1895737634192851,0.0762244785510097,False,False,True,1.9895737634192852,0.3262244785510097,1.1895737634192851,0.0762244785510097,False,False,True,1.9895737634192852,1.1895737634192851,0.3262244785510097,0.0762244785510097,True,1.4150857386155213,1.4150857386155213,0.005810171130373341,0.005810171130373341
10,0.0,0.3,irregular,0,8,0.8,0.25,19.999999999999996,0.335012101293494,19.199999999999996,0.085012101293494,True,False,True,19.999999999999996,0.335012101293494,19.199999999999996,0.085012101293494,True,False,True,19.999999999999996,19.199999999999996,0.335012101293494,0.085012101293494,True,368.6399999999998,368.6399999999998,0.007227057366335286,0.007227057366335286
10,0.0,0.3,irregular,1,8,0.8,0.25,5.961422391653938,0.3290726396124223,5.161422391653939,0.0790726396124223,False,False,True,5.961422391653938,0.3290726396124223,5.161422391653939,0.0790726396124223,False,False,True,5.961422391653938,5.161422391653939,0.3290726396124223,0.0790726396124223,True,26.640281105066663,26.640281105066663,0.006252482335276013,0.006252482335276013
10,0.0,0.3,irregular,2,6,0.8,0.25,2.932074648144813,0.4011120252955011,2.1320746481448127,0.1511120252955011,False,False,True,2.932074648144813,0.4011120252955011,2.1320746481448127,0.1511120252955011,False,False,True,2.932074648144813,2.1320746481448127,0.4011120252955011,0.1511120252955011,True,4.545742305261827,4.545742305261827,0.022834844188908167,0.022834844188908167
10,0.0,0.3,irregular,3,10,0.8,0.25,1.7997629821625472,0.3103063569295144,0.9997629821625472,0.0603063569295144,False,False,True,1.7997629821625472,0.3103063569295144,0.9997629821625472,0.0603063569295144,False,False,True,1.7997629821625472,0.9997629821625472,0.3103063569295144,0.0603063569295144,True,0.9995260205025495,0.9995260205025495,0.0036368566861099912,0.0036368566861099912
10,0.0,0.3,irregular,4,7,0.8,0.25,0.1300572171327877,0.2209227433924841,0.6699427828672123,0.0290772566075158,False,False,True,0.1300572171327877,0.2209227433924841,0.6699427828672123,0.0290772566075158,False,False,True,0.1300572171327877,0.6699427828672123,0.2209227433924841,0.0290772566075158,True,0.4488233323158648,0.4488233323158648,0.0008454868518193268,0.0008454868518193268
10,0.0,0.3,irregular,5,6,0.8,0.25,2.569886188852843,0.2402540885401034,1.769886188852843,0.0097459114598965,False,False,True,2.569886188852843,0.2402540885401034,1.769886188852843,0.0097459114598965,False,False,True,2.569886188852843,1.769886188852843,0.2402540885401034,0.0097459114598965,True,3.132497121492041,3.132497121492041,9.498279018414367e-05,9.498279018414367e-05
10,0.0,0.3,irregular,6,8,0.8,0.25,0.9250333601129156,0.2233859939711971,0.1250333601129156,0.0266140060288028,False,False,True,0.9250333601129156,0.2233859939711971,0.1250333601129156,0.0266140060288028,False,False,True,0.9250333601129156,0.1250333601129156,0.2233859939711971,0.0266140060288028,True,0.01563334114112602,0.01563334114112602,0.0007083053169011571,0.0007083053169011571
10,0.0,0.3,irregular,7,7,0.8,0.25,19.999999999999996,0.1988058392840387,19.199999999999996,0.0511941607159612,True,False,True,19.999999999999996,0.1988058392840387,19.199999999999996,0.0511941607159612,True,False,True,19.999999999999996,19.199999999999996,0.1988058392840387,0.0511941607159612,True,368.6399999999998,368.6399999999998,0.002620842091411676,0.002620842091411676
10,0.0,0.3,irregular,8,8,0.8,0.25,2.901227316320476,0.4234022545866747,2.101227316320476,0.1734022545866747,False,False,True,2.901227316320476,0.4234022545866747,2.101227316320476,0.1734022545866747,False,False,True,2.901227316320476,2.101227316320476,0.4234022545866747,0.1734022545866747,True,4.4151562348513504,4.4151562348513504,0.03006834189574194,0.03006834189574194
10,0.0,0.3,irregular,9,7,0.8,0.25,3.0286201857045008,0.4175522441429914,2.228620185704501,0.1675522441429914,False,False,True,3.0286201857045008,0.4175522441429914,2.228620185704501,0.1675522441429914,False,False,True,3.0286201857045008,2.228620185704501,0.4175522441429914,0.1675522441429914,True,4.9667479321295644,4.9667479321295644,0.0280737545173526,0.0280737545173526
10,0.1,0.0,regular,0,10,0.8,0.25,1.3094814120259148,0.1805858074282149,0.5094814120259148,0.069414192571785,False,False,True,1.4281036411818238,3.543001870148912e-05,0.6281036411818237,0.2499645699812985,False,False,True,1.3094814120259148,0.5094814120259148,0.1805858074282149,0.069414192571785,True,0.25957130919991994,0.39451418406586514,0.004818330130392867,0.06248228624593548
10,0.1,0.0,regular,1,10,0.8,0.25,0.4977930973238249,0.3826596907259368,0.3022069026761751,0.1326596907259368,False,False,True,0.4977922574905827,0.3309309964190731,0.3022077425094173,0.0809309964190731,False,False,True,0.4977930973238249,0.3022069026761751,0.3826596907259368,0.1326596907259368,True,0.09132901202512721,0.0913295196326383,0.017598593543501205,0.0065498261813840206
10,0.1,0.0,regular,2,10,0.8,0.25,1.953843079822944,0.4942363373332223,1.1538430798229438,0.2442363373332223,False,False,True,1.9538420331053852,0.4417348415893267,1.1538420331053851,0.1917348415893267,False,False,True,1.953843079822944,1.1538430798229438,0.4942363373332223,0.2442363373332223,True,1.3313538528552966,1.3313514373607687,0.05965138847394756,0.0367622494792842
10,0.1,0.0,regular,3,10,0.8,0.25,19.999999999999996,0.5705547496359654,19.199999999999996,0.3205547496359654,True,False,True,19.999999999999996,0.0007684578029341,19.199999999999996,0.2492315421970658,True,False,True,19.999999999999996,19.199999999999996,0.5705547496359654,0.3205547496359654,True,368.6399999999998,368.6399999999998,0.10275534751417648,0.06211636162592784
10,0.1,0.0,regular,4,10,0.8,0.25,1.5642353466968395,0.3552981944409304,0.7642353466968397,0.1052981944409304,False,False,True,1.564252919650455,0.2856579855764974,0.764252919650455,0.0356579855764974,False,False,True,1.5642353466968395,0.7642353466968397,0.3552981944409304,0.1052981944409304,True,0.5840556651408384,0.5840825251942449,0.011087709752519988,0.0012714919353736971
10,0.1,0.0,regular,5,10,0.8,0.25,19.999999999999996,1.003939058495804,19.199999999999996,0.7539390584958041,True,False,True,19.991015021771616,0.7794939240815866,19.191015021771616,0.5294939240815866,False,False,True,19.999999999999996,19.199999999999996,1.003939058495804,0.7539390584958041,True,368.6399999999998,368.29505756586383,0.5684241039255392,0.28036381563931695
10,0.1,0.0,regular,6,10,0.8,0.25,18.61765300586348,0.9403161816855105,17.81765300586348,0.6903161816855103,False,False,True,19.479326746615197,0.7317716328735298,18.679326746615196,0.4817716328735297,False,False,True,18.61765300586348,17.81765300586348,0.9403161816855105,0.6903161816855103,True,317.4687586373559,348.91724770681384,0.4765364306968627,0.23210390624162713
10,0.1,0.0,regular,7,10,0.8,0.25,2.6020971723438935,0.3081893930787701,1.8020971723438937,0.0581893930787701,False,False,True,2.602107657538472,0.1918906592253058,1.802107657538472,0.0581093407746941,False,False,True,2.6020971723438935,1.8020971723438937,0.3081893930787701,0.0581893930787701,True,3.2475542185698565,3.2475920093587978,0.003386005466875615,0.003376695485269539
10,0.1,0.0,regular,8,10,0.8,0.25,1.4524820130822411,0.344278224925369,0.6524820130822413,0.094278224925369,False,False,True,1.4524807613627315,0.27392177077554,0.6524807613627315,0.02392177077554,False,False,True,1.4524820130822411,0.6524820130822413,0.344278224925369,0.094278224925369,True,0.4257327773958538,0.42573114394848977,0.008888383695078474,0.0005722511170374784
10,0.1,0.0,regular,9,10,0.8,0.25,1.5552085007513252,0.3268674534669875,0.7552085007513252,0.0768674534669874,False,False,True,1.5552072941474462,0.2496007403492563,0.7552072941474461,0.0003992596507436,False,False,True,1.5552085007513252,0.7552085007513252,0.3268674534669875,0.0768674534669874,True,0.5703398796070643,0.5703380571335073,0.005908605402499485,1.5940826871197657e-07
10,0.1,0.0,irregular,0,10,0.8,0.25,1.183568623468838,0.1432251664834242,0.383568623468838,0.1067748335165757,False,False,True,1.3843182257790518,2.251774272885804e-05,0.5843182257790518,0.2499774822572711,False,False,True,1.183568623468838,0.383568623468838,0.1432251664834242,0.1067748335165757,True,0.14712488890977923,0.34142778897757897,0.011400865072492479,0.06248874163568431
10,0.1,0.0,irregular,1,10,0.8,0.25,17.578483089920674,0.561579242938964,16.778483089920673,0.311579242938964,False,False,True,9.039927773276837,8.133133574365763e-05,8.239927773276836,0.2499186686642563,False,False,True,17.578483089920674,16.778483089920673,0.561579242938964,0.311579242938964,True,281.517494798754,67.89640970881896,0.09708162463041795,0.062459340946914355
10,0.1,0.0,irregular,2,10,0.8,0.25,4.964728577069921,0.4377205612008485,4.164728577069921,0.1877205612008485,False,False,True,5.9252413890619735,0.3165230477428886,5.125241389061974,0.0665230477428885,False,False,True,4.964728577069921,4.164728577069921,0.4377205612008485,0.1877205612008485,True,17.344964120662848,26.26809929615391,0.03523900909756151,0.0044253158810026345
10,0.1,0.0,irregular,3,10,0.8,0.25,1.7946155181811374,0.3930930006060694,0.9946155181811374,0.1430930006060694,False,False,True,2.7232781795206735,0.4031943135604771,1.9232781795206737,0.1531943135604771,False,False,True,1.7946155181811374,0.9946155181811374,0.3930930006060694,0.1430930006060694,True,0.9892600290067324,3.6989989558203558,0.020475606822448575,0.02346849770726577
10,0.1,0.0,irregular,4,10,0.8,0.25,14.671834186263675,1.0809502810877454,13.871834186263676,0.8309502810877454,False,False,True,19.529516572925136,1.0584953168623603,18.729516572925135,0.8084953168623605,False,False,True,14.671834186263675,13.871834186263676,1.0809502810877454,0.8309502810877454,True,192.42778369119358,350.7947910554773,0.690478369639803,0.6536646773883684
10,0.1,0.0,irregular,5,10,0.8,0.25,7.3379566054216685,0.3915399630177635,6.537956605421669,0.1415399630177635,False,False,True,9.848654383516118,0.117449095436216,9.048654383516118,0.1325509045637839,False,False,True,7.3379566054216685,6.537956605421669,0.3915399630177635,0.1415399630177635,True,42.74487657437683,81.87814615232544,0.02003356113106986,0.01756974230067737
10,0.1,0.0,irregular,6,10,0.8,0.25,0.2928585670501809,0.2594623789065495,0.5071414329498192,0.0094623789065494,False,False,True,0.1123338908192536,0.1436740937345016,0.6876661091807464,0.1063259062654983,False,False,True,0.2928585670501809,0.5071414329498192,0.2594623789065495,0.0094623789065494,True,0.2571924330143959,0.4728846777157863,8.953661457111282e-05,0.011305198343179551
10,0.1,0.0,irregular,7,10,0.8,0.25,2.639438666049445,0.3859408360847334,1.839438666049445,0.1359408360847334,False,False,True,2.4209587099548675,0.2599194450311566,1.6209587099548677,0.0099194450311566,False,False,True,2.639438666049445,1.839438666049445,0.3859408360847334,0.1359408360847334,True,3.383534606157762,2.6275071393785483,0.018479910915416353,9.839538972613744e-05
10,0.1,0.0,irregular,8,10,0.8,0.25,0.2422241379070205,0.164080311879183,0.5577758620929796,0.0859196881208169,False,False,True,0.3253893247299866,0.0001500765027074,0.4746106752700134,0.2498499234972926,False,False,True,0.2422241379070205,0.5577758620929796,0.164080311879183,0.0859196881208169,True,0.31111391233356656,0.22525529308025816,0.00738219280677846,0.062424984271602965
10,0.1,0.0,irregular,9,10,0.8,0.25,1.461023269789728,0.22821816819576,0.661023269789728,0.0217818318042399,False,False,True,0.6704487022276738,4.9513061387615055e-05,0.1295512977723262,0.2499504869386123,False,False,True,1.461023269789728,0.661023269789728,0.22821816819576,0.0217818318042399,True,0.4369517632035036,0.016783538754493933,0.0004744481967482016,0.06247524592084944
10,0.1,0.1,regular,0,10,0.8,0.25,1.157982471467269,0.4029015442035937,0.357982471467269,0.1529015442035937,False,False,True,1.1579852047726753,0.3485620100229478,0.3579852047726752,0.0985620100229478,False,False,True,1.157982471467269,0.357982471467269,0.4029015442035937,0.1529015442035937,True,0.12815144987781407,0.12815340683613424,0.02337888221984352,0.00971446981976366
10,0.1,0.1,regular,1,9,0.8,0.25,0.8025009407358495,0.4460654539203059,0.0025009407358494,0.1960654539203059,False,False,True,0.8281769224821068,0.4063625865214412,0.0281769224821067,0.1563625865214412,False,False,True,0.8025009407358495,0.0025009407358494,0.4460654539203059,0.1960654539203059,True,6.254704564231436e-06,0.0007939389605626551,0.03844166222097559,0.024449258463675183
10,0.1,0.1,regular,2,9,0.8,0.25,1.3969584356157796,0.2952792114139004,0.5969584356157795,0.0452792114139004,False,False,True,1.3188384621362064,0.200401368610054,0.5188384621362063,0.0495986313899459,False,False,True,1.3969584356157796,0.5969584356157795,0.2952792114139004,0.0452792114139004,True,0.35635937385283883,0.2691933497918636,0.002050206986264688,0.0024600242357557364
10,0.1,0.1,regular,3,10,0.8,0.25,2.3787273678318717,0.4666707479552487,1.5787273678318716,0.2166707479552487,False,False,True,2.378727973748125,0.403632524997754,1.5787279737481248,0.1536325249977539,False,False,True,2.3787273678318717,1.5787273678318716,0.4666707479552487,0.2166707479552487,True,2.49238010194135,2.4923820150948597,0.04694621301948691,0.023602952737185504
10,0.1,0.1,regular,4,10,0.8,0.25,3.3040448972250305,0.4963180902081335,2.5040448972250307,0.2463180902081335,False,False,True,3.3040414466589523,0.420474636875541,2.5040414466589525,0.170474636875541,False,False,True,3.3040448972250305,2.5040448972250307,0.4963180902081335,0.2463180902081335,True,6.270240847318714,6.27022356658586,0.060672601563782194,0.02906160181784756
10,0.1,0.1,regular,5,10,0.8,0.25,2.1415834874894837,0.3656607861950101,1.3415834874894836,0.11566078619501,False,False,True,2.141585324455314,0.2865919209811168,1.3415853244553138,0.0365919209811168,False,False,True,2.1415834874894837,1.3415834874894836,0.3656607861950101,0.11566078619501,True,1.7998462539044455,1.7998511827938695,0.013377417463247833,0.0013389686810882958
10,0.1,0.1,regular,6,9,0.8,0.25,0.6129843924622921,0.2324159406526076,0.1870156075377079,0.0175840593473923,False,False,True,0.5449349049330344,0.145134050156252,0.2550650950669656,0.1048659498437479,False,False,True,0.6129843924622921,0.1870156075377079,0.2324159406526076,0.0175840593473923,True,0.034974837462698014,0.06505820272152021,0.00030919914313261824,0.010996867436631471
10,0.1,0.1,regular,7,9,0.8,0.25,1.214201177837949,0.3268340973491902,0.4142011778379488,0.0768340973491902,False,False,True,1.2325602238264506,0.2591293770067947,0.4325602238264505,0.0091293770067947,False,False,True,1.214201177837949,0.4142011778379488,0.3268340973491902,0.0768340973491902,True,0.17156261572234413,0.18710834723678899,0.00590347851546484,8.334552453219223e-05
10,0.1,0.1,regular,8,9,0.8,0.25,4.8670385827740885,0.3916847480662767,4.067038582774089,0.1416847480662767,False,False,True,4.608495572218835,0.2282400536445123,3.808495572218835,0.0217599463554876,False,False,True,4.8670385827740885,4.067038582774089,0.3916847480662767,0.1416847480662767,True,16.540802833773068,14.504638523610476,0.020074567834604293,0.0004734952653937023
10,0.1,0.1,regular,9,10,0.8,0.25,1.4798502763007402,0.2670233773954194,0.6798502763007401,0.0170233773954194,False,False,True,1.4798557321925794,0.1659346304295848,0.6798557321925793,0.0840653695704151,False,False,True,1.4798502763007402,0.6798502763007401,0.2670233773954194,0.0170233773954194,True,0.4621963981861927,0.4622038165951082,0.00028979537794687705,0.007066986361010488
10,0.1,0.1,irregular,0,10,0.8,0.25,0.7109206206312881,0.2880663997677967,0.0890793793687119,0.0380663997677966,False,False,True,0.8211009700520249,0.2051205077832738,0.0211009700520248,0.0448794922167262,False,False,True,0.7109206206312881,0.0890793793687119,0.2880663997677967,0.0380663997677966,True,0.007935135828714896,0.0004452509371364486,0.0014490507912817117,0.0020141688216311886
10,0.1,0.1,irregular,1,7,0.8,0.25,3.5424176022397393,0.5181273473101782,2.7424176022397395,0.2681273473101782,False,False,True,0.936260906411038,0.1397184997902519,0.136260906411038,0.110281500209748,False,False,True,3.5424176022397393,2.7424176022397395,0.5181273473101782,0.2681273473101782,True,7.520854305074362,0.018567034615957642,0.07189227437559291,0.012162009288512673
10,0.1,0.1,irregular,2,9,0.8,0.25,2.8680444073077584,0.5002930460637657,2.068044407307758,0.2502930460637657,False,False,True,0.1762813437382713,6.576458554314338e-05,0.6237186562617287,0.2499342354144568,False,False,True,2.8680444073077584,2.068044407307758,0.5002930460637657,0.2502930460637657,True,4.276807670596899,0.3890249621689365,0.06264660890787833,0.062467122032209145
10,0.1,0.1,irregular,3,10,0.8,0.25,6.512551978079164,0.38563370643395,5.712551978079164,0.13563370643395,False,False,True,19.999999999999996,0.173490689752185,19.199999999999996,0.0765093102478149,True,False,True,6.512551978079164,5.712551978079164,0.38563370643395,0.13563370643395,True,32.63325010225617,368.6399999999998,0.01839650232101093,0.0058536745545964075
10,0.1,0.1,irregular,4,8,0.8,0.25,17.098946999753874,0.7038806704568944,16.298946999753873,0.4538806704568944,False,False,True,17.40310660272601,0.3952029910423958,16.603106602726008,0.1452029910423958,False,False,True,17.098946999753874,16.298946999753873,0.7038806704568944,0.4538806704568944,True,265.6556733007858,275.663148861484,0.20600766301439996,0.02108390860765808
10,0.1,0.1,irregular,5,9,0.8,0.25,2.027168434400339,0.4295155197352948,1.2271684344003388,0.1795155197352948,False,False,True,1.7858300782423018,0.2986329935247783,0.9858300782423016,0.0486329935247782,False,False,True,2.027168434400339,1.2271684344003388,0.4295155197352948,0.1795155197352948,True,1.5059423663885787,0.9718609431672227,0.03222582182583301,0.002365168059181127
10,0.1,0.1,irregular,6,8,0.8,0.25,4.604573819681831,0.7266241451207544,3.8045738196818313,0.4766241451207543,False,False,True,6.201907191927589,0.7351037521760225,5.401907191927589,0.4851037521760225,False,False,True,4.604573819681831,3.8045738196818313,0.7266241451207544,0.4766241451207543,True,14.4747819494084,29.18060131019901,0.2271705757120899,0.23532565037525588
10,0.1,0.1,irregular,7,9,0.8,0.25,19.999999999999996,0.7891999191668154,19.199999999999996,0.5391999191668154,True,False,True,0.665379017924715,3.0575253321050156e-05,0.134620982075285,0.2499694247466789,False,False,True,19.999999999999996,19.199999999999996,0.7891999191668154,0.5391999191668154,True,368.6399999999998,0.01812280881491422,0.2907365528295003,0.062484713308185585
10,0.1,0.1,irregular,8,8,0.8,0.25,19.999999999999996,2.45943750407895,19.199999999999996,2.20943750407895,True,False,True,0.3453678075456431,0.2662722137451798,0.4546321924543569,0.0162722137451798,False,False,True,19.999999999999996,19.199999999999996,2.45943750407895,2.20943750407895,True,368.6399999999998,0.20669043041585544,4.881614084430621,0.00026478494016881797
10,0.1,0.1,irregular,9,9,0.8,0.25,19.999999999999996,0.955938010234058,19.199999999999996,0.7059380102340581,True,False,True,3.9063718273254464,0.206191792501954,3.1063718273254466,0.0438082074980459,False,False,True,19.999999999999996,19.199999999999996,0.955938010234058,0.7059380102340581,True,368.6399999999998,9.649545929601235,0.498348474293221,0.0019191590441918545
10,0.1,0.3,regular,0,8,0.8,0.25,2.249649332578575,0.3667954899575035,1.449649332578575,0.1167954899575035,False,False,True,2.6374831094128988,0.3169199432110126,1.8374831094128987,0.0669199432110125,False,False,True,2.249649332578575,1.449649332578575,0.3667954899575035,0.1167954899575035,True,2.101483187445508,3.3763441773776948,0.0136411864744133,0.004478278799365148
10,0.1,0.3,regular,1,9,0.8,0.25,1.096047020274639,0.3702064820580873,0.296047020274639,0.1202064820580873,False,False,True,1.0857531915238705,0.3160502284079226,0.2857531915238702,0.0660502284079225,False,False,True,1.096047020274639,0.296047020274639,0.3702064820580873,0.1202064820580873,True,0.08764383821349253,0.0816548864660778,0.014449598328781267,0.004362632672738742
10,0.1,0.3,regular,2,7,0.8,0.25,0.5288653676991456,0.1168242092947858,0.2711346323008544,0.1331757907052141,False,False,True,0.7578061877129101,7.486692578949206e-05,0.0421938122870899,0.2499251330742105,False,False,True,0.5288653676991456,0.2711346323008544,0.1168242092947858,0.1331757907052141,True,0.07351398883291954,0.0017803177953181837,0.01773579122995901,0.06246257214216184
10,0.1,0.3,regular,3,7,0.8,0.25,2.2150557444285837,0.3940201081891515,1.4150557444285836,0.1440201081891515,False,False,True,2.0677695084294143,0.3061611123025826,1.2677695084294145,0.0561611123025826,False,False,True,2.2150557444285837,1.4150557444285836,0.3940201081891515,0.1440201081891515,True,2.0023827598403328,1.6072395265033588,0.020741791562814905,0.003154070535063293
10,0.1,0.3,regular,4,7,0.8,0.25,1.6229053848297204,0.3853317985161458,0.8229053848297203,0.1353317985161458,False,False,True,1.8627467877846176,0.3556243806085813,1.0627467877846175,0.1056243806085813,False,False,True,1.6229053848297204,0.8229053848297203,0.3853317985161458,0.1353317985161458,True,0.6771732723817501,1.129430734946523,0.01831469568961468,0.011156509778946447
10,0.1,0.3,regular,5,8,0.8,0.25,0.2125923291292989,0.1596772174377106,0.5874076708707011,0.0903227825622893,False,False,True,0.0293473155644724,5.599470471327827e-05,0.7706526844355276,0.2499440052952867,False,False,True,0.2125923291292989,0.5874076708707011,0.1596772174377106,0.0903227825622893,True,0.34504777179774193,0.5939055600276849,0.00815820504979461,0.06247200578305031
10,0.1,0.3,regular,6,10,0.8,0.25,5.052887191703253,0.4791690165792984,4.252887191703254,0.2291690165792984,False,False,True,5.05289283641634,0.3574997158171598,4.25289283641634,0.1074997158171597,False,False,True,5.052887191703253,4.252887191703254,0.4791690165792984,0.2291690165792984,True,18.087049465353587,18.08709747804142,0.05251843815992274,0.011556188900770113
10,0.1,0.3,regular,7,6,0.8,0.25,0.0580472498126687,0.2573100660139831,0.7419527501873313,0.0073100660139831,False,False,True,0.1236430151573419,0.2356502542757058,0.676356984842658,0.0143497457242942,False,False,True,0.0580472498126687,0.7419527501873313,0.2573100660139831,0.0073100660139831,True,0.5504938835105445,0.45745877094545173,5.343706512879072e-05,0.0002059152023518998
10,0.1,0.3,regular,8,8,0.8,0.25,19.999999999999996,0.7969593939604426,19.199999999999996,0.5469593939604426,True,False,True,19.999999999999996,0.4849167160684701,19.199999999999996,0.2349167160684701,True,False,True,19.999999999999996,19.199999999999996,0.7969593939604426,0.5469593939604426,True,368.6399999999998,368.6399999999998,0.29916457864157464,0.055185863488394195
10,0.1,0.3,regular,9,7,0.8,0.25,1.3281277586866371,0.3434601608655082,0.5281277586866373,0.0934601608655082,False,False,True,1.285705125275726,0.2784913363313366,0.4857051252757258,0.0284913363313366,False,False,True,1.3281277586866371,0.5281277586866373,0.3434601608655082,0.0934601608655082,True,0.2789189294953708,0.23590946871910853,0.008734801669006666,0.0008117562459453411
10,0.1,0.3,irregular,0,7,0.8,0.25,4.2250797478268725,0.3760869388303995,3.4250797478268726,0.1260869388303995,False,False,True,4.23316157018701,0.0965462931133728,3.4331615701870097,0.1534537068866271,False,False,True,4.2250797478268725,3.4250797478268726,0.3760869388303995,0.1260869388303995,True,11.731171278973793,11.786598367008935,0.01589791614362091,0.023548040157246892
10,0.1,0.3,irregular,1,7,0.8,0.25,0.957811239492802,0.3209301698224497,0.157811239492802,0.0709301698224497,False,False,True,1.3028896600580735,0.3362066213391704,0.5028896600580737,0.0862066213391704,False,False,True,0.957811239492802,0.157811239492802,0.3209301698224497,0.0709301698224497,True,0.024904387310254496,0.2528980101933247,0.005031088991041555,0.0074315815627151085
10,0.1,0.3,irregular,2,9,0.8,0.25,19.999999999999996,1.1200849293692672,19.199999999999996,0.8700849293692672,True,False,True,19.999999999999996,0.9228519912148272,19.199999999999996,0.6728519912148271,True,False,True,19.999999999999996,19.199999999999996,1.1200849293692672,0.8700849293692672,True,368.6399999999998,368.6399999999998,0.7570477843155227,0.4527298020817579
10,0.1,0.3,irregular,3,8,0.8,0.25,2.7081304295364204,0.4039634967787526,1.9081304295364203,0.1539634967787526,False,False,True,3.715128722589945,0.3831259863156466,2.915128722589946,0.1331259863156466,False,False,True,2.7081304295364204,1.9081304295364203,0.4039634967787526,0.1539634967787526,True,3.640961736122844,8.497975469268887,0.02370475834034096,0.017722528232513725
10,0.1,0.3,irregular,4,8,0.8,0.25,19.999999999999996,1.5571617642275577,19.199999999999996,1.3071617642275577,True,False,True,7.758375816965078,0.0112671605578915,6.958375816965078,0.2387328394421084,False,False,True,19.999999999999996,19.199999999999996,1.5571617642275577,1.3071617642275577,True,368.6399999999998,48.418994010124415,1.708671877858501,0.056993368628091554
10,0.1,0.3,irregular,5,5,0.8,0.25,0.1412418367436835,0.2011780201250645,0.6587581632563164,0.0488219798749354,False,False,True,0.0009526655056041,2.5608720703243e-06,0.7990473344943959,0.2499974391279296,False,False,True,0.1412418367436835,0.6587581632563164,0.2011780201250645,0.0488219798749354,True,0.4339623176568358,0.6384766427625991,0.002383585718908607,0.06249871957052291
10,0.1,0.3,irregular,6,8,0.8,0.25,18.54629585983592,0.7314130834340143,17.746295859835918,0.4814130834340143,False,False,True,19.999999999999996,0.4147468956493893,19.199999999999996,0.1647468956493893,True,False,True,18.54629585983592,17.746295859835918,0.7314130834340143,0.4814130834340143,True,314.93101674482944,368.6399999999998,0.23175855690144526,0.027141539626110774
10,0.1,0.3,irregular,7,9,0.8,0.25,11.307694511723843,0.6899543342102371,10.507694511723844,0.4399543342102371,False,False,True,2.4564732295554403,0.0491160364277328,1.6564732295554403,0.2008839635722671,False,False,True,11.307694511723843,10.507694511723844,0.6899543342102371,0.4399543342102371,True,110.41164395171137,2.7439035602338304,0.19355981619037302,0.04035436682050398
10,0.1,0.3,irregular,8,9,0.8,0.25,0.9503041528944758,0.3947294142228036,0.1503041528944757,0.1447294142228036,False,False,True,0.5950814894860463,0.1438173373936041,0.2049185105139537,0.1061826626063958,False,False,True,0.9503041528944758,0.1503041528944757,0.3947294142228036,0.1447294142228036,True,0.02259133837732594,0.04199159595125736,0.020946603341275866,0.011274757838183705
10,0.1,0.3,irregular,9,8,0.8,0.25,19.999999999999996,0.4406190102094094,19.199999999999996,0.1906190102094094,True,False,True,19.999999999999996,7.954856231410865e-05,19.199999999999996,0.2499204514376859,True,False,True,19.999999999999996,19.199999999999996,0.4406190102094094,0.1906190102094094,True,368.6399999999998,368.6399999999998,0.03633560705321493,0.062460232046816715
10,0.25,0.0,regular,0,10,0.8,0.25,19.999999999999996,2.2384864343541495,19.199999999999996,1.9884864343541495,True,False,True,19.999999999999996,1.5845556340400508,19.199999999999996,1.3345556340400508,True,False,True,19.999999999999996,19.199999999999996,2.2384864343541495,1.9884864343541495,True,368.6399999999998,368.6399999999998,3.9540782996104795,1.781038740348042
10,0.25,0.0,regular,1,10,0.8,0.25,19.999999999999996,1.4538300381529028,19.199999999999996,1.2038300381529028,True,False,True,19.999999999999996,0.0001635751620854,19.199999999999996,0.2498364248379145,True,False,True,19.999999999999996,19.199999999999996,1.4538300381529028,1.2038300381529028,True,368.6399999999998,368.6399999999998,1.4492067607592194,0.06241823917579095
10,0.25,0.0,regular,2,10,0.8,0.25,0.7726690603214094,0.3631663623111761,0.0273309396785906,0.1131663623111761,False,False,True,1.232328494781048,1.704031904594232e-05,0.4323284947810479,0.249982959680954,False,False,True,0.7726690603214094,0.0273309396785906,0.3631663623111761,0.1131663623111761,True,0.0007469802637147625,0.18690792739964662,0.01280662555874438,0.0624914801308495
10,0.25,0.0,regular,3,10,0.8,0.25,19.999999999999996,1.30809198676295,19.199999999999996,1.05809198676295,True,False,True,19.999999999999996,3.0023786505067343e-05,19.199999999999996,0.2499699762134949,True,False,True,19.999999999999996,19.199999999999996,1.30809198676295,1.05809198676295,True,368.6399999999998,368.6399999999998,1.1195586524519665,0.06248498900817522
10,0.25,0.0,regular,4,10,0.8,0.25,1.3713588772393064,0.6620764028677161,0.5713588772393063,0.4120764028677161,False,False,True,1.3713571762913752,0.4140155552515929,0.5713571762913752,0.1640155552515929,False,False,True,1.3713588772393064,0.5713588772393063,0.6620764028677161,0.4120764028677161,True,0.3264509666001607,0.32644902289965355,0.16980696180039623,0.02690110236448832
10,0.25,0.0,regular,5,10,0.8,0.25,1.4447530070561208,0.5237050371036296,0.6447530070561207,0.2737050371036296,False,False,True,1.4447851180580884,0.053840841358835,0.6447851180580884,0.1961591586411649,False,False,True,1.4447530070561208,0.6447530070561207,0.5237050371036296,0.2737050371036296,True,0.41570644010791,0.41574784846918295,0.07491444733589925,0.03847841551880974
10,0.25,0.0,regular,6,10,0.8,0.25,3.312967209809814,0.3856911104525353,2.5129672098098137,0.1356911104525353,False,False,True,5.235478428469112,7.498942299173025e-05,4.435478428469112,0.2499250105770082,False,False,True,3.312967209809814,2.5129672098098137,0.3856911104525353,0.1356911104525353,True,6.31500419757932,19.673468889414828,0.01841207745584213,0.0624625109119177
10,0.25,0.0,regular,7,10,0.8,0.25,4.802154228454643,0.7263575785208385,4.002154228454643,0.4763575785208385,False,False,True,4.96387301079446,0.0004043732918185,4.16387301079446,0.2495956267081814,False,False,True,4.802154228454643,4.002154228454643,0.7263575785208385,0.4763575785208385,True,16.01723846833738,17.337838450022524,0.2269165426142368,0.06229797687184989
10,0.25,0.0,regular,8,10,0.8,0.25,19.999999999999996,2.1901615598841055,19.199999999999996,1.9401615598841055,True,False,True,19.36735763254846,1.4917472657383184,18.56735763254846,1.2417472657383184,False,False,True,19.999999999999996,19.199999999999996,2.1901615598841055,1.9401615598841055,True,368.6399999999998,344.7467694549556,3.7642268784519257,1.5419362719685898
10,0.25,0.0,regular,9,10,0.8,0.25,19.999999999999996,1.4999527789748994,19.199999999999996,1.2499527789748994,True,False,True,19.999999999999996,0.0003178260495967,19.199999999999996,0.2496821739504032,True,False,True,19.999999999999996,19.199999999999996,1.4999527789748994,1.2499527789748994,True,368.6399999999998,368.6399999999998,1.5623819496670737,0.062341187988599445
10,0.25,0.0,irregular,0,10,0.8,0.25,19.999999999999996,1.4708146120684922,19.199999999999996,1.2208146120684922,True,False,True,19.999999999999996,0.0017309999249533,19.199999999999996,0.2482690000750466,True,False,True,19.999999999999996,19.199999999999996,1.4708146120684922,1.2208146120684922,True,368.6399999999998,368.6399999999998,1.490388317039943,0.06163749639826354
10,0.25,0.0,irregular,1,10,0.8,0.25,19.999999999999996,1.635347435535346,19.199999999999996,1.385347435535346,True,False,True,19.999999999999996,0.2484294416951008,19.199999999999996,0.0015705583048991,True,False,True,19.999999999999996,19.199999999999996,1.635347435535346,1.385347435535346,True,368.6399999999998,368.6399999999998,1.9191875171443593,2.4666533890878134e-06
10,0.25,0.0,irregular,2,10,0.8,0.25,19.999999999999996,1.5385984235789556,19.199999999999996,1.2885984235789556,True,False,True,19.999999999999996,0.0034776291274844,19.199999999999996,0.2465223708725155,True,False,True,19.999999999999996,19.199999999999996,1.5385984235789556,1.2885984235789556,True,368.6399999999998,368.6399999999998,1.6604858972501695,0.06077327934060613
10,0.25,0.0,irregular,3,10,0.8,0.25,2.8784355905347594,0.5771175799437843,2.0784355905347596,0.3271175799437843,False,False,True,19.999999999999996,0.0028288576767525,19.199999999999996,0.2471711423232475,True,False,True,2.8784355905347594,2.0784355905347596,0.5771175799437843,0.3271175799437843,True,4.319894504001574,368.6399999999998,0.10700591110827813,0.06109357359737907
10,0.25,0.0,irregular,4,10,0.8,0.25,19.999999999999996,1.5492692555307983,19.199999999999996,1.2992692555307983,True,False,True,13.234251669333702,9.374036287715494e-05,12.4342516693337,0.2499062596371228,False,False,True,19.999999999999996,19.199999999999996,1.5492692555307983,1.2992692555307983,True,368.6399999999998,154.61061457632792,1.6881005983675548,0.062453138605817055
10,0.25,0.0,irregular,5,10,0.8,0.25,19.999999999999996,2.2713258674524517,19.199999999999996,2.0213258674524517,True,False,True,0.5567501157860747,0.0004245574529976,0.2432498842139253,0.2495754425470023,False,False,True,19.999999999999996,19.199999999999996,2.2713258674524517,2.0213258674524517,True,368.6399999999998,0.05917050617008809,4.085758262432407,0.062287901522532094
10,0.25,0.0,irregular,6,10,0.8,0.25,7.745546154289982,1.4401267139366785,6.945546154289982,1.1901267139366785,False,False,True,11.260067377573606,1.2625436871123812,10.460067377573605,1.0125436871123812,False,False,True,7.745546154289982,6.945546154289982,1.4401267139366785,1.1901267139366785,True,48.240611381372354,109.41300954337954,1.4164015952257165,1.0252447183111357
10,0.25,0.0,irregular,7,10,0.8,0.25,2.802711800517463,0.7447593354569862,2.0027118005174627,0.4947593354569862,False,False,True,2.250862166327652,0.0442844992210327,1.4508621663276522,0.2057155007789672,False,False,True,2.802711800517463,2.0027118005174627,0.7447593354569862,0.4947593354569862,True,4.010854555931897,2.105001025680967,0.24478680002183864,0.0423188672607413
10,0.25,0.0,irregular,8,10,0.8,0.25,19.999999999999996,1.133593681329765,19.199999999999996,0.8835936813297647,True,False,True,19.999999999999996,0.0021188919344222,19.199999999999996,0.2478811080655777,True,False,True,19.999999999999996,19.199999999999996,1.133593681329765,0.8835936813297647,True,368.6399999999998,368.6399999999998,0.7807377936858861,0.06144504373581867
10,0.25,0.0,irregular,9,10,0.8,0.25,19.999999999999996,1.320208663795,19.199999999999996,1.070208663795,True,False,True,19.999999999999996,0.0012036056176352,19.199999999999996,0.2487963943823647,True,False,True,19.999999999999996,19.199999999999996,1.320208663795,1.070208663795,True,368.6399999999998,368.6399999999998,1.145346584061879,0.061899645857665206
10,0.25,0.1,regular,0,9,0.8,0.25,1.2222864867775438,0.3348400707393993,0.4222864867775437,0.0848400707393993,False,False,True,2.455251118449716,0.0001780590203161,1.6552511184497158,0.2498219409796838,False,False,True,1.2222864867775438,0.4222864867775437,0.3348400707393993,0.0848400707393993,True,0.17832587691492066,2.7398562651290352,0.007197837603066279,0.06241100219485667
10,0.25,0.1,regular,1,10,0.8,0.25,3.3269058430848992,0.4400468798273309,2.526905843084899,0.1900468798273308,False,False,True,4.305540336093434,0.001004399465252,3.505540336093434,0.2489956005347479,False,False,True,3.3269058430848992,2.526905843084899,0.4400468798273309,0.1900468798273308,True,6.385253139816604,12.288813047978065,0.03611781653210394,0.0619988090856598
10,0.25,0.1,regular,2,9,0.8,0.25,19.210805492097343,1.7534297421439846,18.410805492097342,1.5034297421439846,False,False,True,19.999999999999996,0.836692164758159,19.199999999999996,0.586692164758159,True,False,True,19.210805492097343,18.410805492097342,1.7534297421439846,1.5034297421439846,True,338.9577588678417,368.6399999999998,2.260300989563128,0.3442076961886148
10,0.25,0.1,regular,3,9,0.8,0.25,4.153821636398244,0.7289975234868376,3.3538216363982443,0.4789975234868375,False,False,True,3.735494840837888,0.0004545118267335,2.9354948408378885,0.2495454881732664,False,False,True,4.153821636398244,3.3538216363982443,0.7289975234868376,0.4789975234868375,True,11.248119568772998,8.617129960585855,0.2294386275065235,0.062272950667633886
10,0.25,0.1,regular,4,9,0.8,0.25,19.999999999999996,1.2144754898728365,19.199999999999996,0.9644754898728364,True,False,True,19.999999999999996,0.0026890523042205,19.199999999999996,0.2473109476957794,True,False,True,19.999999999999996,19.199999999999996,1.2144754898728365,0.9644754898728364,True,368.6399999999998,368.6399999999998,0.9302129705654479,0.06116270485018458
10,0.25,0.1,regular,5,8,0.8,0.25,0.7607388815923409,0.3607414049917389,0.0392611184076591,0.1107414049917389,False,False,True,1.057953036612305,6.183164325451803e-06,0.2579530366123053,0.2499938168356745,False,False,True,0.7607388815923409,0.0392611184076591,0.3607414049917389,0.1107414049917389,True,0.0015414354186202293,0.0665397690975092,0.012263658779544334,0.06249690845606879
10,0.25,0.1,regular,6,10,0.8,0.25,2.9363460339562875,0.760473349134237,2.136346033956287,0.510473349134237,False,False,True,2.9363479186750405,0.4266739058526516,2.1363479186750407,0.1766739058526516,False,False,True,2.9363460339562875,2.136346033956287,0.760473349134237,0.510473349134237,True,4.563974376800758,4.5639824296271785,0.26058304017632467,0.031213669009231594
10,0.25,0.1,regular,7,10,0.8,0.25,19.999999999999996,1.295166956278441,19.199999999999996,1.045166956278441,True,False,True,19.999999999999996,0.0011143270295782,19.199999999999996,0.2488856729704217,True,False,True,19.999999999999996,19.199999999999996,1.295166956278441,1.045166956278441,True,368.6399999999998,368.6399999999998,1.0923739664963403,0.061944078209939746
10,0.25,0.1,regular,8,10,0.8,0.25,19.999999999999996,2.2540772421843545,19.199999999999996,2.0040772421843545,True,False,True,19.999999999999996,1.606506288708765,19.199999999999996,1.356506288708765,True,False,True,19.999999999999996,19.199999999999996,2.2540772421843545,2.0040772421843545,True,368.6399999999998,368.6399999999998,4.016325592641247,1.8401093113064275
10,0.25,0.1,regular,9,9,0.8,0.25,2.8219350941848735,0.7178901429636616,2.0219350941848733,0.4678901429636616,False,False,True,3.1617946002994017,0.4040648574668575,2.361794600299402,0.1540648574668575,False,False,True,2.8219350941848735,2.0219350941848733,0.7178901429636616,0.4678901429636616,True,4.088221525096392,5.578073734003412,0.21892118588255569,0.023735980306283117
10,0.25,0.1,irregular,0,9,0.8,0.25,19.999999999999996,1.364955270911253,19.199999999999996,1.114955270911253,True,False,True,19.999999999999996,1.3597014361649552e-05,19.199999999999996,0.2499864029856383,True,False,True,19.999999999999996,19.199999999999996,1.364955270911253,1.114955270911253,True,368.6399999999998,368.6399999999998,1.2431252561327855,0.06249320167769797
10,0.25,0.1,irregular,1,9,0.8,0.25,1.804249018227178,0.3927311486824304,1.004249018227178,0.1427311486824304,False,False,True,2.4898835304037163,1.736306937980677e-05,1.6898835304037163,0.2499826369306202,False,False,True,1.804249018227178,1.004249018227178,0.3927311486824304,0.1427311486824304,True,1.0085160906102508,2.855706346329728,0.02037218080420606,0.06249131876678628
10,0.25,0.1,irregular,2,10,0.8,0.25,19.999999999999996,1.5170659224367826,19.199999999999996,1.2670659224367826,True,False,True,19.999999999999996,0.0012579412786115,19.199999999999996,0.2487420587213884,True,False,True,19.999999999999996,19.199999999999996,1.5170659224367826,1.2670659224367826,True,368.6399999999998,368.6399999999998,1.605456051800575,0.06187261177695468
10,0.25,0.1,irregular,3,8,0.8,0.25,1.7398502730230838,0.8271448077556486,0.9398502730230838,0.5771448077556486,False,False,True,1.423482251755996,0.5762959014096736,0.6234822517559959,0.3262959014096735,False,False,True,1.7398502730230838,0.9398502730230838,0.8271448077556486,0.5771448077556486,True,0.8833185357015652,0.3887301182547271,0.3330961291193046,0.10646901527675141
10,0.25,0.1,irregular,4,9,0.8,0.25,8.210437190938446,1.3102931858117906,7.410437190938446,1.0602931858117906,False,False,True,19.999999999999996,1.273942884057502,19.199999999999996,1.023942884057502,True,False,True,8.210437190938446,7.410437190938446,1.3102931858117906,1.0602931858117906,True,54.91457936084369,368.6399999999998,1.1242216398789162,1.048459029811995
10,0.25,0.1,irregular,5,10,0.8,0.25,19.999999999999996,1.8336723892154676,19.199999999999996,1.5836723892154676,True,False,True,2.8883646051377565,1.522619155193822e-05,2.088364605137756,0.249984773808448,False,False,True,19.999999999999996,19.199999999999996,1.8336723892154676,1.5836723892154676,True,368.6399999999998,4.361266723992176,2.5080182363634274,0.06249238713606094
10,0.25,0.1,irregular,6,10,0.8,0.25,11.319422951039428,1.2382561325193064,10.519422951039427,0.9882561325193064,False,False,True,19.999999999999996,0.5627308483804407,19.199999999999996,0.3127308483804407,True,False,True,11.319422951039428,10.519422951039427,1.2382561325193064,0.9882561325193064,True,110.65825922285505,368.6399999999998,0.9766501834620169,0.09780058352875022
10,0.25,0.1,irregular,7,9,0.8,0.25,2.547288846358852,0.7999021837515986,1.7472888463588518,0.5499021837515986,False,False,True,4.227799161518317,0.650214988815506,3.427799161518317,0.400214988815506,False,False,True,2.547288846358852,1.7472888463588518,0.7999021837515986,0.5499021837515986,True,3.0530183126100474,11.749807091705678,0.30239241169477693,0.16017203727259557
10,0.25,0.1,irregular,8,8,0.8,0.25,1.6501710245702357,0.7544689903542908,0.8501710245702354,0.5044689903542908,False,False,True,1.38718401567752,0.2797669610879829,0.5871840156775201,0.0297669610879828,False,False,True,1.6501710245702357,0.8501710245702354,0.7544689903542908,0.5044689903542908,True,0.7227907710188042,0.3447850682671779,0.2544889622290776,0.0008860719724134869
10,0.25,0.1,irregular,9,8,0.8,0.25,6.802328248424704,0.7538315746899493,6.002328248424704,0.5038315746899493,False,False,True,3.5870726923827787,0.0001704872463836,2.787072692382779,0.2498295127536163,False,False,True,6.802328248424704,6.002328248424704,0.7538315746899493,0.5038315746899493,True,36.027944401837175,7.767774192625792,0.253846255654554,0.062414785442709377
10,0.25,0.3,regular,0,8,0.8,0.25,0.0023020563068026,0.2853135961621582,0.7976979436931974,0.0353135961621582,False,False,True,0.6997983840993969,3.204329137671705e-05,0.1002016159006031,0.2499679567086233,False,False,True,0.0023020563068026,0.7976979436931974,0.2853135961621582,0.0353135961621582,True,0.6363220093723556,0.01004036382909201,0.001247050073903993,0.062483979381084166
10,0.25,0.3,regular,1,7,0.8,0.25,19.999999999999996,1.090726509044594,19.199999999999996,0.8407265090445939,True,False,True,19.999999999999996,0.0025487514900186,19.199999999999996,0.2474512485099813,True,False,True,19.999999999999996,19.199999999999996,1.090726509044594,0.8407265090445939,True,368.6399999999998,368.6399999999998,0.7068210630103097,0.061232120389148575
10,0.25,0.3,regular,2,6,0.8,0.25,7.833194132042003,1.1020732693387325,7.033194132042003,0.8520732693387325,False,False,True,7.100953154394582,0.4615846689814166,6.300953154394582,0.2115846689814166,False,False,True,7.833194132042003,7.033194132042003,1.1020732693387325,0.8520732693387325,True,49.46581969899007,39.702010653875035,0.7260288563215962,0.04476807214797563
10,0.25,0.3,regular,3,9,0.8,0.25,19.999999999999996,1.8777762306765224,19.199999999999996,1.6277762306765222,True,False,True,19.999999999999996,1.012938184242962,19.199999999999996,0.7629381842429619,True,False,True,19.999999999999996,19.199999999999996,1.8777762306765224,1.6277762306765222,True,368.6399999999998,368.6399999999998,2.6496554571554674,0.5820746729759476
10,0.25,0.3,regular,4,7,0.8,0.25,0.3312189227687437,0.1620731050175919,0.4687810772312563,0.0879268949824081,False,False,True,1.959470257296972,0.000605404842223,1.159470257296972,0.2493945951577769,False,False,True,0.3312189227687437,0.4687810772312563,0.1620731050175919,0.0879268949824081,True,0.21975569837009712,1.3443712775563064,0.0077311388612474235,0.06219766409391149
10,0.25,0.3,regular,5,9,0.8,0.25,18.985813885045538,1.1620951055561508,18.185813885045537,0.9120951055561508,False,False,True,19.999999999999996,0.0002070181439009,19.199999999999996,0.249792981856099,True,False,True,18.985813885045538,18.185813885045537,1.1620951055561508,0.9120951055561508,True,330.72382666151503,368.6399999999998,0.8319174815794859,0.062396533784561455
10,0.25,0.3,regular,6,7,0.8,0.25,1.331312236146042,0.3845527380855177,0.5313122361460421,0.1345527380855177,False,False,True,1.8358785494740668,0.0001399118872527,1.0358785494740668,0.2498600881127472,False,False,True,1.331312236146042,0.5313122361460421,0.3845527380855177,0.1345527380855177,True,0.28229269227850756,1.0730443692604965,0.018104439326309927,0.06243006363170984
10,0.25,0.3,regular,7,5,0.8,0.25,19.999999999999996,1.4678016514044523,19.199999999999996,1.2178016514044523,True,False,True,19.999999999999996,0.0001405686220839,19.199999999999996,0.249859431377916,True,False,True,19.999999999999996,19.199999999999996,1.4678016514044523,1.2178016514044523,True,368.6399999999998,368.6399999999998,1.4830408621634112,0.06242973544849557
10,0.25,0.3,regular,8,6,0.8,0.25,19.999999999999996,2.433293051395274,19.199999999999996,2.183293051395274,True,False,True,19.17803450596224,1.811363623948388,18.378034505962237,1.561363623948388,False,False,True,19.999999999999996,19.199999999999996,2.433293051395274,2.183293051395274,True,368.6399999999998,337.7521523023388,4.766768548270887,2.437856366189243
10,0.25,0.3,regular,9,7,0.8,0.25,19.12169613075776,1.392003759937766,18.32169613075776,1.142003759937766,False,False,True,19.999999999999996,7.635673738677005e-05,19.199999999999996,0.2499236432626132,True,False,True,19.12169613075776,18.32169613075776,1.392003759937766,1.142003759937766,True,335.6845491078238,368.6399999999998,1.3041725877119945,0.062461827461657966
10,0.25,0.3,irregular,0,8,0.8,0.25,4.349011069513535,0.639968940402401,3.5490110695135355,0.389968940402401,False,False,True,2.605867174907589,5.020889479680714e-05,1.8058671749075887,0.2499497911052031,False,False,True,4.349011069513535,3.5490110695135355,0.639968940402401,0.389968940402401,True,12.595479571529609,3.2611562534087155,0.15207577447857143,0.06247489807353471
10,0.25,0.3,irregular,1,9,0.8,0.25,19.999999999999996,1.0453718136069816,19.199999999999996,0.7953718136069816,True,False,True,19.999999999999996,0.0001428374225977,19.199999999999996,0.2498571625774022,True,False,True,19.999999999999996,19.199999999999996,1.0453718136069816,0.7953718136069816,True,368.6399999999998,368.6399999999998,0.6326163218804591,0.062428601691230434
10,0.25,0.3,irregular,2,9,0.8,0.25,19.999999999999996,1.624936769109858,19.199999999999996,1.374936769109858,True,False,True,19.999999999999996,0.3407184055243558,19.199999999999996,0.0907184055243558,True,False,True,19.999999999999996,19.199999999999996,1.624936769109858,1.374936769109858,True,368.6399999999998,368.6399999999998,1.8904511190502549,0.008229829100881466
10,0.25,0.3,irregular,3,7,0.8,0.25,2.350139626082421,0.7231228302440854,1.550139626082421,0.4731228302440854,False,False,True,8.513082592812118,0.8334264891734047,7.7130825928121185,0.5834264891734047,False,False,True,2.350139626082421,1.550139626082421,0.7231228302440854,0.4731228302440854,True,2.4029328603509477,59.49164308354131,0.22384521249817366,0.3403864682692049
10,0.25,0.3,irregular,4,6,0.8,0.25,4.8074106376582595,0.6690666966216416,4.00741063765826,0.4190666966216416,False,False,True,6.211513181644098,0.0004828574550413,5.411513181644098,0.2495171425449586,False,False,True,4.8074106376582595,4.00741063765826,0.6690666966216416,0.4190666966216416,True,16.05934001881658,29.284474915107833,0.17561689621737503,0.06225880442380123
10,0.25,0.3,irregular,5,6,0.8,0.25,2.360143274097844,0.4380769298207734,1.5601432740978438,0.1880769298207734,False,False,True,4.54836198862666,0.000111628081013,3.7483619886266606,0.2498883719189869,False,False,True,2.360143274097844,1.5601432740978438,0.4380769298207734,0.1880769298207734,True,2.43404703571274,14.050217597781213,0.03537293153080812,0.06244419842032197
10,0.25,0.3,irregular,6,7,0.8,0.25,19.999999999999996,2.2205603194947465,19.199999999999996,1.9705603194947463,True,False,True,19.999999999999996,1.5591407815169105,19.199999999999996,1.3091407815169105,True,False,True,19.999999999999996,19.199999999999996,2.2205603194947465,1.9705603194947463,True,368.6399999999998,368.6399999999998,3.8831079727672373,1.7138495858307072
10,0.25,0.3,irregular,7,8,0.8,0.25,19.999999999999996,1.2527622860241494,19.199999999999996,1.0027622860241494,True,False,True,19.999999999999996,0.0003791650544508,19.199999999999996,0.2496208349455491,True,False,True,19.999999999999996,19.199999999999996,1.2527622860241494,1.0027622860241494,True,368.6399999999998,368.6399999999998,1.005532202272378,0.06231056123891312
10,0.25,0.3,irregular,8,8,0.8,0.25,1.288413669105205,0.4965891592074026,0.488413669105205,0.2465891592074026,False,False,True,19.999999999999996,0.7273972450191839,19.199999999999996,0.4773972450191839,True,False,True,1.288413669105205,0.488413669105205,0.4965891592074026,0.2465891592074026,True,0.2385479121688087,368.6399999999998,0.06080621343861375,0.2279081295519067
10,0.25,0.3,irregular,9,6,0.8,0.25,19.999999999999996,2.2774550895904686,19.199999999999996,2.0274550895904686,True,False,True,0.6396796310423527,0.0001256685731955,0.1603203689576473,0.2498743314268044,False,False,True,19.999999999999996,19.199999999999996,2.2774550895904686,2.0274550895904686,True,368.6399999999998,0.025702620702716172,4.110574140306295,0.06243718150599255
10,0.5,0.0,regular,0,10,0.8,0.25,2.43587714849794,0.9347491150959896,1.6358771484979402,0.6847491150959897,False,False,True,3.0770815242337175,2.8728406251046353e-05,2.2770815242337177,0.2499712715937489,False,False,True,2.43587714849794,1.6358771484979402,0.9347491150959896,0.6847491150959897,True,2.6760940449777504,5.185100268006551,0.4688813506247408,0.062485636622195806
10,0.5,0.0,regular,1,10,0.8,0.25,19.543582428570023,4.619429465934297,18.743582428570026,4.369429465934297,False,False,True,19.94045154070485,3.4354347458806083,19.140451540704845,3.1854347458806083,False,False,True,19.543582428570023,18.743582428570026,4.619429465934297,4.369429465934297,True,351.3218822565989,366.3568851820706,19.091913857774873,10.146994520263455
10,0.5,0.0,regular,2,10,0.8,0.25,2.803036992900277,1.054086614580186,2.003036992900278,0.8040866145801859,False,False,True,3.339201921970038,0.0017027306117417,2.5392019219700384,0.2482972693882582,False,False,True,2.803036992900277,2.003036992900278,1.054086614580186,0.8040866145801859,True,4.012157194926986,6.4475464005363365,0.6465552837470245,0.061651533985665315
10,0.5,0.0,regular,3,10,0.8,0.25,0.6088446028807216,0.6143698795771607,0.1911553971192784,0.3643698795771607,False,False,True,1.6195182900807117,0.0003698043682846,0.8195182900807116,0.2496301956317153,False,False,True,0.6088446028807216,0.1911553971192784,0.6143698795771607,0.3643698795771607,True,0.03654038584782904,0.6716102277768135,0.1327654091430746,0.0623152345711285
10,0.5,0.0,regular,4,10,0.8,0.25,19.58960630789313,3.139826317764722,18.78960630789313,2.889826317764722,False,False,True,19.999999999999996,0.2536163785169184,19.199999999999996,0.0036163785169183,True,False,True,19.58960630789313,18.78960630789313,3.139826317764722,2.889826317764722,True,353.0493052056173,368.6399999999998,8.351096146845611,1.3078193577628728e-05
10,0.5,0.0,regular,5,10,0.8,0.25,19.999999999999996,1.9794388970934176,19.199999999999996,1.7294388970934174,True,False,True,19.999999999999996,0.0001467306553824,19.199999999999996,0.2498532693446175,True,False,True,19.999999999999996,19.199999999999996,1.9794388970934176,1.7294388970934174,True,368.6399999999998,368.6399999999998,2.9909588987796965,0.06242665620219403
10,0.5,0.0,regular,6,10,0.8,0.25,19.371017480028343,2.292648133687441,18.571017480028345,2.042648133687441,False,False,True,19.999999999999996,0.0039779251825174,19.199999999999996,0.2460220748174825,True,False,True,19.371017480028343,18.571017480028345,2.292648133687441,2.042648133687441,True,344.8826902435182,368.6399999999998,4.172411398056785,0.060526861297499
10,0.5,0.0,regular,7,10,0.8,0.25,1.732805298696631,0.9539453895187332,0.9328052986966308,0.7039453895187333,False,False,True,2.020481029623829,0.0001428548850474,1.2204810296238289,0.2498571451149526,False,False,True,1.732805298696631,0.9328052986966308,0.9539453895187332,0.7039453895187333,True,0.8701257252765108,1.4895739436716415,0.495539111424681,0.062428592964994485
10,0.5,0.0,regular,8,10,0.8,0.25,2.6357725277027537,1.2915574944827186,1.8357725277027537,1.0415574944827186,False,False,True,2.6357808481663123,0.4487049154389745,1.8357808481663125,0.1987049154389745,False,False,True,2.6357725277027537,1.8357725277027537,1.2915574944827186,1.0415574944827186,True,3.3700607734681576,3.370091322494225,1.0848420143131183,0.039483643419610005
10,0.5,0.0,regular,9,10,0.8,0.25,19.999999999999996,2.4431731088745656,19.199999999999996,2.1931731088745656,True,False,True,19.999999999999996,0.0004073640457346,19.199999999999996,0.2495926359542654,True,False,True,19.999999999999996,19.199999999999996,2.4431731088745656,2.1931731088745656,True,368.6399999999998,368.6399999999998,4.810008285490527,0.062296483922598456
10,0.5,0.0,irregular,0,10,0.8,0.25,19.999999999999996,3.772206209903832,19.199999999999996,3.5222062099038323,True,False,True,19.999999999999996,1.7429799009589906,19.199999999999996,1.4929799009589906,True,False,True,19.999999999999996,19.199999999999996,3.772206209903832,3.5222062099038323,True,368.6399999999998,368.6399999999998,12.405936585085115,2.2289889846675175
10,0.5,0.0,irregular,1,10,0.8,0.25,4.193521046221504,1.7759200469718663,3.3935210462215037,1.5259200469718663,False,False,True,0.5737197373975906,0.0002974408998017,0.2262802626024094,0.2497025591001982,False,False,True,4.193521046221504,3.3935210462215037,1.7759200469718663,1.5259200469718663,True,11.51598509114829,0.051202757243415366,2.328431989750623,0.06235136802118803
10,0.5,0.0,irregular,2,10,0.8,0.25,19.999999999999996,4.065824220159398,19.199999999999996,3.8158242201593984,True,False,True,19.999999999999996,2.555523031722527,19.199999999999996,2.305523031722527,True,False,True,19.999999999999996,19.199999999999996,4.065824220159398,3.8158242201593984,True,368.6399999999998,368.6399999999998,14.560514479155081,5.315436449803031
10,0.5,0.0,irregular,3,10,0.8,0.25,19.999999999999996,10.17893349308308,19.199999999999996,9.92893349308308,True,False,True,13.17606092904172,0.0001035346127922,12.37606092904172,0.2498964653872077,False,False,True,19.999999999999996,19.199999999999996,10.17893349308308,9.92893349308308,True,368.6399999999998,153.16688411935297,98.583720310067,0.06244824341301995
10,0.5,0.0,irregular,4,10,0.8,0.25,19.999999999999996,2.8448245443161744,19.199999999999996,2.5948245443161744,True,False,True,19.999999999999996,0.0044098422770825,19.199999999999996,0.2455901577229174,True,False,True,19.999999999999996,19.199999999999996,2.8448245443161744,2.5948245443161744,True,368.6399999999998,368.6399999999998,6.733114415785642,0.0603145255703675
10,0.5,0.0,irregular,5,10,0.8,0.25,19.999999999999996,3.0838219280784953,19.199999999999996,2.8338219280784953,True,False,True,4.20436030512549,0.0016576095143139,3.40436030512549,0.248342390485686,False,False,True,19.999999999999996,19.199999999999996,3.0838219280784953,2.8338219280784953,True,368.6399999999998,11.589669087114117,8.03054672005852,0.061673942912144994
10,0.5,0.0,irregular,6,10,0.8,0.25,5.390477160048896,1.5284207696776309,4.590477160048896,1.2784207696776309,False,False,True,7.303580934948092,0.0002226687244526,6.503580934948092,0.2497773312755473,False,False,True,5.390477160048896,4.590477160048896,1.5284207696776309,1.2784207696776309,True,21.072480556930575,42.296564977420296,1.6343596643431462,0.062388715219134555
10,0.5,0.0,irregular,7,10,0.8,0.25,2.0213886981918847,0.4443144722464943,1.221388698191885,0.1943144722464943,False,False,True,19.999999999999996,0.0014130924832617,19.199999999999996,0.2485869075167382,True,False,True,2.0213886981918847,1.221388698191885,0.4443144722464943,0.1943144722464943,True,1.4917903520708666,368.6399999999998,0.0377581141244336,0.061795450588735396
10,0.5,0.0,irregular,8,10,0.8,0.25,19.999999999999996,4.097185212024797,19.199999999999996,3.847185212024798,True,False,True,19.402578416667716,1.887531058561764,18.602578416667715,1.637531058561764,False,False,True,19.999999999999996,19.199999999999996,4.097185212024797,3.847185212024798,True,368.6399999999998,346.0559237482715,14.800834055622285,2.681507967754411
10,0.5,0.0,irregular,9,10,0.8,0.25,19.999999999999996,3.3774099581296753,19.199999999999996,3.1274099581296753,True,False,True,2.566622581062308,0.0005182282809061,1.7666225810623075,0.2494817717190938,False,False,True,19.999999999999996,19.199999999999996,3.3774099581296753,3.1274099581296753,True,368.6399999999998,3.12095534391925,9.780693046208658,0.062241154420098074
10,0.5,0.1,regular,0,9,0.8,0.25,19.22342262140372,3.947026474746932,18.42342262140372,3.697026474746932,False,False,True,19.030200582511767,2.430873317044174,18.230200582511767,2.180873317044174,False,False,True,19.22342262140372,18.42342262140372,3.947026474746932,3.697026474746932,True,339.42250108685033,332.34021327861234,13.668004754979728,4.7562084249952585
10,0.5,0.1,regular,1,10,0.8,0.25,19.999999999999996,1.97604936443223,19.199999999999996,1.72604936443223,True,False,True,19.999999999999996,0.0026717170987598,19.199999999999996,0.2473282829012401,True,False,True,19.999999999999996,19.199999999999996,1.97604936443223,1.72604936443223,True,368.6399999999998,368.6399999999998,2.9792464084569046,0.061171279522875904
10,0.5,0.1,regular,2,10,0.8,0.25,7.737570636871832,1.6032788820509505,6.937570636871833,1.3532788820509505,False,False,True,8.305277794757712,1.0000000000000004e-06,7.505277794757712,0.249999,False,True,True,7.737570636871832,6.937570636871833,1.6032788820509505,1.3532788820509505,True,48.12988634158624,56.32919477648319,1.8313637326050702,0.062499500001
10,0.5,0.1,regular,3,9,0.8,0.25,19.999999999999996,2.518388552138487,19.199999999999996,2.268388552138487,True,False,True,19.999999999999996,0.0001472376753161,19.199999999999996,0.2498527623246838,True,False,True,19.999999999999996,19.199999999999996,2.518388552138487,2.268388552138487,True,368.6399999999998,368.6399999999998,5.145586623472941,0.06242640284127498
10,0.5,0.1,regular,4,10,0.8,0.25,19.999999999999996,3.9254172152960023,19.199999999999996,3.6754172152960023,True,False,True,19.999999999999996,2.3257042021748204,19.199999999999996,2.0757042021748204,True,False,True,19.999999999999996,19.199999999999996,3.9254172152960023,3.6754172152960023,True,368.6399999999998,368.6399999999998,13.50869170649422,4.3085479349262075
10,0.5,0.1,regular,5,8,0.8,0.25,18.87239693850314,2.755855569993545,18.07239693850314,2.505855569993545,False,False,True,19.999999999999996,0.0056647919971455,19.199999999999996,0.2443352080028544,True,False,True,18.87239693850314,18.07239693850314,2.755855569993545,2.505855569993545,True,326.61153110281765,368.6399999999998,6.2793121376676755,0.05969969386979817
10,0.5,0.1,regular,6,9,0.8,0.25,2.800297421068471,1.6068749534461368,2.0002974210684705,1.3568749534461368,False,False,True,2.8550283075575984,1.0459193651590002,2.055028307557598,0.7959193651590002,False,False,True,2.800297421068471,2.0002974210684705,1.6068749534461368,1.3568749534461368,True,4.001189772733174,4.223141344863046,1.841109639289456,0.6334876358351059
10,0.5,0.1,regular,7,10,0.8,0.25,2.275631649101073,1.1726541880051569,1.475631649101073,0.9226541880051568,False,False,True,2.275622302446624,0.2000181855065524,1.475622302446624,0.0499818144934475,False,False,True,2.275631649101073,1.475631649101073,1.1726541880051569,0.9226541880051568,True,2.177488763828752,2.1774611794778758,0.8512907506434554,0.002498181780057409
10,0.5,0.1,regular,8,8,0.8,0.25,8.046348566130082,1.2272108483958983,7.246348566130082,0.9772108483958984,False,False,True,9.1595045450169,0.0003956000600442,8.3595045450169,0.2496043999399557,False,False,True,8.046348566130082,7.246348566130082,1.2272108483958983,0.9772108483958984,True,52.50956754185549,69.88131623815818,0.9549410422226314,0.062302356469385416
10,0.5,0.1,regular,9,8,0.8,0.25,19.999999999999996,5.25125695610999,19.199999999999996,5.00125695610999,True,False,True,19.999999999999996,4.192336705052309,19.199999999999996,3.942336705052309,True,False,True,19.999999999999996,19.199999999999996,5.25125695610999,5.00125695610999,True,368.6399999999998,368.6399999999998,25.012571141038563,15.542018696002696
10,0.5,0.1,irregular,0,9,0.8,0.25,4.656405458077347,1.6692990611644685,3.8564054580773472,1.4192990611644685,False,False,True,3.1946960213939835,0.0032432656295268,2.394696021393983,0.2467567343704731,False,False,True,4.656405458077347,3.8564054580773472,1.6692990611644685,1.4192990611644685,True,14.871863057088754,5.734569034880172,2.0144098250223417,0.060888885957180276
10,0.5,0.1,irregular,1,10,0.8,0.25,19.999999999999996,2.8125457653625996,19.199999999999996,2.5625457653625996,True,False,True,19.999999999999996,0.0013004223219394,19.199999999999996,0.2486995776780605,True,False,True,19.999999999999996,19.199999999999996,2.8125457653625996,2.5625457653625996,True,368.6399999999998,368.6399999999998,6.566640799577791,0.061851479937245706
10,0.5,0.1,irregular,2,9,0.8,0.25,19.999999999999996,1.7006421042670623,19.199999999999996,1.4506421042670623,True,False,True,19.999999999999996,0.0002513943552279,19.199999999999996,0.249748605644772,True,False,True,19.999999999999996,19.199999999999996,1.7006421042670623,1.4506421042670623,True,368.6399999999998,368.6399999999998,2.1043625146723706,0.06237436602150789
10,0.5,0.1,irregular,3,8,0.8,0.25,19.999999999999996,2.7870787066346314,19.199999999999996,2.5370787066346314,True,False,True,19.999999999999996,0.0003727779486333,19.199999999999996,0.2496272220513667,True,False,True,19.999999999999996,19.199999999999996,2.7870787066346314,2.5370787066346314,True,368.6399999999998,368.6399999999998,6.436768363658854,0.06231374998908234
10,0.5,0.1,irregular,4,8,0.8,0.25,19.999999999999996,5.600085270136175,19.199999999999996,5.350085270136175,True,False,True,2.7057084658434425,0.0003020759750147,1.9057084658434424,0.2496979240249852,False,False,True,19.999999999999996,19.199999999999996,5.600085270136175,5.350085270136175,True,368.6399999999998,3.631724756787367,28.623412397728067,0.062349053262387336
10,0.5,0.1,irregular,5,9,0.8,0.25,18.208003586777405,2.7649471750719923,17.408003586777404,2.5149471750719923,False,False,True,19.999999999999996,0.0006716046185705,19.199999999999996,0.2493283953814294,True,False,True,18.208003586777405,17.408003586777404,2.7649471750719923,2.5149471750719923,True,303.038588877255,368.6399999999998,6.324959293402594,0.06216464874347844
10,0.5,0.1,irregular,6,9,0.8,0.25,4.626611483681528,1.921028921547257,3.826611483681528,1.671028921547257,False,False,True,3.9852112058725817,0.9033388811753028,3.185211205872581,0.6533388811753027,False,False,True,4.626611483681528,3.826611483681528,1.921028921547257,1.671028921547257,True,14.642955447043349,10.145570426016267,2.7923376566473883,0.42685169365539644
10,0.5,0.1,irregular,7,10,0.8,0.25,4.153408296542606,1.3559929626871374,3.3534082965426064,1.1059929626871374,False,False,True,6.68024030968863,0.0002562925503346,5.88024030968863,0.2497437074496653,False,False,True,4.153408296542606,3.3534082965426064,1.3559929626871374,1.1059929626871374,True,11.245347203320785,34.57722609968703,1.2232204335134718,0.06237191941070406
10,0.5,0.1,irregular,8,7,0.8,0.25,1.4421039840641576,0.6039378344575996,0.6421039840641576,0.3539378344575996,False,False,True,1.7257749357970895,0.0002968618387349,0.9257749357970896,0.249703138161265,False,False,True,1.4421039840641576,0.6421039840641576,0.6039378344575996,0.3539378344575996,True,0.4122975263510639,0.8570592317501051,0.1252719906605352,0.06235165720758385
10,0.5,0.1,irregular,9,9,0.8,0.25,19.999999999999996,3.834642469626672,19.199999999999996,3.584642469626672,True,False,True,19.999999999999996,1.8636603627290809,19.199999999999996,1.6136603627290806,True,False,True,19.999999999999996,19.199999999999996,3.834642469626672,3.584642469626672,True,368.6399999999998,368.6399999999998,12.849661635051206,2.603899766242949
10,0.5,0.3,regular,0,8,0.8,0.25,0.4127868645386581,0.8376391057302014,0.3872131354613419,0.5876391057302014,False,False,True,0.569273798899759,0.0001826630896956,0.230726201100241,0.2498173369103043,False,False,True,0.4127868645386581,0.3872131354613419,0.8376391057302014,0.5876391057302014,True,0.14993401227380354,0.053234579874148855,0.34531971858339083,0.06240870182095653
10,0.5,0.3,regular,1,7,0.8,0.25,19.999999999999996,3.488724261375279,19.199999999999996,3.238724261375279,True,False,True,19.999999999999996,1.4734780834317691,19.199999999999996,1.2234780834317691,True,False,True,19.999999999999996,19.199999999999996,3.488724261375279,3.238724261375279,True,368.6399999999998,368.6399999999998,10.489334841220847,1.496898620637875
10,0.5,0.3,regular,2,6,0.8,0.25,0.2891058971457039,0.3049040211165024,0.5108941028542962,0.0549040211165023,False,False,True,1.240980361415336,0.0003280697468518,0.4409803614153358,0.2496719302531481,False,False,True,0.2891058971457039,0.5108941028542962,0.3049040211165024,0.0549040211165023,True,0.26101278433129615,0.1944636791540004,0.0030144515347613403,0.062336072756332905
10,0.5,0.3,regular,3,7,0.8,0.25,19.241210097960867,4.648866705599236,18.441210097960862,4.398866705599236,False,False,True,18.8092020991475,3.424135701350632,18.0092020991475,3.174135701350632,False,False,True,19.241210097960867,18.441210097960862,4.648866705599236,4.398866705599236,True,340.0782298771338,324.33136024793873,19.350028293629475,10.075137450588668
10,0.5,0.3,regular,4,6,0.8,0.25,19.855623962110737,2.4532262029329033,19.055623962110733,2.2032262029329033,False,False,True,19.999999999999996,0.0026573472619696,19.199999999999996,0.2473426527380303,True,False,True,19.855623962110737,19.055623962110733,2.4532262029329033,2.2032262029329033,True,363.11680458536887,368.6399999999998,4.854205701290138,0.0611783878634859
10,0.5,0.3,regular,5,8,0.8,0.25,6.354908534261154,1.876570009901798,5.554908534261155,1.626570009901798,False,False,True,5.894749101437072,0.5581110393790464,5.094749101437072,0.3081110393790464,False,False,True,6.354908534261154,5.554908534261155,1.876570009901798,1.626570009901798,True,30.85700882400741,25.956468406593856,2.645729997111935,0.09493241258723627
10,0.5,0.3,regular,6,9,0.8,0.25,19.999999999999996,2.677562159240097,19.199999999999996,2.427562159240097,True,False,True,19.999999999999996,0.0045225076271063,19.199999999999996,0.2454774923728936,True,False,True,19.999999999999996,19.199999999999996,2.677562159240097,2.427562159240097,True,368.6399999999998,368.6399999999998,5.893058036974443,0.06025919926168409
10,0.5,0.3,regular,7,8,0.8,0.25,19.999999999999996,3.9323956249794394,19.199999999999996,3.6823956249794394,True,False,True,19.25850329977609,2.293971393828157,18.45850329977609,2.043971393828157,False,False,True,19.999999999999996,19.199999999999996,3.9323956249794394,3.6823956249794394,True,368.6399999999998,340.71634406784483,13.560037538867716,4.1778190587878195
10,0.5,0.3,regular,8,7,0.8,0.25,0.6972925527616372,0.4472858989708581,0.1027074472383628,0.1972858989708581,False,False,True,1.666732328473216,0.0014751488514867,0.866732328473216,0.2485248511485132,False,False,True,0.6972925527616372,0.1027074472383628,0.4472858989708581,0.1972858989708581,True,0.010548819718221098,0.7512249292206028,0.03892172593273962,0.0617646016383907
10,0.5,0.3,regular,9,8,0.8,0.25,7.569441750598995,2.452853735605782,6.769441750598995,2.202853735605782,False,False,True,7.595474653366365,1.4960923772504378,6.795474653366365,1.2460923772504378,False,False,True,7.569441750598995,6.769441750598995,2.452853735605782,2.202853735605782,True,45.82534161475279,46.17847576454472,4.852564580472348,1.5527462126416474
10,0.5,0.3,irregular,0,8,0.8,0.25,19.999999999999996,2.1103572710521545,19.199999999999996,1.8603572710521543,True,False,True,19.999999999999996,0.0001807672866096,19.199999999999996,0.2498192327133903,True,False,True,19.999999999999996,19.199999999999996,2.1103572710521545,1.8603572710521543,True,368.6399999999998,368.6399999999998,3.4609291759566196,0.06240964903350711
10,0.5,0.3,irregular,1,10,0.8,0.25,19.999999999999996,2.8200487752510486,19.199999999999996,2.5700487752510486,True,False,True,19.999999999999996,0.0010417550826272,19.199999999999996,0.2489582449173727,True,False,True,19.999999999999996,19.199999999999996,2.8200487752510486,2.5700487752510486,True,368.6399999999998,368.6399999999998,6.605150707169415,0.061980207712338586
10,0.5,0.3,irregular,2,7,0.8,0.25,19.999999999999996,3.1705344820525423,19.199999999999996,2.9205344820525423,True,False,True,19.999999999999996,0.0139008440916755,19.199999999999996,0.2360991559083244,True,False,True,19.999999999999996,19.199999999999996,3.1705344820525423,2.9205344820525423,True,368.6399999999998,368.6399999999998,8.529521660857911,0.055742811420623324
10,0.5,0.3,irregular,3,7,0.8,0.25,4.306047869786395,1.4208917067428846,3.5060478697863955,1.1708917067428846,False,False,True,10.23823529575267,0.000738695757473,9.43823529575267,0.2492613042425269,False,False,True,4.306047869786395,3.5060478697863955,1.4208917067428846,1.1708917067428846,True,12.292371665233722,89.08028549799147,1.3709873889192652,0.062131197792685604
10,0.5,0.3,irregular,4,9,0.8,0.25,19.999999999999996,2.604529656237987,19.199999999999996,2.354529656237987,True,False,True,19.999999999999996,0.0004179010203665,19.199999999999996,0.2495820989796334,True,False,True,19.999999999999996,19.199999999999996,2.604529656237987,2.354529656237987,True,368.6399999999998,368.6399999999998,5.543809902104173,0.06229122413107957
10,0.5,0.3,irregular,5,8,0.8,0.25,19.999999999999996,3.5644301698169474,19.199999999999996,3.3144301698169474,True,False,True,19.999999999999996,0.0001192710067386,19.199999999999996,0.2498807289932613,True,False,True,19.999999999999996,19.199999999999996,3.5644301698169474,3.3144301698169474,True,368.6399999999998,368.6399999999998,10.985447350592798,0.06244037872220374
10,0.5,0.3,irregular,6,9,0.8,0.25,19.999999999999996,5.530547206743842,19.199999999999996,5.280547206743842,True,False,True,11.588054088330631,0.0001560630562013,10.788054088330632,0.2498439369437986,False,False,True,19.999999999999996,19.199999999999996,5.530547206743842,5.280547206743842,True,368.6399999999998,116.38211101274723,27.88417880265019,0.06242199282757686
10,0.5,0.3,irregular,7,5,0.8,0.25,19.999999999999996,1.8311993923671663,19.199999999999996,1.5811993923671663,True,False,True,19.999999999999996,0.0013242815874232,19.199999999999996,0.2486757184125767,True,False,True,19.999999999999996,19.199999999999996,1.8311993923671663,1.5811993923671663,True,368.6399999999998,368.6399999999998,2.500191518422296,0.061839612928011184
10,0.5,0.3,irregular,8,10,0.8,0.25,19.999999999999996,3.678856134914054,19.199999999999996,3.428856134914054,True,False,True,19.999999999999996,1.909191595181909,19.199999999999996,1.659191595181909,True,False,True,19.999999999999996,19.199999999999996,3.678856134914054,3.428856134914054,True,368.6399999999998,368.6399999999998,11.757054393937745,2.7529167495222877
10,0.5,0.3,irregular,9,5,0.8,0.25,19.999999999999996,2.878630503982618,19.199999999999996,2.628630503982618,True,False,True,19.999999999999996,0.0019294496606837,19.199999999999996,0.2480705503393162,True,False,True,19.999999999999996,19.199999999999996,2.878630503982618,2.628630503982618,True,368.6399999999998,368.6399999999998,6.909698326467913,0.061538997945651264
20,0.0,0.0,regular,0,20,0.8,0.25,2.6915963943394123,0.265744432655519,1.8915963943394123,0.015744432655519,False,False,True,2.6915963943394123,0.265744432655519,1.8915963943394123,0.015744432655519,False,False,True,2.6915963943394123,1.8915963943394123,0.265744432655519,0.015744432655519,True,3.5781369190778656,3.5781369190778656,0.00024788715964417317,0.00024788715964417317
20,0.0,0.0,regular,1,20,0.8,0.25,1.382226506433102,0.1916076466092962,0.582226506433102,0.0583923533907037,False,False,True,1.382226506433102,0.1916076466092962,0.582226506433102,0.0583923533907037,False,False,True,1.382226506433102,0.582226506433102,0.1916076466092962,0.0583923533907037,True,0.338987704793295,0.338987704793295,0.003409666934504839,0.003409666934504839
20,0.0,0.0,regular,2,20,0.8,0.25,0.4125657990789686,0.1944462321727589,0.3874342009210314,0.0555537678272411,False,False,True,0.4125657990789686,0.1944462321727589,0.3874342009210314,0.0555537678272411,False,False,True,0.4125657990789686,0.3874342009210314,0.1944462321727589,0.0555537678272411,True,0.15010526004331814,0.15010526004331814,0.0030862211198030096,0.0030862211198030096
20,0.0,0.0,regular,3,20,0.8,0.25,0.443946317185633,0.1923219669983794,0.356053682814367,0.0576780330016206,False,False,True,0.443946317185633,0.1923219669983794,0.356053682814367,0.0576780330016206,False,False,True,0.443946317185633,0.356053682814367,0.1923219669983794,0.0576780330016206,True,0.1267742250456739,0.1267742250456739,0.003326755490936036,0.003326755490936036
20,0.0,0.0,regular,4,20,0.8,0.25,1.2993161618168931,0.3382013693356995,0.4993161618168931,0.0882013693356995,False,False,True,1.2993161618168931,0.3382013693356995,0.4993161618168931,0.0882013693356995,False,False,True,1.2993161618168931,0.4993161618168931,0.3382013693356995,0.0882013693356995,True,0.24931662945155375,0.24931662945155375,0.007779481552692472,0.007779481552692472
20,0.0,0.0,regular,5,20,0.8,0.25,2.5180289419494835,0.2922229673238948,1.7180289419494834,0.0422229673238948,False,False,True,2.5180289419494835,0.2922229673238948,1.7180289419494834,0.0422229673238948,False,False,True,2.5180289419494835,1.7180289419494834,0.2922229673238948,0.0422229673238948,True,2.9516234453760615,2.9516234453760615,0.001782778969634688,0.001782778969634688
20,0.0,0.0,regular,6,20,0.8,0.25,1.613953113720149,0.2624279832655133,0.813953113720149,0.0124279832655133,False,False,True,1.613953113720149,0.2624279832655133,0.813953113720149,0.0124279832655133,False,False,True,1.613953113720149,0.813953113720149,0.2624279832655133,0.0124279832655133,True,0.6625196713347258,0.6625196713347258,0.00015445476804787887,0.00015445476804787887
20,0.0,0.0,regular,7,20,0.8,0.25,1.2150076752743526,0.3062227157525604,0.4150076752743525,0.0562227157525604,False,False,True,1.2150076752743526,0.3062227157525604,0.4150076752743525,0.0562227157525604,False,False,True,1.2150076752743526,0.4150076752743525,0.3062227157525604,0.0562227157525604,True,0.17223137053662246,0.17223137053662246,0.003160993766593201,0.003160993766593201
20,0.0,0.0,regular,8,20,0.8,0.25,1.2996702043278143,0.2574488900301293,0.4996702043278143,0.0074488900301292,False,False,True,1.2996702043278143,0.2574488900301293,0.4996702043278143,0.0074488900301292,False,False,True,1.2996702043278143,0.4996702043278143,0.2574488900301293,0.0074488900301292,True,0.24967031309299967,0.24967031309299967,5.548596268095929e-05,5.548596268095929e-05
20,0.0,0.0,regular,9,20,0.8,0.25,2.720842978861845,0.2175249997711906,1.920842978861845,0.0324750002288093,False,False,True,2.720842978861845,0.2175249997711906,1.920842978861845,0.0324750002288093,False,False,True,2.720842978861845,1.920842978861845,0.2175249997711906,0.0324750002288093,True,3.6896377494428467,3.6896377494428467,0.0010546256398611701,0.0010546256398611701
20,0.0,0.0,irregular,0,20,0.8,0.25,2.2967894583184196,0.2418541630521266,1.4967894583184196,0.0081458369478733,False,False,True,2.2967894583184196,0.2418541630521266,1.4967894583184196,0.0081458369478733,False,False,True,2.2967894583184196,1.4967894583184196,0.2418541630521266,0.0081458369478733,True,2.240378682533148,2.240378682533148,6.635465958133956e-05,6.635465958133956e-05
20,0.0,0.0,irregular,1,20,0.8,0.25,1.030021144052212,0.2973522727154999,0.2300211440522119,0.0473522727154999,False,False,True,1.030021144052212,0.2973522727154999,0.2300211440522119,0.0473522727154999,False,False,True,1.030021144052212,0.2300211440522119,0.2973522727154999,0.0473522727154999,True,0.05290972671108845,0.05290972671108845,0.0022422377313230774,0.0022422377313230774
20,0.0,0.0,irregular,2,20,0.8,0.25,1.1029101696078538,0.2797098174975862,0.3029101696078538,0.0297098174975862,False,False,True,1.1029101696078538,0.2797098174975862,0.3029101696078538,0.0297098174975862,False,False,True,1.1029101696078538,0.3029101696078538,0.2797098174975862,0.0297098174975862,True,0.09175457085185874,0.09175457085185874,0.0008826732557398804,0.0008826732557398804
20,0.0,0.0,irregular,3,20,0.8,0.25,2.3657801400433027,0.2572385944833697,1.565780140043303,0.0072385944833697,False,False,True,2.3657801400433027,0.2572385944833697,1.565780140043303,0.0072385944833697,False,False,True,2.3657801400433027,1.565780140043303,0.2572385944833697,0.0072385944833697,True,2.4516674469540245,2.4516674469540245,5.2397250094670545e-05,5.2397250094670545e-05
20,0.0,0.0,irregular,4,20,0.8,0.25,1.7222276127398204,0.3462279944826471,0.9222276127398203,0.0962279944826471,False,False,True,1.7222276127398204,0.3462279944826471,0.9222276127398203,0.0962279944826471,False,False,True,1.7222276127398204,0.9222276127398203,0.3462279944826471,0.0962279944826471,True,0.850503769699788,0.850503769699788,0.009259826922152355,0.009259826922152355
20,0.0,0.0,irregular,5,20,0.8,0.25,1.62381643333511,0.2455696413550556,0.8238164333351099,0.0044303586449443,False,False,True,1.62381643333511,0.2455696413550556,0.8238164333351099,0.0044303586449443,False,False,True,1.62381643333511,0.8238164333351099,0.2455696413550556,0.0044303586449443,True,0.6786735158329815,0.6786735158329815,1.962807772283357e-05,1.962807772283357e-05
20,0.0,0.0,irregular,6,20,0.8,0.25,3.081163794760876,0.29239182863316,2.281163794760876,0.0423918286331599,False,False,True,3.081163794760876,0.29239182863316,2.281163794760876,0.0423918286331599,False,False,True,3.081163794760876,2.281163794760876,0.29239182863316,0.0423918286331599,True,5.20370825852784,5.20370825852784,0.0017970671348632031,0.0017970671348632031
20,0.0,0.0,irregular,7,20,0.8,0.25,1.8462547123293815,0.3044909731375454,1.0462547123293815,0.0544909731375454,False,False,True,1.8462547123293815,0.3044909731375454,1.0462547123293815,0.0544909731375454,False,False,True,1.8462547123293815,1.0462547123293815,0.3044909731375454,0.0544909731375454,True,1.094648923071437,1.094648923071437,0.002969266153476696,0.002969266153476696
20,0.0,0.0,irregular,8,20,0.8,0.25,2.3939128497301874,0.2212063890580271,1.593912849730187,0.0287936109419729,False,False,True,2.3939128497301874,0.2212063890580271,1.593912849730187,0.0287936109419729,False,False,True,2.3939128497301874,1.593912849730187,0.2212063890580271,0.0287936109419729,True,2.5405581725350066,2.5405581725350066,0.0008290720310777023,0.0008290720310777023
20,0.0,0.0,irregular,9,20,0.8,0.25,3.5819943239159526,0.2762390108526942,2.781994323915953,0.0262390108526942,False,False,True,3.5819943239159526,0.2762390108526942,2.781994323915953,0.0262390108526942,False,False,True,3.5819943239159526,2.781994323915953,0.2762390108526942,0.0262390108526942,True,7.739492418300579,7.739492418300579,0.0006884856905278041,0.0006884856905278041
20,0.0,0.1,regular,0,18,0.8,0.25,1.598892331968508,0.1827120783618187,0.798892331968508,0.0672879216381812,False,False,True,1.598892331968508,0.1827120783618187,0.798892331968508,0.0672879216381812,False,False,True,1.598892331968508,0.798892331968508,0.1827120783618187,0.0672879216381812,True,0.6382289580780807,0.6382289580780807,0.004527664398386025,0.004527664398386025
20,0.0,0.1,regular,1,17,0.8,0.25,0.5974076213152547,0.3113402457499327,0.2025923786847453,0.0613402457499326,False,False,True,0.5974076213152547,0.3113402457499327,0.2025923786847453,0.0613402457499326,False,False,True,0.5974076213152547,0.2025923786847453,0.3113402457499327,0.0613402457499326,True,0.041043671901143254,0.041043671901143254,0.0037626257486621352,0.0037626257486621352
20,0.0,0.1,regular,2,17,0.8,0.25,2.2585597119203125,0.3048386435918127,1.4585597119203124,0.0548386435918126,False,False,True,2.2585597119203125,0.3048386435918127,1.4585597119203124,0.0548386435918126,False,False,True,2.2585597119203125,1.4585597119203124,0.3048386435918127,0.0548386435918126,True,2.127396433237065,2.127396433237065,0.0030072768309898574,0.0030072768309898574
20,0.0,0.1,regular,3,18,0.8,0.25,1.7057246197029516,0.3254548040221007,0.9057246197029516,0.0754548040221007,False,False,True,1.7057246197029516,0.3254548040221007,0.9057246197029516,0.0754548040221007,False,False,True,1.7057246197029516,0.9057246197029516,0.3254548040221007,0.0754548040221007,True,0.8203370867360563,0.8203370867360563,0.005693427450013624,0.005693427450013624
20,0.0,0.1,regular,4,18,0.8,0.25,1.081920964450194,0.3197318910956059,0.2819209644501941,0.0697318910956059,False,False,True,1.081920964450194,0.3197318910956059,0.2819209644501941,0.0697318910956059,False,False,True,1.081920964450194,0.2819209644501941,0.3197318910956059,0.0697318910956059,True,0.07947943019652748,0.07947943019652748,0.004862536635769442,0.004862536635769442
20,0.0,0.1,regular,5,17,0.8,0.25,1.15903884366834,0.2167400743733173,0.35903884366834,0.0332599256266827,False,False,True,1.15903884366834,0.2167400743733173,0.35903884366834,0.0332599256266827,False,False,True,1.15903884366834,0.35903884366834,0.2167400743733173,0.0332599256266827,True,0.12890889126269872,0.12890889126269872,0.0011062226526924648,0.0011062226526924648
20,0.0,0.1,regular,6,20,0.8,0.25,3.62319915458863,0.3021591399905596,2.8231991545886297,0.0521591399905596,False,False,True,3.62319915458863,0.3021591399905596,2.8231991545886297,0.0521591399905596,False,False,True,3.62319915458863,2.8231991545886297,0.3021591399905596,0.0521591399905596,True,7.970453466469953,7.970453466469953,0.002720575884554794,0.002720575884554794
20,0.0,0.1,regular,7,17,0.8,0.25,0.5167570804118929,0.2200136026628224,0.2832429195881071,0.0299863973371775,False,False,True,0.5167570804118929,0.2200136026628224,0.2832429195881071,0.0299863973371775,False,False,True,0.5167570804118929,0.2832429195881071,0.2200136026628224,0.0299863973371775,True,0.0802265514967949,0.0802265514967949,0.0008991840252630912,0.0008991840252630912
20,0.0,0.1,regular,8,18,0.8,0.25,5.7689217192587705,0.3433801510937747,4.968921719258771,0.0933801510937747,False,False,True,5.7689217192587705,0.3433801510937747,4.968921719258771,0.0933801510937747,False,False,True,5.7689217192587705,4.968921719258771,0.3433801510937747,0.0933801510937747,True,24.690183052121537,24.690183052121537,0.008719852618296189,0.008719852618296189
20,0.0,0.1,regular,9,19,0.8,0.25,2.045152852585036,0.3184828191172008,1.2451528525850362,0.0684828191172007,False,False,True,2.045152852585036,0.3184828191172008,1.2451528525850362,0.0684828191172007,False,False,True,2.045152852585036,1.2451528525850362,0.3184828191172008,0.0684828191172007,True,1.5504056263006527,1.5504056263006527,0.00468989651423924,0.00468989651423924
20,0.0,0.1,irregular,0,18,0.8,0.25,2.8536369666996175,0.244333903325051,2.0536369666996173,0.0056660966749489,False,False,True,2.8536369666996175,0.244333903325051,2.0536369666996173,0.0056660966749489,False,False,True,2.8536369666996175,2.0536369666996173,0.244333903325051,0.0056660966749489,True,4.217424790995205,4.217424790995205,3.210465152986806e-05,3.210465152986806e-05
20,0.0,0.1,irregular,1,19,0.8,0.25,1.0712798998100996,0.2151032880947432,0.2712798998100996,0.0348967119052567,False,False,True,1.0712798998100996,0.2151032880947432,0.2712798998100996,0.0348967119052567,False,False,True,1.0712798998100996,0.2712798998100996,0.2151032880947432,0.0348967119052567,True,0.07359278404097767,0.07359278404097767,0.0012177805017984924,0.0012177805017984924
20,0.0,0.1,irregular,2,18,0.8,0.25,0.6749467318414197,0.2478121543554866,0.1250532681585803,0.0021878456445133,False,False,True,0.6749467318414197,0.2478121543554866,0.1250532681585803,0.0021878456445133,False,False,True,0.6749467318414197,0.1250532681585803,0.2478121543554866,0.0021878456445133,True,0.015638319877141798,0.015638319877141798,4.7866685642162926e-06,4.7866685642162926e-06
20,0.0,0.1,irregular,3,20,0.8,0.25,2.109715235789427,0.3554233758938348,1.309715235789427,0.1054233758938348,False,False,True,2.109715235789427,0.3554233758938348,1.309715235789427,0.1054233758938348,False,False,True,2.109715235789427,1.309715235789427,0.3554233758938348,0.1054233758938348,True,1.7153539988589546,1.7153539988589546,0.011114088184852794,0.011114088184852794
20,0.0,0.1,irregular,4,19,0.8,0.25,0.3819864516307421,0.2743851954127598,0.4180135483692579,0.0243851954127598,False,False,True,0.3819864516307421,0.2743851954127598,0.4180135483692579,0.0243851954127598,False,False,True,0.3819864516307421,0.4180135483692579,0.2743851954127598,0.0243851954127598,True,0.17473532662025798,0.17473532662025798,0.0005946377553184814,0.0005946377553184814
20,0.0,0.1,irregular,5,19,0.8,0.25,0.6310622672262552,0.1681079916760262,0.1689377327737448,0.0818920083239737,False,False,True,0.6310622672262552,0.1681079916760262,0.1689377327737448,0.0818920083239737,False,False,True,0.6310622672262552,0.1689377327737448,0.1681079916760262,0.0818920083239737,True,0.02853995755473321,0.02853995755473321,0.006706301027333795,0.006706301027333795
20,0.0,0.1,irregular,6,18,0.8,0.25,2.331380096902336,0.2181237481259088,1.531380096902336,0.0318762518740911,False,False,True,2.331380096902336,0.2181237481259088,1.531380096902336,0.0318762518740911,False,False,True,2.331380096902336,1.531380096902336,0.2181237481259088,0.0318762518740911,True,2.3451250011886082,2.3451250011886082,0.0010160954335405035,0.0010160954335405035
20,0.0,0.1,irregular,7,19,0.8,0.25,4.262258774462833,0.2379162023666221,3.462258774462833,0.0120837976333778,False,False,True,4.262258774462833,0.2379162023666221,3.462258774462833,0.0120837976333778,False,False,True,4.262258774462833,3.462258774462833,0.2379162023666221,0.0120837976333778,True,11.987235821344877,11.987235821344877,0.00014601816524442964,0.00014601816524442964
20,0.0,0.1,irregular,8,18,0.8,0.25,2.963666527257365,0.2711190757523438,2.163666527257365,0.0211190757523437,False,False,True,2.963666527257365,0.2711190757523438,2.163666527257365,0.0211190757523437,False,False,True,2.963666527257365,2.163666527257365,0.2711190757523438,0.0211190757523437,True,4.681452841173946,4.681452841173946,0.0004460153606332352,0.0004460153606332352
20,0.0,0.1,irregular,9,17,0.8,0.25,2.028760722430294,0.2317766255600951,1.228760722430294,0.0182233744399048,False,False,True,2.028760722430294,0.2317766255600951,1.228760722430294,0.0182233744399048,False,False,True,2.028760722430294,1.228760722430294,0.2317766255600951,0.0182233744399048,True,1.5098529129874176,1.5098529129874176,0.0003320913759769794,0.0003320913759769794
20,0.0,0.3,regular,0,17,0.8,0.25,2.733486428394334,0.3289687734639053,1.9334864283943336,0.0789687734639053,False,False,True,2.733486428394334,0.3289687734639053,1.9334864283943336,0.0789687734639053,False,False,True,2.733486428394334,1.9334864283943336,0.3289687734639053,0.0789687734639053,True,3.7383697687850774,3.7383697687850774,0.006236067182393593,0.006236067182393593
20,0.0,0.3,regular,1,14,0.8,0.25,0.9287406556707812,0.1199921634960117,0.1287406556707812,0.1300078365039882,False,False,True,0.9287406556707812,0.1199921634960117,0.1287406556707812,0.1300078365039882,False,False,True,0.9287406556707812,0.1287406556707812,0.1199921634960117,0.1300078365039882,True,0.016574156422542646,0.016574156422542646,0.01690203755244775,0.01690203755244775
20,0.0,0.3,regular,2,16,0.8,0.25,1.9219252458582583,0.3284625248705592,1.1219252458582585,0.0784625248705592,False,False,True,1.9219252458582583,0.3284625248705592,1.1219252458582585,0.0784625248705592,False,False,True,1.9219252458582583,1.1219252458582585,0.3284625248705592,0.0784625248705592,True,1.2587162572941133,1.2587162572941133,0.006156367809063123,0.006156367809063123
20,0.0,0.3,regular,3,14,0.8,0.25,1.1292441760344023,0.2285383355115647,0.3292441760344025,0.0214616644884352,False,False,True,1.1292441760344023,0.2285383355115647,0.3292441760344025,0.0214616644884352,False,False,True,1.1292441760344023,0.3292441760344025,0.2285383355115647,0.0214616644884352,True,0.10840172745257247,0.10840172745257247,0.0004606030426141653,0.0004606030426141653
20,0.0,0.3,regular,4,14,0.8,0.25,1.625437464229044,0.2640692828563465,0.8254374642290441,0.0140692828563465,False,False,True,1.625437464229044,0.2640692828563465,0.8254374642290441,0.0140692828563465,False,False,True,1.625437464229044,0.8254374642290441,0.2640692828563465,0.0140692828563465,True,0.681347007352874,0.681347007352874,0.0001979447200918858,0.0001979447200918858
20,0.0,0.3,regular,5,11,0.8,0.25,1.220294084462695,0.2380485563537484,0.420294084462695,0.0119514436462516,False,False,True,1.220294084462695,0.2380485563537484,0.420294084462695,0.0119514436462516,False,False,True,1.220294084462695,0.420294084462695,0.2380485563537484,0.0119514436462516,True,0.176647117434335,0.176647117434335,0.00014283700522952806,0.00014283700522952806
20,0.0,0.3,regular,6,16,0.8,0.25,1.2724913649288736,0.2058933900516268,0.4724913649288735,0.0441066099483731,False,False,True,1.2724913649288736,0.2058933900516268,0.4724913649288735,0.0441066099483731,False,False,True,1.2724913649288736,0.4724913649288735,0.2058933900516268,0.0441066099483731,True,0.22324808993234996,0.22324808993234996,0.0019453930411379341,0.0019453930411379341
20,0.0,0.3,regular,7,16,0.8,0.25,2.489751566429813,0.2756321340025614,1.6897515664298128,0.0256321340025614,False,False,True,2.489751566429813,0.2756321340025614,1.6897515664298128,0.0256321340025614,False,False,True,2.489751566429813,1.6897515664298128,0.2756321340025614,0.0256321340025614,True,2.855260356252006,2.855260356252006,0.0006570062935252655,0.0006570062935252655
20,0.0,0.3,regular,8,15,0.8,0.25,1.312991491766283,0.2221211350563432,0.512991491766283,0.0278788649436567,False,False,True,1.312991491766283,0.2221211350563432,0.512991491766283,0.0278788649436567,False,False,True,1.312991491766283,0.512991491766283,0.2221211350563432,0.0278788649436567,True,0.2631602706245964,0.2631602706245964,0.0007772311105466558,0.0007772311105466558
20,0.0,0.3,regular,9,18,0.8,0.25,2.252578880218124,0.1878734927758013,1.452578880218124,0.0621265072241986,False,False,True,2.252578880218124,0.1878734927758013,1.452578880218124,0.0621265072241986,False,False,True,2.252578880218124,1.452578880218124,0.1878734927758013,0.0621265072241986,True,2.1099854032557386,2.1099854032557386,0.003859702899878415,0.003859702899878415
20,0.0,0.3,irregular,0,16,0.8,0.25,1.1815021240710548,0.2071570492224608,0.3815021240710547,0.0428429507775391,False,False,True,1.1815021240710548,0.2071570492224608,0.3815021240710547,0.0428429507775391,False,False,True,1.1815021240710548,0.3815021240710547,0.2071570492224608,0.0428429507775391,True,0.14554387067072647,0.14554387067072647,0.001835518431326646,0.001835518431326646
20,0.0,0.3,irregular,1,14,0.8,0.25,2.158379396291387,0.3143807726774815,1.3583793962913868,0.0643807726774814,False,False,True,2.158379396291387,0.3143807726774815,1.3583793962913868,0.0643807726774814,False,False,True,2.158379396291387,1.3583793962913868,0.3143807726774815,0.0643807726774814,True,1.8451945842689526,1.8451945842689526,0.0041448838905495475,0.0041448838905495475
20,0.0,0.3,irregular,2,14,0.8,0.25,1.3573752395386252,0.2249913639871478,0.5573752395386251,0.0250086360128521,False,False,True,1.3573752395386252,0.2249913639871478,0.5573752395386251,0.0250086360128521,False,False,True,1.3573752395386252,0.5573752395386251,0.2249913639871478,0.0250086360128521,True,0.3106671576507397,0.3106671576507397,0.0006254318752233276,0.0006254318752233276
20,0.0,0.3,irregular,3,12,0.8,0.25,0.1245569538606068,0.1620423773342915,0.6754430461393932,0.0879576226657084,False,False,True,0.1245569538606068,0.1620423773342915,0.6754430461393932,0.0879576226657084,False,False,True,0.1245569538606068,0.6754430461393932,0.1620423773342915,0.0879576226657084,True,0.4562233085780625,0.4562233085780625,0.007736543385003158,0.007736543385003158
20,0.0,0.3,irregular,4,17,0.8,0.25,1.2063559544487046,0.3483959635281253,0.4063559544487045,0.0983959635281253,False,False,True,1.2063559544487046,0.3483959635281253,0.4063559544487045,0.0983959635281253,False,False,True,1.2063559544487046,0.4063559544487045,0.3483959635281253,0.0983959635281253,True,0.16512516171591762,0.16512516171591762,0.009681765638628164,0.009681765638628164
20,0.0,0.3,irregular,5,17,0.8,0.25,1.418981584151032,0.3379068647799177,0.618981584151032,0.0879068647799177,False,False,True,1.418981584151032,0.3379068647799177,0.618981584151032,0.0879068647799177,False,False,True,1.418981584151032,0.618981584151032,0.3379068647799177,0.0879068647799177,True,0.3831382015181211,0.3831382015181211,0.007727616875434737,0.007727616875434737
20,0.0,0.3,irregular,6,18,0.8,0.25,1.1348022679887182,0.2703986446234362,0.3348022679887181,0.0203986446234362,False,False,True,1.1348022679887182,0.2703986446234362,0.3348022679887181,0.0203986446234362,False,False,True,1.1348022679887182,0.3348022679887181,0.2703986446234362,0.0203986446234362,True,0.11209255865038945,0.11209255865038945,0.00041610470247324313,0.00041610470247324313
20,0.0,0.3,irregular,7,13,0.8,0.25,1.1311447799084398,0.2671264668050038,0.3311447799084397,0.0171264668050038,False,False,True,1.1311447799084398,0.2671264668050038,0.3311447799084397,0.0171264668050038,False,False,True,1.1311447799084398,0.3311447799084397,0.2671264668050038,0.0171264668050038,True,0.10965686526060897,0.10965686526060897,0.0002933158652228968,0.0002933158652228968
20,0.0,0.3,irregular,8,16,0.8,0.25,1.3838827624642762,0.2053321594611209,0.5838827624642762,0.044667840538879,False,False,True,1.3838827624642762,0.2053321594611209,0.5838827624642762,0.044667840538879,False,False,True,1.3838827624642762,0.5838827624642762,0.2053321594611209,0.044667840538879,True,0.34091908030291435,0.34091908030291435,0.0019952159784067305,0.0019952159784067305
20,0.0,0.3,irregular,9,13,0.8,0.25,1.0833789176968154,0.1845052596475048,0.2833789176968153,0.0654947403524951,False,False,True,1.0833789176968154,0.1845052596475048,0.2833789176968153,0.0654947403524951,False,False,True,1.0833789176968154,0.2833789176968153,0.1845052596475048,0.0654947403524951,True,0.08030361099501844,0.08030361099501844,0.004289561013840763,0.004289561013840763
20,0.1,0.0,regular,0,20,0.8,0.25,8.692774664627525,0.6800346810251257,7.892774664627525,0.4300346810251256,False,False,True,8.69273944283239,0.5338254930471956,7.892739442832391,0.2838254930471956,False,False,True,8.692774664627525,7.892774664627525,0.6800346810251257,0.4300346810251256,True,62.295891906586135,62.29533591244216,0.18492982688438156,0.0805569105034837
20,0.1,0.0,regular,1,20,0.8,0.25,5.0299862447543395,0.5604398916390126,4.22998624475434,0.3104398916390126,False,False,True,5.029985355024387,0.4451449444430613,4.229985355024387,0.1951449444430613,False,False,True,5.0299862447543395,4.22998624475434,0.5604398916390126,0.3104398916390126,True,17.89278363081092,17.892776103720788,0.0963729263208419,0.03808154934168548
20,0.1,0.0,regular,2,20,0.8,0.25,9.947931738774352,0.8089711461633549,9.147931738774352,0.5589711461633549,False,False,True,9.947947175283414,0.6733104016324479,9.147947175283411,0.4233104016324479,False,False,True,9.947931738774352,9.147931738774352,0.8089711461633549,0.5589711461633549,True,83.68465509727514,83.68493752177578,0.31244874224317465,0.17919169613022437
20,0.1,0.0,regular,3,20,0.8,0.25,2.43244741915392,0.333163093546266,1.6324474191539198,0.083163093546266,False,False,True,2.432455442450121,0.1577663365349012,1.632455442450121,0.0922336634650987,False,False,True,2.43244741915392,1.6324474191539198,0.333163093546266,0.083163093546266,True,2.6648845763022933,2.66491077158502,0.006916100128184989,0.0085070486761931
20,0.1,0.0,regular,4,20,0.8,0.25,19.999999999999996,0.7871082364310811,19.199999999999996,0.5371082364310811,True,False,True,19.999999999999996,0.4685274284366659,19.199999999999996,0.2185274284366659,True,False,True,19.999999999999996,19.199999999999996,0.7871082364310811,0.5371082364310811,True,368.6399999999998,368.6399999999998,0.2884852576421061,0.047754236979142134
20,0.1,0.0,regular,5,20,0.8,0.25,3.9483988669209302,0.5101337632378466,3.14839886692093,0.2601337632378466,False,False,True,3.9484027649547633,0.3983367455498836,3.1484027649547635,0.1483367455498835,False,False,True,3.9483988669209302,3.14839886692093,0.5101337632378466,0.2601337632378466,True,9.912415425228996,9.9124399703748,0.06766957477628406,0.022003790080330904
20,0.1,0.0,regular,6,20,0.8,0.25,4.48850675723766,0.6209984887983255,3.688506757237661,0.3709984887983255,False,False,True,4.488514928301937,0.5264971702853537,3.688514928301937,0.2764971702853537,False,False,True,4.48850675723766,3.688506757237661,0.6209984887983255,0.3709984887983255,True,13.60508209818788,13.605142376306246,0.1376398786906413,0.07645068517580789
20,0.1,0.0,regular,7,20,0.8,0.25,0.4579870433482048,0.3683385006864924,0.3420129566517952,0.1183385006864923,False,False,True,0.4579915585980155,0.2435282819737237,0.3420084414019845,0.0064717180262762,False,False,True,0.4579870433482048,0.3420129566517952,0.3683385006864924,0.1183385006864923,True,0.11697286251770278,0.1169697739902147,0.014004000744726956,4.1883134211629635e-05
20,0.1,0.0,regular,8,20,0.8,0.25,7.662824905655658,0.5782588219441283,6.862824905655658,0.3282588219441282,False,False,True,7.662824829197255,0.4190428825740524,6.862824829197256,0.1690428825740524,False,False,True,7.662824905655658,6.862824905655658,0.5782588219441283,0.3282588219441282,True,47.09836568568759,47.09836463624634,0.1077538541841469,0.028575496148944876
20,0.1,0.0,regular,9,20,0.8,0.25,2.6216475560618946,0.4052694257563097,1.8216475560618943,0.1552694257563097,False,False,True,2.6216405826190856,0.2766795796209355,1.8216405826190856,0.0266795796209355,False,False,True,2.6216475560618946,1.8216475560618943,0.4052694257563097,0.1552694257563097,True,3.3183998185062733,3.3183744122448013,0.024108594574694168,0.0007117999687498357
20,0.1,0.0,irregular,0,20,0.8,0.25,11.238196925003589,0.7782765560875613,10.438196925003588,0.5282765560875613,False,False,True,7.564245193224536,0.4309440807633368,6.764245193224536,0.1809440807633368,False,False,True,11.238196925003589,10.438196925003588,0.7782765560875613,0.5282765560875613,True,108.95595504515435,45.755013034061236,0.2790761197117343,0.03274076036328895
20,0.1,0.0,irregular,1,20,0.8,0.25,15.685000632018172,1.053622393865627,14.885000632018173,0.8036223938656271,False,False,True,0.685232692962193,0.1674380838889334,0.114767307037807,0.0825619161110665,False,False,True,15.685000632018172,14.885000632018173,1.053622393865627,0.8036223938656271,True,221.56324381518135,0.01317153476471027,0.645808951922321,0.006816469991930801
20,0.1,0.0,irregular,2,20,0.8,0.25,19.999999999999996,0.9102212963499224,19.199999999999996,0.6602212963499224,True,False,True,19.999999999999996,0.6783307790281757,19.199999999999996,0.4283307790281757,True,False,True,19.999999999999996,19.199999999999996,0.9102212963499224,0.6602212963499224,True,368.6399999999998,368.6399999999998,0.4358921601539721,0.1834672562628839
20,0.1,0.0,irregular,3,20,0.8,0.25,19.999999999999996,0.6949612906722881,19.199999999999996,0.444961290672288,True,False,True,19.999999999999996,0.2700328075238392,19.199999999999996,0.0200328075238391,True,False,True,19.999999999999996,19.199999999999996,0.6949612906722881,0.444961290672288,True,368.6399999999998,368.6399999999998,0.19799055019674844,0.00040131337728718764
20,0.1,0.0,irregular,4,20,0.8,0.25,10.489578128399964,0.8236086679043659,9.689578128399964,0.5736086679043659,False,False,True,2.102182941728628,0.000701566499821,1.302182941728628,0.2492984335001789,False,False,True,10.489578128399964,9.689578128399964,0.8236086679043659,0.5736086679043659,True,93.88792430636694,1.6956804137290231,0.32902690389502115,0.062149708945643166
20,0.1,0.0,irregular,5,20,0.8,0.25,1.921424001765152,0.2599836692652,1.121424001765152,0.0099836692652,False,False,True,2.6666430738002913,0.0008063872091279,1.8666430738002913,0.249193612790872,False,False,True,1.921424001765152,1.121424001765152,0.2599836692652,0.0099836692652,True,1.2575917917349677,3.4843563649665996,9.967365199689913e-05,0.062097456655767096
20,0.1,0.0,irregular,6,20,0.8,0.25,2.761088223694897,0.5131637892643958,1.9610882236948968,0.2631637892643957,False,False,True,1.6849733707853465,0.2974192591806885,0.8849733707853462,0.0474192591806885,False,False,True,2.761088223694897,1.9610882236948968,0.5131637892643958,0.2631637892643957,True,3.8458670211148056,0.7831778669991782,0.06925517997999531,0.002248586141245312
20,0.1,0.0,irregular,7,20,0.8,0.25,3.1216230183073694,0.5159344137053841,2.3216230183073696,0.265934413705384,False,False,True,1.680855865458852,0.2265696462476624,0.8808558654588519,0.0234303537523375,False,False,True,3.1216230183073694,2.3216230183073696,0.5159344137053841,0.265934413705384,True,5.389933439134621,0.7759070557132629,0.07072111239282636,0.0005489814769596804
20,0.1,0.0,irregular,8,20,0.8,0.25,19.999999999999996,1.0092262838626949,19.199999999999996,0.7592262838626949,True,False,True,19.999999999999996,0.7224311226178156,19.199999999999996,0.4724311226178156,True,False,True,19.999999999999996,19.199999999999996,1.0092262838626949,0.7592262838626949,True,368.6399999999998,368.6399999999998,0.5764245501079573,0.22319116561792954
20,0.1,0.0,irregular,9,20,0.8,0.25,19.999999999999996,1.4566949206582502,19.199999999999996,1.2066949206582502,True,False,True,2.257916028530225,0.234405609840123,1.457916028530225,0.0155943901598769,False,False,True,19.999999999999996,19.199999999999996,1.4566949206582502,1.2066949206582502,True,368.6399999999998,2.125519146245344,1.4561126315424209,0.0002431850044584682
20,0.1,0.1,regular,0,19,0.8,0.25,0.926192969994456,0.3104236182548305,0.126192969994456,0.0604236182548305,False,False,True,0.8342476632342518,0.120992598773245,0.0342476632342517,0.1290074012267549,False,False,True,0.926192969994456,0.126192969994456,0.3104236182548305,0.0604236182548305,True,0.01592466567602166,0.0011729024370067203,0.003651013643005486,0.016642909571280947
20,0.1,0.1,regular,1,17,0.8,0.25,0.904606810785802,0.3915196900668657,0.1046068107858018,0.1415196900668657,False,False,True,0.9784573267744998,0.2968091972957969,0.1784573267744997,0.0468091972957969,False,False,True,0.904606810785802,0.1046068107858018,0.3915196900668657,0.1415196900668657,True,0.010942584862776564,0.03184701747950059,0.020027822676621728,0.002191100951476841
20,0.1,0.1,regular,2,20,0.8,0.25,3.1392903772725784,0.4526074240979862,2.3392903772725786,0.2026074240979862,False,False,True,3.139291119369985,0.3351157961499233,2.3392911193699852,0.0851157961499233,False,False,True,3.1392903772725784,2.3392903772725786,0.4526074240979862,0.2026074240979862,True,5.472279469200084,5.472282941163279,0.041049768299621245,0.007244698754235301
20,0.1,0.1,regular,3,19,0.8,0.25,9.75507797631474,0.7552887381218583,8.955077976314739,0.5052887381218583,False,False,True,9.649168500719629,0.6074404519365852,8.849168500719626,0.3574404519365852,False,False,True,9.75507797631474,8.955077976314739,0.7552887381218583,0.5052887381218583,True,80.19342156187727,78.30778315412847,0.25531670887277985,0.1277636766806303
20,0.1,0.1,regular,4,18,0.8,0.25,2.6180585903456324,0.3354063072579111,1.8180585903456323,0.0854063072579111,False,False,True,2.655665838427719,0.1881674707853765,1.8556658384277191,0.0618325292146234,False,False,True,2.6180585903456324,1.8180585903456323,0.3354063072579111,0.0854063072579111,True,3.3053370379295477,3.44349570390765,0.0072942373194327175,0.00382326166907727
20,0.1,0.1,regular,5,18,0.8,0.25,1.352492706652357,0.3732733970632901,0.5524927066523571,0.1232733970632901,False,False,True,1.2391929375973425,0.2301345482752142,0.4391929375973422,0.0198654517247857,False,False,True,1.352492706652357,0.5524927066523571,0.3732733970632901,0.1232733970632901,True,0.3052481909040475,0.19289043643538314,0.01519633042352358,0.00039463617222979485
20,0.1,0.1,regular,6,18,0.8,0.25,4.789937496133092,0.385739064180492,3.989937496133092,0.135739064180492,False,False,True,4.330951540442824,0.1722198434743502,3.530951540442824,0.0777801565256497,False,False,True,4.789937496133092,3.989937496133092,0.385739064180492,0.135739064180492,True,15.91960122304881,12.46761878095555,0.01842509354459572,0.0060497527491545815
20,0.1,0.1,regular,7,18,0.8,0.25,1.5784346140699177,0.4010819536846541,0.7784346140699177,0.1510819536846541,False,False,True,1.5065062033540777,0.2716200062704818,0.7065062033540777,0.0216200062704818,False,False,True,1.5784346140699177,0.7784346140699177,0.4010819536846541,0.1510819536846541,True,0.6059604483821817,0.49915101537779333,0.02282575672917197,0.0004674246711356712
20,0.1,0.1,regular,8,17,0.8,0.25,1.5750419283868808,0.4824368945689301,0.7750419283868808,0.2324368945689301,False,False,True,1.625378296767996,0.4000519623752161,0.8253782967679959,0.1500519623752161,False,False,True,1.5750419283868808,0.7750419283868808,0.4824368945689301,0.2324368945689301,True,0.6006899907576548,0.6812493327756379,0.05402690995684792,0.022515591412653274
20,0.1,0.1,regular,9,16,0.8,0.25,5.4224916806575845,0.4599493304849896,4.622491680657585,0.2099493304849896,False,False,True,4.892223950125175,0.2799372800953042,4.092223950125176,0.0299372800953042,False,False,True,5.4224916806575845,4.622491680657585,0.4599493304849896,0.2099493304849896,True,21.367429337748582,16.746296857978095,0.04407872137109538,0.0008962407395046982
20,0.1,0.1,irregular,0,19,0.8,0.25,2.436816319303121,0.5381534435297848,1.636816319303121,0.2881534435297848,False,False,True,0.4772160461151121,0.1134831663023926,0.3227839538848879,0.1365168336976073,False,False,True,2.436816319303121,1.636816319303121,0.5381534435297848,0.2881534435297848,True,2.679167663137017,0.10418948088556147,0.08303240701807287,0.0186368458828202
20,0.1,0.1,irregular,1,16,0.8,0.25,1.3106776336094224,0.4171423956424528,0.5106776336094223,0.1671423956424528,False,False,True,0.5967424864859853,0.1868793895669094,0.2032575135140147,0.0631206104330905,False,False,True,1.3106776336094224,0.5106776336094223,0.4171423956424528,0.1671423956424528,True,0.26079164546891936,0.0413136167998999,0.027936580421098228,0.003984211461445988
20,0.1,0.1,irregular,2,17,0.8,0.25,4.114736837440078,0.4261043955011783,3.314736837440078,0.1761043955011783,False,False,True,4.036694013474676,0.2686015538345131,3.2366940134746764,0.0186015538345131,False,False,True,4.114736837440078,3.314736837440078,0.4261043955011783,0.1761043955011783,True,10.98748030148225,10.47618813686281,0.031012758114835424,0.0003460178050582897
20,0.1,0.1,irregular,3,19,0.8,0.25,8.442378616569831,1.406012476651593,7.642378616569832,1.156012476651593,False,False,True,1.8170305717409547,0.5123608239996602,1.017030571740955,0.2623608239996602,False,False,True,8.442378616569831,7.642378616569832,1.406012476651593,1.156012476651593,True,58.405950919003814,1.034351183855733,1.3363648461741495,0.06883320196978068
20,0.1,0.1,irregular,4,18,0.8,0.25,19.999999999999996,1.5882886037641972,19.199999999999996,1.3382886037641972,True,False,True,3.878376068477259,0.221680998257627,3.078376068477259,0.0283190017423729,False,False,True,19.999999999999996,19.199999999999996,1.5882886037641972,1.3382886037641972,True,368.6399999999998,9.476399218973507,1.7910163869651246,0.0008019658596845254
20,0.1,0.1,irregular,5,16,0.8,0.25,1.745332833962855,0.4134355071456969,0.9453328339628552,0.1634355071456968,False,False,True,1.0334935897320436,0.154502122569645,0.2334935897320436,0.0954978774303549,False,False,True,1.745332833962855,0.9453328339628552,0.4134355071456969,0.1634355071456968,True,0.8936541669682428,0.05451925644595589,0.026711164995971134,0.00911984459370311
20,0.1,0.1,irregular,6,17,0.8,0.25,19.999999999999996,1.2129840576736894,19.199999999999996,0.9629840576736894,True,False,True,2.5339719160160015,0.3046982279877757,1.7339719160160014,0.0546982279877757,False,False,True,19.999999999999996,19.199999999999996,1.2129840576736894,0.9629840576736894,True,368.6399999999998,3.006658605532203,0.9273382953336836,0.002991896145002687
20,0.1,0.1,irregular,7,20,0.8,0.25,19.19145638514056,0.9942512460789834,18.391456385140557,0.7442512460789834,False,False,True,12.590378911215812,0.5988021000251577,11.790378911215813,0.3488021000251576,False,False,True,19.19145638514056,18.391456385140557,0.9942512460789834,0.7442512460789834,True,338.2456679665275,139.01303487004253,0.5539099172901195,0.12166290498196008
20,0.1,0.1,irregular,8,16,0.8,0.25,19.999999999999996,1.2813690277082788,19.199999999999996,1.0313690277082788,True,False,True,2.759314416776818,6.67811309890982e-05,1.9593144167768184,0.2499332188690109,False,False,True,19.999999999999996,19.199999999999996,1.2813690277082788,1.0313690277082788,True,368.6399999999998,3.8389129837894833,1.0637220713159203,0.06246661389422491
20,0.1,0.1,irregular,9,20,0.8,0.25,2.3144027895639834,0.6430384068326058,1.514402789563983,0.3930384068326058,False,False,True,0.6958864968744372,0.274411955276915,0.1041135031255628,0.024411955276915,False,False,True,2.3144027895639834,1.514402789563983,0.6430384068326058,0.3930384068326058,True,2.2934158090391743,0.010839621533076594,0.15447918924551296,0.000595943560442097
20,0.1,0.3,regular,0,14,0.8,0.25,3.3082679438059275,0.334791416168555,2.5082679438059277,0.084791416168555,False,False,True,1.6953770299114566,0.0591410855451133,0.8953770299114565,0.1908589144548866,False,False,True,3.3082679438059275,2.5082679438059277,0.334791416168555,0.084791416168555,True,6.291408077924416,0.8017000256930613,0.007189584255869092,0.03642712522689776
20,0.1,0.3,regular,1,16,0.8,0.25,1.2206047614244289,0.4148174810260328,0.4206047614244288,0.1648174810260327,False,False,True,0.9539789303664796,0.2762074095634861,0.1539789303664797,0.0262074095634861,False,False,True,1.2206047614244289,0.4206047614244288,0.4148174810260328,0.1648174810260327,True,0.1769083653329007,0.02370951099680517,0.027164802051766673,0.000686828316028303
20,0.1,0.3,regular,2,13,0.8,0.25,1.4946543913123893,0.3972173080079538,0.6946543913123893,0.1472173080079538,False,False,True,0.9799723775904768,0.2378969660959294,0.1799723775904768,0.0121030339040705,False,False,True,1.4946543913123893,0.6946543913123893,0.3972173080079538,0.1472173080079538,True,0.48254472336958604,0.03239005669556915,0.021672935777108736,0.00014648342968308264
20,0.1,0.3,regular,3,14,0.8,0.25,1.6198543822281546,0.4482011473528609,0.8198543822281545,0.1982011473528609,False,False,True,1.2825775925970555,0.3186420833143371,0.4825775925970554,0.0686420833143371,False,False,True,1.6198543822281546,0.8198543822281545,0.4482011473528609,0.1982011473528609,True,0.6721612080587089,0.23288113287676965,0.03928369481199047,0.004711735601732392
20,0.1,0.3,regular,4,12,0.8,0.25,3.5559468324672845,0.3649830541677534,2.755946832467284,0.1149830541677534,False,False,True,9.14721845401984,0.3683196232565545,8.34721845401984,0.1183196232565544,False,False,True,3.5559468324672845,2.755946832467284,0.3649830541677534,0.1149830541677534,True,7.595242943386457,69.67605591912934,0.013221102745744511,0.01399953324757299
20,0.1,0.3,regular,5,13,0.8,0.25,2.0685948054701817,0.2364646645408283,1.2685948054701817,0.0135353354591717,False,False,True,1.9545312974276792,0.0002988718322825,1.1545312974276791,0.2497011281677174,False,False,True,2.0685948054701817,1.2685948054701817,0.2364646645408283,0.0135353354591717,True,1.609332780465928,1.3329425167400402,0.00018320530599231106,0.062350653408230886
20,0.1,0.3,regular,6,15,0.8,0.25,6.117715018249218,0.6931099019048693,5.317715018249218,0.4431099019048693,False,False,True,6.283402690300113,0.6014179885389696,5.483402690300113,0.3514179885389695,False,False,True,6.117715018249218,5.317715018249218,0.6931099019048693,0.4431099019048693,True,28.27809301531328,30.067705063990516,0.19634638516614292,0.12349460266877534
20,0.1,0.3,regular,7,16,0.8,0.25,1.3343536911326952,0.4212952472942763,0.5343536911326952,0.1712952472942763,False,False,True,1.2355997890407302,0.3130887070225947,0.4355997890407301,0.0630887070225947,False,False,True,1.3343536911326952,0.5343536911326952,0.4212952472942763,0.1712952472942763,True,0.28553386722713575,0.18974717621232862,0.029342061745607276,0.003980184953782793
20,0.1,0.3,regular,8,16,0.8,0.25,0.0025826540016658,0.2021362449609504,0.7974173459983342,0.0478637550390496,False,False,True,0.0142541639143267,1.0000000000000004e-06,0.7857458360856733,0.249999,False,True,True,0.0025826540016658,0.7974173459983342,0.2021362449609504,0.0478637550390496,True,0.6358744236990271,0.6173965189259739,0.0022909390464381464,0.062499500001
20,0.1,0.3,regular,9,16,0.8,0.25,3.166812832794034,0.450998116169756,2.366812832794034,0.200998116169756,False,False,True,2.6892539059186396,0.3044745645596651,1.8892539059186395,0.054474564559665,False,False,True,3.166812832794034,2.366812832794034,0.450998116169756,0.200998116169756,True,5.60180298547852,3.5692803210288355,0.04040024270379072,0.0029674781839651204
20,0.1,0.3,irregular,0,14,0.8,0.25,5.647554879086146,0.6845897475895083,4.847554879086146,0.4345897475895083,False,False,True,1.669367938790428,0.2176882436055189,0.8693679387904281,0.032311756394481,False,False,True,5.647554879086146,4.847554879086146,0.6845897475895083,0.4345897475895083,True,23.498788305751898,0.7558006129967175,0.18886824870991253,0.001044049601296291
20,0.1,0.3,irregular,1,15,0.8,0.25,8.277907203675626,0.6541930960103223,7.477907203675627,0.4041930960103223,False,False,True,9.679123481298074,0.5291361314263685,8.879123481298073,0.2791361314263685,False,False,True,8.277907203675626,7.477907203675627,0.6541930960103223,0.4041930960103223,True,55.91909614678383,78.83883379613881,0.1633720588624096,0.07791697986767887
20,0.1,0.3,irregular,2,12,0.8,0.25,19.999999999999996,0.8170459040430696,19.199999999999996,0.5670459040430696,True,False,True,19.999999999999996,0.4953946608497071,19.199999999999996,0.2453946608497071,True,False,True,19.999999999999996,19.199999999999996,0.8170459040430696,0.5670459040430696,True,368.6399999999998,368.6399999999998,0.32154105729202215,0.060218539573542784
20,0.1,0.3,irregular,3,15,0.8,0.25,19.999999999999996,0.6230746973593779,19.199999999999996,0.3730746973593779,True,False,True,19.999999999999996,0.003611147018989,19.199999999999996,0.246388852981011,True,False,True,19.999999999999996,19.199999999999996,0.6230746973593779,0.3730746973593779,True,368.6399999999998,368.6399999999998,0.13918472980979144,0.06070746687329825
20,0.1,0.3,irregular,4,14,0.8,0.25,2.842078202104217,0.3552372836082015,2.042078202104217,0.1052372836082015,False,False,True,3.120972773764587,0.2398209000403923,2.320972773764587,0.0101790999596076,False,False,True,2.842078202104217,2.042078202104217,0.3552372836082015,0.1052372836082015,True,4.1700833835091915,5.3869146165564805,0.011074885861233038,0.0001036140759876854
20,0.1,0.3,irregular,5,15,0.8,0.25,19.999999999999996,1.1829908173551398,19.199999999999996,0.9329908173551398,True,False,True,1.9734324738726816,0.2708654845233121,1.1734324738726811,0.0208654845233121,False,False,True,19.999999999999996,19.199999999999996,1.1829908173551398,0.9329908173551398,True,368.6399999999998,1.3769437707389616,0.8704718652690118,0.000435368444392577
20,0.1,0.3,irregular,6,17,0.8,0.25,19.999999999999996,1.1209575988923213,19.199999999999996,0.8709575988923213,True,False,True,19.999999999999996,0.7286672585431022,19.199999999999996,0.4786672585431022,True,False,True,19.999999999999996,19.199999999999996,1.1209575988923213,0.8709575988923213,True,368.6399999999998,368.6399999999998,0.7585671390682776,0.22912234440116905
20,0.1,0.3,irregular,7,16,0.8,0.25,19.999999999999996,1.2394723489234212,19.199999999999996,0.9894723489234212,True,False,True,3.608885385412918,0.3174901035715874,2.8088853854129177,0.0674901035715874,False,False,True,19.999999999999996,19.199999999999996,1.2394723489234212,0.9894723489234212,True,368.6399999999998,7.889837108386275,0.9790555292840325,0.004554914080103596
20,0.1,0.3,irregular,8,13,0.8,0.25,1.1725814643533414,0.4259141459487938,0.3725814643533414,0.1759141459487938,False,False,True,0.9792775182450648,0.3221209603565979,0.1792775182450648,0.0721209603565978,False,False,True,1.1725814643533414,0.3725814643533414,0.4259141459487938,0.1759141459487938,True,0.1388169475796802,0.03214042854810953,0.03094578674489352,0.005201432922757962
20,0.1,0.3,irregular,9,12,0.8,0.25,3.212713300734248,0.3577893394391669,2.4127133007342483,0.1077893394391669,False,False,True,1.794462883550455,0.0905022584535489,0.994462883550455,0.159497741546451,False,False,True,3.212713300734248,2.4127133007342483,0.3577893394391669,0.1077893394391669,True,5.821185471539951,0.9889564267594858,0.011618541696731943,0.025439529558418515
20,0.25,0.0,regular,0,20,0.8,0.25,2.9131756850843056,0.6787185085707563,2.1131756850843058,0.4287185085707563,False,False,True,3.3183734181042466,6.748982957136694e-05,2.5183734181042468,0.2499325101704286,False,False,True,2.9131756850843056,2.1131756850843058,0.6787185085707563,0.4287185085707563,True,4.465511476031525,6.342204673014067,0.18379955959113367,0.062466259640091414
20,0.25,0.0,regular,1,20,0.8,0.25,4.730930617476317,0.9384386170960984,3.930930617476317,0.6884386170960985,False,False,True,4.730924139258273,0.4270484937536326,3.9309241392582734,0.1770484937536326,False,False,True,4.730930617476317,3.930930617476317,0.9384386170960984,0.6884386170960985,True,15.452215519412741,15.452164588603399,0.47394772950918845,0.03134616914043007
20,0.25,0.0,regular,2,20,0.8,0.25,7.808844117243504,1.1659896320833631,7.008844117243504,0.9159896320833631,False,False,True,7.808825497135257,0.5923326805814723,7.008825497135257,0.3423326805814722,False,False,True,7.808844117243504,7.008844117243504,1.1659896320833631,0.9159896320833631,True,49.12389585981888,49.12363484929329,0.8390370060842149,0.11719166419409631
20,0.25,0.0,regular,3,20,0.8,0.25,12.095262880155316,1.062857410579752,11.295262880155317,0.8128574105797521,False,False,True,13.244884776871531,8.09805388740691e-06,12.444884776871532,0.2499919019461126,False,False,True,12.095262880155316,11.295262880155317,1.062857410579752,0.8128574105797521,True,127.58296353181454,154.87515710960878,0.6607371699344193,0.06249595103863478
20,0.25,0.0,regular,4,20,0.8,0.25,19.999999999999996,2.1117068380859156,19.199999999999996,1.8617068380859156,True,False,True,19.999999999999996,1.3997052912276062,19.199999999999996,1.1497052912276062,True,False,True,19.999999999999996,19.199999999999996,2.1117068380859156,1.8617068380859156,True,368.6399999999998,368.6399999999998,3.465952350975858,1.3218222566767548
20,0.25,0.0,regular,5,20,0.8,0.25,19.999999999999996,1.3142376163619534,19.199999999999996,1.0642376163619534,True,False,True,19.999999999999996,0.0006458603077126,19.199999999999996,0.2493541396922873,True,False,True,19.999999999999996,19.199999999999996,1.3142376163619534,1.0642376163619534,True,368.6399999999998,368.6399999999998,1.1326017040797722,0.062177486981680775
20,0.25,0.0,regular,6,20,0.8,0.25,19.999999999999996,1.3207581352299795,19.199999999999996,1.0707581352299795,True,False,True,19.999999999999996,0.0007286890930049,19.199999999999996,0.249271310906995,True,False,True,19.999999999999996,19.199999999999996,1.3207581352299795,1.0707581352299795,True,368.6399999999998,368.6399999999998,1.146522984161183,0.06213618644129182
20,0.25,0.0,regular,7,20,0.8,0.25,2.5843093892319637,0.7299703659806455,1.7843093892319637,0.4799703659806454,False,False,True,2.6278366211954087,0.0011545719316301,1.827836621195409,0.2488454280683698,False,False,True,2.5843093892319637,1.7843093892319637,0.7299703659806455,0.4799703659806454,True,3.1837599965013434,3.340986713783048,0.23037155221959474,0.06192404707053026
20,0.25,0.0,regular,8,20,0.8,0.25,19.999999999999996,1.6213333593357933,19.199999999999996,1.3713333593357933,True,False,True,19.999999999999996,0.3585919972538352,19.199999999999996,0.1085919972538352,True,False,True,19.999999999999996,19.199999999999996,1.6213333593357933,1.3713333593357933,True,368.6399999999998,368.6399999999998,1.8805551824271918,0.011792221867576957
20,0.25,0.0,regular,9,20,0.8,0.25,10.261934306956237,1.3258457540685733,9.461934306956234,1.0758457540685733,False,False,True,10.261801165332152,0.6808009703013264,9.461801165332153,0.4308009703013263,False,False,True,10.261934306956237,9.461934306956234,1.3258457540685733,1.0758457540685733,True,89.52820082915538,89.52568129228085,1.1574440865473772,0.1855894760125643
20,0.25,0.0,irregular,0,20,0.8,0.25,19.999999999999996,2.457889095736876,19.199999999999996,2.207889095736876,True,False,True,1.937771719061533,0.4653447126123939,1.1377717190615328,0.2153447126123939,False,False,True,19.999999999999996,19.199999999999996,2.457889095736876,2.207889095736876,True,368.6399999999998,1.2945244846962356,4.8747742590738,0.04637334525011452
20,0.25,0.0,irregular,1,20,0.8,0.25,19.999999999999996,3.786545870548474,19.199999999999996,3.536545870548474,True,False,True,5.202071929734845,0.6816405238126114,4.402071929734845,0.4316405238126114,False,False,True,19.999999999999996,19.199999999999996,3.786545870548474,3.536545870548474,True,368.6399999999998,19.37823727455946,12.507156694493464,0.18631354179722556
20,0.25,0.0,irregular,2,20,0.8,0.25,19.999999999999996,9.625786873671968,19.199999999999996,9.375786873671968,True,False,True,5.961920467076178,8.662047221324887e-06,5.161920467076178,0.2499913379527786,False,False,True,19.999999999999996,19.199999999999996,9.625786873671968,9.375786873671968,True,368.6399999999998,26.64542290841995,87.90537950051959,0.0624956690514204
20,0.25,0.0,irregular,3,20,0.8,0.25,19.999999999999996,1.7722718607554426,19.199999999999996,1.5222718607554426,True,False,True,19.999999999999996,0.0003471411130083,19.199999999999996,0.2496528588869916,True,False,True,19.999999999999996,19.199999999999996,1.7722718607554426,1.5222718607554426,True,368.6399999999998,368.6399999999998,2.317311618047838,0.062326549950448194
20,0.25,0.0,irregular,4,20,0.8,0.25,19.999999999999996,2.038500440754368,19.199999999999996,1.788500440754368,True,False,True,19.999999999999996,0.0003070245677129,19.199999999999996,0.249692975432287,True,False,True,19.999999999999996,19.199999999999996,2.038500440754368,1.788500440754368,True,368.6399999999998,368.6399999999998,3.198733826578569,0.06234658198022873
20,0.25,0.0,irregular,5,20,0.8,0.25,19.999999999999996,2.1333379762045888,19.199999999999996,1.8833379762045888,True,False,True,6.195996628663657,0.0002188506917676,5.395996628663657,0.2497811493082323,False,False,True,19.999999999999996,19.199999999999996,2.1333379762045888,1.8833379762045888,True,368.6399999999998,29.116779616549557,3.546961932614396,0.06239062254974148
20,0.25,0.0,irregular,6,20,0.8,0.25,19.999999999999996,3.8344698203624183,19.199999999999996,3.5844698203624183,True,False,True,15.758260239841574,0.0344234542143881,14.958260239841572,0.2155765457856118,False,False,True,19.999999999999996,19.199999999999996,3.8344698203624183,3.5844698203624183,True,368.6399999999998,223.7495494028253,12.848423893088988,0.04647324709285603
20,0.25,0.0,irregular,7,20,0.8,0.25,19.999999999999996,2.1820274003706404,19.199999999999996,1.9320274003706404,True,False,True,2.0897833973527433,0.0010929888409785,1.2897833973527433,0.2489070111590214,False,False,True,19.999999999999996,19.199999999999996,2.1820274003706404,1.9320274003706404,True,368.6399999999998,1.6635412120867845,3.7327298757829346,0.06195470020411725
20,0.25,0.0,irregular,8,20,0.8,0.25,19.999999999999996,1.76945642567328,19.199999999999996,1.51945642567328,True,False,True,19.999999999999996,0.0039774262468364,19.199999999999996,0.2460225737531635,True,False,True,19.999999999999996,19.199999999999996,1.76945642567328,1.51945642567328,True,368.6399999999998,368.6399999999998,2.3087478295198203,0.060527106796130825
20,0.25,0.0,irregular,9,20,0.8,0.25,9.717471597284558,0.961553633711794,8.917471597284557,0.7115536337117941,False,False,True,9.222166291351808,0.0003785028405835,8.422166291351807,0.2496214971594164,False,False,True,9.717471597284558,8.917471597284557,0.961553633711794,0.7115536337117941,True,79.52129968837679,70.93288503918265,0.5063085736484579,0.06231089184410858
20,0.25,0.1,regular,0,20,0.8,0.25,1.234552588239861,0.7044481253326267,0.4345525882398608,0.4544481253326267,False,False,True,1.2345506738561134,0.0682102567511868,0.4345506738561133,0.1817897432488132,False,False,True,1.234552588239861,0.4345525882398608,0.7044481253326267,0.4544481253326267,True,0.18883595194596206,0.18883428814880218,0.20652309861833879,0.033047510750469425
20,0.25,0.1,regular,1,19,0.8,0.25,19.999999999999996,1.3993659586817475,19.199999999999996,1.1493659586817475,True,False,True,19.999999999999996,4.627455705260285e-05,19.199999999999996,0.2499537254429474,True,False,True,19.999999999999996,19.199999999999996,1.3993659586817475,1.1493659586817475,True,368.6399999999998,368.6399999999998,1.3210421069764124,0.062476864862808325
20,0.25,0.1,regular,2,19,0.8,0.25,10.675034252923478,1.342269334500888,9.875034252923475,1.092269334500888,False,False,True,10.434792505154968,0.6682844452838562,9.634792505154968,0.4182844452838562,False,False,True,10.675034252923478,9.875034252923475,1.342269334500888,1.092269334500888,True,97.51630149641194,92.82922661739033,1.1930522990910128,0.1749618771664233
20,0.25,0.1,regular,3,19,0.8,0.25,7.565929869306219,0.8798040763561563,6.765929869306219,0.6298040763561563,False,False,True,8.01746038631472,5.430522283624474e-05,7.217460386314721,0.2499456947771637,False,False,True,7.565929869306219,6.765929869306219,0.8798040763561563,0.6298040763561563,True,45.77780699637007,52.091734428022235,0.3966531745948312,0.0624728503376391
20,0.25,0.1,regular,4,16,0.8,0.25,4.894764201037001,0.8544170706969373,4.094764201037001,0.6044170706969373,False,False,True,3.8898215119632265,0.0002130720169898,3.089821511963226,0.2497869279830102,False,False,True,4.894764201037001,4.094764201037001,0.8544170706969373,0.6044170706969373,True,16.76709386209419,9.546996975790718,0.3653199953498665,0.06239350939118952
20,0.25,0.1,regular,5,19,0.8,0.25,19.999999999999996,1.9797593664137272,19.199999999999996,1.7297593664137274,True,False,True,19.999999999999996,1.1913473094543865,19.199999999999996,0.9413473094543864,True,False,True,19.999999999999996,19.199999999999996,1.9797593664137272,1.7297593664137274,True,368.6399999999998,368.6399999999998,2.992067465696019,0.8861347570170125
20,0.25,0.1,regular,6,17,0.8,0.25,19.999999999999996,1.5507136822743317,19.199999999999996,1.3007136822743317,True,False,True,19.999999999999996,0.0009742667601146,19.199999999999996,0.2490257332398853,True,False,True,19.999999999999996,19.199999999999996,1.5507136822743317,1.3007136822743317,True,368.6399999999998,368.6399999999998,1.691856083255651,0.06201381581566256
20,0.25,0.1,regular,7,17,0.8,0.25,5.374570148106388,0.9394744125659032,4.574570148106388,0.6894744125659032,False,False,True,5.206534042364833,0.3520379038965414,4.406534042364833,0.1020379038965414,False,False,True,5.374570148106388,4.574570148106388,0.9394744125659032,0.6894744125659032,True,20.9266920399461,19.417542266520158,0.4753749655830974,0.010411733831599814
20,0.25,0.1,regular,8,19,0.8,0.25,6.57051079944449,1.0315231032307657,5.77051079944449,0.7815231032307655,False,False,True,6.68517113090644,0.4459305550751068,5.88517113090644,0.1959305550751068,False,False,True,6.57051079944449,5.77051079944449,1.0315231032307657,0.7815231032307655,True,33.29879488650548,34.63523924005459,0.6107783608834461,0.03838878241203947
20,0.25,0.1,regular,9,17,0.8,0.25,3.6776386422462872,0.839431781820662,2.8776386422462874,0.589431781820662,False,False,True,3.356447649738749,0.2779301150216317,2.5564476497387494,0.0279301150216316,False,False,True,3.6776386422462872,2.8776386422462874,0.839431781820662,0.589431781820662,True,8.280804155349056,6.535424585854775,0.3474298254202805,0.0007800913251215753
20,0.25,0.1,irregular,0,18,0.8,0.25,19.999999999999996,1.8592321304300368,19.199999999999996,1.6092321304300368,True,False,True,19.999999999999996,0.8743240058141314,19.199999999999996,0.6243240058141314,True,False,True,19.999999999999996,19.199999999999996,1.8592321304300368,1.6092321304300368,True,368.6399999999998,368.6399999999998,2.589628049608395,0.38978046423580354
20,0.25,0.1,irregular,1,20,0.8,0.25,19.999999999999996,2.676315859937454,19.199999999999996,2.426315859937454,True,False,True,10.311995609925756,0.0001978822442724,9.511995609925757,0.2498021177557275,False,False,True,19.999999999999996,19.199999999999996,2.676315859937454,2.426315859937454,True,368.6399999999998,90.47806048324684,5.887008652184027,0.062401098035246405
20,0.25,0.1,irregular,2,20,0.8,0.25,5.9443914949977,1.298040135019809,5.1443914949977,1.048040135019809,False,False,True,8.544331495586794,1.1179913366007348,7.744331495586795,0.8679913366007348,False,False,True,5.9443914949977,5.1443914949977,1.298040135019809,1.048040135019809,True,26.464763853804673,59.9746703135376,1.0983881246123395,0.7534089604139301
20,0.25,0.1,irregular,3,17,0.8,0.25,10.325039516967866,1.1867591713400891,9.525039516967864,0.9367591713400892,False,False,True,19.999999999999996,0.4359761714409079,19.199999999999996,0.1859761714409079,True,False,True,10.325039516967866,9.525039516967864,1.1867591713400891,0.9367591713400892,True,90.72637779979942,368.6399999999998,0.8775177450897704,0.034587136343817965
20,0.25,0.1,irregular,4,19,0.8,0.25,18.474849729337357,1.5772054946570837,17.674849729337357,1.3272054946570837,False,False,True,2.3512545488060588,2.6313002210881177e-05,1.5512545488060587,0.2499736869977891,False,False,True,18.474849729337357,17.674849729337357,1.5772054946570837,1.3272054946570837,True,312.40031295465684,2.406390675191489,1.7614744250479542,0.06248684419126865
20,0.25,0.1,irregular,5,19,0.8,0.25,19.999999999999996,1.5477133836433408,19.199999999999996,1.2977133836433408,True,False,True,19.999999999999996,0.0007146033413586,19.199999999999996,0.2492853966586413,True,False,True,19.999999999999996,19.199999999999996,1.5477133836433408,1.2977133836433408,True,368.6399999999998,368.6399999999998,1.6840600260870486,0.062143208987256185
20,0.25,0.1,irregular,6,17,0.8,0.25,19.999999999999996,1.5210586401245747,19.199999999999996,1.2710586401245747,True,False,True,19.999999999999996,0.0006492765903827,19.199999999999996,0.2493507234096172,True,False,True,19.999999999999996,19.199999999999996,1.5210586401245747,1.2710586401245747,True,368.6399999999998,368.6399999999998,1.615590066635333,0.062175783264899476
20,0.25,0.1,irregular,7,19,0.8,0.25,19.999999999999996,2.175831511854261,19.199999999999996,1.9258315118542608,True,False,True,19.999999999999996,1.3481190857913408,19.199999999999996,1.0981190857913408,True,False,True,19.999999999999996,19.199999999999996,2.175831511854261,1.9258315118542608,True,368.6399999999998,368.6399999999998,3.7088270120508677,1.20586552657921
20,0.25,0.1,irregular,8,20,0.8,0.25,8.769722605772085,1.0827610395330298,7.969722605772085,0.8327610395330298,False,False,True,13.028235389500113,0.0008655952269336,12.228235389500112,0.2491344047730664,False,False,True,8.769722605772085,7.969722605772085,1.0827610395330298,0.8327610395330298,True,63.51647841295459,149.52974074102295,0.6934909489641324,0.062067951641630086
20,0.25,0.1,irregular,9,17,0.8,0.25,19.999999999999996,1.997046947072773,19.199999999999996,1.747046947072773,True,False,True,2.5341614165340736,8.641409450323029e-05,1.7341614165340735,0.2499135859054967,False,False,True,19.999999999999996,19.199999999999996,1.997046947072773,1.747046947072773,True,368.6399999999998,3.0073158185954645,3.0521730352762964,0.06245680042014412
20,0.25,0.3,regular,0,16,0.8,0.25,11.685799341280834,1.3753802314279453,10.885799341280832,1.1253802314279453,False,False,True,10.420644730340886,0.6129522515088013,9.620644730340883,0.3629522515088013,False,False,True,11.685799341280834,10.885799341280832,1.3753802314279453,1.1253802314279453,True,118.50062729863022,92.55680502743584,1.2664806652888156,0.13173433687530814
20,0.25,0.3,regular,1,16,0.8,0.25,4.101601059334281,1.0695386217531502,3.3016010593342813,0.8195386217531502,False,False,True,3.8384144124370905,0.6838028570391819,3.03841441243709,0.4338028570391818,False,False,True,4.101601059334281,3.3016010593342813,1.0695386217531502,0.8195386217531502,True,10.900569554997249,9.231962141705429,0.6716435525450529,0.18818491877535687
20,0.25,0.3,regular,2,17,0.8,0.25,6.3449086690698095,1.3241323509661964,5.54490866906981,1.0741323509661964,False,False,True,6.014291794564792,0.9221203345172008,5.214291794564792,0.6721203345172007,False,False,True,6.3449086690698095,5.54490866906981,1.3241323509661964,1.0741323509661964,True,30.74601214832553,27.18883891886572,1.153760307392168,0.45174574407151386
20,0.25,0.3,regular,3,19,0.8,0.25,3.2997338994023595,0.5756903262209278,2.4997338994023597,0.3256903262209277,False,False,True,4.781757755532527,3.925806803224503e-05,3.981757755532527,0.2499607419319677,False,False,True,3.2997338994023595,2.4997338994023597,0.5756903262209278,0.3256903262209277,True,6.248669567821326,15.854394823743428,0.10607418859389434,0.06248037250717979
20,0.25,0.3,regular,4,12,0.8,0.25,5.461979748938725,0.8511068990259844,4.661979748938725,0.6011068990259844,False,False,True,5.922556774007879,0.0504129509327886,5.1225567740078795,0.1995870490672113,False,False,True,5.461979748938725,4.661979748938725,0.8511068990259844,0.6011068990259844,True,21.734055179514776,26.240587902934013,0.36132950405663494,0.03983499015535745
20,0.25,0.3,regular,5,16,0.8,0.25,1.9910923203449091,0.8097010811709894,1.191092320344909,0.5597010811709894,False,False,True,1.4337476119559598,0.320866120619575,0.6337476119559597,0.070866120619575,False,False,True,1.9910923203449091,1.191092320344909,0.8097010811709894,0.5597010811709894,True,1.4187009155846195,0.4016360356598817,0.3132653002639744,0.00502200705166815
20,0.25,0.3,regular,6,11,0.8,0.25,0.9001478677125961,0.4806693063276659,0.1001478677125961,0.2306693063276659,False,False,True,0.8280261851589381,4.0156071953708386e-05,0.028026185158938,0.2499598439280463,False,False,True,0.9001478677125961,0.1001478677125961,0.4806693063276659,0.2306693063276659,True,0.010029595407379648,0.0007854670545630803,0.05320832888168657,0.06247992357653326
20,0.25,0.3,regular,7,14,0.8,0.25,2.479039651749341,0.7955495115343768,1.679039651749341,0.5455495115343768,False,False,True,2.3967228524724273,0.3930688929513707,1.5967228524724273,0.1430688929513707,False,False,True,2.479039651749341,1.679039651749341,0.7955495115343768,0.5455495115343768,True,2.819174152146548,2.549523867607685,0.2976242695353971,0.020468708130330773
20,0.25,0.3,regular,8,11,0.8,0.25,2.111106271779171,0.496354709624738,1.311106271779171,0.246354709624738,False,False,True,3.0004228658260303,7.391439184578375e-05,2.20042286582603,0.2499260856081542,False,False,True,2.111106271779171,1.311106271779171,0.496354709624738,0.246354709624738,True,1.7189996558986775,4.841860788450039,0.06069064295428897,0.06246304826741443
20,0.25,0.3,regular,9,14,0.8,0.25,3.788911983939255,0.7956852034411744,2.9889119839392553,0.5456852034411744,False,False,True,5.147815997159691,0.406775103293636,4.3478159971596915,0.1567751032936359,False,False,True,3.788911983939255,2.9889119839392553,0.7956852034411744,0.5456852034411744,True,8.933594847735694,18.903503945157723,0.2977723412546359,0.02457843301273023
20,0.25,0.3,irregular,0,15,0.8,0.25,19.999999999999996,1.5465142571840156,19.199999999999996,1.2965142571840156,True,False,True,6.285499940373234,0.0008121853103231,5.485499940373234,0.2491878146896768,False,False,True,19.999999999999996,19.199999999999996,1.5465142571840156,1.2965142571840156,True,368.6399999999998,30.090709595834756,1.6809492190814197,0.06209456698981676
20,0.25,0.3,irregular,1,16,0.8,0.25,5.397339575843302,0.7741089591801329,4.597339575843302,0.5241089591801329,False,False,True,3.843474912927705,0.0001719030253975,3.043474912927705,0.2498280969746024,False,False,True,5.397339575843302,4.597339575843302,0.7741089591801329,0.5241089591801329,True,21.13553117561507,9.2627395456203,0.2746902010928822,0.0624140780379514
20,0.25,0.3,irregular,2,16,0.8,0.25,19.999999999999996,2.005549194140496,19.199999999999996,1.755549194140496,True,False,True,7.993530181234812,0.312585556164703,7.193530181234812,0.062585556164703,False,False,True,19.999999999999996,19.199999999999996,2.005549194140496,1.755549194140496,True,368.6399999999998,51.74687646833615,3.0819529730473447,0.003916951840445195
20,0.25,0.3,irregular,3,16,0.8,0.25,19.999999999999996,2.3418300043683224,19.199999999999996,2.0918300043683224,True,False,True,19.999999999999996,1.6927274105931702,19.199999999999996,1.4427274105931702,True,False,True,19.999999999999996,19.199999999999996,2.3418300043683224,2.0918300043683224,True,368.6399999999998,368.6399999999998,4.375752767175576,2.0814623812768738
20,0.25,0.3,irregular,4,15,0.8,0.25,19.999999999999996,1.614244004661648,19.199999999999996,1.364244004661648,True,False,True,19.999999999999996,0.0029014511268129,19.199999999999996,0.247098548873187,True,False,True,19.999999999999996,19.199999999999996,1.614244004661648,1.364244004661648,True,368.6399999999998,368.6399999999998,1.8611617042552506,0.06105769285523484
20,0.25,0.3,irregular,5,17,0.8,0.25,19.999999999999996,5.572478992757989,19.199999999999996,5.322478992757989,True,False,True,19.999999999999996,1.4621100636515827,19.199999999999996,1.2121100636515827,True,False,True,19.999999999999996,19.199999999999996,5.572478992757989,5.322478992757989,True,368.6399999999998,368.6399999999998,28.328782628350098,1.4692108064054439
20,0.25,0.3,irregular,6,15,0.8,0.25,6.086194550377308,1.0543828490230052,5.286194550377308,0.8043828490230052,False,False,True,3.86734142426247,0.2578451807936349,3.0673414242624704,0.0078451807936349,False,False,True,6.086194550377308,5.286194550377308,1.0543828490230052,0.8043828490230052,True,27.943852824438753,9.40858341299652,0.6470317678023667,6.154686168481772e-05
20,0.25,0.3,irregular,7,13,0.8,0.25,19.999999999999996,1.6297524149790326,19.199999999999996,1.3797524149790326,True,False,True,2.312623875652529,4.3256215075824616e-05,1.512623875652529,0.2499567437849241,False,False,True,19.999999999999996,19.199999999999996,1.6297524149790326,1.3797524149790326,True,368.6399999999998,2.2880309891940773,1.9037167266404724,0.062478373763562224
20,0.25,0.3,irregular,8,14,0.8,0.25,19.999999999999996,2.4638971436145733,19.199999999999996,2.2138971436145733,True,False,True,11.750166842468294,3.805896471938378e-05,10.950166842468294,0.2499619410352806,False,False,True,19.999999999999996,19.199999999999996,2.4638971436145733,2.2138971436145733,True,368.6399999999998,119.90615387789204,4.901340562504767,0.0624809719661251
20,0.25,0.3,irregular,9,16,0.8,0.25,8.285410498061742,1.298682541413379,7.485410498061742,1.048682541413379,False,False,True,3.4638435246553683,6.268008083755235e-05,2.663843524655368,0.2499373199191624,False,False,True,8.285410498061742,7.485410498061742,1.298682541413379,1.048682541413379,True,56.03137032449293,7.096062323848334,1.099735072665223,0.062468663888373764
20,0.5,0.0,regular,0,20,0.8,0.25,19.999999999999996,4.061843207760179,19.199999999999996,3.8118432077601794,True,False,True,19.999999999999996,2.549124215998458,19.199999999999996,2.299124215998458,True,False,True,19.999999999999996,19.199999999999996,4.061843207760179,3.8118432077601794,True,368.6399999999998,368.6399999999998,14.530148640547415,5.285972160590525
20,0.5,0.0,regular,1,20,0.8,0.25,19.999999999999996,2.4669374055000586,19.199999999999996,2.2169374055000586,True,False,True,19.999999999999996,0.000230624653635,19.199999999999996,0.2497693753463649,True,False,True,19.999999999999996,19.199999999999996,2.4669374055000586,2.2169374055000586,True,368.6399999999998,368.6399999999998,4.914811459905331,0.06238474086091337
20,0.5,0.0,regular,2,20,0.8,0.25,19.999999999999996,3.2241135436813133,19.199999999999996,2.9741135436813133,True,False,True,19.999999999999996,0.6279016543813003,19.199999999999996,0.3779016543813003,True,False,True,19.999999999999996,19.199999999999996,3.2241135436813133,2.9741135436813133,True,368.6399999999998,368.6399999999998,8.845351370708618,0.14280966038412374
20,0.5,0.0,regular,3,20,0.8,0.25,19.999999999999996,2.8618283550282815,19.199999999999996,2.6118283550282815,True,False,True,19.999999999999996,0.0018946270202916,19.199999999999996,0.2481053729797083,True,False,True,19.999999999999996,19.199999999999996,2.8618283550282815,2.6118283550282815,True,368.6399999999998,368.6399999999998,6.821647356129739,0.061556276101400215
20,0.5,0.0,regular,4,20,0.8,0.25,19.88812642058737,3.139469782060546,19.08812642058737,2.889469782060546,False,False,True,19.999999999999996,0.0055486109675233,19.199999999999996,0.2444513890324766,True,False,True,19.88812642058737,19.08812642058737,3.139469782060546,2.889469782060546,True,364.35657024832557,368.6399999999998,8.34903562144102,0.05975648159990727
20,0.5,0.0,regular,5,20,0.8,0.25,19.999999999999996,3.519920792632018,19.199999999999996,3.269920792632018,True,False,True,19.999999999999996,1.5457498204637752,19.199999999999996,1.2957498204637752,True,False,True,19.999999999999996,19.199999999999996,3.519920792632018,3.269920792632018,True,368.6399999999998,368.6399999999998,10.692381990087206,1.6789675972319056
20,0.5,0.0,regular,6,20,0.8,0.25,19.999999999999996,3.998994690994038,19.199999999999996,3.748994690994038,True,False,True,19.999999999999996,2.447726641620158,19.199999999999996,2.197726641620158,True,False,True,19.999999999999996,19.199999999999996,3.998994690994038,3.748994690994038,True,368.6399999999998,368.6399999999998,14.054961193101484,4.830002391287019
20,0.5,0.0,regular,7,20,0.8,0.25,6.019402377566941,2.030150422443133,5.219402377566941,1.7801504224431328,False,False,True,6.019374931774282,0.9205135899476308,5.219374931774282,0.6705135899476307,False,False,True,6.019402377566941,5.219402377566941,2.030150422443133,1.7801504224431328,True,27.242161178951434,27.24187467843379,3.1689355265244643,0.44958847430445953
20,0.5,0.0,regular,8,20,0.8,0.25,7.595895780598496,2.430349108674705,6.795895780598496,2.180349108674705,False,False,True,7.595910595503368,1.402362351704457,6.7959105955033685,1.152362351704457,False,False,True,7.595895780598496,6.795895780598496,2.430349108674705,2.180349108674705,True,46.18419946075644,46.18440082207495,4.75392223569858,1.3279389896258267
20,0.5,0.0,regular,9,20,0.8,0.25,8.283758994984183,2.316430272768185,7.483758994984183,2.066430272768185,False,False,True,8.28379611836833,1.0567698861808157,7.483796118368331,0.8067698861808157,False,False,True,8.283758994984183,7.483758994984183,2.316430272768185,2.066430272768185,True,56.00664869500667,56.0072043413049,4.270134072212795,0.6508776492482063
20,0.5,0.0,irregular,0,20,0.8,0.25,19.999999999999996,6.117174004080548,19.199999999999996,5.867174004080548,True,False,True,19.999999999999996,0.0012969994537157,19.199999999999996,0.2487030005462842,True,False,True,19.999999999999996,19.199999999999996,6.117174004080548,5.867174004080548,True,368.6399999999998,368.6399999999998,34.423730794158566,0.06185318248072509
20,0.5,0.0,irregular,1,20,0.8,0.25,19.999999999999996,4.010097289937399,19.199999999999996,3.7600972899373986,True,False,True,19.999999999999996,2.4376606988969365,19.199999999999996,2.1876606988969365,True,False,True,19.999999999999996,19.199999999999996,4.010097289937399,3.7600972899373986,True,368.6399999999998,368.6399999999998,14.13833162979457,4.785859333498233
20,0.5,0.0,irregular,2,20,0.8,0.25,13.220628790093508,2.709679095290822,12.420628790093506,2.459679095290822,False,False,True,19.999999999999996,0.0026865159694999,19.199999999999996,0.2473134840305,True,False,True,13.220628790093508,12.420628790093506,2.709679095290822,2.459679095290822,True,154.27201954129973,368.6399999999998,6.0500212518106755,0.06116395938330443
20,0.5,0.0,irregular,3,20,0.8,0.25,19.999999999999996,4.448807857165014,19.199999999999996,4.198807857165014,True,False,True,19.999999999999996,2.3462106853497837,19.199999999999996,2.0962106853497837,True,False,True,19.999999999999996,19.199999999999996,4.448807857165014,4.198807857165014,True,368.6399999999998,368.6399999999998,17.629987421390656,4.39409923737461
20,0.5,0.0,irregular,4,20,0.8,0.25,19.999999999999996,4.44463539659199,19.199999999999996,4.19463539659199,True,False,True,6.813279395415946,0.0005502556921265,6.013279395415946,0.2494497443078734,False,False,True,19.999999999999996,19.199999999999996,4.44463539659199,4.19463539659199,True,368.6399999999998,36.159529087333965,17.594966110342444,0.06222517493526347
20,0.5,0.0,irregular,5,20,0.8,0.25,19.999999999999996,4.438236267174957,19.199999999999996,4.188236267174957,True,False,True,19.999999999999996,2.6544809976384727,19.199999999999996,2.4044809976384727,True,False,True,19.999999999999996,19.199999999999996,4.438236267174957,4.188236267174957,True,368.6399999999998,368.6399999999998,17.541323029679614,5.7815288680045045
20,0.5,0.0,irregular,6,20,0.8,0.25,19.999999999999996,3.243952103287038,19.199999999999996,2.993952103287038,True,False,True,19.999999999999996,0.0001718473933104,19.199999999999996,0.2498281526066895,True,False,True,19.999999999999996,19.199999999999996,3.243952103287038,2.993952103287038,True,368.6399999999998,368.6399999999998,8.96374919677688,0.06241410583487139
20,0.5,0.0,irregular,7,20,0.8,0.25,19.999999999999996,4.565818134241053,19.199999999999996,4.315818134241053,True,False,True,1.2552399173172195,0.0002031183467649,0.4552399173172197,0.249796881653235,False,False,True,19.999999999999996,19.199999999999996,4.565818134241053,4.315818134241053,True,368.6399999999998,0.2072433823189888,18.626286167843926,0.062398482083680346
20,0.5,0.0,irregular,8,20,0.8,0.25,19.999999999999996,3.918159093847877,19.199999999999996,3.668159093847877,True,False,True,19.999999999999996,1.973848995005283,19.199999999999996,1.723848995005283,True,False,True,19.999999999999996,19.199999999999996,3.918159093847877,3.668159093847877,True,368.6399999999998,368.6399999999998,13.45539113777888,2.9716553575807247
20,0.5,0.0,irregular,9,20,0.8,0.25,19.999999999999996,3.7911945676299914,19.199999999999996,3.5411945676299914,True,False,True,6.836189550073539,0.6810080652650062,6.036189550073539,0.4310080652650062,False,False,True,19.999999999999996,19.199999999999996,3.7911945676299914,3.5411945676299914,True,368.6399999999998,36.43558428441699,12.540058965812161,0.18576795232348386
20,0.5,0.1,regular,0,17,0.8,0.25,19.999999999999996,3.762459956121684,19.199999999999996,3.5124599561216843,True,False,True,19.999999999999996,2.038522635716798,19.199999999999996,1.7885226357167974,True,False,True,19.999999999999996,19.199999999999996,3.762459956121684,3.5124599561216843,True,368.6399999999998,368.6399999999998,12.337374943358341,3.1988132184713614
20,0.5,0.1,regular,1,18,0.8,0.25,19.999999999999996,3.016103951957423,19.199999999999996,2.766103951957423,True,False,True,19.999999999999996,0.0026874191126422,19.199999999999996,0.2473125808873578,True,False,True,19.999999999999996,19.199999999999996,3.016103951957423,2.766103951957423,True,368.6399999999998,368.6399999999998,7.651331073034473,0.0611635126651659
20,0.5,0.1,regular,2,18,0.8,0.25,19.999999999999996,3.1250437804497726,19.199999999999996,2.8750437804497726,True,False,True,19.999999999999996,0.0033495075893468,19.199999999999996,0.2466504924106531,True,False,True,19.999999999999996,19.199999999999996,3.1250437804497726,2.8750437804497726,True,368.6399999999998,368.6399999999998,8.26587673950292,0.0608364654064177
20,0.5,0.1,regular,3,18,0.8,0.25,19.999999999999996,3.200730244593008,19.199999999999996,2.950730244593008,True,False,True,19.999999999999996,0.4943768740500848,19.199999999999996,0.2443768740500848,True,False,True,19.999999999999996,19.199999999999996,3.200730244593008,2.950730244593008,True,368.6399999999998,368.6399999999998,8.706808976355914,0.059720056570491
20,0.5,0.1,regular,4,17,0.8,0.25,19.999999999999996,2.757219130241049,19.199999999999996,2.507219130241049,True,False,True,19.999999999999996,0.0009239485628396,19.199999999999996,0.2490760514371603,True,False,True,19.999999999999996,19.199999999999996,2.757219130241049,2.507219130241049,True,368.6399999999998,368.6399999999998,6.286147767046683,0.06203887939952698
20,0.5,0.1,regular,5,18,0.8,0.25,19.999999999999996,2.8779924258397456,19.199999999999996,2.6279924258397456,True,False,True,19.999999999999996,0.0004784538469725,19.199999999999996,0.2495215461530274,True,False,True,19.999999999999996,19.199999999999996,2.8779924258397456,2.6279924258397456,True,368.6399999999998,368.6399999999998,6.906344190271071,0.06226100199459743
20,0.5,0.1,regular,6,18,0.8,0.25,7.840832727737146,2.352352268019988,7.040832727737146,2.102352268019988,False,False,True,7.42740581841549,1.1806965775897915,6.6274058184154905,0.9306965775897916,False,False,True,7.840832727737146,7.040832727737146,2.352352268019988,2.102352268019988,True,49.5733254999745,43.9225078819675,4.419885058848788,0.8661961195373509
20,0.5,0.1,regular,7,19,0.8,0.25,11.80962154532632,2.511719368913112,11.009621545326318,2.261719368913112,False,False,True,11.586730260246624,0.6095995496840011,10.786730260246625,0.3595995496840011,False,False,True,11.80962154532632,11.009621545326318,2.511719368913112,2.261719368913112,True,121.21176657131348,116.35354970732017,5.115374503716725,0.12931183613293637
20,0.5,0.1,regular,8,20,0.8,0.25,8.169980558539462,1.810229925265627,7.369980558539463,1.560229925265627,False,False,True,9.063226791593408,0.000464917189973,8.263226791593407,0.2495350828100269,False,False,True,8.169980558539462,7.369980558539463,1.810229925265627,1.560229925265627,True,54.31661343324965,68.28091700930707,2.434317419694384,0.062267757553007036
20,0.5,0.1,regular,9,18,0.8,0.25,8.261372404685774,1.484390974917628,7.461372404685775,1.234390974917628,False,False,True,10.430273481600018,0.0003343377589695,9.630273481600018,0.2496656622410304,False,False,True,8.261372404685774,7.461372404685775,1.484390974917628,1.234390974917628,True,55.672078161406375,92.74216733040852,1.5237210789580922,0.06233294290225233
20,0.5,0.1,irregular,0,20,0.8,0.25,19.999999999999996,4.140891396039998,19.199999999999996,3.890891396039998,True,False,True,5.060844506176199,0.0006379795771821,4.260844506176199,0.2493620204228178,False,False,True,19.999999999999996,19.199999999999996,4.140891396039998,3.890891396039998,True,368.6399999999998,18.1547959058119,15.139035855778085,0.062181417229349854
20,0.5,0.1,irregular,1,20,0.8,0.25,19.999999999999996,3.684144077023907,19.199999999999996,3.4341440770239076,True,False,True,19.999999999999996,1.3381481294642188,19.199999999999996,1.0881481294642188,True,False,True,19.999999999999996,19.199999999999996,3.684144077023907,3.4341440770239076,True,368.6399999999998,368.6399999999998,11.793345541758383,1.1840663516564782
20,0.5,0.1,irregular,2,19,0.8,0.25,19.999999999999996,4.110072440729335,19.199999999999996,3.8600724407293354,True,False,True,15.850416322718166,1.682938654108173,15.050416322718164,1.432938654108173,False,False,True,19.999999999999996,19.199999999999996,4.110072440729335,3.8600724407293354,True,368.6399999999998,226.51503148714139,14.900159247678129,2.053313186437342
20,0.5,0.1,irregular,3,20,0.8,0.25,19.999999999999996,3.6079909817410054,19.199999999999996,3.3579909817410054,True,False,True,19.999999999999996,0.0055558772749351,19.199999999999996,0.2444441227250648,True,False,True,19.999999999999996,19.199999999999996,3.6079909817410054,3.3579909817410054,True,368.6399999999998,368.6399999999998,11.27610343345392,0.0597529291348266
20,0.5,0.1,irregular,4,17,0.8,0.25,19.999999999999996,3.7281232579848393,19.199999999999996,3.4781232579848393,True,False,True,19.999999999999996,0.9553225891275116,19.199999999999996,0.7053225891275116,True,False,True,19.999999999999996,19.199999999999996,3.7281232579848393,3.4781232579848393,True,368.6399999999998,368.6399999999998,12.097341397735073,0.4974799547335365
20,0.5,0.1,irregular,5,16,0.8,0.25,9.242826170020088,2.4296662107705904,8.442826170020087,2.1796662107705904,False,False,True,7.707668611417755,0.84571117784824,6.907668611417755,0.59571117784824,False,False,True,9.242826170020088,8.442826170020087,2.4296662107705904,2.1796662107705904,True,71.28131373717605,47.71588564516609,4.750944790375024,0.35487180741333746
20,0.5,0.1,irregular,6,18,0.8,0.25,19.999999999999996,4.855473166458457,19.199999999999996,4.605473166458457,True,False,True,19.999999999999996,3.079145555680752,19.199999999999996,2.829145555680752,True,False,True,19.999999999999996,19.199999999999996,4.855473166458457,4.605473166458457,True,368.6399999999998,368.6399999999998,21.210383086968882,8.004064575228151
20,0.5,0.1,irregular,7,16,0.8,0.25,8.109202758359803,1.3725711297648375,7.309202758359803,1.1225711297648375,False,False,True,11.61323431811788,0.0002084782768081,10.81323431811788,0.2497915217231918,False,False,True,8.109202758359803,7.309202758359803,1.3725711297648375,1.1225711297648375,True,53.42444496281456,116.92603641852226,1.2601659413815036,0.062395804324787855
20,0.5,0.1,irregular,8,17,0.8,0.25,15.347655082380422,1.822414444749053,14.54765508238042,1.572414444749053,False,False,True,13.34870769208004,0.0001196463135951,12.548707692080038,0.2498803536864048,False,False,True,15.347655082380422,14.54765508238042,1.822414444749053,1.572414444749053,True,211.63426839590892,157.47006474126877,2.4724871860554725,0.06244019115844281
20,0.5,0.1,irregular,9,19,0.8,0.25,19.999999999999996,3.2061314599923025,19.199999999999996,2.9561314599923025,True,False,True,19.999999999999996,0.007755695367355,19.199999999999996,0.2422443046326449,True,False,True,19.999999999999996,19.199999999999996,3.2061314599923025,2.9561314599923025,True,368.6399999999998,368.6399999999998,8.738713208756222,0.05868230312695372
20,0.5,0.3,regular,0,11,0.8,0.25,19.999999999999996,3.14330586455669,19.199999999999996,2.89330586455669,True,False,True,19.999999999999996,0.0080662816521944,19.199999999999996,0.2419337183478055,True,False,True,19.999999999999996,19.199999999999996,3.14330586455669,2.89330586455669,True,368.6399999999998,368.6399999999998,8.371218825878136,0.05853192407359533
20,0.5,0.3,regular,1,13,0.8,0.25,19.999999999999996,2.417811184800755,19.199999999999996,2.167811184800755,True,False,True,19.999999999999996,0.0002106128280359,19.199999999999996,0.249789387171964,True,False,True,19.999999999999996,19.199999999999996,2.417811184800755,2.167811184800755,True,368.6399999999998,368.6399999999998,4.699405332947253,0.062394737943745386
20,0.5,0.3,regular,2,16,0.8,0.25,19.999999999999996,2.815744396086296,19.199999999999996,2.565744396086296,True,False,True,19.999999999999996,0.0029136823464437,19.199999999999996,0.2470863176535562,True,False,True,19.999999999999996,19.199999999999996,2.815744396086296,2.565744396086296,True,368.6399999999998,368.6399999999998,6.58304430604823,0.061051648371594124
20,0.5,0.3,regular,3,12,0.8,0.25,13.698735851988992,2.64989561994359,12.898735851988992,2.39989561994359,False,False,True,16.695577799494206,0.4576153680231276,15.895577799494204,0.2076153680231275,False,False,True,13.698735851988992,12.898735851988992,2.64989561994359,2.39989561994359,True,166.37738657938618,252.66939357977304,5.759498986624429,0.04310414103937871
20,0.5,0.3,regular,4,14,0.8,0.25,19.999999999999996,2.7545837356266465,19.199999999999996,2.5045837356266465,True,False,True,19.999999999999996,0.0005568657960833,19.199999999999996,0.2494431342039166,True,False,True,19.999999999999996,19.199999999999996,2.7545837356266465,2.5045837356266465,True,368.6399999999998,368.6399999999998,6.272939688765527,0.062221877201473194
20,0.5,0.3,regular,5,14,0.8,0.25,4.737656080826876,1.78663337541794,3.937656080826876,1.53663337541794,False,False,True,7.97673877729671,1.0548661657879994,7.17673877729671,0.8048661657879994,False,False,True,4.737656080826876,3.937656080826876,1.78663337541794,1.53663337541794,True,15.505135410872876,51.50557947755428,2.3612421304483315,0.6478095448302753
20,0.5,0.3,regular,6,13,0.8,0.25,19.999999999999996,2.8708860778394114,19.199999999999996,2.6208860778394114,True,False,True,19.999999999999996,0.0006216751977506,19.199999999999996,0.2493783248022494,True,False,True,19.999999999999996,19.199999999999996,2.8708860778394114,2.6208860778394114,True,368.6399999999998,368.6399999999998,6.869043833012453,0.06218954888117619
20,0.5,0.3,regular,7,10,0.8,0.25,19.999999999999996,2.5416129720551135,19.199999999999996,2.2916129720551135,True,False,True,19.999999999999996,0.0004603362157674,19.199999999999996,0.2495396637842325,True,False,True,19.999999999999996,19.199999999999996,2.5416129720551135,2.2916129720551135,True,368.6399999999998,368.6399999999998,5.251490013691271,0.06227004380154784
20,0.5,0.3,regular,8,13,0.8,0.25,19.999999999999996,2.09316891190535,19.199999999999996,1.8431689119053496,True,False,True,19.999999999999996,0.0029274952020672,19.199999999999996,0.2470725047979327,True,False,True,19.999999999999996,19.199999999999996,2.09316891190535,1.8431689119053496,True,368.6399999999998,368.6399999999998,3.397271637814351,0.061044822627124525
20,0.5,0.3,regular,9,15,0.8,0.25,7.975584234982966,1.7266605834294635,7.175584234982966,1.4766605834294635,False,False,True,9.055364371848489,0.0005366742365609,8.255364371848488,0.249463325763439,False,False,True,7.975584234982966,7.175584234982966,1.7266605834294635,1.4766605834294635,True,51.48900911333608,68.15104091198539,2.1805264786542433,0.06223195090095574
20,0.5,0.3,irregular,0,13,0.8,0.25,7.284593562368502,2.7530416493506333,6.484593562368502,2.5030416493506333,False,False,True,9.989819672621374,2.238710018813896,9.189819672621374,1.988710018813896,False,False,True,7.284593562368502,6.484593562368502,2.7530416493506333,2.5030416493506333,True,42.04995366911102,84.45278561529881,6.265217498383939,3.9549675389307666
20,0.5,0.3,irregular,1,11,0.8,0.25,7.476486449752057,2.014501915718059,6.6764864497520575,1.7645019157180588,False,False,True,9.827628119357035,0.4900634732245293,9.027628119357036,0.2400634732245293,False,False,True,7.476486449752057,6.6764864497520575,2.014501915718059,1.7645019157180588,True,44.575471313722836,81.49806946140583,3.1134670105726996,0.0576304711766243
20,0.5,0.3,irregular,2,15,0.8,0.25,10.899822403651354,2.2570698166797576,10.099822403651354,2.0070698166797576,False,False,True,14.875811693183367,0.000271854731962,14.075811693183368,0.249728145268038,False,False,True,10.899822403651354,10.099822403651354,2.2570698166797576,2.0070698166797576,True,102.00641258529781,198.12847482195758,4.028329249026916,0.06236414653901429
20,0.5,0.3,irregular,3,15,0.8,0.25,19.999999999999996,2.5361861662776453,19.199999999999996,2.2861861662776453,True,False,True,19.999999999999996,0.0047116466210321,19.199999999999996,0.2452883533789678,True,False,True,19.999999999999996,19.199999999999996,2.5361861662776453,2.2861861662776453,True,368.6399999999998,368.6399999999998,5.226647186879277,0.06016637630336543
20,0.5,0.3,irregular,4,13,0.8,0.25,19.999999999999996,4.211866574436369,19.199999999999996,3.9618665744363697,True,False,True,4.753292865509095,1.1258873101380356,3.953292865509095,0.8758873101380356,False,False,True,19.999999999999996,19.199999999999996,4.211866574436369,3.9618665744363697,True,368.6399999999998,15.62852448048511,15.69638675363617,0.7671785800608433
20,0.5,0.3,irregular,5,18,0.8,0.25,7.696876707271759,1.4871112217929563,6.896876707271759,1.2371112217929563,False,False,True,19.999999999999996,5.562316540972814e-05,19.199999999999996,0.2499443768345902,True,False,True,7.696876707271759,6.896876707271759,1.4871112217929563,1.2371112217929563,True,47.56690831530774,368.6399999999998,1.5304441750860611,0.06247219151123167
20,0.5,0.3,irregular,6,14,0.8,0.25,19.999999999999996,3.457545947278515,19.199999999999996,3.207545947278515,True,False,True,19.999999999999996,1.506967637092131,19.199999999999996,1.256967637092131,True,False,True,19.999999999999996,19.199999999999996,3.457545947278515,3.207545947278515,True,368.6399999999998,368.6399999999998,10.288351003902825,1.5799676406969752
20,0.5,0.3,irregular,7,14,0.8,0.25,19.999999999999996,5.33242459072801,19.199999999999996,5.08242459072801,True,False,True,8.059796373715296,0.8649903556901212,7.259796373715296,0.6149903556901212,False,False,True,19.999999999999996,19.199999999999996,5.33242459072801,5.08242459072801,True,368.6399999999998,52.70464338780976,25.83103972043678,0.37821313759186176
20,0.5,0.3,irregular,8,13,0.8,0.25,19.999999999999996,3.046080041703702,19.199999999999996,2.796080041703702,True,False,True,19.999999999999996,0.0006809321241013,19.199999999999996,0.2493190678758986,True,False,True,19.999999999999996,19.199999999999996,3.046080041703702,2.796080041703702,True,368.6399999999998,368.6399999999998,7.818063599613777,0.06215999760650698
20,0.5,0.3,irregular,9,13,0.8,0.25,19.999999999999996,2.9642832452560333,19.199999999999996,2.7142832452560333,True,False,True,19.999999999999996,0.0058623950709163,19.199999999999996,0.2441376049290836,True,False,True,19.999999999999996,19.199999999999996,2.9642832452560333,2.7142832452560333,True,368.6399999999998,368.6399999999998,7.3673335354776235,0.05960317014050936
40,0.0,0.0,regular,0,40,0.8,0.25,3.321996779833903,0.3546555629067681,2.521996779833903,0.1046555629067681,False,False,True,3.321996779833903,0.3546555629067681,2.521996779833903,0.1046555629067681,False,False,True,3.321996779833903,2.521996779833903,0.3546555629067681,0.1046555629067681,True,6.360467757492576,6.360467757492576,0.010952786847332491,0.010952786847332491
40,0.0,0.0,regular,1,40,0.8,0.25,2.733691352926974,0.2627866011277672,1.933691352926974,0.0127866011277671,False,False,True,2.733691352926974,0.2627866011277672,1.933691352926974,0.0127866011277671,False,False,True,2.733691352926974,1.933691352926974,0.2627866011277672,0.0127866011277671,True,3.7391622483845515,3.7391622483845515,0.0001634971684006173,0.0001634971684006173
40,0.0,0.0,regular,2,40,0.8,0.25,1.024653479256297,0.2473026022172856,0.2246534792562968,0.0026973977827143,False,False,True,1.024653479256297,0.2473026022172856,0.2246534792562968,0.0026973977827143,False,False,True,1.024653479256297,0.2246534792562968,0.2473026022172856,0.0026973977827143,True,0.0504691857419594,0.0504691857419594,7.275954798192623e-06,7.275954798192623e-06
40,0.0,0.0,regular,3,40,0.8,0.25,1.1888908147066963,0.2276680659255891,0.3888908147066963,0.0223319340744108,False,False,True,1.1888908147066963,0.2276680659255891,0.3888908147066963,0.0223319340744108,False,False,True,1.1888908147066963,0.3888908147066963,0.2276680659255891,0.0223319340744108,True,0.15123606576323798,0.15123606576323798,0.0004987152795038343,0.0004987152795038343
40,0.0,0.0,regular,4,40,0.8,0.25,1.5761081382379325,0.2502746087151468,0.7761081382379325,0.0002746087151468,False,False,True,1.5761081382379325,0.2502746087151468,0.7761081382379325,0.0002746087151468,False,False,True,1.5761081382379325,0.7761081382379325,0.2502746087151468,0.0002746087151468,True,0.6023438422391497,0.6023438422391497,7.540994643456791e-08,7.540994643456791e-08
40,0.0,0.0,regular,5,40,0.8,0.25,1.816480263775553,0.2651270952672813,1.016480263775553,0.0151270952672813,False,False,True,1.816480263775553,0.2651270952672813,1.016480263775553,0.0151270952672813,False,False,True,1.816480263775553,1.016480263775553,0.2651270952672813,0.0151270952672813,True,1.0332321266452178,1.0332321266452178,0.00022882901122540394,0.00022882901122540394
40,0.0,0.0,regular,6,40,0.8,0.25,1.804948363684526,0.1843014908187786,1.004948363684526,0.0656985091812213,False,False,True,1.804948363684526,0.1843014908187786,1.004948363684526,0.0656985091812213,False,False,True,1.804948363684526,1.004948363684526,0.1843014908187786,0.0656985091812213,True,1.0099212136722064,1.0099212136722064,0.004316294108635031,0.004316294108635031
40,0.0,0.0,regular,7,40,0.8,0.25,0.7117279636876538,0.2835505579058701,0.0882720363123462,0.03355055790587,False,False,True,0.7117279636876538,0.2835505579058701,0.0882720363123462,0.03355055790587,False,False,True,0.7117279636876538,0.0882720363123462,0.2835505579058701,0.03355055790587,True,0.007791952394728177,0.007791952394728177,0.0011256399357951414,0.0011256399357951414
40,0.0,0.0,regular,8,40,0.8,0.25,1.024367550899194,0.226631468266453,0.224367550899194,0.0233685317335469,False,False,True,1.024367550899194,0.226631468266453,0.224367550899194,0.0233685317335469,False,False,True,1.024367550899194,0.224367550899194,0.226631468266453,0.0233685317335469,True,0.05034079789650242,0.05034079789650242,0.0005460882753817931,0.0005460882753817931
40,0.0,0.0,regular,9,40,0.8,0.25,0.5858931203725135,0.202436571919343,0.2141068796274865,0.0475634280806569,False,False,True,0.5858931203725135,0.202436571919343,0.2141068796274865,0.0475634280806569,False,False,True,0.5858931203725135,0.2141068796274865,0.202436571919343,0.0475634280806569,True,0.04584175590381901,0.04584175590381901,0.0022622796907838306,0.0022622796907838306
40,0.0,0.0,irregular,0,40,0.8,0.25,1.4679059503371297,0.2353255563323152,0.6679059503371294,0.0146744436676847,False,False,True,1.4679059503371297,0.2353255563323152,0.6679059503371294,0.0146744436676847,False,False,True,1.4679059503371297,0.6679059503371294,0.2353255563323152,0.0146744436676847,True,0.44609835849574425,0.44609835849574425,0.00021533929695605468,0.00021533929695605468
40,0.0,0.0,irregular,1,40,0.8,0.25,2.0197065425100194,0.3112763469525047,1.2197065425100193,0.0612763469525047,False,False,True,2.0197065425100194,0.3112763469525047,1.2197065425100193,0.0612763469525047,False,False,True,2.0197065425100194,1.2197065425100193,0.3112763469525047,0.0612763469525047,True,1.4876840498417456,1.4876840498417456,0.003754790695843735,0.003754790695843735
40,0.0,0.0,irregular,2,40,0.8,0.25,1.416063721793811,0.2437389097389611,0.616063721793811,0.0062610902610388,False,False,True,1.416063721793811,0.2437389097389611,0.616063721793811,0.0062610902610388,False,False,True,1.416063721793811,0.616063721793811,0.2437389097389611,0.0062610902610388,True,0.37953450931044214,0.37953450931044214,3.920125125687628e-05,3.920125125687628e-05
40,0.0,0.0,irregular,3,40,0.8,0.25,1.3366485740039302,0.2342963381142631,0.5366485740039302,0.0157036618857368,False,False,True,1.3366485740039302,0.2342963381142631,0.5366485740039302,0.0157036618857368,False,False,True,1.3366485740039302,0.5366485740039302,0.2342963381142631,0.0157036618857368,True,0.2879916919804517,0.2879916919804517,0.00024660499662154607,0.00024660499662154607
40,0.0,0.0,irregular,4,40,0.8,0.25,1.298361206766394,0.2107179990887076,0.4983612067663938,0.0392820009112923,False,False,True,1.298361206766394,0.2107179990887076,0.4983612067663938,0.0392820009112923,False,False,True,1.298361206766394,0.4983612067663938,0.2107179990887076,0.0392820009112923,True,0.24836389240965656,0.24836389240965656,0.0015430755955947758,0.0015430755955947758
40,0.0,0.0,irregular,5,40,0.8,0.25,2.379027706582643,0.2532621579535967,1.5790277065826428,0.0032621579535966,False,False,True,2.379027706582643,0.2532621579535967,1.5790277065826428,0.0032621579535966,False,False,True,2.379027706582643,1.5790277065826428,0.2532621579535967,0.0032621579535966,True,2.4933284981556407,2.4933284981556407,1.064167451421414e-05,1.064167451421414e-05
40,0.0,0.0,irregular,6,40,0.8,0.25,0.9411458367367292,0.2678842037258439,0.1411458367367291,0.0178842037258439,False,False,True,0.9411458367367292,0.2678842037258439,0.1411458367367291,0.0178842037258439,False,False,True,0.9411458367367292,0.1411458367367291,0.2678842037258439,0.0178842037258439,True,0.019922147228111416,0.019922147228111416,0.00031984474290748787,0.00031984474290748787
40,0.0,0.0,irregular,7,40,0.8,0.25,4.7570075936041425,0.2521253148584476,3.9570075936041422,0.0021253148584476,False,False,True,4.7570075936041425,0.2521253148584476,3.9570075936041422,0.0021253148584476,False,False,True,4.7570075936041425,3.9570075936041422,0.2521253148584476,0.0021253148584476,True,15.657909095840848,15.657909095840848,4.516963247538058e-06,4.516963247538058e-06
40,0.0,0.0,irregular,8,40,0.8,0.25,0.746064119275263,0.2682958967940641,0.053935880724737,0.0182958967940641,False,False,True,0.746064119275263,0.2682958967940641,0.053935880724737,0.0182958967940641,False,False,True,0.746064119275263,0.053935880724737,0.2682958967940641,0.0182958967940641,True,0.0029090792295530664,0.0029090792295530664,0.000334739839499046,0.000334739839499046
40,0.0,0.0,irregular,9,40,0.8,0.25,1.3968199977188611,0.2700147345491175,0.5968199977188611,0.0200147345491175,False,False,True,1.3968199977188611,0.2700147345491175,0.5968199977188611,0.0200147345491175,False,False,True,1.3968199977188611,0.5968199977188611,0.2700147345491175,0.0200147345491175,True,0.3561941096771413,0.3561941096771413,0.000400589599071638,0.000400589599071638
40,0.0,0.1,regular,0,34,0.8,0.25,1.337025906267833,0.2881640521007936,0.5370259062678326,0.0381640521007936,False,False,True,1.337025906267833,0.2881640521007936,0.5370259062678326,0.0381640521007936,False,False,True,1.337025906267833,0.5370259062678326,0.2881640521007936,0.0381640521007936,True,0.2883968240027872,0.2883968240027872,0.0014564948727520883,0.0014564948727520883
40,0.0,0.1,regular,1,39,0.8,0.25,1.83415974542888,0.2327012591391824,1.03415974542888,0.0172987408608175,False,False,True,1.83415974542888,0.2327012591391824,1.03415974542888,0.0172987408608175,False,False,True,1.83415974542888,1.03415974542888,0.2327012591391824,0.0172987408608175,True,1.0694863790655258,1.0694863790655258,0.0002992464353697201,0.0002992464353697201
40,0.0,0.1,regular,2,36,0.8,0.25,2.6969865628305314,0.2957246177387939,1.8969865628305311,0.0457246177387939,False,False,True,2.6969865628305314,0.2957246177387939,1.8969865628305311,0.0457246177387939,False,False,True,2.6969865628305314,1.8969865628305311,0.2957246177387939,0.0457246177387939,True,3.5985580195595936,3.5985580195595936,0.0020907406673588242,0.0020907406673588242
40,0.0,0.1,regular,3,38,0.8,0.25,1.3690024368885343,0.2708951676294577,0.5690024368885345,0.0208951676294577,False,False,True,1.3690024368885343,0.2708951676294577,0.5690024368885345,0.0208951676294577,False,False,True,1.3690024368885343,0.5690024368885345,0.2708951676294577,0.0208951676294577,True,0.3237637731850904,0.3237637731850904,0.00043660803026313694,0.00043660803026313694
40,0.0,0.1,regular,4,37,0.8,0.25,1.009160373348907,0.2664421925468666,0.2091603733489069,0.0164421925468665,False,False,True,1.009160373348907,0.2664421925468666,0.2091603733489069,0.0164421925468665,False,False,True,1.009160373348907,0.2091603733489069,0.2664421925468666,0.0164421925468665,True,0.04374806177945413,0.04374806177945413,0.0002703456957482347,0.0002703456957482347
40,0.0,0.1,regular,5,38,0.8,0.25,2.154132780718928,0.2762687384293704,1.3541327807189278,0.0262687384293703,False,False,True,2.154132780718928,0.2762687384293704,1.3541327807189278,0.0262687384293703,False,False,True,2.154132780718928,1.3541327807189278,0.2762687384293704,0.0262687384293703,True,1.833675587817576,1.833675587817576,0.0006900466186706806,0.0006900466186706806
40,0.0,0.1,regular,6,36,0.8,0.25,1.5799827064746883,0.2916911799231458,0.7799827064746883,0.0416911799231458,False,False,True,1.5799827064746883,0.2916911799231458,0.7799827064746883,0.0416911799231458,False,False,True,1.5799827064746883,0.7799827064746883,0.2916911799231458,0.0416911799231458,True,0.6083730223995797,0.6083730223995797,0.0017381544833841157,0.0017381544833841157
40,0.0,0.1,regular,7,35,0.8,0.25,1.20481100730182,0.2372355601848251,0.40481100730182,0.0127644398151748,False,False,True,1.20481100730182,0.2372355601848251,0.40481100730182,0.0127644398151748,False,False,True,1.20481100730182,0.40481100730182,0.2372355601848251,0.0127644398151748,True,0.16387195163271404,0.16387195163271404,0.00016293092379522195,0.00016293092379522195
40,0.0,0.1,regular,8,38,0.8,0.25,1.9712153760380813,0.2204620521556516,1.1712153760380812,0.0295379478443484,False,False,True,1.9712153760380813,0.2204620521556516,1.1712153760380812,0.0295379478443484,False,False,True,1.9712153760380813,1.1712153760380812,0.2204620521556516,0.0295379478443484,True,1.371745457068024,1.371745457068024,0.0008724903628554466,0.0008724903628554466
40,0.0,0.1,regular,9,33,0.8,0.25,2.2481643235120856,0.2474505979487739,1.4481643235120856,0.002549402051226,False,False,True,2.2481643235120856,0.2474505979487739,1.4481643235120856,0.002549402051226,False,False,True,2.2481643235120856,1.4481643235120856,0.2474505979487739,0.002549402051226,True,2.0971799078932163,2.0971799078932163,6.499450818795911e-06,6.499450818795911e-06
40,0.0,0.1,irregular,0,38,0.8,0.25,1.2289858242107006,0.312982053884769,0.4289858242107005,0.062982053884769,False,False,True,1.2289858242107006,0.312982053884769,0.4289858242107005,0.062982053884769,False,False,True,1.2289858242107006,0.4289858242107005,0.312982053884769,0.062982053884769,True,0.18402883737373404,0.18402883737373404,0.003966739111543948,0.003966739111543948
40,0.0,0.1,irregular,1,37,0.8,0.25,3.340156945223786,0.2311859970618872,2.540156945223786,0.0188140029381127,False,False,True,3.340156945223786,0.2311859970618872,2.540156945223786,0.0188140029381127,False,False,True,3.340156945223786,2.540156945223786,0.2311859970618872,0.0188140029381127,True,6.452397306368636,6.452397306368636,0.0003539667065553173,0.0003539667065553173
40,0.0,0.1,irregular,2,39,0.8,0.25,1.4051791325916687,0.2197017564249635,0.6051791325916687,0.0302982435750364,False,False,True,1.4051791325916687,0.2197017564249635,0.6051791325916687,0.0302982435750364,False,False,True,1.4051791325916687,0.6051791325916687,0.2197017564249635,0.0302982435750364,True,0.3662417825244045,0.3662417825244045,0.0009179835637322402,0.0009179835637322402
40,0.0,0.1,irregular,3,34,0.8,0.25,2.3427750907218874,0.278779081435249,1.5427750907218871,0.0287790814352489,False,False,True,2.3427750907218874,0.278779081435249,1.5427750907218871,0.0287790814352489,False,False,True,2.3427750907218874,1.5427750907218871,0.278779081435249,0.0287790814352489,True,2.3801549805519278,2.3801549805519278,0.0008282355282566929,0.0008282355282566929
40,0.0,0.1,irregular,4,36,0.8,0.25,3.5013939378013212,0.3055552307183855,2.7013939378013214,0.0555552307183855,False,False,True,3.5013939378013212,0.3055552307183855,2.7013939378013214,0.0555552307183855,False,False,True,3.5013939378013212,2.7013939378013214,0.3055552307183855,0.0555552307183855,True,7.297529207189729,7.297529207189729,0.003086383660173041,0.003086383660173041
40,0.0,0.1,irregular,5,32,0.8,0.25,1.8091897624478277,0.2498189823723044,1.0091897624478274,0.0001810176276955,False,False,True,1.8091897624478277,0.2498189823723044,1.0091897624478274,0.0001810176276955,False,False,True,1.8091897624478277,1.0091897624478274,0.2498189823723044,0.0001810176276955,True,1.0184639766295027,1.0184639766295027,3.276738153654122e-08,3.276738153654122e-08
40,0.0,0.1,irregular,6,34,0.8,0.25,0.8941015548202272,0.2630608173106812,0.0941015548202272,0.0130608173106812,False,False,True,0.8941015548202272,0.2630608173106812,0.0941015548202272,0.0130608173106812,False,False,True,0.8941015548202272,0.0941015548202272,0.2630608173106812,0.0130608173106812,True,0.008855102619584224,0.008855102619584224,0.00017058494882298984,0.00017058494882298984
40,0.0,0.1,irregular,7,36,0.8,0.25,1.4201967675986973,0.2668298005129584,0.6201967675986972,0.0168298005129584,False,False,True,1.4201967675986973,0.2668298005129584,0.6201967675986972,0.0168298005129584,False,False,True,1.4201967675986973,0.6201967675986972,0.2668298005129584,0.0168298005129584,True,0.38464403053987245,0.38464403053987245,0.00028324218530597495,0.00028324218530597495
40,0.0,0.1,irregular,8,36,0.8,0.25,9.793144874019044,0.3463770724983265,8.993144874019045,0.0963770724983265,False,False,True,9.793144874019044,0.3463770724983265,8.993144874019045,0.0963770724983265,False,False,True,9.793144874019044,8.993144874019045,0.3463770724983265,0.0963770724983265,True,80.876654725095,80.876654725095,0.009288540103347682,0.009288540103347682
40,0.0,0.1,irregular,9,39,0.8,0.25,0.5683083028970235,0.3050650451242891,0.2316916971029765,0.0550650451242891,False,False,True,0.5683083028970235,0.3050650451242891,0.2316916971029765,0.0550650451242891,False,False,True,0.5683083028970235,0.2316916971029765,0.3050650451242891,0.0550650451242891,True,0.05368104250645743,0.05368104250645743,0.0030321591945399965,0.0030321591945399965
40,0.0,0.3,regular,0,25,0.8,0.25,0.3685819771175198,0.3187795086587669,0.4314180228824802,0.0687795086587669,False,False,True,0.3685819771175198,0.3187795086587669,0.4314180228824802,0.0687795086587669,False,False,True,0.3685819771175198,0.4314180228824802,0.3187795086587669,0.0687795086587669,True,0.18612151046782827,0.18612151046782827,0.004730620811341394,0.004730620811341394
40,0.0,0.3,regular,1,27,0.8,0.25,1.4909925619907411,0.2188169984127451,0.6909925619907411,0.0311830015872549,False,False,True,1.4909925619907411,0.2188169984127451,0.6909925619907411,0.0311830015872549,False,False,True,1.4909925619907411,0.6909925619907411,0.2188169984127451,0.0311830015872549,True,0.4774707207265282,0.4774707207265282,0.0009723795879907416,0.0009723795879907416
40,0.0,0.3,regular,2,32,0.8,0.25,2.0317620845563695,0.3186342698601807,1.2317620845563697,0.0686342698601806,False,False,True,2.0317620845563695,0.3186342698601807,1.2317620845563697,0.0686342698601806,False,False,True,2.0317620845563695,1.2317620845563697,0.3186342698601807,0.0686342698601806,True,1.5172378329506526,1.5172378329506526,0.004710662999240106,0.004710662999240106
40,0.0,0.3,regular,3,27,0.8,0.25,1.0780696489218815,0.283664297689005,0.2780696489218814,0.033664297689005,False,False,True,1.0780696489218815,0.283664297689005,0.2780696489218814,0.033664297689005,False,False,True,1.0780696489218815,0.2780696489218814,0.283664297689005,0.033664297689005,True,0.07732272965153841,0.07732272965153841,0.0011332849388939457,0.0011332849388939457
40,0.0,0.3,regular,4,26,0.8,0.25,2.3418881001462393,0.2339868771714232,1.5418881001462392,0.0160131228285768,False,False,True,2.3418881001462393,0.2339868771714232,1.5418881001462392,0.0160131228285768,False,False,True,2.3418881001462393,1.5418881001462392,0.2339868771714232,0.0160131228285768,True,2.377418913372579,2.377418913372579,0.00025642010272308773,0.00025642010272308773
40,0.0,0.3,regular,5,29,0.8,0.25,1.001347397005463,0.2276143345789906,0.2013473970054629,0.0223856654210093,False,False,True,1.001347397005463,0.2276143345789906,0.2013473970054629,0.0223856654210093,False,False,True,1.001347397005463,0.2013473970054629,0.2276143345789906,0.0223856654210093,True,0.040540774280875484,0.040540774280875484,0.0005011180163413757,0.0005011180163413757
40,0.0,0.3,regular,6,29,0.8,0.25,1.6834429873353989,0.2882453254197922,0.8834429873353988,0.0382453254197922,False,False,True,1.6834429873353989,0.2882453254197922,0.8834429873353988,0.0382453254197922,False,False,True,1.6834429873353989,0.8834429873353988,0.2882453254197922,0.0382453254197922,True,0.7804715118720936,0.7804715118720936,0.0014627049164658032,0.0014627049164658032
40,0.0,0.3,regular,7,25,0.8,0.25,1.475179603931266,0.2839582556033697,0.6751796039312659,0.0339582556033696,False,False,True,1.475179603931266,0.2839582556033697,0.6751796039312659,0.0339582556033696,False,False,True,1.475179603931266,0.6751796039312659,0.2839582556033697,0.0339582556033696,True,0.455867497564781,0.455867497564781,0.0011531631236237883,0.0011531631236237883
40,0.0,0.3,regular,8,23,0.8,0.25,3.390601111070832,0.2853101459942125,2.590601111070832,0.0353101459942125,False,False,True,3.390601111070832,0.2853101459942125,2.590601111070832,0.0353101459942125,False,False,True,3.390601111070832,2.590601111070832,0.2853101459942125,0.0353101459942125,True,6.711214116681429,6.711214116681429,0.0012468064101326013,0.0012468064101326013
40,0.0,0.3,regular,9,26,0.8,0.25,1.9652645599397696,0.2531614581464213,1.1652645599397695,0.0031614581464213,False,False,True,1.9652645599397696,0.2531614581464213,1.1652645599397695,0.0031614581464213,False,False,True,1.9652645599397696,1.1652645599397695,0.2531614581464213,0.0031614581464213,True,1.3578414946516246,1.3578414946516246,9.994817611573762e-06,9.994817611573762e-06
40,0.0,0.3,irregular,0,26,0.8,0.25,4.0326820189128165,0.2701268915342408,3.2326820189128167,0.0201268915342408,False,False,True,4.0326820189128165,0.2701268915342408,3.2326820189128167,0.0201268915342408,False,False,True,4.0326820189128165,3.2326820189128167,0.2701268915342408,0.0201268915342408,True,10.450233035402245,10.450233035402245,0.0004050917628310939,0.0004050917628310939
40,0.0,0.3,irregular,1,33,0.8,0.25,0.8434085431250694,0.2272282907232025,0.0434085431250693,0.0227717092767974,False,False,True,0.8434085431250694,0.2272282907232025,0.0434085431250693,0.0227717092767974,False,False,True,0.8434085431250694,0.0434085431250693,0.2272282907232025,0.0227717092767974,True,0.001884301616241007,0.001884301616241007,0.0005185507433869854,0.0005185507433869854
40,0.0,0.3,irregular,2,30,0.8,0.25,2.2052596447647947,0.2326563132076478,1.4052596447647947,0.0173436867923521,False,False,True,2.2052596447647947,0.2326563132076478,1.4052596447647947,0.0173436867923521,False,False,True,2.2052596447647947,1.4052596447647947,0.2326563132076478,0.0173436867923521,True,1.974754669204477,1.974754669204477,0.00030080347155121245,0.00030080347155121245
40,0.0,0.3,irregular,3,31,0.8,0.25,1.6194665208996517,0.2311381102452378,0.8194665208996514,0.0188618897547621,False,False,True,1.6194665208996517,0.2311381102452378,0.8194665208996514,0.0188618897547621,False,False,True,1.6194665208996517,0.8194665208996514,0.2311381102452378,0.0188618897547621,True,0.6715253788753792,0.6715253788753792,0.00035577088512080287,0.00035577088512080287
40,0.0,0.3,irregular,4,31,0.8,0.25,0.5858327358648843,0.2569769200285545,0.2141672641351157,0.0069769200285545,False,False,True,0.5858327358648843,0.2569769200285545,0.2141672641351157,0.0069769200285545,False,False,True,0.5858327358648843,0.2141672641351157,0.2569769200285545,0.0069769200285545,True,0.04586761702712045,0.04586761702712045,4.867741308484478e-05,4.867741308484478e-05
40,0.0,0.3,irregular,5,23,0.8,0.25,1.1887494970163628,0.3348363755621013,0.3887494970163627,0.0848363755621012,False,False,True,1.1887494970163628,0.3348363755621013,0.3887494970163627,0.0848363755621012,False,False,True,1.1887494970163628,0.3887494970163627,0.3348363755621013,0.0848363755621012,True,0.15112617143047502,0.15112617143047502,0.0071972106185138945,0.0071972106185138945
40,0.0,0.3,irregular,6,30,0.8,0.25,3.17228038196932,0.2341635509795199,2.37228038196932,0.01583644902048,False,False,True,3.17228038196932,0.2341635509795199,2.37228038196932,0.01583644902048,False,False,True,3.17228038196932,2.37228038196932,0.2341635509795199,0.01583644902048,True,5.627714210676503,5.627714210676503,0.00025079311757826486,0.00025079311757826486
40,0.0,0.3,irregular,7,28,0.8,0.25,0.8479611174439917,0.2494457752757617,0.0479611174439916,0.0005542247242382,False,False,True,0.8479611174439917,0.2494457752757617,0.0479611174439916,0.0005542247242382,False,False,True,0.8479611174439917,0.0479611174439916,0.2494457752757617,0.0005542247242382,True,0.0023002687864763626,0.0023002687864763626,3.0716504495702e-07,3.0716504495702e-07
40,0.0,0.3,irregular,8,27,0.8,0.25,1.966272086579204,0.285397946991126,1.1662720865792038,0.035397946991126,False,False,True,1.966272086579204,0.285397946991126,1.1662720865792038,0.035397946991126,False,False,True,1.966272086579204,1.1662720865792038,0.285397946991126,0.035397946991126,True,1.3601905799338103,1.3601905799338103,0.0012530146511865643,0.0012530146511865643
40,0.0,0.3,irregular,9,32,0.8,0.25,1.0564122298823737,0.2578027264295399,0.2564122298823736,0.0078027264295398,False,False,True,1.0564122298823737,0.2578027264295399,0.2564122298823736,0.0078027264295398,False,False,True,1.0564122298823737,0.2564122298823736,0.2578027264295399,0.0078027264295398,True,0.06574723163325123,0.06574723163325123,6.0882539734240256e-05,6.0882539734240256e-05
40,0.1,0.0,regular,0,40,0.8,0.25,3.82906879693106,0.480341421013208,3.0290687969310595,0.230341421013208,False,False,True,3.829044232174606,0.2497852971295452,3.0290442321746056,0.0002147028704548,False,False,True,3.82906879693106,3.0290687969310595,0.480341421013208,0.230341421013208,True,9.17525777654138,9.175108960470245,0.05305717023438393,4.609732258153176e-08
40,0.1,0.0,regular,1,40,0.8,0.25,2.8069464390639665,0.3875372084641578,2.006946439063966,0.1375372084641578,False,False,True,2.942771151041424,5.940367176992975e-05,2.1427711510414236,0.24994059632823,False,False,True,2.8069464390639665,2.006946439063966,0.3875372084641578,0.1375372084641578,True,4.027834009271536,4.591468205735387,0.018916483712113196,0.062470301692911255
40,0.1,0.0,regular,2,40,0.8,0.25,4.96404195436292,0.522292535615839,4.16404195436292,0.272292535615839,False,False,True,4.964042123570708,0.310283209068695,4.164042123570709,0.060283209068695,False,False,True,4.96404195436292,4.16404195436292,0.522292535615839,0.272292535615839,True,17.33924539769457,17.339246806871255,0.07414322495210295,0.003634065295619991
40,0.1,0.0,regular,3,40,0.8,0.25,3.740381025170376,0.5265961287341895,2.9403810251703764,0.2765961287341895,False,False,True,3.740380405262136,0.3309457864845868,2.940380405262136,0.0809457864845867,False,False,True,3.740381025170376,2.9403810251703764,0.5265961287341895,0.2765961287341895,True,8.645840573181994,8.645836927649524,0.07650541843074032,0.006552220349608312
40,0.1,0.0,regular,4,40,0.8,0.25,4.7652045531452005,0.5322233988599703,3.9652045531452007,0.2822233988599703,False,False,True,4.765164239013087,0.3291199242908092,3.9651642390130872,0.0791199242908092,False,False,True,4.7652045531452005,3.9652045531452007,0.5322233988599703,0.2822233988599703,True,15.722847148283432,15.722527442348236,0.07965004686407387,0.0062599624197833825
40,0.1,0.0,regular,5,40,0.8,0.25,1.5183980558217085,0.4363966015691924,0.7183980558217082,0.1863966015691924,False,False,True,1.5183990410522952,0.1802121866519835,0.7183990410522951,0.0697878133480165,False,False,True,1.5183980558217085,0.7183980558217082,0.4363966015691924,0.1863966015691924,True,0.5160957666084105,0.5160971821848572,0.03474369307654426,0.0048703388918975915
40,0.1,0.0,regular,6,40,0.8,0.25,4.647031984080754,0.4398105194888692,3.847031984080754,0.1898105194888692,False,False,True,4.6470395307093595,0.1392786385994496,3.84703953070936,0.1107213614005503,False,False,True,4.647031984080754,3.847031984080754,0.4398105194888692,0.1898105194888692,True,14.799655086540303,14.79971315084049,0.03602803330863438,0.01225921987039129
40,0.1,0.0,regular,7,40,0.8,0.25,2.4792722909255867,0.4705020220522157,1.6792722909255866,0.2205020220522157,False,False,True,2.4792831771799517,0.2452624238752842,1.6792831771799517,0.0047375761247157,False,False,True,2.4792722909255867,1.6792722909255866,0.4705020220522157,0.2205020220522157,True,2.819955427070468,2.819991989159593,0.048621141729115816,2.244462753747705e-05
40,0.1,0.0,regular,8,40,0.8,0.25,1.8471522969956775,0.3844185200594402,1.0471522969956777,0.1344185200594402,False,False,True,1.9317542938489085,8.37191218256652e-05,1.1317542938489082,0.2499162808781743,False,False,True,1.8471522969956775,1.0471522969956777,0.3844185200594402,0.1344185200594402,True,1.0965279331033235,1.2808677816454415,0.01806833853497013,0.06245814744797852
40,0.1,0.0,regular,9,40,0.8,0.25,5.630046566810108,0.5862249076920715,4.8300465668101085,0.3362249076920715,False,False,True,5.630045548424039,0.4018263488366701,4.830045548424039,0.1518263488366701,False,False,True,5.630046566810108,4.8300465668101085,0.5862249076920715,0.3362249076920715,True,23.329349837554116,23.329339999850873,0.11304718855254198,0.02305124020107424
40,0.1,0.0,irregular,0,40,0.8,0.25,6.344207695633383,0.7760465503792953,5.544207695633383,0.5260465503792953,False,False,True,2.8279556704062,0.314264230723852,2.0279556704062003,0.064264230723852,False,False,True,6.344207695633383,5.544207695633383,0.7760465503792953,0.5260465503792953,True,30.738238972320428,4.112604201132661,0.27672497316595646,0.004129891350528485
40,0.1,0.0,irregular,1,40,0.8,0.25,13.332463085719883,1.6949298635440664,12.532463085719884,1.4449298635440664,False,False,True,0.5755149280296479,0.0005401561541681,0.2244850719703521,0.2494598438458318,False,False,True,13.332463085719883,12.532463085719884,1.6949298635440664,1.4449298635440664,True,157.0626309949315,0.050393547537534195,2.0878223105614744,0.06223021369158683
40,0.1,0.0,irregular,2,40,0.8,0.25,3.734367830350912,0.6024863391037267,2.9343678303509124,0.3524863391037267,False,False,True,1.8675623435616255,0.1929177975774421,1.0675623435616255,0.0570822024225579,False,False,True,3.734367830350912,2.9343678303509124,0.6024863391037267,0.3524863391037267,True,8.610514563798317,1.13968935739079,0.12424661925474743,0.0032583778334098756
40,0.1,0.0,irregular,3,40,0.8,0.25,19.999999999999996,1.3278655519550338,19.199999999999996,1.0778655519550338,True,False,True,13.581519693139526,0.652720088397567,12.781519693139526,0.402720088397567,False,False,True,19.999999999999996,19.199999999999996,1.3278655519550338,1.0778655519550338,True,368.6399999999998,163.36724566611352,1.1617941480913296,0.1621834695989442
40,0.1,0.0,irregular,4,40,0.8,0.25,16.70566819994948,1.0788490423711554,15.905668199949478,0.8288490423711554,False,False,True,4.955525489316314,0.2850672963841216,4.1555254893163145,0.0350672963841216,False,False,True,16.70566819994948,15.905668199949478,1.0788490423711554,0.8288490423711554,True,252.99028088688405,17.268392092357594,0.6869907350395814,0.0012297152756918274
40,0.1,0.0,irregular,5,40,0.8,0.25,19.999999999999996,1.3856987861234231,19.199999999999996,1.1356987861234231,True,False,True,19.999999999999996,0.6200485536239216,19.199999999999996,0.3700485536239216,True,False,True,19.999999999999996,19.199999999999996,1.3856987861234231,1.1356987861234231,True,368.6399999999998,368.6399999999998,1.2898117328022167,0.1369359320391564
40,0.1,0.0,irregular,6,40,0.8,0.25,16.46474092802382,1.076940925339695,15.664740928023818,0.8269409253396951,False,False,True,6.933887952424347,0.5841743680617361,6.133887952424347,0.334174368061736,False,False,True,16.46474092802382,15.664740928023818,1.076940925339695,0.8269409253396951,True,245.3841083421045,37.624581412896546,0.6838312940016712,0.11167250826946064
40,0.1,0.0,irregular,7,40,0.8,0.25,19.999999999999996,1.1455338079472257,19.199999999999996,0.8955338079472255,True,False,True,0.2229018890703289,0.000209056484165,0.5770981109296711,0.2497909435158349,False,False,True,19.999999999999996,19.199999999999996,1.1455338079472257,0.8955338079472255,True,368.6399999999998,0.333042229638595,0.8019808011764585,0.062395515462531075
40,0.1,0.0,irregular,8,40,0.8,0.25,19.999999999999996,1.5339532583701243,19.199999999999996,1.2839532583701243,True,False,True,9.076331169288231,0.6380895854690188,8.27633116928823,0.3880895854690188,False,False,True,19.999999999999996,19.199999999999996,1.5339532583701243,1.2839532583701243,True,368.6399999999998,68.49765762373188,1.6485359696792592,0.1506135263495149
40,0.1,0.0,irregular,9,40,0.8,0.25,19.999999999999996,1.375952085192736,19.199999999999996,1.125952085192736,True,False,True,5.192390784162897,0.4197097519200772,4.392390784162897,0.1697097519200772,False,False,True,19.999999999999996,19.199999999999996,1.375952085192736,1.125952085192736,True,368.6399999999998,19.293096800799148,1.2677680981498702,0.028801399896774146
40,0.1,0.1,regular,0,37,0.8,0.25,2.23247073061334,0.4296774768002278,1.4324707306133402,0.1796774768002278,False,False,True,2.2885705880531275,0.242473605333811,1.4885705880531277,0.007526394666189,False,False,True,2.23247073061334,1.4324707306133402,0.4296774768002278,0.1796774768002278,True,2.0519723940639154,2.215842395616834,0.03228399566929639,5.664661667123841e-05
40,0.1,0.1,regular,1,36,0.8,0.25,6.895050851792613,0.6624445846240419,6.095050851792613,0.4124445846240419,False,False,True,6.475171968021527,0.4745212664094471,5.675171968021528,0.224521266409447,False,False,True,6.895050851792613,6.095050851792613,0.6624445846240419,0.4124445846240419,True,37.14964488593786,32.20757686661734,0.17011053538569845,0.05040979907010191
40,0.1,0.1,regular,2,38,0.8,0.25,10.709844130593927,0.7838376593643506,9.909844130593926,0.5338376593643506,False,False,True,10.66167539380296,0.6087369784112697,9.861675393802958,0.3587369784112697,False,False,True,10.709844130593927,9.909844130593926,0.7838376593643506,0.5338376593643506,True,98.20501069266689,97.25264157273877,0.2849826465556084,0.1286922196796478
40,0.1,0.1,regular,3,38,0.8,0.25,5.0735765222520435,0.6357648092312825,4.273576522252044,0.3857648092312825,False,False,True,5.136376961871685,0.482981466235804,4.336376961871685,0.232981466235804,False,False,True,5.0735765222520435,4.273576522252044,0.6357648092312825,0.3857648092312825,True,18.26345629154387,18.804165155451503,0.1488144880412478,0.05428036360938508
40,0.1,0.1,regular,4,36,0.8,0.25,2.469672824386953,0.3900243913340616,1.669672824386953,0.1400243913340616,False,False,True,2.638276021462747,0.1076379171260939,1.8382760214627472,0.142362082873906,False,False,True,2.469672824386953,1.669672824386953,0.3900243913340616,0.1400243913340616,True,2.787807340496305,3.3792587310849056,0.01960683016847442,0.020266962640196912
40,0.1,0.1,regular,5,34,0.8,0.25,3.3713603788307736,0.391080606759617,2.5713603788307733,0.1410806067596169,False,False,True,3.774245451864183,0.1658070331908207,2.974245451864183,0.0841929668091792,False,False,True,3.3713603788307736,2.5713603788307733,0.391080606759617,0.1410806067596169,True,6.611894197820738,8.84613600793478,0.019903737603661684,0.007088455660131565
40,0.1,0.1,regular,6,34,0.8,0.25,6.834696084633592,0.5472453488763681,6.034696084633592,0.2972453488763681,False,False,True,6.8040229993748795,0.3337662993571352,6.00402299937488,0.0837662993571352,False,False,True,6.834696084633592,6.034696084633592,0.5472453488763681,0.2972453488763681,True,36.41755683389201,36.048292177022525,0.0883547974286338,0.007016792907989189
40,0.1,0.1,regular,7,36,0.8,0.25,1.7147940125393657,0.4919148810905615,0.9147940125393657,0.2419148810905615,False,False,True,1.5683652374904076,0.2831173293125617,0.7683652374904075,0.0331173293125617,False,False,True,1.7147940125393657,0.9147940125393657,0.4919148810905615,0.2419148810905615,True,0.836848085377873,0.5903851381836903,0.0585228096930605,0.0010967575007966603
40,0.1,0.1,regular,8,39,0.8,0.25,5.448051588329455,0.6413011444548571,4.648051588329455,0.3913011444548571,False,False,True,5.3621225162928745,0.4756653715902024,4.562122516292875,0.2256653715902024,False,False,True,5.448051588329455,4.648051588329455,0.6413011444548571,0.3913011444548571,True,21.60438356777197,20.81296185366643,0.15311658565168093,0.050924859934944125
40,0.1,0.1,regular,9,33,0.8,0.25,3.6164587065825984,0.4495153783543801,2.8164587065825986,0.1995153783543801,False,False,True,4.032322520278579,0.2939395374286856,3.2323225202785792,0.0439395374286856,False,False,True,3.6164587065825984,2.8164587065825986,0.4495153783543801,0.1995153783543801,True,7.932439645884924,10.447908875100067,0.03980638619989144,0.0019306829494468642
40,0.1,0.1,irregular,0,38,0.8,0.25,19.999999999999996,1.4737367522057006,19.199999999999996,1.2237367522057006,True,False,True,6.259594017372633,0.478311460385901,5.459594017372633,0.228311460385901,False,False,True,19.999999999999996,19.199999999999996,1.4737367522057006,1.2237367522057006,True,368.6399999999998,29.80716683453105,1.4975316386989561,0.05212612294354284
40,0.1,0.1,irregular,1,38,0.8,0.25,19.999999999999996,1.067300876739705,19.199999999999996,0.817300876739705,True,False,True,19.999999999999996,0.6474318781908065,19.199999999999996,0.3974318781908065,True,False,True,19.999999999999996,19.199999999999996,1.067300876739705,0.817300876739705,True,368.6399999999998,368.6399999999998,0.6679807231194904,0.15795209780227204
40,0.1,0.1,irregular,2,34,0.8,0.25,8.07515858526704,1.1211366941609,7.27515858526704,0.8711366941609,False,False,True,1.072669051247067,0.3142411805185335,0.2726690512470668,0.0642411805185335,False,False,True,8.07515858526704,7.27515858526704,1.1211366941609,0.8711366941609,True,52.92793244078472,0.07434841150797558,0.7588791399135815,0.004126929274414808
40,0.1,0.1,irregular,3,39,0.8,0.25,19.999999999999996,3.0055620491433412,19.199999999999996,2.7555620491433412,True,False,True,18.01457945368692,0.7013078083694858,17.21457945368692,0.4513078083694858,False,False,True,19.999999999999996,19.199999999999996,3.0055620491433412,2.7555620491433412,True,368.6399999999998,296.34174576729987,7.59312220667905,0.20367873789526852
40,0.1,0.1,irregular,4,38,0.8,0.25,19.999999999999996,1.3782029129618991,19.199999999999996,1.1282029129618991,True,False,True,19.999999999999996,1.013307404715902,19.199999999999996,0.7633074047159019,True,False,True,19.999999999999996,19.199999999999996,1.3782029129618991,1.1282029129618991,True,368.6399999999998,368.6399999999998,1.2728418128157146,0.582638194094126
40,0.1,0.1,irregular,5,38,0.8,0.25,19.999999999999996,1.2635207429698834,19.199999999999996,1.0135207429698834,True,False,True,2.2914225402340707,0.0001404710752419,1.4914225402340706,0.249859528924758,False,False,True,19.999999999999996,19.199999999999996,1.2635207429698834,1.0135207429698834,True,368.6399999999998,2.224341193518248,1.0272242964302243,0.06242978419450203
40,0.1,0.1,irregular,6,34,0.8,0.25,19.999999999999996,1.313404501676616,19.199999999999996,1.063404501676616,True,False,True,18.83354818662796,0.8648622601937516,18.03354818662796,0.6148622601937516,False,False,True,19.999999999999996,19.199999999999996,1.313404501676616,1.063404501676616,True,368.6399999999998,325.2088601994326,1.130829134186092,0.3780555990105687
40,0.1,0.1,irregular,7,37,0.8,0.25,13.311680705385664,1.330795999937911,12.511680705385665,1.080795999937911,False,False,True,5.433695614466358,0.6510740665541803,4.633695614466358,0.4010740665541803,False,False,True,13.311680705385664,12.511680705385665,1.330795999937911,1.080795999937911,True,156.54215407351987,21.47113504752476,1.1681199934817892,0.16086040686230707
40,0.1,0.1,irregular,8,38,0.8,0.25,19.999999999999996,1.2366191163953248,19.199999999999996,0.9866191163953248,True,False,True,6.229325941832665,0.3581599560789907,5.429325941832666,0.1081599560789907,False,False,True,19.999999999999996,19.199999999999996,1.2366191163953248,0.9866191163953248,True,368.6399999999998,29.47758018265716,0.9734172808366915,0.011698576099009199
40,0.1,0.1,irregular,9,35,0.8,0.25,15.426022664169237,1.1999370765592603,14.626022664169234,0.9499370765592604,False,False,True,3.8661309396588774,0.3347407998536202,3.066130939658877,0.0847407998536202,False,False,True,15.426022664169237,14.626022664169234,1.1999370765592603,0.9499370765592604,True,213.92053897279214,9.40115893913343,0.902380449421954,0.007181003159831318
40,0.1,0.3,regular,0,25,0.8,0.25,6.848889673365414,0.7070510839648696,6.048889673365414,0.4570510839648696,False,False,True,6.349705445203265,0.5475998124393843,5.549705445203265,0.2975998124393842,False,False,True,6.848889673365414,6.048889673365414,0.7070510839648696,0.4570510839648696,True,36.589066280546746,30.799230528518766,0.20889569335346228,0.0885656483639567
40,0.1,0.3,regular,1,25,0.8,0.25,2.2890123051455618,0.5568157682870684,1.4890123051455617,0.3068157682870683,False,False,True,2.2927305756612393,0.4776643640086585,1.4927305756612392,0.2276643640086585,False,False,True,2.2890123051455618,1.4890123051455617,0.5568157682870684,0.3068157682870683,True,2.2171576448748995,2.2282445715139345,0.09413591566958403,0.05183106263946697
40,0.1,0.3,regular,2,27,0.8,0.25,3.2755611664585804,0.6049566334538183,2.47556116645858,0.3549566334538183,False,False,True,3.104536498474071,0.4762694286959094,2.3045364984740706,0.2262694286959094,False,False,True,3.2755611664585804,2.47556116645858,0.6049566334538183,0.3549566334538183,True,6.128403088877766,5.31088847279913,0.12599421163286834,0.05119785436237322
40,0.1,0.3,regular,3,26,0.8,0.25,2.650180958706359,0.4321249401521425,1.850180958706359,0.1821249401521425,False,False,True,1.7135710666727413,0.0730133486171946,0.9135710666727412,0.1769866513828054,False,False,True,2.650180958706359,1.850180958706359,0.4321249401521425,0.1821249401521425,True,3.4231695799595814,0.8346120938615702,0.03316949382542148,0.03132427476769869
40,0.1,0.3,regular,4,33,0.8,0.25,4.467976395108044,0.4206737749472702,3.667976395108045,0.1706737749472702,False,False,True,3.693138573910878,0.1391664314196824,2.8931385739108784,0.1108335685803175,False,False,True,4.467976395108044,3.667976395108045,0.4206737749472702,0.1706737749472702,True,13.454050835069804,8.370250807851072,0.02912953745475144,0.012284079924247963
40,0.1,0.3,regular,5,33,0.8,0.25,19.999999999999996,1.0215827702221902,19.199999999999996,0.7715827702221902,True,False,True,19.999999999999996,0.7992733636468234,19.199999999999996,0.5492733636468234,True,False,True,19.999999999999996,19.199999999999996,1.0215827702221902,0.7715827702221902,True,368.6399999999998,368.6399999999998,0.5953399713037493,0.30170122801189553
40,0.1,0.3,regular,6,26,0.8,0.25,2.1430850851788468,0.3662809128807275,1.3430850851788467,0.1162809128807275,False,False,True,2.4895127734871605,0.1365009079962552,1.6895127734871604,0.1134990920037447,False,False,True,2.1430850851788468,1.3430850851788467,0.3662809128807275,0.1162809128807275,True,1.80387754602987,2.854453411776277,0.01352125070037534,0.012882043885674528
40,0.1,0.3,regular,7,29,0.8,0.25,19.999999999999996,0.7177124695003986,19.199999999999996,0.4677124695003986,True,False,True,19.999999999999996,0.3344029370667056,19.199999999999996,0.0844029370667056,True,False,True,19.999999999999996,19.199999999999996,0.7177124695003986,0.4677124695003986,True,368.6399999999998,368.6399999999998,0.21875495412616128,0.0071238557854862656
40,0.1,0.3,regular,8,23,0.8,0.25,4.8503214914925294,0.4490564892581413,4.05032149149253,0.1990564892581413,False,False,True,3.990454832831007,0.2063960583257143,3.1904548328310076,0.0436039416742856,False,False,True,4.8503214914925294,4.05032149149253,0.4490564892581413,0.1990564892581413,True,16.40510418444627,10.179002040334726,0.03962348591577652,0.0019013037295345083
40,0.1,0.3,regular,9,31,0.8,0.25,3.700441433983107,0.5635746758518874,2.900441433983107,0.3135746758518873,False,False,True,3.5531881294955956,0.4216921760225498,2.7531881294955953,0.1716921760225498,False,False,True,3.700441433983107,2.900441433983107,0.5635746758518874,0.3135746758518873,True,8.412560511965982,7.580044876395455,0.09832907733561623,0.029478203307358234
40,0.1,0.3,irregular,0,31,0.8,0.25,2.665023935035544,0.5952231938437719,1.865023935035544,0.3452231938437718,False,False,True,0.3622187408367442,0.140883069493111,0.4377812591632558,0.109116930506889,False,False,True,2.665023935035544,1.865023935035544,0.5952231938437719,0.3452231938437718,True,3.478314278255464,0.19165243087456577,0.11917905356769448,0.011906504523245244
40,0.1,0.3,irregular,1,29,0.8,0.25,5.831900407454103,0.754056488006548,5.031900407454104,0.504056488006548,False,False,True,0.9609735828102804,0.1556695584925457,0.1609735828102803,0.0943304415074542,False,False,True,5.831900407454103,5.031900407454104,0.754056488006548,0.504056488006548,True,25.320021710536775,0.0259124943627782,0.25407294310149525,0.008898232194991255
40,0.1,0.3,irregular,2,30,0.8,0.25,15.8930580587838,0.8229470641621369,15.093058058783798,0.5729470641621369,False,False,True,2.6185364698801084,0.152042443780302,1.8185364698801083,0.0979575562196979,False,False,True,15.8930580587838,15.093058058783798,0.8229470641621369,0.5729470641621369,True,227.80040156581862,3.307074892284006,0.32826833833201186,0.009595682820535297
40,0.1,0.3,irregular,3,30,0.8,0.25,19.999999999999996,1.8519619529321636,19.199999999999996,1.6019619529321636,True,False,True,10.33262140385895,0.4597468852272609,9.532621403858949,0.2097468852272609,False,False,True,19.999999999999996,19.199999999999996,1.8519619529321636,1.6019619529321636,True,368.6399999999998,90.87087082930975,2.5662820986422314,0.043993755862537766
40,0.1,0.3,irregular,4,27,0.8,0.25,7.384167652018132,0.9078410370814044,6.584167652018132,0.6578410370814044,False,False,True,1.825841997899279,0.2627652197564779,1.025841997899279,0.0127652197564778,False,False,True,7.384167652018132,6.584167652018132,0.9078410370814044,0.6578410370814044,True,43.35126366988196,1.0523518046539844,0.4327548300683377,0.00016295083543117306
40,0.1,0.3,irregular,5,30,0.8,0.25,19.999999999999996,0.909787375308107,19.199999999999996,0.659787375308107,True,False,True,19.999999999999996,0.4561613153792632,19.199999999999996,0.2061613153792632,True,False,True,19.999999999999996,19.199999999999996,0.909787375308107,0.659787375308107,True,368.6399999999998,368.6399999999998,0.4353193806159609,0.04250248795890802
40,0.1,0.3,irregular,6,25,0.8,0.25,14.682147054141495,1.084931005784226,13.882147054141496,0.8349310057842261,False,False,True,3.2139355253176727,0.3295644034038895,2.4139355253176724,0.0795644034038895,False,False,True,14.682147054141495,13.882147054141496,1.084931005784226,0.8349310057842261,True,192.7140068328094,5.827084720390707,0.6971097844198594,0.006330494289016861
40,0.1,0.3,irregular,7,26,0.8,0.25,19.999999999999996,1.3048252361145545,19.199999999999996,1.0548252361145545,True,False,True,2.164474918933785,0.2846547883184797,1.3644749189337848,0.0346547883184797,False,False,True,19.999999999999996,19.199999999999996,1.3048252361145545,1.0548252361145545,True,368.6399999999998,1.8617918043993587,1.1126562787441256,0.0012009543533986356
40,0.1,0.3,irregular,8,28,0.8,0.25,2.487328224374102,0.625413926260264,1.687328224374102,0.375413926260264,False,False,True,1.027356354966452,0.275332364558072,0.2273563549664519,0.025332364558072,False,False,True,2.487328224374102,1.687328224374102,0.625413926260264,0.375413926260264,True,2.8470765367694604,0.05169091214363128,0.14093561603014695,0.0006417286941030611
40,0.1,0.3,irregular,9,24,0.8,0.25,4.749478577990011,0.6277851155776926,3.949478577990011,0.3777851155776925,False,False,True,5.413356303918502,0.5239574214384954,4.613356303918502,0.2739574214384954,False,False,True,4.749478577990011,3.949478577990011,0.6277851155776926,0.3777851155776925,True,15.598381038002003,21.283056386904587,0.14272159355205052,0.0750526687612294
40,0.25,0.0,regular,0,40,0.8,0.25,5.782198357769488,1.0894851289589196,4.982198357769488,0.8394851289589196,False,False,True,5.782198733031361,0.1989917858509765,4.982198733031361,0.0510082141490235,False,False,True,5.782198357769488,4.982198357769488,1.0894851289589196,0.8394851289589196,True,24.822300476160986,24.8223042154193,0.7047352817431738,0.0026018379106726424
40,0.25,0.0,regular,1,40,0.8,0.25,19.999999999999996,1.859319432250209,19.199999999999996,1.609319432250209,True,False,True,19.999999999999996,0.962940678889192,19.199999999999996,0.712940678889192,True,False,True,19.999999999999996,19.199999999999996,1.859319432250209,1.609319432250209,True,368.6399999999998,368.6399999999998,2.5899090350181346,0.508284411614982
40,0.25,0.0,regular,2,40,0.8,0.25,19.999999999999996,1.944228375422355,19.199999999999996,1.694228375422355,True,False,True,19.999999999999996,1.1181288821969098,19.199999999999996,0.8681288821969098,True,False,True,19.999999999999996,19.199999999999996,1.944228375422355,1.694228375422355,True,368.6399999999998,368.6399999999998,2.8704097880862722,0.753647756104456
40,0.25,0.0,regular,3,40,0.8,0.25,7.5157951920817405,1.479589575268159,6.715795192081741,1.229589575268159,False,False,True,7.51579837416987,0.964159776836683,6.715798374169871,0.714159776836683,False,False,True,7.5157951920817405,6.715795192081741,1.479589575268159,1.229589575268159,True,45.10190506198823,45.10194780250268,1.5118905236081315,0.5100241868514208
40,0.25,0.0,regular,4,40,0.8,0.25,5.121060349658449,1.050763212582328,4.321060349658449,0.8007632125823281,False,False,True,5.142825954306068,0.0005749739130114,4.342825954306068,0.2494250260869885,False,False,True,5.121060349658449,4.321060349658449,1.050763212582328,0.8007632125823281,True,18.671562545390398,18.860137269394414,0.6412217226251707,0.06221284363849495
40,0.25,0.0,regular,5,40,0.8,0.25,10.360343371398834,1.4416775621748517,9.560343371398831,1.1916775621748517,False,False,True,10.36034929909074,0.7667199609825951,9.560349299090738,0.5167199609825951,False,False,True,10.360343371398834,9.560343371398831,1.4416775621748517,1.1916775621748517,True,91.40016537904961,91.40027872062481,1.4200954121909974,0.2669995180778546
40,0.25,0.0,regular,6,40,0.8,0.25,19.999999999999996,1.8243451263922803,19.199999999999996,1.5743451263922803,True,False,True,19.999999999999996,0.893544958646758,19.199999999999996,0.643544958646758,True,False,True,19.999999999999996,19.199999999999996,1.8243451263922803,1.5743451263922803,True,368.6399999999998,368.6399999999998,2.478562576995125,0.41415011379965744
40,0.25,0.0,regular,7,40,0.8,0.25,6.926884145417738,1.1393179453383793,6.126884145417738,0.8893179453383793,False,False,True,6.926884271317733,0.2815503662191956,6.126884271317733,0.0315503662191956,False,False,True,6.926884145417738,6.126884145417738,1.1393179453383793,0.8893179453383793,True,37.538709331371244,37.53871087412063,0.7908864079008765,0.000995425608565359
40,0.25,0.0,regular,8,40,0.8,0.25,6.104264376550236,1.3267347733533827,5.304264376550236,1.0767347733533827,False,False,True,6.104273639824436,0.770621891649326,5.304273639824436,0.520621891649326,False,False,True,6.104264376550236,5.304264376550236,1.3267347733533827,1.0767347733533827,True,28.135220576339865,28.135318846136375,1.1593577721483606,0.27104715406452257
40,0.25,0.0,regular,9,40,0.8,0.25,14.358972227945188,1.4367808433679434,13.558972227945189,1.1867808433679434,False,False,True,14.35897011152402,0.4204172166144773,13.55897011152402,0.1704172166144772,False,False,True,14.358972227945188,13.558972227945189,1.4367808433679434,1.1867808433679434,True,183.84572787818885,183.84567048520165,1.4084487701851272,0.029042027718625674
40,0.25,0.0,irregular,0,40,0.8,0.25,19.999999999999996,2.5786232923404455,19.199999999999996,2.3286232923404455,True,False,True,14.75302740215736,0.8114304618204894,13.95302740215736,0.5614304618204894,False,False,True,19.999999999999996,19.199999999999996,2.5786232923404455,2.3286232923404455,True,368.6399999999998,194.68697368535413,5.422486437630456,0.315204163459968
40,0.25,0.0,irregular,1,40,0.8,0.25,19.999999999999996,2.4156695507501804,19.199999999999996,2.1656695507501804,True,False,True,4.407624687595258,8.051542182980927e-05,3.6076246875952585,0.2499194845781702,False,False,True,19.999999999999996,19.199999999999996,2.4156695507501804,2.1656695507501804,True,368.6399999999998,13.014955886546787,4.690124603046488,0.06245974877181826
40,0.25,0.0,irregular,2,40,0.8,0.25,19.999999999999996,2.226207169026587,19.199999999999996,1.9762071690265872,True,False,True,19.999999999999996,0.0014545391919422,19.199999999999996,0.2485454608080577,True,False,True,19.999999999999996,19.199999999999996,2.226207169026587,1.9762071690265872,True,368.6399999999998,368.6399999999998,3.9053947749120774,0.0617748460882898
40,0.25,0.0,irregular,3,40,0.8,0.25,19.999999999999996,2.300463842966985,19.199999999999996,2.050463842966985,True,False,True,19.999999999999996,1.2909235333519755,19.199999999999996,1.0409235333519755,True,False,True,19.999999999999996,19.199999999999996,2.300463842966985,2.050463842966985,True,368.6399999999998,368.6399999999998,4.204401971314936,1.0835218022859612
40,0.25,0.0,irregular,4,40,0.8,0.25,19.999999999999996,2.0587355527355777,19.199999999999996,1.8087355527355775,True,False,True,14.715919064966586,0.4427031991227462,13.915919064966586,0.1927031991227462,False,False,True,19.999999999999996,19.199999999999996,2.0587355527355777,1.8087355527355775,True,368.6399999999998,193.6528034227005,3.271524299729676,0.03713452295214077
40,0.25,0.0,irregular,5,40,0.8,0.25,19.999999999999996,2.646490626667156,19.199999999999996,2.396490626667156,True,False,True,19.999999999999996,1.0426962166475062,19.199999999999996,0.7926962166475062,True,False,True,19.999999999999996,19.199999999999996,2.646490626667156,2.396490626667156,True,368.6399999999998,368.6399999999998,5.743167323703537,0.6283672918872701
40,0.25,0.0,irregular,6,40,0.8,0.25,19.999999999999996,1.901160127047255,19.199999999999996,1.651160127047255,True,False,True,19.999999999999996,0.177367311387895,19.199999999999996,0.0726326886121049,True,False,True,19.999999999999996,19.199999999999996,1.901160127047255,1.651160127047255,True,368.6399999999998,368.6399999999998,2.726329765150707,0.0052755074550230084
40,0.25,0.0,irregular,7,40,0.8,0.25,19.999999999999996,2.6274791406704607,19.199999999999996,2.3774791406704607,True,False,True,19.999999999999996,0.9981355322407012,19.199999999999996,0.7481355322407013,True,False,True,19.999999999999996,19.199999999999996,2.6274791406704607,2.3774791406704607,True,368.6399999999998,368.6399999999998,5.652407064323152,0.5597067746010772
40,0.25,0.0,irregular,8,40,0.8,0.25,19.999999999999996,2.3870284692593495,19.199999999999996,2.1370284692593495,True,False,True,8.50736542340776,0.2633890860263324,7.707365423407761,0.0133890860263324,False,False,True,19.999999999999996,19.199999999999996,2.3870284692593495,2.1370284692593495,True,368.6399999999998,59.40348176994149,4.566890678424959,0.00017926762462052887
40,0.25,0.0,irregular,9,40,0.8,0.25,19.999999999999996,1.8753388065824508,19.199999999999996,1.6253388065824508,True,False,True,19.999999999999996,0.0020566793290707,19.199999999999996,0.2479433206709292,True,False,True,19.999999999999996,19.199999999999996,1.8753388065824508,1.6253388065824508,True,368.6399999999998,368.6399999999998,2.6417262361828655,0.06147589026532728
40,0.25,0.1,regular,0,36,0.8,0.25,13.279695733092726,1.4921350843724344,12.479695733092726,1.2421350843724344,False,False,True,15.725022985601363,0.7763276239117824,14.925022985601364,0.5263276239117824,False,False,True,13.279695733092726,12.479695733092726,1.4921350843724344,1.2421350843724344,True,155.74280559057277,222.756311120729,1.5428995678289146,0.2770207676926227
40,0.25,0.1,regular,1,39,0.8,0.25,6.202158581625285,1.0491947586353785,5.402158581625285,0.7991947586353785,False,False,True,6.355795148160168,0.0004368714419969,5.555795148160168,0.249563128558003,False,False,True,6.202158581625285,5.402158581625285,1.0491947586353785,0.7991947586353785,True,29.18331734102771,30.86685972832007,0.6387122622302609,0.06228175513565839
40,0.25,0.1,regular,2,37,0.8,0.25,9.412069875357355,1.1391996274387806,8.612069875357355,0.8891996274387806,False,False,True,9.09609594099322,0.0009124311967894,8.29609594099322,0.2490875688032105,False,False,True,9.412069875357355,8.612069875357355,1.1391996274387806,0.8891996274387806,True,74.16774753803764,68.82520786216416,0.7906759774372661,0.06204461693229417
40,0.25,0.1,regular,3,36,0.8,0.25,12.51994850906534,1.22471806147489,11.71994850906534,0.97471806147489,False,False,True,12.416365146851676,0.0001550183611588,11.616365146851676,0.2498449816388411,False,False,True,12.51994850906534,11.71994850906534,1.22471806147489,0.97471806147489,True,137.3571930551429,134.93993922499035,0.9500752993653675,0.062422514850112895
40,0.25,0.1,regular,4,36,0.8,0.25,10.531069024531728,1.2444470851207956,9.731069024531728,0.9944470851207956,False,False,True,9.991790726886371,0.2039995508545297,9.191790726886373,0.0460004491454702,False,False,True,10.531069024531728,9.731069024531728,1.2444470851207956,0.9944470851207956,True,94.69370436020087,84.48901676687427,0.988925005105247,0.0021160413215849994
40,0.25,0.1,regular,5,32,0.8,0.25,5.207326175839262,1.2122374137270535,4.407326175839263,0.9622374137270536,False,False,True,5.8535966510707205,0.8113173678267531,5.053596651070721,0.5613173678267531,False,False,True,5.207326175839262,4.407326175839263,1.2122374137270535,0.9622374137270536,True,19.42452402023794,25.5388391117132,0.9259008403761287,0.31507718742395446
40,0.25,0.1,regular,6,37,0.8,0.25,9.146711712578774,1.1995528466657408,8.346711712578774,0.9495528466657408,False,False,True,10.282262498448144,0.3836807400527304,9.482262498448144,0.1336807400527304,False,False,True,9.146711712578774,8.346711712578774,1.1995528466657408,0.9495528466657408,True,69.66759641289968,89.91330208947603,0.9016506086110119,0.017870540261045675
40,0.25,0.1,regular,7,37,0.8,0.25,4.821331394144734,1.0445101244677668,4.021331394144735,0.7945101244677668,False,False,True,5.324341571249915,0.3957715687044765,4.5243415712499155,0.1457715687044765,False,False,True,4.821331394144734,4.021331394144735,1.0445101244677668,0.7945101244677668,True,16.171106181534036,20.469666653340155,0.6312463378817863,0.02124935024256391
40,0.25,0.1,regular,8,38,0.8,0.25,5.713205816594427,1.0148376650684945,4.913205816594427,0.7648376650684943,False,False,True,5.8795558740883065,8.546372940834437e-05,5.079555874088307,0.2499145362705916,False,False,True,5.713205816594427,4.913205816594427,1.0148376650684945,0.7648376650684943,True,24.139591396217313,25.80188787798502,0.5849766539074266,0.06245727543934487
40,0.25,0.1,regular,9,35,0.8,0.25,10.796290753921967,1.0408253418794051,9.996290753921969,0.7908253418794053,False,False,True,14.18214701208141,0.0001743236674059,13.38214701208141,0.249825676332594,False,False,True,10.796290753921967,9.996290753921969,1.0408253418794051,0.7908253418794053,True,99.9258288369458,179.0818586529594,0.625404721358678,0.06241286855503806
40,0.25,0.1,irregular,0,36,0.8,0.25,19.999999999999996,4.788690682012629,19.199999999999996,4.538690682012629,True,False,True,19.999999999999996,0.9547583407570304,19.199999999999996,0.7047583407570303,True,False,True,19.999999999999996,19.199999999999996,4.788690682012629,4.538690682012629,True,368.6399999999998,368.6399999999998,20.59971310698827,0.4966843188666025
40,0.25,0.1,irregular,1,35,0.8,0.25,19.999999999999996,2.7944163461350806,19.199999999999996,2.5444163461350806,True,False,True,4.703491119796234,0.3879849161161441,3.903491119796234,0.1379849161161441,False,False,True,19.999999999999996,19.199999999999996,2.7944163461350806,2.5444163461350806,True,368.6399999999998,15.237242922328058,6.4740545424793945,0.019039837075579324
40,0.25,0.1,irregular,2,38,0.8,0.25,19.999999999999996,3.7460307604628698,19.199999999999996,3.4960307604628698,True,False,True,5.132671233358964,0.0001613182898891,4.3326712333589645,0.2498386817101108,False,False,True,19.999999999999996,19.199999999999996,3.7460307604628698,3.4960307604628698,True,368.6399999999998,18.77204001637629,12.222231078102592,0.0624193668786461
40,0.25,0.1,irregular,3,37,0.8,0.25,19.999999999999996,2.6248291655490337,19.199999999999996,2.3748291655490337,True,False,True,19.999999999999996,1.4639461464266474,19.199999999999996,1.2139461464266474,True,False,True,19.999999999999996,19.199999999999996,2.6248291655490337,2.3748291655490337,True,368.6399999999998,368.6399999999998,5.63981356554232,1.4736652464241073
40,0.25,0.1,irregular,4,34,0.8,0.25,19.999999999999996,15.60398864026483,19.199999999999996,15.35398864026483,True,False,True,9.076803750218785,0.001552543027748,8.276803750218784,0.2484474569722519,False,False,True,19.999999999999996,19.199999999999996,15.60398864026483,15.35398864026483,True,368.6399999999998,68.50548031963572,235.74496716538147,0.06172613887597902
40,0.25,0.1,irregular,5,34,0.8,0.25,19.999999999999996,7.281557432928845,19.199999999999996,7.031557432928845,True,False,True,19.999999999999996,0.0001768599185732,19.199999999999996,0.2498231400814267,True,False,True,19.999999999999996,19.199999999999996,7.281557432928845,7.031557432928845,True,368.6399999999998,368.6399999999998,49.44279993257689,0.0624116013201442
40,0.25,0.1,irregular,6,36,0.8,0.25,19.999999999999996,1.7297372427038065,19.199999999999996,1.4797372427038065,True,False,True,19.999999999999996,0.5054223441530975,19.199999999999996,0.2554223441530975,True,False,True,19.999999999999996,19.199999999999996,1.7297372427038065,1.4797372427038065,True,368.6399999999998,368.6399999999998,2.189622307444664,0.06524057389266338
40,0.25,0.1,irregular,7,38,0.8,0.25,19.999999999999996,2.333679007395826,19.199999999999996,2.083679007395826,True,False,True,19.999999999999996,1.287183275813765,19.199999999999996,1.037183275813765,True,False,True,19.999999999999996,19.199999999999996,2.333679007395826,2.083679007395826,True,368.6399999999998,368.6399999999998,4.341718205862054,1.0757491476277723
40,0.25,0.1,irregular,8,37,0.8,0.25,19.999999999999996,3.8225655305385593,19.199999999999996,3.5725655305385593,True,False,True,16.882207314670442,0.134220410998532,16.08220731467044,0.115779589001468,False,False,True,19.999999999999996,19.199999999999996,3.8225655305385593,3.5725655305385593,True,368.6399999999998,258.63739211203944,12.763224469992258,0.013404913229348852
40,0.25,0.1,irregular,9,38,0.8,0.25,11.17243623118592,1.6290066810234811,10.37243623118592,1.3790066810234811,False,False,True,3.7380177833354673,0.0005550323007214,2.938017783335467,0.2494449676992785,False,False,True,11.17243623118592,10.37243623118592,1.6290066810234811,1.3790066810234811,True,107.58743337001835,8.631948495195452,1.901659426307397,0.062222791910494145
40,0.25,0.3,regular,0,29,0.8,0.25,19.999999999999996,1.8398021695919264,19.199999999999996,1.5898021695919262,True,False,True,19.999999999999996,0.9290041364992808,19.199999999999996,0.6790041364992809,True,False,True,19.999999999999996,19.199999999999996,1.8398021695919264,1.5898021695919262,True,368.6399999999998,368.6399999999998,2.5274709384391962,0.46104661738313396
40,0.25,0.3,regular,1,32,0.8,0.25,15.26052472974341,1.4648973672029617,14.46052472974341,1.2148973672029617,False,False,True,19.999999999999996,0.5235912645855922,19.199999999999996,0.2735912645855922,True,False,True,15.26052472974341,14.46052472974341,1.4648973672029617,1.2148973672029617,True,209.10677545952072,368.6399999999998,1.4759756128366879,0.07485218005754354
40,0.25,0.3,regular,2,30,0.8,0.25,10.761056576174488,1.1807012994983817,9.961056576174489,0.9307012994983817,False,False,True,9.249268553388466,0.0001016303931609,8.449268553388466,0.249898369606839,False,False,True,10.761056576174488,9.961056576174489,1.1807012994983817,0.9307012994983817,True,99.22264811374899,71.39013908727921,0.8662049088879763,0.06244919513215636
40,0.25,0.3,regular,3,31,0.8,0.25,11.951198591996672,1.1479841362711485,11.151198591996671,0.8979841362711485,False,False,True,12.539357926482618,6.328157251154275e-05,11.739357926482615,0.2499367184274884,False,False,True,11.951198591996672,11.151198591996671,1.1479841362711485,0.8979841362711485,True,124.34923003814855,137.81252452607023,0.8063755089946406,0.062468363218301654
40,0.25,0.3,regular,4,31,0.8,0.25,6.326024100071932,1.308342979690272,5.526024100071933,1.058342979690272,False,False,True,6.424439386167898,0.8186614226551364,5.624439386167898,0.5686614226551364,False,False,True,6.326024100071932,5.526024100071933,1.308342979690272,1.058342979690272,True,30.536942354575814,31.634318408676723,1.1200898626596834,0.3233758136161637
40,0.25,0.3,regular,5,27,0.8,0.25,19.64587282379954,2.2847636174182444,18.84587282379954,2.0347636174182444,False,False,True,19.999999999999996,1.6718938228559983,19.199999999999996,1.4218938228559983,True,False,True,19.64587282379954,18.84587282379954,2.2847636174182444,2.0347636174182444,True,355.166922490826,368.6399999999998,4.1402629787689795,2.021782043476045
40,0.25,0.3,regular,6,26,0.8,0.25,6.491741800550984,1.1993900396530532,5.691741800550984,0.9493900396530532,False,False,True,4.304360873117718,0.4171081820830126,3.504360873117718,0.1671081820830126,False,False,True,6.491741800550984,5.691741800550984,1.1993900396530532,0.9493900396530532,True,32.395924724139356,12.280545129038373,0.901341447392426,0.02792514451908929
40,0.25,0.3,regular,7,25,0.8,0.25,19.999999999999996,1.4852248908200425,19.199999999999996,1.2352248908200425,True,False,True,19.999999999999996,0.0001109820475128,19.199999999999996,0.2498890179524871,True,False,True,19.999999999999996,19.199999999999996,1.4852248908200425,1.2352248908200425,True,368.6399999999998,368.6399999999998,1.5257805309013859,0.06244452129325847
40,0.25,0.3,regular,8,27,0.8,0.25,8.337896932646483,1.2235695057126048,7.5378969326464835,0.9735695057126048,False,False,True,5.590020238997798,8.934131281265849e-05,4.790020238997799,0.2499106586871873,False,False,True,8.337896932646483,7.5378969326464835,1.2235695057126048,0.9735695057126048,True,56.819890167201265,22.944293890008527,0.9478375824534857,0.06245533732546384
40,0.25,0.3,regular,9,29,0.8,0.25,4.6383826465180835,0.7789472805083774,3.838382646518084,0.5289472805083774,False,False,True,5.611557304061119,0.0005023031135595,4.811557304061119,0.2494976968864404,False,False,True,4.6383826465180835,3.838382646518084,0.7789472805083774,0.5289472805083774,True,14.733181341091168,23.151083690263903,0.27978522555720803,0.06224910075163814
40,0.25,0.3,irregular,0,27,0.8,0.25,19.999999999999996,2.361383459324613,19.199999999999996,2.111383459324613,True,False,True,7.522490139870909,0.0001925838023368,6.722490139870909,0.2498074161976632,False,False,True,19.999999999999996,19.199999999999996,2.361383459324613,2.111383459324613,True,368.6399999999998,45.191873680661594,4.457940112309569,0.06240374518735252
40,0.25,0.3,irregular,1,27,0.8,0.25,19.999999999999996,2.2791637606325135,19.199999999999996,2.0291637606325135,True,False,True,19.999999999999996,0.7639997891512602,19.199999999999996,0.5139997891512602,True,False,True,19.999999999999996,19.199999999999996,2.2791637606325135,2.0291637606325135,True,368.6399999999998,368.6399999999998,4.117505567464284,0.26419578324753995
40,0.25,0.3,irregular,2,29,0.8,0.25,19.999999999999996,1.3526532074349829,19.199999999999996,1.1026532074349829,True,False,True,19.999999999999996,1.9367598937657472e-05,19.199999999999996,0.2499806324010623,True,False,True,19.999999999999996,19.199999999999996,1.3526532074349829,1.1026532074349829,True,368.6399999999998,368.6399999999998,1.2158440958666554,0.06249031657563505
40,0.25,0.3,irregular,3,28,0.8,0.25,19.999999999999996,2.9485182789897,19.199999999999996,2.6985182789897,True,False,True,5.915837929485699,0.0011285691309564,5.115837929485699,0.2488714308690436,False,False,True,19.999999999999996,19.199999999999996,2.9485182789897,2.6985182789897,True,368.6399999999998,26.171797720764523,7.282000902041533,0.061936989102805144
40,0.25,0.3,irregular,4,28,0.8,0.25,19.999999999999996,3.0766809256687444,19.199999999999996,2.8266809256687444,True,False,True,19.999999999999996,1.0898165300853062,19.199999999999996,0.8398165300853062,True,False,True,19.999999999999996,19.199999999999996,3.0766809256687444,2.8266809256687444,True,368.6399999999998,368.6399999999998,7.99012505553951,0.7052918042045241
40,0.25,0.3,irregular,5,26,0.8,0.25,19.999999999999996,1.584568768716758,19.199999999999996,1.334568768716758,True,False,True,19.999999999999996,0.0003965241660613,19.199999999999996,0.2496034758339386,True,False,True,19.999999999999996,19.199999999999996,1.584568768716758,1.334568768716758,True,368.6399999999998,368.6399999999998,1.7810737984341636,0.062301895148383614
40,0.25,0.3,irregular,6,28,0.8,0.25,19.999999999999996,1.5705807968777057,19.199999999999996,1.3205807968777057,True,False,True,19.999999999999996,0.1588072379094073,19.199999999999996,0.0911927620905926,True,False,True,19.999999999999996,19.199999999999996,1.5705807968777057,1.3205807968777057,True,368.6399999999998,368.6399999999998,1.7439336410821562,0.008316119857711444
40,0.25,0.3,irregular,7,26,0.8,0.25,19.999999999999996,1.5604717842929638,19.199999999999996,1.3104717842929638,True,False,True,19.999999999999996,0.0002975417057704,19.199999999999996,0.2497024582942295,True,False,True,19.999999999999996,19.199999999999996,1.5604717842929638,1.3104717842929638,True,368.6399999999998,368.6399999999998,1.7173362974279844,0.06235131767818147
40,0.25,0.3,irregular,8,25,0.8,0.25,19.999999999999996,2.1930691501687893,19.199999999999996,1.9430691501687891,True,False,True,5.752095219980174,0.3624128031354062,4.952095219980174,0.1124128031354062,False,False,True,19.999999999999996,19.199999999999996,2.1930691501687893,1.9430691501687891,True,368.6399999999998,24.523247067750493,3.775517722337661,0.012636638308759588
40,0.25,0.3,irregular,9,28,0.8,0.25,19.999999999999996,1.8313328569743097,19.199999999999996,1.5813328569743097,True,False,True,19.999999999999996,0.7612971854545194,19.199999999999996,0.5112971854545194,True,False,True,19.999999999999996,19.199999999999996,1.8313328569743097,1.5813328569743097,True,368.6399999999998,368.6399999999998,2.500613604546533,0.2614248118537132
40,0.5,0.0,regular,0,40,0.8,0.25,19.999999999999996,4.031504620695136,19.199999999999996,3.781504620695136,True,False,True,19.999999999999996,2.4766459383726325,19.199999999999996,2.2266459383726325,True,False,True,19.999999999999996,19.199999999999996,4.031504620695136,3.781504620695136,True,368.6399999999998,368.6399999999998,14.299777196338665,4.957952134871341
40,0.5,0.0,regular,1,40,0.8,0.25,19.999999999999996,2.5606095477059174,19.199999999999996,2.3106095477059174,True,False,True,19.999999999999996,0.0067050334229368,19.199999999999996,0.2432949665770631,True,False,True,19.999999999999996,19.199999999999996,2.5606095477059174,2.3106095477059174,True,368.6399999999998,368.6399999999998,5.338916481949744,0.0591924407617343
40,0.5,0.0,regular,2,40,0.8,0.25,19.999999999999996,2.8835878609373458,19.199999999999996,2.6335878609373458,True,False,True,19.999999999999996,0.0030840437005172,19.199999999999996,0.2469159562994827,True,False,True,19.999999999999996,19.199999999999996,2.8835878609373458,2.6335878609373458,True,368.6399999999998,368.6399999999998,6.935785021276544,0.06096748947528809
40,0.5,0.0,regular,3,40,0.8,0.25,15.691583066530464,2.6947731293843535,14.891583066530464,2.4447731293843535,False,False,True,16.51996567892889,0.0008190931191306,15.71996567892889,0.2491809068808693,False,False,True,15.691583066530464,14.891583066530464,2.6947731293843535,2.4447731293843535,True,221.75924622737685,247.11732094670225,5.9769156541597654,0.062091124353972516
40,0.5,0.0,regular,4,40,0.8,0.25,14.943221235716488,3.4429883005416326,14.143221235716489,3.1929883005416326,False,False,True,14.943022057666598,2.0127889651494812,14.143022057666595,1.7627889651494812,False,False,True,14.943221235716488,14.143221235716489,3.4429883005416326,3.1929883005416326,True,200.03070692242179,200.0250729236439,10.195174287395742,3.107424935652779
40,0.5,0.0,regular,5,40,0.8,0.25,19.999999999999996,3.4660792459533742,19.199999999999996,3.2160792459533742,True,False,True,19.999999999999996,1.3763937050197277,19.199999999999996,1.1263937050197277,True,False,True,19.999999999999996,19.199999999999996,3.4660792459533742,3.2160792459533742,True,368.6399999999998,368.6399999999998,10.343165716252024,1.2687627787080693
40,0.5,0.0,regular,6,40,0.8,0.25,19.999999999999996,2.666768187935152,19.199999999999996,2.416768187935152,True,False,True,19.999999999999996,0.0079586291936151,19.199999999999996,0.2420413708063848,True,False,True,19.999999999999996,19.199999999999996,2.666768187935152,2.416768187935152,True,368.6399999999998,368.6399999999998,5.840768474215359,0.058584025181833914
40,0.5,0.0,regular,7,40,0.8,0.25,13.075537539076103,2.224041035748475,12.275537539076105,1.974041035748475,False,False,True,15.401297314652908,0.0008351539027388,14.601297314652909,0.2491648460972611,False,False,True,13.075537539076103,12.275537539076105,2.224041035748475,1.974041035748475,True,150.6888218732666,213.1978832708902,3.896838010818912,0.06208312053067186
40,0.5,0.0,regular,8,40,0.8,0.25,13.216426598307534,2.903268789019678,12.416426598307533,2.653268789019678,False,False,True,13.2164603582773,1.1658350120546206,12.4164603582773,0.9158350120546206,False,False,True,13.216426598307534,12.416426598307533,2.903268789019678,2.653268789019678,True,154.16764947115877,154.16848782867166,7.03983526678595,0.838753769305087
40,0.5,0.0,regular,9,40,0.8,0.25,19.999999999999996,3.373837298752334,19.199999999999996,3.123837298752334,True,False,True,19.999999999999996,1.124068538185342,19.199999999999996,0.8740685381853419,True,False,True,19.999999999999996,19.199999999999996,3.373837298752334,3.123837298752334,True,368.6399999999998,368.6399999999998,9.758359469076279,0.7639958094454605
40,0.5,0.0,irregular,0,40,0.8,0.25,19.999999999999996,3.4453303462678777,19.199999999999996,3.1953303462678777,True,False,True,19.999999999999996,0.0003847261827923,19.199999999999996,0.2496152738172076,True,False,True,19.999999999999996,19.199999999999996,3.4453303462678777,3.1953303462678777,True,368.6399999999998,368.6399999999998,10.210136021780395,0.062307784922839574
40,0.5,0.0,irregular,1,40,0.8,0.25,19.999999999999996,5.407848310511479,19.199999999999996,5.157848310511479,True,False,True,19.999999999999996,1.6784751464717165,19.199999999999996,1.4284751464717165,True,False,True,19.999999999999996,19.199999999999996,5.407848310511479,5.157848310511479,True,368.6399999999998,368.6399999999998,26.60339919424612,2.040541244087392
40,0.5,0.0,irregular,2,40,0.8,0.25,19.999999999999996,5.6312372313409105,19.199999999999996,5.3812372313409105,True,False,True,19.999999999999996,0.0017331431508979,19.199999999999996,0.2482668568491021,True,False,True,19.999999999999996,19.199999999999996,5.6312372313409105,5.3812372313409105,True,368.6399999999998,368.6399999999998,28.95771413996959,0.061636432209732556
40,0.5,0.0,irregular,3,40,0.8,0.25,19.999999999999996,3.832281571557046,19.199999999999996,3.582281571557046,True,False,True,19.999999999999996,0.0021428026408834,19.199999999999996,0.2478571973591165,True,False,True,19.999999999999996,19.199999999999996,3.832281571557046,3.582281571557046,True,368.6399999999998,368.6399999999998,12.83274125791722,0.06143319028271608
40,0.5,0.0,irregular,4,40,0.8,0.25,19.999999999999996,4.991751190461211,19.199999999999996,4.741751190461211,True,False,True,19.999999999999996,1.839995004320016,19.199999999999996,1.589995004320016,True,False,True,19.999999999999996,19.199999999999996,4.991751190461211,4.741751190461211,True,368.6399999999998,368.6399999999998,22.48420435224031,2.5280841137626076
40,0.5,0.0,irregular,5,40,0.8,0.25,19.999999999999996,7.897059572897483,19.199999999999996,7.647059572897483,True,False,True,19.999999999999996,0.0014003547843628,19.199999999999996,0.2485996452156371,True,False,True,19.999999999999996,19.199999999999996,7.897059572897483,7.647059572897483,True,368.6399999999998,368.6399999999998,58.477520111443035,0.06180178360134069
40,0.5,0.0,irregular,6,40,0.8,0.25,19.999999999999996,4.543385164250873,19.199999999999996,4.293385164250873,True,False,True,10.948758107248288,0.0005949014858735,10.148758107248288,0.2494050985141264,False,False,True,19.999999999999996,19.199999999999996,4.543385164250873,4.293385164250873,True,368.6399999999998,102.99729111943785,18.433156168609496,0.06220290316484115
40,0.5,0.0,irregular,7,40,0.8,0.25,19.999999999999996,4.650818575449105,19.199999999999996,4.400818575449105,True,False,True,19.999999999999996,1.6016871544387814,19.199999999999996,1.3516871544387814,True,False,True,19.999999999999996,19.199999999999996,4.650818575449105,4.400818575449105,True,368.6399999999998,368.6399999999998,19.367204134017893,1.82705816347481
40,0.5,0.0,irregular,8,40,0.8,0.25,19.999999999999996,4.157696456088562,19.199999999999996,3.907696456088562,True,False,True,19.999999999999996,0.9951236815872312,19.199999999999996,0.7451236815872312,True,False,True,19.999999999999996,19.199999999999996,4.157696456088562,3.907696456088562,True,368.6399999999998,368.6399999999998,15.270091592927107,0.5552093008621095
40,0.5,0.0,irregular,9,40,0.8,0.25,19.999999999999996,4.580687155326861,19.199999999999996,4.330687155326861,True,False,True,19.999999999999996,1.2404389297253349,19.199999999999996,0.9904389297253348,True,False,True,19.999999999999996,19.199999999999996,4.580687155326861,4.330687155326861,True,368.6399999999998,368.6399999999998,18.75485123731306,0.9809692735154668
40,0.5,0.1,regular,0,39,0.8,0.25,19.999999999999996,3.1527095910387195,19.199999999999996,2.9027095910387195,True,False,True,19.999999999999996,0.0289652408605323,19.199999999999996,0.2210347591394676,True,False,True,19.999999999999996,19.199999999999996,3.1527095910387195,2.9027095910387195,True,368.6399999999998,368.6399999999998,8.42572296990817,0.048856364747842496
40,0.5,0.1,regular,1,38,0.8,0.25,16.766998833675217,2.7665477915417807,15.966998833675216,2.5165477915417807,False,False,True,17.022560377003494,0.0024396566038437,16.222560377003493,0.2475603433961562,False,False,True,16.766998833675217,15.966998833675216,2.7665477915417807,2.5165477915417807,True,254.9450517545857,263.1714651855237,6.333012787113813,0.061286123622422826
40,0.5,0.1,regular,2,35,0.8,0.25,16.7075949850666,2.1369101563408144,15.9075949850666,1.8869101563408144,False,False,True,19.999999999999996,8.051893981477072e-05,19.199999999999996,0.2499194810601852,True,False,True,16.7075949850666,15.9075949850666,2.1369101563408144,1.8869101563408144,True,253.051578208916,368.6399999999998,3.5604299381021165,0.062459747013392276
40,0.5,0.1,regular,3,38,0.8,0.25,10.357390437020088,1.7779780170322794,9.557390437020088,1.5279780170322794,False,False,True,14.192740453118937,0.0002245648057916,13.392740453118936,0.2497754351942083,False,False,True,10.357390437020088,9.557390437020088,1.7779780170322794,1.5279780170322794,True,91.34371196564302,179.3654968446084,2.3347168205338966,0.062387768026456195
40,0.5,0.1,regular,4,35,0.8,0.25,19.999999999999996,3.6248955974031185,19.199999999999996,3.3748955974031185,True,False,True,19.999999999999996,1.7381026946262317,19.199999999999996,1.4881026946262317,True,False,True,19.999999999999996,19.199999999999996,3.6248955974031185,3.3748955974031185,True,368.6399999999998,368.6399999999998,11.389920293370952,2.214449629753852
40,0.5,0.1,regular,5,39,0.8,0.25,19.999999999999996,2.9869163055000865,19.199999999999996,2.7369163055000865,True,False,True,19.999999999999996,0.0013777853004557,19.199999999999996,0.2486222146995443,True,False,True,19.999999999999996,19.199999999999996,2.9869163055000865,2.7369163055000865,True,368.6399999999998,368.6399999999998,7.490710863312243,0.061813005642106296
40,0.5,0.1,regular,6,38,0.8,0.25,19.999999999999996,3.6029503318368894,19.199999999999996,3.3529503318368894,True,False,True,19.999999999999996,1.6922808730518304,19.199999999999996,1.4422808730518304,True,False,True,19.999999999999996,19.199999999999996,3.6029503318368894,3.3529503318368894,True,368.6399999999998,368.6399999999998,11.242275927765107,2.08017411677115
40,0.5,0.1,regular,7,40,0.8,0.25,19.999999999999996,2.92577794232998,19.199999999999996,2.67577794232998,True,False,True,19.999999999999996,0.0010273399059637,19.199999999999996,0.2489726600940362,True,False,True,19.999999999999996,19.199999999999996,2.92577794232998,2.67577794232998,True,368.6399999999998,368.6399999999998,7.159787596659661,0.06198738547430053
40,0.5,0.1,regular,8,35,0.8,0.25,19.999999999999996,3.3818086178419953,19.199999999999996,3.1318086178419953,True,False,True,19.999999999999996,1.1647654935161322,19.199999999999996,0.9147654935161322,True,False,True,19.999999999999996,19.199999999999996,3.3818086178419953,3.1318086178419953,True,368.6399999999998,368.6399999999998,9.808225218789389,0.836795908127813
40,0.5,0.1,regular,9,40,0.8,0.25,14.88223991533284,3.3536070139614016,14.082239915332838,3.1036070139614016,False,False,True,14.882253203558342,1.862934999075001,14.08225320355834,1.612934999075001,False,False,True,14.88223991533284,14.082239915332838,3.3536070139614016,3.1036070139614016,True,198.3094810329935,198.30985528912916,9.632376497110407,2.6015593112410738
40,0.5,0.1,irregular,0,36,0.8,0.25,19.999999999999996,4.456143301814597,19.199999999999996,4.206143301814597,True,False,True,15.95375551774989,0.0013773635414457,15.15375551774989,0.2486226364585542,False,False,True,19.999999999999996,19.199999999999996,4.456143301814597,4.206143301814597,True,368.6399999999998,229.63630629173522,17.691641475399802,0.061813215359602464
40,0.5,0.1,irregular,1,37,0.8,0.25,19.999999999999996,4.0940513568865065,19.199999999999996,3.8440513568865065,True,False,True,19.999999999999996,0.0004466830274185,19.199999999999996,0.2495533169725814,True,False,True,19.999999999999996,19.199999999999996,4.0940513568865065,3.8440513568865065,True,368.6399999999998,368.6399999999998,14.776730834380992,0.06227685801201774
40,0.5,0.1,irregular,2,36,0.8,0.25,19.999999999999996,5.711702964598306,19.199999999999996,5.461702964598306,True,False,True,19.999999999999996,2.2523527070483533,19.199999999999996,2.0023527070483533,True,False,True,19.999999999999996,19.199999999999996,5.711702964598306,5.461702964598306,True,368.6399999999998,368.6399999999998,29.830199273501925,4.009416363423869
40,0.5,0.1,irregular,3,34,0.8,0.25,19.999999999999996,6.3376578992692485,19.199999999999996,6.0876578992692485,True,False,True,19.999999999999996,0.1037165064708271,19.199999999999996,0.1462834935291728,True,False,True,19.999999999999996,19.199999999999996,6.3376578992692485,6.0876578992692485,True,368.6399999999998,368.6399999999998,37.05957869853528,0.021398860479099575
40,0.5,0.1,irregular,4,38,0.8,0.25,19.999999999999996,5.373266502784629,19.199999999999996,5.123266502784629,True,False,True,19.999999999999996,7.033800340553351e-05,19.199999999999996,0.2499296619965944,True,False,True,19.999999999999996,19.199999999999996,5.373266502784629,5.123266502784629,True,368.6399999999998,368.6399999999998,26.247859658555043,0.06246483594573196
40,0.5,0.1,irregular,5,38,0.8,0.25,19.999999999999996,4.541437986720336,19.199999999999996,4.291437986720336,True,False,True,17.35385027055451,0.0028275681060385,16.55385027055451,0.2471724318939614,False,False,True,19.999999999999996,19.199999999999996,4.541437986720336,4.291437986720336,True,368.6399999999998,274.0299587799376,18.41643999386629,0.06109421108837503
40,0.5,0.1,irregular,6,36,0.8,0.25,19.999999999999996,3.532154995330702,19.199999999999996,3.282154995330702,True,False,True,19.999999999999996,0.0002147703409479,19.199999999999996,0.249785229659052,True,False,True,19.999999999999996,19.199999999999996,3.532154995330702,3.282154995330702,True,368.6399999999998,368.6399999999998,10.772541413374281,0.062392660955825394
40,0.5,0.1,irregular,7,38,0.8,0.25,19.999999999999996,4.370764382324603,19.199999999999996,4.120764382324603,True,False,True,19.999999999999996,0.2232422006621614,19.199999999999996,0.0267577993378385,True,False,True,19.999999999999996,19.199999999999996,4.370764382324603,4.120764382324603,True,368.6399999999998,368.6399999999998,16.98069909463507,0.0007159798254040352
40,0.5,0.1,irregular,8,37,0.8,0.25,19.999999999999996,4.777332697973283,19.199999999999996,4.527332697973283,True,False,True,19.999999999999996,0.0008552131707899,19.199999999999996,0.2491447868292101,True,False,True,19.999999999999996,19.199999999999996,4.777332697973283,4.527332697973283,True,368.6399999999998,368.6399999999998,20.496741358138046,0.06207312480417254
40,0.5,0.1,irregular,9,36,0.8,0.25,19.999999999999996,4.491315429964721,19.199999999999996,4.241315429964721,True,False,True,19.999999999999996,0.9895216991553176,19.199999999999996,0.7395216991553177,True,False,True,19.999999999999996,19.199999999999996,4.491315429964721,4.241315429964721,True,368.6399999999998,368.6399999999998,17.988756576456826,0.5468923435215681
40,0.5,0.3,regular,0,27,0.8,0.25,19.999999999999996,2.54851126941426,19.199999999999996,2.29851126941426,True,False,True,19.999999999999996,0.0046384588030293,19.199999999999996,0.2453615411969706,True,False,True,19.999999999999996,19.199999999999996,2.54851126941426,2.29851126941426,True,368.6399999999998,368.6399999999998,5.283154055624354,0.060202285898552754
40,0.5,0.3,regular,1,30,0.8,0.25,8.053238622908191,1.837888608236686,7.253238622908191,1.587888608236686,False,False,True,10.252794653679873,3.269577369984884e-05,9.452794653679872,0.2499673042263001,False,False,True,8.053238622908191,7.253238622908191,1.837888608236686,1.587888608236686,True,52.60947052084712,89.35532676463878,2.52139023216784,0.062483653182163694
40,0.5,0.3,regular,2,27,0.8,0.25,18.144356741672105,3.292622724666356,17.344356741672105,3.042622724666356,False,False,True,18.576145642431545,1.302744282605263,17.776145642431544,1.052744282605263,False,False,True,18.144356741672105,17.344356741672105,3.292622724666356,3.042622724666356,True,300.82671078238656,315.99135390093795,9.25755304465612,1.10827052455807
40,0.5,0.3,regular,3,28,0.8,0.25,19.264571758172487,3.432760492265056,18.46457175817249,3.182760492265056,False,False,True,15.764662606561297,1.2504216580219698,14.964662606561296,1.0004216580219698,False,False,True,19.264571758172487,18.46457175817249,3.432760492265056,3.182760492265056,True,340.94041021270095,223.94112692821392,10.1299643511233,1.000843493839427
40,0.5,0.3,regular,4,31,0.8,0.25,8.813729339729097,2.3079491169596733,8.013729339729096,2.0579491169596733,False,False,True,10.494114660076116,0.7384400985618774,9.694114660076115,0.4884400985618774,False,False,True,8.813729339729097,8.013729339729096,2.3079491169596733,2.0579491169596733,True,64.21985793043494,93.97585904270267,4.2351545679950995,0.23857372988313652
40,0.5,0.3,regular,5,32,0.8,0.25,19.999999999999996,4.139059953328024,19.199999999999996,3.889059953328024,True,False,True,19.999999999999996,2.6510831748286816,19.199999999999996,2.4010831748286816,True,False,True,19.999999999999996,19.199999999999996,4.139059953328024,3.889059953328024,True,368.6399999999998,368.6399999999998,15.124787320579774,5.765200412445381
40,0.5,0.3,regular,6,26,0.8,0.25,8.452241545632429,1.7674326313883064,7.652241545632429,1.5174326313883064,False,False,True,19.999999999999996,0.019474996669739,19.199999999999996,0.2305250033302609,True,False,True,8.452241545632429,7.652241545632429,1.7674326313883064,1.5174326313883064,True,58.556800672702984,368.6399999999998,2.30260179080204,0.05314177716041684
40,0.5,0.3,regular,7,25,0.8,0.25,19.999999999999996,3.3732826235223743,19.199999999999996,3.1232826235223743,True,False,True,19.999999999999996,1.129886318128815,19.199999999999996,0.879886318128815,True,False,True,19.999999999999996,19.199999999999996,3.3732826235223743,3.1232826235223743,True,368.6399999999998,368.6399999999998,9.754894346396805,0.7741999328302822
40,0.5,0.3,regular,8,29,0.8,0.25,15.961064522540685,3.3556145839467173,15.161064522540684,3.1056145839467173,False,False,True,15.27040748783276,1.705224572270804,14.47040748783276,1.455224572270804,False,False,True,15.961064522540685,15.161064522540684,3.3556145839467173,3.1056145839467173,True,229.85787745664177,209.39269286392638,9.644841944022541,2.1176785557407443
40,0.5,0.3,regular,9,27,0.8,0.25,19.999999999999996,2.8685110174591357,19.199999999999996,2.6185110174591357,True,False,True,19.999999999999996,0.0014536861020862,19.199999999999996,0.2485463138979138,True,False,True,19.999999999999996,19.199999999999996,2.8685110174591357,2.6185110174591357,True,368.6399999999998,368.6399999999998,6.856599948554878,0.0617752701522403
40,0.5,0.3,irregular,0,27,0.8,0.25,19.999999999999996,4.344464415044894,19.199999999999996,4.094464415044894,True,False,True,19.999999999999996,1.600076818436067,19.199999999999996,1.350076818436067,True,False,True,19.999999999999996,19.199999999999996,4.344464415044894,4.094464415044894,True,368.6399999999998,368.6399999999998,16.764638846068927,1.8227074156784528
40,0.5,0.3,irregular,1,27,0.8,0.25,19.999999999999996,4.99757772304403,19.199999999999996,4.74757772304403,True,False,True,19.999999999999996,0.9600803987438702,19.199999999999996,0.7100803987438702,True,False,True,19.999999999999996,19.199999999999996,4.99757772304403,4.74757772304403,True,368.6399999999998,368.6399999999998,22.539494236343934,0.5042141726802537
40,0.5,0.3,irregular,2,31,0.8,0.25,19.999999999999996,4.660805152776784,19.199999999999996,4.410805152776784,True,False,True,19.999999999999996,0.0860527098653627,19.199999999999996,0.1639472901346372,True,False,True,19.999999999999996,19.199999999999996,4.660805152776784,4.410805152776784,True,368.6399999999998,368.6399999999998,19.45520209576223,0.02687871394249094
40,0.5,0.3,irregular,3,32,0.8,0.25,19.999999999999996,5.093783222867689,19.199999999999996,4.843783222867689,True,False,True,19.999999999999996,0.0001897682660605,19.199999999999996,0.2498102317339394,True,False,True,19.999999999999996,19.199999999999996,5.093783222867689,4.843783222867689,True,368.6399999999998,368.6399999999998,23.462235910134495,0.062405151878964546
40,0.5,0.3,irregular,4,29,0.8,0.25,19.999999999999996,3.209385612589659,19.199999999999996,2.959385612589659,True,False,True,19.999999999999996,0.2627570149597434,19.199999999999996,0.0127570149597434,True,False,True,19.999999999999996,19.199999999999996,3.209385612589659,2.959385612589659,True,368.6399999999998,368.6399999999998,8.757963204002673,0.00016274143068311706
40,0.5,0.3,irregular,5,29,0.8,0.25,19.999999999999996,4.106062494836408,19.199999999999996,3.856062494836408,True,False,True,19.999999999999996,1.5658311032923022,19.199999999999996,1.3158311032923022,True,False,True,19.999999999999996,19.199999999999996,4.106062494836408,3.856062494836408,True,368.6399999999998,368.6399999999998,14.869217964083983,1.7314114923914374
40,0.5,0.3,irregular,6,26,0.8,0.25,19.999999999999996,10.281976095716075,19.199999999999996,10.031976095716075,True,False,True,19.999999999999996,4.331304621886676,19.199999999999996,4.081304621886676,True,False,True,19.999999999999996,19.199999999999996,10.281976095716075,10.031976095716075,True,368.6399999999998,368.6399999999998,100.64054438501874,16.657047416633542
40,0.5,0.3,irregular,7,22,0.8,0.25,19.999999999999996,5.627534759620567,19.199999999999996,5.377534759620567,True,False,True,19.999999999999996,0.859032833954326,19.199999999999996,0.609032833954326,True,False,True,19.999999999999996,19.199999999999996,5.627534759620567,5.377534759620567,True,368.6399999999998,368.6399999999998,28.91788009092743,0.3709209928344376
40,0.5,0.3,irregular,8,33,0.8,0.25,19.999999999999996,5.281446554777556,19.199999999999996,5.031446554777556,True,False,True,19.999999999999996,1.4141450987654112,19.199999999999996,1.1641450987654112,True,False,True,19.999999999999996,19.199999999999996,5.281446554777556,5.031446554777556,True,368.6399999999998,368.6399999999998,25.31545443358294,1.355233810979529
40,0.5,0.3,irregular,9,30,0.8,0.25,19.999999999999996,5.316021141834892,19.199999999999996,5.066021141834892,True,False,True,19.999999999999996,0.7290561115522313,19.199999999999996,0.4790561115522312,True,False,True,19.999999999999996,19.199999999999996,5.316021141834892,5.066021141834892,True,368.6399999999998,368.6399999999998,25.664570209518107,0.22949475801554384
