scenario,scenario_label,scenario_order,time,latent_state,observed_state,is_observed,treatment_indicator,treatment_time,branch_state,branch_attractor
brownian,Brownian drift,1,0.0,0.0,-0.0522679419016438,True,0,,0,
brownian,Brownian drift,1,0.020833333333333332,-0.01443458730192778,,False,0,,0,
brownian,Brownian drift,1,0.041666666666666664,0.022548115838544602,,False,0,,0,
brownian,Brownian drift,1,0.0625,0.027055740605292044,-0.07926095836915656,True,0,,0,
brownian,Brownian drift,1,0.08333333333333333,0.06619347307435333,-0.08462521921979357,True,0,,0,
brownian,Brownian drift,1,0.10416666666666666,0.08656484416593722,,False,0,,0,
brownian,Brownian drift,1,0.125,0.03614213540248321,-0.008218962064163754,True,0,,0,
brownian,Brownian drift,1,0.14583333333333331,0.05171758486597048,,False,0,,0,
brownian,Brownian drift,1,0.16666666666666666,0.061103891655024146,0.1591003261777184,True,0,,0,
brownian,Brownian drift,1,0.1875,0.05747915725339412,,False,0,,0,
brownian,Brownian drift,1,0.20833333333333331,0.037316078664719,,False,0,,0,
brownian,Brownian drift,1,0.22916666666666666,0.04893563733462289,,False,0,,0,
brownian,Brownian drift,1,0.25,0.08441912893883291,,False,0,,0,
brownian,Brownian drift,1,0.2708333333333333,0.07469827205428725,0.19785901202070294,True,0,,0,
brownian,Brownian drift,1,0.29166666666666663,0.033758884348399694,-0.059281929060846277,True,0,,0,
brownian,Brownian drift,1,0.3125,0.025302456017337764,,False,0,,0,
brownian,Brownian drift,1,0.3333333333333333,0.014092146063651499,0.07147206551731962,True,0,,0,
brownian,Brownian drift,1,0.35416666666666663,0.05706117502700114,,False,0,,0,
brownian,Brownian drift,1,0.375,0.03023572992389774,,False,0,,0,
brownian,Brownian drift,1,0.3958333333333333,0.00945891818780066,0.09814968494311349,True,0,,0,
brownian,Brownian drift,1,0.41666666666666663,-0.04256954442240406,,False,0,,0,
brownian,Brownian drift,1,0.4375,-0.020022314491845737,,False,0,,0,
brownian,Brownian drift,1,0.4583333333333333,-0.02350678924257488,,False,0,,0,
brownian,Brownian drift,1,0.47916666666666663,-0.09144825552545074,,False,0,,0,
brownian,Brownian drift,1,0.5,-0.11819505170083017,-0.08349249796029745,True,0,,0,
brownian,Brownian drift,1,0.5208333333333333,-0.0867358898874051,,False,0,,0,
brownian,Brownian drift,1,0.5416666666666666,-0.07666363358237464,-0.18205562698706185,True,0,,0,
brownian,Brownian drift,1,0.5625,-0.1232862113127465,,False,0,,0,
brownian,Brownian drift,1,0.5833333333333333,-0.19021839529272905,,False,0,,0,
brownian,Brownian drift,1,0.6041666666666666,-0.19048074615928828,,False,0,,0,
brownian,Brownian drift,1,0.625,-0.2128603777715071,,False,0,,0,
brownian,Brownian drift,1,0.6458333333333333,-0.19665239194649808,-0.15142514241599556,True,0,,0,
brownian,Brownian drift,1,0.6666666666666666,-0.17856154994051227,,False,0,,0,
brownian,Brownian drift,1,0.6875,-0.1578938588930311,,False,0,,0,
brownian,Brownian drift,1,0.7083333333333333,-0.16888832084744168,,False,0,,0,
brownian,Brownian drift,1,0.7291666666666666,-0.1432267601789048,,False,0,,0,
brownian,Brownian drift,1,0.75,-0.14264651326144062,-0.11043357642648349,True,0,,0,
brownian,Brownian drift,1,0.7708333333333333,-0.1220541884121109,,False,0,,0,
brownian,Brownian drift,1,0.7916666666666666,-0.14086481747356666,-0.33615045397078747,True,0,,0,
brownian,Brownian drift,1,0.8125,-0.1572499697737515,,False,0,,0,
brownian,Brownian drift,1,0.8333333333333333,-0.16205733898793195,,False,0,,0,
brownian,Brownian drift,1,0.8541666666666666,-0.12211114383974145,,False,0,,0,
brownian,Brownian drift,1,0.875,-0.1310662391246027,,False,0,,0,
brownian,Brownian drift,1,0.8958333333333333,-0.15255215204578723,-0.10489376858964464,True,0,,0,
brownian,Brownian drift,1,0.9166666666666666,-0.13706963880389203,,False,0,,0,
brownian,Brownian drift,1,0.9375,-0.1968423121749372,-0.24836084826234386,True,0,,0,
brownian,Brownian drift,1,0.9583333333333333,-0.21504706154254913,-0.43419051915917206,True,0,,0,
brownian,Brownian drift,1,0.9791666666666666,-0.2478566284882413,,False,0,,0,
brownian,Brownian drift,1,1.0,-0.27112434471716557,,False,0,,0,
brownian,Brownian drift,1,1.0208333333333333,-0.2996046103688963,-0.3890377465389817,True,0,,0,
brownian,Brownian drift,1,1.0416666666666665,-0.2474695571834785,,False,0,,0,
brownian,Brownian drift,1,1.0625,-0.26662439079324457,-0.2216103051126001,True,0,,0,
brownian,Brownian drift,1,1.0833333333333333,-0.24837025685903583,,False,0,,0,
brownian,Brownian drift,1,1.1041666666666665,-0.3198094916166912,-0.3753241164027877,True,0,,0,
brownian,Brownian drift,1,1.125,-0.3352600406254225,-0.35119845583931647,True,0,,0,
brownian,Brownian drift,1,1.1458333333333333,-0.36458260689,,False,0,,0,
brownian,Brownian drift,1,1.1666666666666665,-0.35047168313044674,,False,0,,0,
brownian,Brownian drift,1,1.1875,-0.33749950868756756,-0.2755628620348728,True,0,,0,
brownian,Brownian drift,1,1.2083333333333333,-0.3277176414761963,-0.30490460089256777,True,0,,0,
brownian,Brownian drift,1,1.2291666666666665,-0.3913428072240737,-0.18437699033454957,True,0,,0,
brownian,Brownian drift,1,1.25,-0.4172130171596788,-0.5084405551980924,True,0,,0,
brownian,Brownian drift,1,1.2708333333333333,-0.39231247220303683,,False,0,,0,
brownian,Brownian drift,1,1.2916666666666665,-0.41391874667290196,-0.6948777619500468,True,0,,0,
brownian,Brownian drift,1,1.3125,-0.4138756936653672,,False,0,,0,
brownian,Brownian drift,1,1.3333333333333333,-0.4480450004340745,-0.3839505278384821,True,0,,0,
brownian,Brownian drift,1,1.3541666666666665,-0.42146648109910756,,False,0,,0,
brownian,Brownian drift,1,1.375,-0.4163818510767403,,False,0,,0,
brownian,Brownian drift,1,1.3958333333333333,-0.43548021734617404,-0.38206602278984425,True,0,,0,
brownian,Brownian drift,1,1.4166666666666665,-0.4456039124774914,,False,0,,0,
brownian,Brownian drift,1,1.4375,-0.4908902262853053,,False,0,,0,
brownian,Brownian drift,1,1.4583333333333333,-0.4531729062314985,-0.4553057565273872,True,0,,0,
brownian,Brownian drift,1,1.4791666666666665,-0.4232758204885424,-0.4187677461848091,True,0,,0,
brownian,Brownian drift,1,1.5,-0.39963779656594484,-0.35278913030388953,True,0,,0,
brownian,Brownian drift,1,1.5208333333333333,-0.3840397394931265,-0.4150736098601807,True,0,,0,
brownian,Brownian drift,1,1.5416666666666665,-0.37076765632419423,,False,0,,0,
brownian,Brownian drift,1,1.5625,-0.37403232035095074,,False,0,,0,
brownian,Brownian drift,1,1.5833333333333333,-0.3704934717436082,,False,0,,0,
brownian,Brownian drift,1,1.6041666666666665,-0.36729924971419026,,False,0,,0,
brownian,Brownian drift,1,1.625,-0.36686594324416344,-0.3174456894771499,True,0,,0,
brownian,Brownian drift,1,1.6458333333333333,-0.35413782467647625,,False,0,,0,
brownian,Brownian drift,1,1.6666666666666665,-0.35854548275697673,-0.2747342282179613,True,0,,0,
brownian,Brownian drift,1,1.6875,-0.3942873352504316,-0.6130349012283137,True,0,,0,
brownian,Brownian drift,1,1.7083333333333333,-0.4160266444535626,,False,0,,0,
brownian,Brownian drift,1,1.7291666666666665,-0.40163212912515106,,False,0,,0,
brownian,Brownian drift,1,1.75,-0.4031726666341873,,False,0,,0,
brownian,Brownian drift,1,1.7708333333333333,-0.42019706066684775,,False,0,,0,
brownian,Brownian drift,1,1.7916666666666665,-0.3998239728602255,-0.5007442282402346,True,0,,0,
brownian,Brownian drift,1,1.8125,-0.3895708391322055,,False,0,,0,
brownian,Brownian drift,1,1.8333333333333333,-0.39250843683528314,-0.45765294747730645,True,0,,0,
brownian,Brownian drift,1,1.8541666666666665,-0.38062330706524206,,False,0,,0,
brownian,Brownian drift,1,1.875,-0.3993608055590857,,False,0,,0,
brownian,Brownian drift,1,1.8958333333333333,-0.38506833465009005,,False,0,,0,
brownian,Brownian drift,1,1.9166666666666665,-0.3662968945978668,,False,0,,0,
brownian,Brownian drift,1,1.9375,-0.38055937048965993,,False,0,,0,
brownian,Brownian drift,1,1.9583333333333333,-0.3499440995134812,,False,0,,0,
brownian,Brownian drift,1,1.9791666666666665,-0.3592757397868594,-0.335497361900636,True,0,,0,
brownian,Brownian drift,1,2.0,-0.3918746377723244,-0.37495046090409184,True,0,,0,
brownian,Brownian drift,1,2.020833333333333,-0.41265075836115367,-0.39672128316471084,True,0,,0,
brownian,Brownian drift,1,2.0416666666666665,-0.4017888072015025,-0.32865003317299735,True,0,,0,
brownian,Brownian drift,1,2.0625,-0.4187912509137369,,False,0,,0,
brownian,Brownian drift,1,2.083333333333333,-0.4173909205524071,,False,0,,0,
brownian,Brownian drift,1,2.1041666666666665,-0.38287508884632315,-0.4980686593201108,True,0,,0,
brownian,Brownian drift,1,2.125,-0.3890126603148079,-0.41186596231828576,True,0,,0,
brownian,Brownian drift,1,2.145833333333333,-0.3995366362062317,,False,0,,0,
brownian,Brownian drift,1,2.1666666666666665,-0.4339405889030448,-0.3791459322122005,True,0,,0,
brownian,Brownian drift,1,2.1875,-0.4628021713708686,-0.5866364728513852,True,0,,0,
brownian,Brownian drift,1,2.208333333333333,-0.4428497354412106,-0.43295647989867503,True,0,,0,
brownian,Brownian drift,1,2.2291666666666665,-0.5034979909672008,-0.6142750713110959,True,0,,0,
brownian,Brownian drift,1,2.25,-0.4923284196359471,,False,0,,0,
brownian,Brownian drift,1,2.270833333333333,-0.5107653658161362,,False,0,,0,
brownian,Brownian drift,1,2.2916666666666665,-0.5386401061221937,,False,0,,0,
brownian,Brownian drift,1,2.3125,-0.5908496240685902,-0.7601437806545653,True,0,,0,
brownian,Brownian drift,1,2.333333333333333,-0.6239527793153893,,False,0,,0,
brownian,Brownian drift,1,2.3541666666666665,-0.5842310443982868,,False,0,,0,
brownian,Brownian drift,1,2.375,-0.5530226881714333,,False,0,,0,
brownian,Brownian drift,1,2.395833333333333,-0.6199401135690124,-0.5206154144169491,True,0,,0,
brownian,Brownian drift,1,2.4166666666666665,-0.6563424753483942,-0.41997801838275517,True,0,,0,
brownian,Brownian drift,1,2.4375,-0.6231926417007823,,False,0,,0,
brownian,Brownian drift,1,2.458333333333333,-0.6349193682794513,,False,0,,0,
brownian,Brownian drift,1,2.4791666666666665,-0.7520451923377769,-0.7685701149244177,True,0,,0,
brownian,Brownian drift,1,2.5,-0.7804080334103891,,False,0,,0,
brownian,Brownian drift,1,2.520833333333333,-0.7662444319593223,-0.8806327493914791,True,0,,0,
brownian,Brownian drift,1,2.5416666666666665,-0.7790868167343837,-0.9478040950763473,True,0,,0,
brownian,Brownian drift,1,2.5625,-0.7902541963423676,,False,0,,0,
brownian,Brownian drift,1,2.583333333333333,-0.8151041952081866,,False,0,,0,
brownian,Brownian drift,1,2.6041666666666665,-0.8073723412885361,,False,0,,0,
brownian,Brownian drift,1,2.625,-0.7624106535117618,,False,0,,0,
brownian,Brownian drift,1,2.645833333333333,-0.7662621304223969,-0.7002011284142984,True,0,,0,
brownian,Brownian drift,1,2.6666666666666665,-0.7343235784951648,-0.7882355957505729,True,0,,0,
brownian,Brownian drift,1,2.6875,-0.7264084096090725,,False,0,,0,
brownian,Brownian drift,1,2.708333333333333,-0.7245694100039447,-0.6846162037531788,True,0,,0,
brownian,Brownian drift,1,2.7291666666666665,-0.7170858286082908,,False,0,,0,
brownian,Brownian drift,1,2.75,-0.7599108831822547,-0.8415198926660156,True,0,,0,
brownian,Brownian drift,1,2.770833333333333,-0.7285453113167258,,False,0,,0,
brownian,Brownian drift,1,2.7916666666666665,-0.7542097545838076,-0.667339245381255,True,0,,0,
brownian,Brownian drift,1,2.8125,-0.7247780630685595,,False,0,,0,
brownian,Brownian drift,1,2.833333333333333,-0.7506568707354264,-0.9284915104677516,True,0,,0,
brownian,Brownian drift,1,2.8541666666666665,-0.7224115775433355,-0.6542158516986968,True,0,,0,
brownian,Brownian drift,1,2.875,-0.7723804096931873,-0.7092682121438918,True,0,,0,
brownian,Brownian drift,1,2.895833333333333,-0.7603043743905935,,False,0,,0,
brownian,Brownian drift,1,2.9166666666666665,-0.7429683881077802,,False,0,,0,
brownian,Brownian drift,1,2.9375,-0.8075961972125966,,False,0,,0,
brownian,Brownian drift,1,2.958333333333333,-0.8548028284847138,,False,0,,0,
brownian,Brownian drift,1,2.9791666666666665,-0.8300119546609656,-0.7451053681800137,True,0,,0,
brownian,Brownian drift,1,3.0,-0.7832019300845191,-0.6530530658918632,True,0,,0,
brownian,Brownian drift,1,3.020833333333333,-0.8225512214853875,-1.018141597705609,True,0,,0,
brownian,Brownian drift,1,3.0416666666666665,-0.7969566750773267,,False,0,,0,
brownian,Brownian drift,1,3.0625,-0.7915651558583573,,False,0,,0,
brownian,Brownian drift,1,3.083333333333333,-0.7752881970663008,-0.7967868286836726,True,0,,0,
brownian,Brownian drift,1,3.1041666666666665,-0.7420069754223791,-0.9020227144305375,True,0,,0,
brownian,Brownian drift,1,3.125,-0.7508920999872466,-0.7338763043637685,True,0,,0,
brownian,Brownian drift,1,3.145833333333333,-0.7716650467967354,-0.6882284589225057,True,0,,0,
brownian,Brownian drift,1,3.1666666666666665,-0.7530493813368679,-0.7412617813082578,True,0,,0,
brownian,Brownian drift,1,3.1875,-0.7682516836691302,-0.7381294672090855,True,0,,0,
brownian,Brownian drift,1,3.208333333333333,-0.6800153744849227,-0.6473502651129649,True,0,,0,
brownian,Brownian drift,1,3.2291666666666665,-0.6832586855919928,,False,0,,0,
brownian,Brownian drift,1,3.25,-0.7160211678466335,,False,0,,0,
brownian,Brownian drift,1,3.270833333333333,-0.7167197577047507,,False,0,,0,
brownian,Brownian drift,1,3.2916666666666665,-0.7427200978380352,-0.9471285762179014,True,0,,0,
brownian,Brownian drift,1,3.3125,-0.7017650692631971,,False,0,,0,
brownian,Brownian drift,1,3.333333333333333,-0.7326961024577352,,False,0,,0,
brownian,Brownian drift,1,3.3541666666666665,-0.7381031094000837,,False,0,,0,
brownian,Brownian drift,1,3.375,-0.7002370384848018,,False,0,,0,
brownian,Brownian drift,1,3.395833333333333,-0.6536271504180567,,False,0,,0,
brownian,Brownian drift,1,3.4166666666666665,-0.6709909507079117,,False,0,,0,
brownian,Brownian drift,1,3.4375,-0.7384654415403737,-0.7659540859072892,True,0,,0,
brownian,Brownian drift,1,3.458333333333333,-0.7635825805695686,,False,0,,0,
brownian,Brownian drift,1,3.4791666666666665,-0.7500499592040923,-0.7963058874960938,True,0,,0,
brownian,Brownian drift,1,3.5,-0.7455607041470923,-0.7322779226922924,True,0,,0,
brownian,Brownian drift,1,3.520833333333333,-0.7500551254154101,-0.8708058561767407,True,0,,0,
brownian,Brownian drift,1,3.5416666666666665,-0.7762131718194223,-0.8904418190970292,True,0,,0,
brownian,Brownian drift,1,3.5625,-0.8215312412321675,,False,0,,0,
brownian,Brownian drift,1,3.583333333333333,-0.8235518463755034,,False,0,,0,
brownian,Brownian drift,1,3.6041666666666665,-0.8801718305402737,,False,0,,0,
brownian,Brownian drift,1,3.625,-0.8718020823404279,,False,0,,0,
brownian,Brownian drift,1,3.645833333333333,-0.8671437755328832,,False,0,,0,
brownian,Brownian drift,1,3.6666666666666665,-0.8597281165531594,,False,0,,0,
brownian,Brownian drift,1,3.6875,-0.8588203987104901,-0.827474711529643,True,0,,0,
brownian,Brownian drift,1,3.708333333333333,-0.8975801938636638,,False,0,,0,
brownian,Brownian drift,1,3.7291666666666665,-0.887363097619676,,False,0,,0,
brownian,Brownian drift,1,3.75,-0.902232388909829,-0.9187538427043868,True,0,,0,
brownian,Brownian drift,1,3.770833333333333,-0.8439507581395344,,False,0,,0,
brownian,Brownian drift,1,3.7916666666666665,-0.8238615746981038,-0.7425262833476607,True,0,,0,
brownian,Brownian drift,1,3.8125,-0.8812839377794255,-1.0074705996161162,True,0,,0,
brownian,Brownian drift,1,3.833333333333333,-0.9296115227457868,-0.8546099327214454,True,0,,0,
brownian,Brownian drift,1,3.8541666666666665,-0.9058921673443965,-0.8369740460668686,True,0,,0,
brownian,Brownian drift,1,3.875,-0.9136016083958873,,False,0,,0,
brownian,Brownian drift,1,3.895833333333333,-0.9038978406013842,,False,0,,0,
brownian,Brownian drift,1,3.9166666666666665,-0.8586074684115214,,False,0,,0,
brownian,Brownian drift,1,3.9375,-0.8574002165177244,,False,0,,0,
brownian,Brownian drift,1,3.958333333333333,-0.8233917093857147,-0.8351639322351434,True,0,,0,
brownian,Brownian drift,1,3.9791666666666665,-0.7993446426729723,-0.8079783934922842,True,0,,0,
brownian,Brownian drift,1,4.0,-0.7631092477053365,-0.8866699834265792,True,0,,0,
brownian,Brownian drift,1,4.020833333333333,-0.7796382928072259,,False,0,,0,
brownian,Brownian drift,1,4.041666666666666,-0.7911435779111834,,False,0,,0,
brownian,Brownian drift,1,4.0625,-0.7834926295194337,,False,0,,0,
brownian,Brownian drift,1,4.083333333333333,-0.8297982859233605,-0.8564836072327847,True,0,,0,
brownian,Brownian drift,1,4.104166666666666,-0.834290889378813,,False,0,,0,
brownian,Brownian drift,1,4.125,-0.83349851236866,,False,0,,0,
brownian,Brownian drift,1,4.145833333333333,-0.8234749302836101,-0.8213256667027573,True,0,,0,
brownian,Brownian drift,1,4.166666666666666,-0.8388465774109152,-0.6851102684050759,True,0,,0,
brownian,Brownian drift,1,4.1875,-0.7999877299821512,-0.7221326304748915,True,0,,0,
brownian,Brownian drift,1,4.208333333333333,-0.8187917045010621,-0.8340036269176975,True,0,,0,
brownian,Brownian drift,1,4.229166666666666,-0.8015439925046913,-0.8403108183207327,True,0,,0,
brownian,Brownian drift,1,4.25,-0.8256624626652515,,False,0,,0,
brownian,Brownian drift,1,4.270833333333333,-0.7826905112504107,-0.6475705574763293,True,0,,0,
brownian,Brownian drift,1,4.291666666666666,-0.7909456555279446,-0.5861776246643005,True,0,,0,
brownian,Brownian drift,1,4.3125,-0.7907912191011057,,False,0,,0,
brownian,Brownian drift,1,4.333333333333333,-0.7798505524017103,,False,0,,0,
brownian,Brownian drift,1,4.354166666666666,-0.7708076252668641,,False,0,,0,
brownian,Brownian drift,1,4.375,-0.7186176185367631,,False,0,,0,
brownian,Brownian drift,1,4.395833333333333,-0.7314274649855232,-0.7633998617120592,True,0,,0,
brownian,Brownian drift,1,4.416666666666666,-0.7066587906090385,,False,0,,0,
brownian,Brownian drift,1,4.4375,-0.6674921309087226,,False,0,,0,
brownian,Brownian drift,1,4.458333333333333,-0.6244263653127478,,False,0,,0,
brownian,Brownian drift,1,4.479166666666666,-0.5619078688437162,,False,0,,0,
brownian,Brownian drift,1,4.5,-0.5180958235300174,-0.36108356770366057,True,0,,0,
brownian,Brownian drift,1,4.520833333333333,-0.4597110798477676,,False,0,,0,
brownian,Brownian drift,1,4.541666666666666,-0.4276966767428037,,False,0,,0,
brownian,Brownian drift,1,4.5625,-0.3696183361225562,-0.3362531265771739,True,0,,0,
brownian,Brownian drift,1,4.583333333333333,-0.358985929966787,,False,0,,0,
brownian,Brownian drift,1,4.604166666666666,-0.33368729804619546,,False,0,,0,
brownian,Brownian drift,1,4.625,-0.3345217671828795,,False,0,,0,
brownian,Brownian drift,1,4.645833333333333,-0.28482747716323886,-0.26897730714711265,True,0,,0,
brownian,Brownian drift,1,4.666666666666666,-0.2691742041549134,,False,0,,0,
brownian,Brownian drift,1,4.6875,-0.21170139559441414,-0.4051759872970563,True,0,,0,
brownian,Brownian drift,1,4.708333333333333,-0.19072074173041034,0.006381548729421205,True,0,,0,
brownian,Brownian drift,1,4.729166666666666,-0.19868790998938549,,False,0,,0,
brownian,Brownian drift,1,4.75,-0.225803121273433,,False,0,,0,
brownian,Brownian drift,1,4.770833333333333,-0.18395822232044473,-0.2518309794746344,True,0,,0,
brownian,Brownian drift,1,4.791666666666666,-0.20421494047210248,-0.3872987517069051,True,0,,0,
brownian,Brownian drift,1,4.8125,-0.1705865164006639,-0.03608748572399986,True,0,,0,
brownian,Brownian drift,1,4.833333333333333,-0.17300283312734185,0.05007557055571574,True,0,,0,
brownian,Brownian drift,1,4.854166666666666,-0.203698594506544,,False,0,,0,
brownian,Brownian drift,1,4.875,-0.27202021390671494,,False,0,,0,
brownian,Brownian drift,1,4.895833333333333,-0.2862311732349899,,False,0,,0,
brownian,Brownian drift,1,4.916666666666666,-0.2571872360105781,,False,0,,0,
brownian,Brownian drift,1,4.9375,-0.21373119815597452,,False,0,,0,
brownian,Brownian drift,1,4.958333333333333,-0.2622016120000789,,False,0,,0,
brownian,Brownian drift,1,4.979166666666666,-0.24792416798646752,,False,0,,0,
brownian,Brownian drift,1,5.0,-0.1920826054705732,-0.09808290717611579,True,0,,0,
ou,Standard OU,2,0.0,1.15,1.1808143712399644,True,0,,0,0.2
ou,Standard OU,2,0.020833333333333332,1.1132503692679356,,False,0,,0,0.2
ou,Standard OU,2,0.041666666666666664,1.132864340296358,1.1718298707444461,True,0,,0,0.2
ou,Standard OU,2,0.0625,1.1574890228214874,0.9415338546789912,True,0,,0,0.2
ou,Standard OU,2,0.08333333333333333,1.1444554677212702,1.0587624945439456,True,0,,0,0.2
ou,Standard OU,2,0.10416666666666666,1.1351021099908631,1.0516315993355594,True,0,,0,0.2
ou,Standard OU,2,0.125,1.1345688215560907,,False,0,,0,0.2
ou,Standard OU,2,0.14583333333333331,1.1283566365174613,1.15455033905082,True,0,,0,0.2
ou,Standard OU,2,0.16666666666666666,1.1165450961620773,,False,0,,0,0.2
ou,Standard OU,2,0.1875,1.0382063097372825,1.177217623637897,True,0,,0,0.2
ou,Standard OU,2,0.20833333333333331,1.0448528763437068,,False,0,,0,0.2
ou,Standard OU,2,0.22916666666666666,1.0537531228587356,1.251823724080811,True,0,,0,0.2
ou,Standard OU,2,0.25,0.998415247187554,0.9811251551717293,True,0,,0,0.2
ou,Standard OU,2,0.2708333333333333,0.9583405392999845,1.0408286436059706,True,0,,0,0.2
ou,Standard OU,2,0.29166666666666663,0.9465087433519049,0.9668927660876161,True,0,,0,0.2
ou,Standard OU,2,0.3125,0.9508569304306478,1.0072848950369897,True,0,,0,0.2
ou,Standard OU,2,0.3333333333333333,0.985016756026214,,False,0,,0,0.2
ou,Standard OU,2,0.35416666666666663,0.960183721389592,,False,0,,0,0.2
ou,Standard OU,2,0.375,0.9640494028743268,1.1250869077183632,True,0,,0,0.2
ou,Standard OU,2,0.3958333333333333,0.9642297203115764,0.9767390751344134,True,0,,0,0.2
ou,Standard OU,2,0.41666666666666663,0.9604167328640774,,False,0,,0,0.2
ou,Standard OU,2,0.4375,0.9388670007733315,,False,0,,0,0.2
ou,Standard OU,2,0.4583333333333333,0.9337379010511002,,False,0,,0,0.2
ou,Standard OU,2,0.47916666666666663,0.911565147030502,,False,0,,0,0.2
ou,Standard OU,2,0.5,0.9416797058843007,,False,0,,0,0.2
ou,Standard OU,2,0.5208333333333333,0.8963076783367475,0.9482770063522818,True,0,,0,0.2
ou,Standard OU,2,0.5416666666666666,0.8775600641115773,,False,0,,0,0.2
ou,Standard OU,2,0.5625,0.8043623653518936,,False,0,,0,0.2
ou,Standard OU,2,0.5833333333333333,0.7984390064329869,,False,0,,0,0.2
ou,Standard OU,2,0.6041666666666666,0.8183162297024678,,False,0,,0,0.2
ou,Standard OU,2,0.625,0.8228355473794411,0.8270061067914481,True,0,,0,0.2
ou,Standard OU,2,0.6458333333333333,0.8067757303768425,0.8285724731642461,True,0,,0,0.2
ou,Standard OU,2,0.6666666666666666,0.8113550434953909,,False,0,,0,0.2
ou,Standard OU,2,0.6875,0.8182499356138704,0.9889116975596597,True,0,,0,0.2
ou,Standard OU,2,0.7083333333333333,0.8390060529313683,0.9601043976906396,True,0,,0,0.2
ou,Standard OU,2,0.7291666666666666,0.8229751302001977,,False,0,,0,0.2
ou,Standard OU,2,0.75,0.8227101055990672,,False,0,,0,0.2
ou,Standard OU,2,0.7708333333333333,0.7938505267003443,0.7481028853003197,True,0,,0,0.2
ou,Standard OU,2,0.7916666666666666,0.7815573389046522,0.776749645904295,True,0,,0,0.2
ou,Standard OU,2,0.8125,0.7653138970029384,,False,0,,0,0.2
ou,Standard OU,2,0.8333333333333333,0.712763222829269,0.7017048208322717,True,0,,0,0.2
ou,Standard OU,2,0.8541666666666666,0.6754966703329668,,False,0,,0,0.2
ou,Standard OU,2,0.875,0.638307033956212,,False,0,,0,0.2
ou,Standard OU,2,0.8958333333333333,0.6635797180660541,,False,0,,0,0.2
ou,Standard OU,2,0.9166666666666666,0.641831996783272,,False,0,,0,0.2
ou,Standard OU,2,0.9375,0.6936723689780149,0.7395430823550357,True,0,,0,0.2
ou,Standard OU,2,0.9583333333333333,0.6701372136541691,,False,0,,0,0.2
ou,Standard OU,2,0.9791666666666666,0.6264881282866036,0.6852238644704806,True,0,,0,0.2
ou,Standard OU,2,1.0,0.6318376342886023,0.7485352015101572,True,0,,0,0.2
ou,Standard OU,2,1.0208333333333333,0.6007007535647175,0.5272794968793972,True,0,,0,0.2
ou,Standard OU,2,1.0416666666666665,0.5922167166133817,,False,0,,0,0.2
ou,Standard OU,2,1.0625,0.5964193363854143,,False,0,,0,0.2
ou,Standard OU,2,1.0833333333333333,0.6014850755232203,,False,0,,0,0.2
ou,Standard OU,2,1.1041666666666665,0.5948329449222755,0.36465570405081615,True,0,,0,0.2
ou,Standard OU,2,1.125,0.5629031724095502,,False,0,,0,0.2
ou,Standard OU,2,1.1458333333333333,0.5428754627978166,,False,0,,0,0.2
ou,Standard OU,2,1.1666666666666665,0.5605223739898721,,False,0,,0,0.2
ou,Standard OU,2,1.1875,0.5159564598590805,0.5123597510657513,True,0,,0,0.2
ou,Standard OU,2,1.2083333333333333,0.4927869775584111,,False,0,,0,0.2
ou,Standard OU,2,1.2291666666666665,0.4605405041741972,0.47121111117551057,True,0,,0,0.2
ou,Standard OU,2,1.25,0.519483331111827,0.3890879669773042,True,0,,0,0.2
ou,Standard OU,2,1.2708333333333333,0.48297261468881253,,False,0,,0,0.2
ou,Standard OU,2,1.2916666666666665,0.4884814843738197,,False,0,,0,0.2
ou,Standard OU,2,1.3125,0.4523447520974582,,False,0,,0,0.2
ou,Standard OU,2,1.3333333333333333,0.43702070342660915,0.40239325817360433,True,0,,0,0.2
ou,Standard OU,2,1.3541666666666665,0.36055757558926715,,False,0,,0,0.2
ou,Standard OU,2,1.375,0.3490966714723254,,False,0,,0,0.2
ou,Standard OU,2,1.3958333333333333,0.3502799196105538,,False,0,,0,0.2
ou,Standard OU,2,1.4166666666666665,0.35910870004454487,0.6232709040339699,True,0,,0,0.2
ou,Standard OU,2,1.4375,0.3703846963308578,0.24887701161789316,True,0,,0,0.2
ou,Standard OU,2,1.4583333333333333,0.36140477978880076,0.3002399239287302,True,0,,0,0.2
ou,Standard OU,2,1.4791666666666665,0.3778612029744,,False,0,,0,0.2
ou,Standard OU,2,1.5,0.4146979747634187,0.31461049954622894,True,0,,0,0.2
ou,Standard OU,2,1.5208333333333333,0.3815140942139933,,False,0,,0,0.2
ou,Standard OU,2,1.5416666666666665,0.3717948067002209,,False,0,,0,0.2
ou,Standard OU,2,1.5625,0.3568404379197639,0.24014842388064028,True,0,,0,0.2
ou,Standard OU,2,1.5833333333333333,0.3385490671720855,0.15706981197247788,True,0,,0,0.2
ou,Standard OU,2,1.6041666666666665,0.3593707721082475,,False,0,,0,0.2
ou,Standard OU,2,1.625,0.3657320876176311,,False,0,,0,0.2
ou,Standard OU,2,1.6458333333333333,0.35153446326689597,0.2889430448692182,True,0,,0,0.2
ou,Standard OU,2,1.6666666666666665,0.3359497989768636,0.4287938984260537,True,0,,0,0.2
ou,Standard OU,2,1.6875,0.32556396586279085,,False,0,,0,0.2
ou,Standard OU,2,1.7083333333333333,0.30308367425526067,0.3750290119412091,True,0,,0,0.2
ou,Standard OU,2,1.7291666666666665,0.2952242871913703,0.250753949300155,True,0,,0,0.2
ou,Standard OU,2,1.75,0.3324321093519862,,False,0,,0,0.2
ou,Standard OU,2,1.7708333333333333,0.3252313818063953,,False,0,,0,0.2
ou,Standard OU,2,1.7916666666666665,0.2674543213447527,,False,0,,0,0.2
ou,Standard OU,2,1.8125,0.27863639689619185,,False,0,,0,0.2
ou,Standard OU,2,1.8333333333333333,0.29836954323283876,0.3549392452969654,True,0,,0,0.2
ou,Standard OU,2,1.8541666666666665,0.30760640563742203,,False,0,,0,0.2
ou,Standard OU,2,1.875,0.31317562652654546,,False,0,,0,0.2
ou,Standard OU,2,1.8958333333333333,0.33024603132539465,,False,0,,0,0.2
ou,Standard OU,2,1.9166666666666665,0.3284529509832316,,False,0,,0,0.2
ou,Standard OU,2,1.9375,0.3140338217015411,0.2697346977208359,True,0,,0,0.2
ou,Standard OU,2,1.9583333333333333,0.2980478269369146,,False,0,,0,0.2
ou,Standard OU,2,1.9791666666666665,0.32449782915249337,0.3891297972741819,True,0,,0,0.2
ou,Standard OU,2,2.0,0.3268250412064747,0.26784864725612795,True,0,,0,0.2
ou,Standard OU,2,2.020833333333333,0.33267179537377595,,False,0,,0,0.2
ou,Standard OU,2,2.0416666666666665,0.3492222444532525,0.3683392376973119,True,0,,0,0.2
ou,Standard OU,2,2.0625,0.33051819578370817,,False,0,,0,0.2
ou,Standard OU,2,2.083333333333333,0.330343879309058,0.38718619720623904,True,0,,0,0.2
ou,Standard OU,2,2.1041666666666665,0.37336596692044777,0.41649737349057114,True,0,,0,0.2
ou,Standard OU,2,2.125,0.3860246134415249,,False,0,,0,0.2
ou,Standard OU,2,2.145833333333333,0.3608967076416138,,False,0,,0,0.2
ou,Standard OU,2,2.1666666666666665,0.38313042370041817,0.5009061565016011,True,0,,0,0.2
ou,Standard OU,2,2.1875,0.3481633933597462,,False,0,,0,0.2
ou,Standard OU,2,2.208333333333333,0.31723393301319974,0.36331268839658487,True,0,,0,0.2
ou,Standard OU,2,2.2291666666666665,0.3465611718519003,,False,0,,0,0.2
ou,Standard OU,2,2.25,0.3817199901130405,,False,0,,0,0.2
ou,Standard OU,2,2.270833333333333,0.36610587257951693,,False,0,,0,0.2
ou,Standard OU,2,2.2916666666666665,0.35872334073728707,,False,0,,0,0.2
ou,Standard OU,2,2.3125,0.37665508057691877,0.3193609608110681,True,0,,0,0.2
ou,Standard OU,2,2.333333333333333,0.3260246640550139,,False,0,,0,0.2
ou,Standard OU,2,2.3541666666666665,0.3887096878788038,0.5772279624935956,True,0,,0,0.2
ou,Standard OU,2,2.375,0.4162989582844773,0.4823974802451126,True,0,,0,0.2
ou,Standard OU,2,2.395833333333333,0.46800604080848673,0.62145336048921,True,0,,0,0.2
ou,Standard OU,2,2.4166666666666665,0.4601266114638584,0.5690385544592362,True,0,,0,0.2
ou,Standard OU,2,2.4375,0.46197704609080825,0.5142928386044948,True,0,,0,0.2
ou,Standard OU,2,2.458333333333333,0.4441981623080557,,False,0,,0,0.2
ou,Standard OU,2,2.4791666666666665,0.49222739612694566,0.5511485814911589,True,0,,0,0.2
ou,Standard OU,2,2.5,0.46386550692976086,,False,0,,0,0.2
ou,Standard OU,2,2.520833333333333,0.41533560112484297,0.4498830576816368,True,0,,0,0.2
ou,Standard OU,2,2.5416666666666665,0.38796112775123875,0.4882127790283188,True,0,,0,0.2
ou,Standard OU,2,2.5625,0.39684922902996533,,False,0,,0,0.2
ou,Standard OU,2,2.583333333333333,0.3592790961316797,,False,0,,0,0.2
ou,Standard OU,2,2.6041666666666665,0.3644499558511985,0.4525753983275325,True,0,,0,0.2
ou,Standard OU,2,2.625,0.38987255059132647,,False,0,,0,0.2
ou,Standard OU,2,2.645833333333333,0.336591124889608,0.3178366999664206,True,0,,0,0.2
ou,Standard OU,2,2.6666666666666665,0.36008975084513795,,False,0,,0,0.2
ou,Standard OU,2,2.6875,0.35820532989374126,0.3458226762316043,True,0,,0,0.2
ou,Standard OU,2,2.708333333333333,0.3474416939210646,,False,0,,0,0.2
ou,Standard OU,2,2.7291666666666665,0.32425685244672725,0.4169277362308286,True,0,,0,0.2
ou,Standard OU,2,2.75,0.36439248112643247,0.5731651072513423,True,0,,0,0.2
ou,Standard OU,2,2.770833333333333,0.34706305208817756,,False,0,,0,0.2
ou,Standard OU,2,2.7916666666666665,0.3439422416862827,0.5478515516101056,True,0,,0,0.2
ou,Standard OU,2,2.8125,0.3556172945009342,,False,0,,0,0.2
ou,Standard OU,2,2.833333333333333,0.29135622263882544,0.26279481103758984,True,0,,0,0.2
ou,Standard OU,2,2.8541666666666665,0.27224437709452637,,False,0,,0,0.2
ou,Standard OU,2,2.875,0.253246454903151,,False,0,,0,0.2
ou,Standard OU,2,2.895833333333333,0.26426301803994406,0.12436042191528457,True,0,,0,0.2
ou,Standard OU,2,2.9166666666666665,0.19902081969563928,0.12091849487795513,True,0,,0,0.2
ou,Standard OU,2,2.9375,0.16809581262072387,,False,0,,0,0.2
ou,Standard OU,2,2.958333333333333,0.166089689431781,-0.12312362909770477,True,0,,0,0.2
ou,Standard OU,2,2.9791666666666665,0.1393736084470025,,False,0,,0,0.2
ou,Standard OU,2,3.0,0.11589020366918196,,False,0,,0,0.2
ou,Standard OU,2,3.020833333333333,0.14927170148243155,0.16976019402218429,True,0,,0,0.2
ou,Standard OU,2,3.0416666666666665,0.14032886113839982,,False,0,,0,0.2
ou,Standard OU,2,3.0625,0.10318229565024259,,False,0,,0,0.2
ou,Standard OU,2,3.083333333333333,0.14955293029874467,0.0226306619088823,True,0,,0,0.2
ou,Standard OU,2,3.1041666666666665,0.179146258400757,,False,0,,0,0.2
ou,Standard OU,2,3.125,0.13271971296131915,,False,0,,0,0.2
ou,Standard OU,2,3.145833333333333,0.11309519722710475,,False,0,,0,0.2
ou,Standard OU,2,3.1666666666666665,0.12107772893380941,-0.17459577322632225,True,0,,0,0.2
ou,Standard OU,2,3.1875,0.13217265105444653,0.02409565224286564,True,0,,0,0.2
ou,Standard OU,2,3.208333333333333,0.1252310679777947,,False,0,,0,0.2
ou,Standard OU,2,3.2291666666666665,0.11479407061709829,-0.033601709389998985,True,0,,0,0.2
ou,Standard OU,2,3.25,0.1337188658892372,0.2465289740674677,True,0,,0,0.2
ou,Standard OU,2,3.270833333333333,0.13338337405248188,0.23140688327187534,True,0,,0,0.2
ou,Standard OU,2,3.2916666666666665,0.12358355939975918,,False,0,,0,0.2
ou,Standard OU,2,3.3125,0.15373904790864482,0.07312282529251361,True,0,,0,0.2
ou,Standard OU,2,3.333333333333333,0.1587616935874066,,False,0,,0,0.2
ou,Standard OU,2,3.3541666666666665,0.18751189917509942,0.3055089608662904,True,0,,0,0.2
ou,Standard OU,2,3.375,0.18796521342915049,,False,0,,0,0.2
ou,Standard OU,2,3.395833333333333,0.17133487587237284,0.25265665426981593,True,0,,0,0.2
ou,Standard OU,2,3.4166666666666665,0.17015387912974986,,False,0,,0,0.2
ou,Standard OU,2,3.4375,0.18015996387840016,,False,0,,0,0.2
ou,Standard OU,2,3.458333333333333,0.22311909445491426,,False,0,,0,0.2
ou,Standard OU,2,3.4791666666666665,0.2145894932475738,0.2163375081851687,True,0,,0,0.2
ou,Standard OU,2,3.5,0.16947961927628213,,False,0,,0,0.2
ou,Standard OU,2,3.520833333333333,0.18944644562725077,,False,0,,0,0.2
ou,Standard OU,2,3.5416666666666665,0.1857116807977788,0.15688305010694245,True,0,,0,0.2
ou,Standard OU,2,3.5625,0.20966514680493722,0.3419732756017634,True,0,,0,0.2
ou,Standard OU,2,3.583333333333333,0.2341926053909367,0.20721626106356889,True,0,,0,0.2
ou,Standard OU,2,3.6041666666666665,0.26476910983581115,,False,0,,0,0.2
ou,Standard OU,2,3.625,0.2728670626587009,0.4667149555505089,True,0,,0,0.2
ou,Standard OU,2,3.645833333333333,0.30048900310120347,,False,0,,0,0.2
ou,Standard OU,2,3.6666666666666665,0.31087511087121494,,False,0,,0,0.2
ou,Standard OU,2,3.6875,0.35632632722130075,0.4061866805307513,True,0,,0,0.2
ou,Standard OU,2,3.708333333333333,0.3535195065635443,0.09234211971250805,True,0,,0,0.2
ou,Standard OU,2,3.7291666666666665,0.3523016286038964,0.3307881226562722,True,0,,0,0.2
ou,Standard OU,2,3.75,0.3660479999505539,,False,0,,0,0.2
ou,Standard OU,2,3.770833333333333,0.3844598759629675,,False,0,,0,0.2
ou,Standard OU,2,3.7916666666666665,0.3900522369064648,,False,0,,0,0.2
ou,Standard OU,2,3.8125,0.3782927189347211,0.5208421016597115,True,0,,0,0.2
ou,Standard OU,2,3.833333333333333,0.3745591719584597,0.5601605689497672,True,0,,0,0.2
ou,Standard OU,2,3.8541666666666665,0.3969739804907663,0.48510585469749223,True,0,,0,0.2
ou,Standard OU,2,3.875,0.39656786823046525,0.2774059506849106,True,0,,0,0.2
ou,Standard OU,2,3.895833333333333,0.3667147125482837,0.39824971013469723,True,0,,0,0.2
ou,Standard OU,2,3.9166666666666665,0.3629798185729906,0.3425153638867135,True,0,,0,0.2
ou,Standard OU,2,3.9375,0.3890060560736243,0.5307164855869269,True,0,,0,0.2
ou,Standard OU,2,3.958333333333333,0.39508744050439004,,False,0,,0,0.2
ou,Standard OU,2,3.9791666666666665,0.4302814133555031,0.28343814784979643,True,0,,0,0.2
ou,Standard OU,2,4.0,0.42517792797577175,,False,0,,0,0.2
ou,Standard OU,2,4.020833333333333,0.36482315584036257,0.2625314440573213,True,0,,0,0.2
ou,Standard OU,2,4.041666666666666,0.3484706167384616,0.3678683176578036,True,0,,0,0.2
ou,Standard OU,2,4.0625,0.3717454931181823,,False,0,,0,0.2
ou,Standard OU,2,4.083333333333333,0.3598229712683064,,False,0,,0,0.2
ou,Standard OU,2,4.104166666666666,0.30697289013159595,,False,0,,0,0.2
ou,Standard OU,2,4.125,0.3070792324630318,,False,0,,0,0.2
ou,Standard OU,2,4.145833333333333,0.27258642556684703,0.1409801294175052,True,0,,0,0.2
ou,Standard OU,2,4.166666666666666,0.2789390004766122,0.3072800997353507,True,0,,0,0.2
ou,Standard OU,2,4.1875,0.29261560888421356,0.2842770559487827,True,0,,0,0.2
ou,Standard OU,2,4.208333333333333,0.27428259617897177,,False,0,,0,0.2
ou,Standard OU,2,4.229166666666666,0.31140237065145276,0.3170321117285866,True,0,,0,0.2
ou,Standard OU,2,4.25,0.2707133198261692,,False,0,,0,0.2
ou,Standard OU,2,4.270833333333333,0.26870782091783885,0.16027975860953947,True,0,,0,0.2
ou,Standard OU,2,4.291666666666666,0.2698553887059034,0.11673810269340426,True,0,,0,0.2
ou,Standard OU,2,4.3125,0.2604426875395615,,False,0,,0,0.2
ou,Standard OU,2,4.333333333333333,0.28117479220524016,,False,0,,0,0.2
ou,Standard OU,2,4.354166666666666,0.2787648316910122,,False,0,,0,0.2
ou,Standard OU,2,4.375,0.2933066926237971,0.24169110236146238,True,0,,0,0.2
ou,Standard OU,2,4.395833333333333,0.29076256504471915,,False,0,,0,0.2
ou,Standard OU,2,4.416666666666666,0.26868909436470806,0.38658122356648267,True,0,,0,0.2
ou,Standard OU,2,4.4375,0.28202755056050816,,False,0,,0,0.2
ou,Standard OU,2,4.458333333333333,0.29729588719328126,,False,0,,0,0.2
ou,Standard OU,2,4.479166666666666,0.2641000399253164,,False,0,,0,0.2
ou,Standard OU,2,4.5,0.2465897979562246,,False,0,,0,0.2
ou,Standard OU,2,4.520833333333333,0.26025318499331457,0.29689455248985674,True,0,,0,0.2
ou,Standard OU,2,4.541666666666666,0.34270931888689016,0.20270105196633825,True,0,,0,0.2
ou,Standard OU,2,4.5625,0.3533443607870358,0.36487831768835394,True,0,,0,0.2
ou,Standard OU,2,4.583333333333333,0.36293417310897125,,False,0,,0,0.2
ou,Standard OU,2,4.604166666666666,0.34298364683355426,0.34951524597900996,True,0,,0,0.2
ou,Standard OU,2,4.625,0.3643006820289743,,False,0,,0,0.2
ou,Standard OU,2,4.645833333333333,0.37921319959589744,0.4266982865767161,True,0,,0,0.2
ou,Standard OU,2,4.666666666666666,0.4354493956999151,,False,0,,0,0.2
ou,Standard OU,2,4.6875,0.3896280761378523,0.36534754535703595,True,0,,0,0.2
ou,Standard OU,2,4.708333333333333,0.38631820457601024,0.39634789334301246,True,0,,0,0.2
ou,Standard OU,2,4.729166666666666,0.3510896202415411,0.2404411730890703,True,0,,0,0.2
ou,Standard OU,2,4.75,0.33262515425042655,0.5350430532071241,True,0,,0,0.2
ou,Standard OU,2,4.770833333333333,0.3245327436838084,,False,0,,0,0.2
ou,Standard OU,2,4.791666666666666,0.24162411965799807,0.34477227633808777,True,0,,0,0.2
ou,Standard OU,2,4.8125,0.27078091361439766,,False,0,,0,0.2
ou,Standard OU,2,4.833333333333333,0.28229735349866636,,False,0,,0,0.2
ou,Standard OU,2,4.854166666666666,0.23612604503952436,0.21813626266798808,True,0,,0,0.2
ou,Standard OU,2,4.875,0.19287386342269075,0.08922798128184663,True,0,,0,0.2
ou,Standard OU,2,4.895833333333333,0.17151504430891873,0.13146002988424066,True,0,,0,0.2
ou,Standard OU,2,4.916666666666666,0.16740354752809922,,False,0,,0,0.2
ou,Standard OU,2,4.9375,0.12090844999127345,,False,0,,0,0.2
ou,Standard OU,2,4.958333333333333,0.08013573353526432,,False,0,,0,0.2
ou,Standard OU,2,4.979166666666666,0.12438124320480279,,False,0,,0,0.2
ou,Standard OU,2,5.0,0.09877353756617728,0.2027548601596502,True,0,,0,0.2
shifted_ou,Treatment-shifted OU,3,0.0,0.0,0.00029170224685044836,True,0,2.4,0,0.05
shifted_ou,Treatment-shifted OU,3,0.020833333333333332,0.022539209838218645,,False,0,2.4,0,0.05
shifted_ou,Treatment-shifted OU,3,0.041666666666666664,0.048010083075770704,,False,0,2.4,0,0.05
shifted_ou,Treatment-shifted OU,3,0.0625,0.049254211346791366,0.051552396081021024,True,0,2.4,0,0.05
shifted_ou,Treatment-shifted OU,3,0.08333333333333333,0.04929921985331048,0.031045912353941156,True,0,2.4,0,0.05
shifted_ou,Treatment-shifted OU,3,0.10416666666666666,0.056281097256904535,0.02571684652139542,True,0,2.4,0,0.05
shifted_ou,Treatment-shifted OU,3,0.125,0.06393789561595539,,False,0,2.4,0,0.05
shifted_ou,Treatment-shifted OU,3,0.14583333333333331,0.04787890837389379,0.03375586503802376,True,0,2.4,0,0.05
shifted_ou,Treatment-shifted OU,3,0.16666666666666666,0.0508309118375273,,False,0,2.4,0,0.05
shifted_ou,Treatment-shifted OU,3,0.1875,0.0357637717659238,,False,0,2.4,0,0.05
shifted_ou,Treatment-shifted OU,3,0.20833333333333331,0.010643816381207687,,False,0,2.4,0,0.05
shifted_ou,Treatment-shifted OU,3,0.22916666666666666,0.06425033338636882,-0.05521262251676992,True,0,2.4,0,0.05
shifted_ou,Treatment-shifted OU,3,0.25,0.05180857647611357,,False,0,2.4,0,0.05
shifted_ou,Treatment-shifted OU,3,0.2708333333333333,-0.011397353148901126,,False,0,2.4,0,0.05
shifted_ou,Treatment-shifted OU,3,0.29166666666666663,-0.04683555576820919,,False,0,2.4,0,0.05
shifted_ou,Treatment-shifted OU,3,0.3125,-0.018164097107402157,0.030887374296646435,True,0,2.4,0,0.05
shifted_ou,Treatment-shifted OU,3,0.3333333333333333,-0.025844634966958553,-0.09037798139090611,True,0,2.4,0,0.05
shifted_ou,Treatment-shifted OU,3,0.35416666666666663,-0.022396166724036666,-0.03847534481528614,True,0,2.4,0,0.05
shifted_ou,Treatment-shifted OU,3,0.375,0.001044530369804602,,False,0,2.4,0,0.05
shifted_ou,Treatment-shifted OU,3,0.3958333333333333,-0.06216315870360128,0.02176250573311698,True,0,2.4,0,0.05
shifted_ou,Treatment-shifted OU,3,0.41666666666666663,-0.0030737486738291533,-0.07865582318938907,True,0,2.4,0,0.05
shifted_ou,Treatment-shifted OU,3,0.4375,-0.02289864072464484,,False,0,2.4,0,0.05
shifted_ou,Treatment-shifted OU,3,0.4583333333333333,-0.004208080303197782,-0.21383841475507984,True,0,2.4,0,0.05
shifted_ou,Treatment-shifted OU,3,0.47916666666666663,0.027960285509339204,-0.11091128508591477,True,0,2.4,0,0.05
shifted_ou,Treatment-shifted OU,3,0.5,0.0041442116920884856,,False,0,2.4,0,0.05
shifted_ou,Treatment-shifted OU,3,0.5208333333333333,0.04106534125400057,-0.13308074698297306,True,0,2.4,0,0.05
shifted_ou,Treatment-shifted OU,3,0.5416666666666666,0.052204456441227315,,False,0,2.4,0,0.05
shifted_ou,Treatment-shifted OU,3,0.5625,0.02448192092397643,,False,0,2.4,0,0.05
shifted_ou,Treatment-shifted OU,3,0.5833333333333333,0.035932163833406854,,False,0,2.4,0,0.05
shifted_ou,Treatment-shifted OU,3,0.6041666666666666,0.028104877650878584,0.030858267009746223,True,0,2.4,0,0.05
shifted_ou,Treatment-shifted OU,3,0.625,0.04431063545650715,-0.0025598408837081144,True,0,2.4,0,0.05
shifted_ou,Treatment-shifted OU,3,0.6458333333333333,0.047582508942187525,,False,0,2.4,0,0.05
shifted_ou,Treatment-shifted OU,3,0.6666666666666666,0.03496198821291313,,False,0,2.4,0,0.05
shifted_ou,Treatment-shifted OU,3,0.6875,0.03670180668563396,0.07921705809005555,True,0,2.4,0,0.05
shifted_ou,Treatment-shifted OU,3,0.7083333333333333,0.060845171489864194,-0.037286511523860255,True,0,2.4,0,0.05
shifted_ou,Treatment-shifted OU,3,0.7291666666666666,0.05966686827235496,,False,0,2.4,0,0.05
shifted_ou,Treatment-shifted OU,3,0.75,0.06916228687451936,,False,0,2.4,0,0.05
shifted_ou,Treatment-shifted OU,3,0.7708333333333333,0.032849702701723944,-0.011506609802592202,True,0,2.4,0,0.05
shifted_ou,Treatment-shifted OU,3,0.7916666666666666,0.03776365003604977,-0.03978235939485422,True,0,2.4,0,0.05
shifted_ou,Treatment-shifted OU,3,0.8125,0.022900864002859313,,False,0,2.4,0,0.05
shifted_ou,Treatment-shifted OU,3,0.8333333333333333,0.045498917281354676,,False,0,2.4,0,0.05
shifted_ou,Treatment-shifted OU,3,0.8541666666666666,0.054924268909754055,,False,0,2.4,0,0.05
shifted_ou,Treatment-shifted OU,3,0.875,0.07383407088382893,,False,0,2.4,0,0.05
shifted_ou,Treatment-shifted OU,3,0.8958333333333333,0.0844496005402312,0.15210038873472492,True,0,2.4,0,0.05
shifted_ou,Treatment-shifted OU,3,0.9166666666666666,0.07950738237362365,,False,0,2.4,0,0.05
shifted_ou,Treatment-shifted OU,3,0.9375,0.08601066313571545,,False,0,2.4,0,0.05
shifted_ou,Treatment-shifted OU,3,0.9583333333333333,0.0801400365164164,,False,0,2.4,0,0.05
shifted_ou,Treatment-shifted OU,3,0.9791666666666666,0.08718775256513123,,False,0,2.4,0,0.05
shifted_ou,Treatment-shifted OU,3,1.0,0.10395810529089887,0.16456223709415985,True,0,2.4,0,0.05
shifted_ou,Treatment-shifted OU,3,1.0208333333333333,0.11485717806466973,0.21920021648326876,True,0,2.4,0,0.05
shifted_ou,Treatment-shifted OU,3,1.0416666666666665,0.11614699650290267,0.17002702589234375,True,0,2.4,0,0.05
shifted_ou,Treatment-shifted OU,3,1.0625,0.1037283788282127,,False,0,2.4,0,0.05
shifted_ou,Treatment-shifted OU,3,1.0833333333333333,0.11814072685629727,,False,0,2.4,0,0.05
shifted_ou,Treatment-shifted OU,3,1.1041666666666665,0.1468012434246048,,False,0,2.4,0,0.05
shifted_ou,Treatment-shifted OU,3,1.125,0.16136527087404431,0.24375960612004519,True,0,2.4,0,0.05
shifted_ou,Treatment-shifted OU,3,1.1458333333333333,0.175487127288555,,False,0,2.4,0,0.05
shifted_ou,Treatment-shifted OU,3,1.1666666666666665,0.23536811107021777,0.1339479812436366,True,0,2.4,0,0.05
shifted_ou,Treatment-shifted OU,3,1.1875,0.2126876553352656,,False,0,2.4,0,0.05
shifted_ou,Treatment-shifted OU,3,1.2083333333333333,0.22021621976843908,0.3417886454760163,True,0,2.4,0,0.05
shifted_ou,Treatment-shifted OU,3,1.2291666666666665,0.2137075192076,0.12337406351394424,True,0,2.4,0,0.05
shifted_ou,Treatment-shifted OU,3,1.25,0.20157073309536436,0.1931262444406224,True,0,2.4,0,0.05
shifted_ou,Treatment-shifted OU,3,1.2708333333333333,0.21460639581892046,0.18242471514242986,True,0,2.4,0,0.05
shifted_ou,Treatment-shifted OU,3,1.2916666666666665,0.20146478699600842,0.09702480295225899,True,0,2.4,0,0.05
shifted_ou,Treatment-shifted OU,3,1.3125,0.2051286527866069,,False,0,2.4,0,0.05
shifted_ou,Treatment-shifted OU,3,1.3333333333333333,0.17409240172135357,,False,0,2.4,0,0.05
shifted_ou,Treatment-shifted OU,3,1.3541666666666665,0.12719894293618078,0.14776417023699245,True,0,2.4,0,0.05
shifted_ou,Treatment-shifted OU,3,1.375,0.14442907485134068,,False,0,2.4,0,0.05
shifted_ou,Treatment-shifted OU,3,1.3958333333333333,0.1258276868563928,0.21415736492885634,True,0,2.4,0,0.05
shifted_ou,Treatment-shifted OU,3,1.4166666666666665,0.1537197182064003,,False,0,2.4,0,0.05
shifted_ou,Treatment-shifted OU,3,1.4375,0.17553839623556336,0.2562484177992427,True,0,2.4,0,0.05
shifted_ou,Treatment-shifted OU,3,1.4583333333333333,0.18590982608403606,,False,0,2.4,0,0.05
shifted_ou,Treatment-shifted OU,3,1.4791666666666665,0.17633361262097094,0.13952459128566572,True,0,2.4,0,0.05
shifted_ou,Treatment-shifted OU,3,1.5,0.1729573970056201,,False,0,2.4,0,0.05
shifted_ou,Treatment-shifted OU,3,1.5208333333333333,0.16862646958042693,,False,0,2.4,0,0.05
shifted_ou,Treatment-shifted OU,3,1.5416666666666665,0.15009688796384202,,False,0,2.4,0,0.05
shifted_ou,Treatment-shifted OU,3,1.5625,0.13787450054649592,,False,0,2.4,0,0.05
shifted_ou,Treatment-shifted OU,3,1.5833333333333333,0.13748869643846606,0.1826552281938877,True,0,2.4,0,0.05
shifted_ou,Treatment-shifted OU,3,1.6041666666666665,0.1839179715355062,,False,0,2.4,0,0.05
shifted_ou,Treatment-shifted OU,3,1.625,0.1928044808891518,-0.019952802490557225,True,0,2.4,0,0.05
shifted_ou,Treatment-shifted OU,3,1.6458333333333333,0.20255679458424364,0.18254290404469758,True,0,2.4,0,0.05
shifted_ou,Treatment-shifted OU,3,1.6666666666666665,0.19647595652728242,0.24773015042366175,True,0,2.4,0,0.05
shifted_ou,Treatment-shifted OU,3,1.6875,0.17970556975611773,,False,0,2.4,0,0.05
shifted_ou,Treatment-shifted OU,3,1.7083333333333333,0.17357211032159675,0.09800819177865928,True,0,2.4,0,0.05
shifted_ou,Treatment-shifted OU,3,1.7291666666666665,0.1658487026347844,0.3399077927690729,True,0,2.4,0,0.05
shifted_ou,Treatment-shifted OU,3,1.75,0.12150779331549061,,False,0,2.4,0,0.05
shifted_ou,Treatment-shifted OU,3,1.7708333333333333,0.14240575851487552,,False,0,2.4,0,0.05
shifted_ou,Treatment-shifted OU,3,1.7916666666666665,0.14570384381345344,0.02327600979350339,True,0,2.4,0,0.05
shifted_ou,Treatment-shifted OU,3,1.8125,0.1395815712730045,0.17676846726192696,True,0,2.4,0,0.05
shifted_ou,Treatment-shifted OU,3,1.8333333333333333,0.14173215917169238,,False,0,2.4,0,0.05
shifted_ou,Treatment-shifted OU,3,1.8541666666666665,0.11339454494374493,,False,0,2.4,0,0.05
shifted_ou,Treatment-shifted OU,3,1.875,0.13267232900057996,0.08870585385809682,True,0,2.4,0,0.05
shifted_ou,Treatment-shifted OU,3,1.8958333333333333,0.12517084525607156,,False,0,2.4,0,0.05
shifted_ou,Treatment-shifted OU,3,1.9166666666666665,0.08316501611239474,-0.023916760695622916,True,0,2.4,0,0.05
shifted_ou,Treatment-shifted OU,3,1.9375,0.06461725645281363,,False,0,2.4,0,0.05
shifted_ou,Treatment-shifted OU,3,1.9583333333333333,0.06925860968755347,,False,0,2.4,0,0.05
shifted_ou,Treatment-shifted OU,3,1.9791666666666665,0.06196871159905642,0.0635471528131726,True,0,2.4,0,0.05
shifted_ou,Treatment-shifted OU,3,2.0,0.03928792350292965,,False,0,2.4,0,0.05
shifted_ou,Treatment-shifted OU,3,2.020833333333333,0.02559404357368039,0.1540311992531471,True,0,2.4,0,0.05
shifted_ou,Treatment-shifted OU,3,2.0416666666666665,0.01919494369172983,,False,0,2.4,0,0.05
shifted_ou,Treatment-shifted OU,3,2.0625,0.025555009784729486,,False,0,2.4,0,0.05
shifted_ou,Treatment-shifted OU,3,2.083333333333333,0.0634891832986215,,False,0,2.4,0,0.05
shifted_ou,Treatment-shifted OU,3,2.1041666666666665,0.06641536602593794,0.05770062337247445,True,0,2.4,0,0.05
shifted_ou,Treatment-shifted OU,3,2.125,0.05584185391955099,,False,0,2.4,0,0.05
shifted_ou,Treatment-shifted OU,3,2.145833333333333,0.02904788132115483,0.12419328994328396,True,0,2.4,0,0.05
shifted_ou,Treatment-shifted OU,3,2.1666666666666665,0.04425532432476591,0.19063398538262005,True,0,2.4,0,0.05
shifted_ou,Treatment-shifted OU,3,2.1875,0.035354953803100456,0.1593810177092455,True,0,2.4,0,0.05
shifted_ou,Treatment-shifted OU,3,2.208333333333333,0.038150143506608634,,False,0,2.4,0,0.05
shifted_ou,Treatment-shifted OU,3,2.2291666666666665,0.012876397695285802,0.06475691960195529,True,0,2.4,0,0.05
shifted_ou,Treatment-shifted OU,3,2.25,0.025438818227554373,,False,0,2.4,0,0.05
shifted_ou,Treatment-shifted OU,3,2.270833333333333,0.028124418099441217,,False,0,2.4,0,0.05
shifted_ou,Treatment-shifted OU,3,2.2916666666666665,0.01925766678118339,,False,0,2.4,0,0.05
shifted_ou,Treatment-shifted OU,3,2.3125,-0.006321581635984879,0.23151218611267077,True,0,2.4,0,0.05
shifted_ou,Treatment-shifted OU,3,2.333333333333333,0.04199188458142373,-0.03516188186689643,True,0,2.4,0,0.05
shifted_ou,Treatment-shifted OU,3,2.3541666666666665,0.06695928253177408,,False,0,2.4,0,0.05
shifted_ou,Treatment-shifted OU,3,2.375,0.09827206714100256,,False,0,2.4,0,0.05
shifted_ou,Treatment-shifted OU,3,2.395833333333333,0.07566526100270751,0.026399813614842504,True,0,2.4,0,0.05
shifted_ou,Treatment-shifted OU,3,2.4166666666666665,0.11012717871079496,0.06573621361084298,True,1,2.4,0,0.75
shifted_ou,Treatment-shifted OU,3,2.4375,0.10181406699338938,,False,1,2.4,0,0.75
shifted_ou,Treatment-shifted OU,3,2.458333333333333,0.14471657956459416,,False,1,2.4,0,0.75
shifted_ou,Treatment-shifted OU,3,2.4791666666666665,0.11187216046901477,0.07605601828051586,True,1,2.4,0,0.75
shifted_ou,Treatment-shifted OU,3,2.5,0.11417664596555126,0.17708495279405934,True,1,2.4,0,0.75
shifted_ou,Treatment-shifted OU,3,2.520833333333333,0.10469061460891943,,False,1,2.4,0,0.75
shifted_ou,Treatment-shifted OU,3,2.5416666666666665,0.11682202091903361,4.4014247343709956e-05,True,1,2.4,0,0.75
shifted_ou,Treatment-shifted OU,3,2.5625,0.11184073592587192,,False,1,2.4,0,0.75
shifted_ou,Treatment-shifted OU,3,2.583333333333333,0.11832758602004119,,False,1,2.4,0,0.75
shifted_ou,Treatment-shifted OU,3,2.6041666666666665,0.11762501564174442,0.045625290318457024,True,1,2.4,0,0.75
shifted_ou,Treatment-shifted OU,3,2.625,0.13963042470257345,,False,1,2.4,0,0.75
shifted_ou,Treatment-shifted OU,3,2.645833333333333,0.155976994993435,,False,1,2.4,0,0.75
shifted_ou,Treatment-shifted OU,3,2.6666666666666665,0.17983813800781556,,False,1,2.4,0,0.75
shifted_ou,Treatment-shifted OU,3,2.6875,0.1710306261853675,0.1688025889375562,True,1,2.4,0,0.75
shifted_ou,Treatment-shifted OU,3,2.708333333333333,0.15664901890094185,-0.07595673256114968,True,1,2.4,0,0.75
shifted_ou,Treatment-shifted OU,3,2.7291666666666665,0.14747789437147044,0.20075180930330283,True,1,2.4,0,0.75
shifted_ou,Treatment-shifted OU,3,2.75,0.16741374113036858,0.19957562754947616,True,1,2.4,0,0.75
shifted_ou,Treatment-shifted OU,3,2.770833333333333,0.1768951914816995,,False,1,2.4,0,0.75
shifted_ou,Treatment-shifted OU,3,2.7916666666666665,0.22299309422770175,,False,1,2.4,0,0.75
shifted_ou,Treatment-shifted OU,3,2.8125,0.22860716146847912,,False,1,2.4,0,0.75
shifted_ou,Treatment-shifted OU,3,2.833333333333333,0.23720469589076407,,False,1,2.4,0,0.75
shifted_ou,Treatment-shifted OU,3,2.8541666666666665,0.2963105285466614,,False,1,2.4,0,0.75
shifted_ou,Treatment-shifted OU,3,2.875,0.2783470761453462,,False,1,2.4,0,0.75
shifted_ou,Treatment-shifted OU,3,2.895833333333333,0.25487369177064295,,False,1,2.4,0,0.75
shifted_ou,Treatment-shifted OU,3,2.9166666666666665,0.2839222652529796,0.32066334197515334,True,1,2.4,0,0.75
shifted_ou,Treatment-shifted OU,3,2.9375,0.2850113159417117,,False,1,2.4,0,0.75
shifted_ou,Treatment-shifted OU,3,2.958333333333333,0.2876189366022297,,False,1,2.4,0,0.75
shifted_ou,Treatment-shifted OU,3,2.9791666666666665,0.3207503357443364,0.34869527235942016,True,1,2.4,0,0.75
shifted_ou,Treatment-shifted OU,3,3.0,0.36090480101781863,,False,1,2.4,0,0.75
shifted_ou,Treatment-shifted OU,3,3.020833333333333,0.3392201558620145,0.22318186738697554,True,1,2.4,0,0.75
shifted_ou,Treatment-shifted OU,3,3.0416666666666665,0.31783861598294727,,False,1,2.4,0,0.75
shifted_ou,Treatment-shifted OU,3,3.0625,0.34234902075183643,,False,1,2.4,0,0.75
shifted_ou,Treatment-shifted OU,3,3.083333333333333,0.37583302252969053,,False,1,2.4,0,0.75
shifted_ou,Treatment-shifted OU,3,3.1041666666666665,0.3810571208744043,0.41369968884675234,True,1,2.4,0,0.75
shifted_ou,Treatment-shifted OU,3,3.125,0.4233858731318166,,False,1,2.4,0,0.75
shifted_ou,Treatment-shifted OU,3,3.145833333333333,0.42982498420066123,0.3490002429893361,True,1,2.4,0,0.75
shifted_ou,Treatment-shifted OU,3,3.1666666666666665,0.4476841928554794,,False,1,2.4,0,0.75
shifted_ou,Treatment-shifted OU,3,3.1875,0.43137466239227507,0.34703664847336657,True,1,2.4,0,0.75
shifted_ou,Treatment-shifted OU,3,3.208333333333333,0.3838313602455314,,False,1,2.4,0,0.75
shifted_ou,Treatment-shifted OU,3,3.2291666666666665,0.3731016137827855,,False,1,2.4,0,0.75
shifted_ou,Treatment-shifted OU,3,3.25,0.3678833763491133,0.3558583190851843,True,1,2.4,0,0.75
shifted_ou,Treatment-shifted OU,3,3.270833333333333,0.37500862634139054,0.4110794519692368,True,1,2.4,0,0.75
shifted_ou,Treatment-shifted OU,3,3.2916666666666665,0.36744497577483404,0.46140104974437696,True,1,2.4,0,0.75
shifted_ou,Treatment-shifted OU,3,3.3125,0.3660870218121891,0.38066835605238497,True,1,2.4,0,0.75
shifted_ou,Treatment-shifted OU,3,3.333333333333333,0.39914197779515753,,False,1,2.4,0,0.75
shifted_ou,Treatment-shifted OU,3,3.3541666666666665,0.39346033561416255,0.5162690738377889,True,1,2.4,0,0.75
shifted_ou,Treatment-shifted OU,3,3.375,0.44529042856398793,,False,1,2.4,0,0.75
shifted_ou,Treatment-shifted OU,3,3.395833333333333,0.43997614034862437,,False,1,2.4,0,0.75
shifted_ou,Treatment-shifted OU,3,3.4166666666666665,0.43832650480692703,,False,1,2.4,0,0.75
shifted_ou,Treatment-shifted OU,3,3.4375,0.41565396476654304,0.33439925938638493,True,1,2.4,0,0.75
shifted_ou,Treatment-shifted OU,3,3.458333333333333,0.4511269602003274,,False,1,2.4,0,0.75
shifted_ou,Treatment-shifted OU,3,3.4791666666666665,0.43736740862114537,,False,1,2.4,0,0.75
shifted_ou,Treatment-shifted OU,3,3.5,0.43682471252116223,,False,1,2.4,0,0.75
shifted_ou,Treatment-shifted OU,3,3.520833333333333,0.46233390627412463,,False,1,2.4,0,0.75
shifted_ou,Treatment-shifted OU,3,3.5416666666666665,0.4540474854979694,,False,1,2.4,0,0.75
shifted_ou,Treatment-shifted OU,3,3.5625,0.4998399393014731,0.5323028143401405,True,1,2.4,0,0.75
shifted_ou,Treatment-shifted OU,3,3.583333333333333,0.507737226534809,,False,1,2.4,0,0.75
shifted_ou,Treatment-shifted OU,3,3.6041666666666665,0.4781733898110443,,False,1,2.4,0,0.75
shifted_ou,Treatment-shifted OU,3,3.625,0.4842515964974093,,False,1,2.4,0,0.75
shifted_ou,Treatment-shifted OU,3,3.645833333333333,0.4948335548108734,,False,1,2.4,0,0.75
shifted_ou,Treatment-shifted OU,3,3.6666666666666665,0.4982123772890563,0.42351501934533686,True,1,2.4,0,0.75
shifted_ou,Treatment-shifted OU,3,3.6875,0.5150301979644182,0.6003183788712299,True,1,2.4,0,0.75
shifted_ou,Treatment-shifted OU,3,3.708333333333333,0.529427049599106,,False,1,2.4,0,0.75
shifted_ou,Treatment-shifted OU,3,3.7291666666666665,0.5598439491926398,0.48305468019345116,True,1,2.4,0,0.75
shifted_ou,Treatment-shifted OU,3,3.75,0.6362219067281784,0.7137823509129326,True,1,2.4,0,0.75
shifted_ou,Treatment-shifted OU,3,3.770833333333333,0.6587126697618689,0.7476416190218477,True,1,2.4,0,0.75
shifted_ou,Treatment-shifted OU,3,3.7916666666666665,0.6426881798472821,,False,1,2.4,0,0.75
shifted_ou,Treatment-shifted OU,3,3.8125,0.6368324364111587,,False,1,2.4,0,0.75
shifted_ou,Treatment-shifted OU,3,3.833333333333333,0.6341500735895795,0.47938955175997816,True,1,2.4,0,0.75
shifted_ou,Treatment-shifted OU,3,3.8541666666666665,0.6673755230353151,,False,1,2.4,0,0.75
shifted_ou,Treatment-shifted OU,3,3.875,0.6644369896492858,0.6501029940781456,True,1,2.4,0,0.75
shifted_ou,Treatment-shifted OU,3,3.895833333333333,0.639234933400557,,False,1,2.4,0,0.75
shifted_ou,Treatment-shifted OU,3,3.9166666666666665,0.6574525430258291,0.7429695393138384,True,1,2.4,0,0.75
shifted_ou,Treatment-shifted OU,3,3.9375,0.6401957201142612,,False,1,2.4,0,0.75
shifted_ou,Treatment-shifted OU,3,3.958333333333333,0.6078321733136763,0.6704990984892986,True,1,2.4,0,0.75
shifted_ou,Treatment-shifted OU,3,3.9791666666666665,0.6131348523786905,0.4361349850380243,True,1,2.4,0,0.75
shifted_ou,Treatment-shifted OU,3,4.0,0.5983063409042965,0.6127378566663217,True,1,2.4,0,0.75
shifted_ou,Treatment-shifted OU,3,4.020833333333333,0.5728406335489186,0.7001365078684494,True,1,2.4,0,0.75
shifted_ou,Treatment-shifted OU,3,4.041666666666666,0.5373890770470141,0.6024511789203109,True,1,2.4,0,0.75
shifted_ou,Treatment-shifted OU,3,4.0625,0.4976534934689352,0.3024565665715594,True,1,2.4,0,0.75
shifted_ou,Treatment-shifted OU,3,4.083333333333333,0.4646766336769194,,False,1,2.4,0,0.75
shifted_ou,Treatment-shifted OU,3,4.104166666666666,0.47296376974600246,0.3913198720908923,True,1,2.4,0,0.75
shifted_ou,Treatment-shifted OU,3,4.125,0.4721288572305687,,False,1,2.4,0,0.75
shifted_ou,Treatment-shifted OU,3,4.145833333333333,0.47724580022588653,0.35008906984899146,True,1,2.4,0,0.75
shifted_ou,Treatment-shifted OU,3,4.166666666666666,0.4648466451212099,0.39151698187930506,True,1,2.4,0,0.75
shifted_ou,Treatment-shifted OU,3,4.1875,0.48996158788606503,0.6014704579958512,True,1,2.4,0,0.75
shifted_ou,Treatment-shifted OU,3,4.208333333333333,0.5152196608973016,0.6379116241148244,True,1,2.4,0,0.75
shifted_ou,Treatment-shifted OU,3,4.229166666666666,0.551407424916018,0.5497456163250728,True,1,2.4,0,0.75
shifted_ou,Treatment-shifted OU,3,4.25,0.5717912313470658,0.5739002651215539,True,1,2.4,0,0.75
shifted_ou,Treatment-shifted OU,3,4.270833333333333,0.5807253459592072,0.5482164491394435,True,1,2.4,0,0.75
shifted_ou,Treatment-shifted OU,3,4.291666666666666,0.5553482825804458,,False,1,2.4,0,0.75
shifted_ou,Treatment-shifted OU,3,4.3125,0.5474897476398788,0.590438693171899,True,1,2.4,0,0.75
shifted_ou,Treatment-shifted OU,3,4.333333333333333,0.5178322169893695,0.6189390571422763,True,1,2.4,0,0.75
shifted_ou,Treatment-shifted OU,3,4.354166666666666,0.5093863709247474,0.5508062358774912,True,1,2.4,0,0.75
shifted_ou,Treatment-shifted OU,3,4.375,0.5178244297638365,,False,1,2.4,0,0.75
shifted_ou,Treatment-shifted OU,3,4.395833333333333,0.5201551527051773,0.5415712912402066,True,1,2.4,0,0.75
shifted_ou,Treatment-shifted OU,3,4.416666666666666,0.5353985548730673,0.47058135816160906,True,1,2.4,0,0.75
shifted_ou,Treatment-shifted OU,3,4.4375,0.5492943982788824,0.787877236783944,True,1,2.4,0,0.75
shifted_ou,Treatment-shifted OU,3,4.458333333333333,0.5711360736512694,0.49388868801144525,True,1,2.4,0,0.75
shifted_ou,Treatment-shifted OU,3,4.479166666666666,0.5513904903926353,,False,1,2.4,0,0.75
shifted_ou,Treatment-shifted OU,3,4.5,0.5670692211370272,,False,1,2.4,0,0.75
shifted_ou,Treatment-shifted OU,3,4.520833333333333,0.5683792431599063,0.5991843796449775,True,1,2.4,0,0.75
shifted_ou,Treatment-shifted OU,3,4.541666666666666,0.5674090393496194,0.4691491897069726,True,1,2.4,0,0.75
shifted_ou,Treatment-shifted OU,3,4.5625,0.585885318003988,0.689807182229068,True,1,2.4,0,0.75
shifted_ou,Treatment-shifted OU,3,4.583333333333333,0.5629944575515612,0.5121673583515919,True,1,2.4,0,0.75
shifted_ou,Treatment-shifted OU,3,4.604166666666666,0.5709538182669487,,False,1,2.4,0,0.75
shifted_ou,Treatment-shifted OU,3,4.625,0.5078496405333617,,False,1,2.4,0,0.75
shifted_ou,Treatment-shifted OU,3,4.645833333333333,0.4466638240027961,0.5732471077445533,True,1,2.4,0,0.75
shifted_ou,Treatment-shifted OU,3,4.666666666666666,0.4660802963189201,,False,1,2.4,0,0.75
shifted_ou,Treatment-shifted OU,3,4.6875,0.44975638822099934,,False,1,2.4,0,0.75
shifted_ou,Treatment-shifted OU,3,4.708333333333333,0.4624163952848598,,False,1,2.4,0,0.75
shifted_ou,Treatment-shifted OU,3,4.729166666666666,0.494735113653143,,False,1,2.4,0,0.75
shifted_ou,Treatment-shifted OU,3,4.75,0.5199315578331813,,False,1,2.4,0,0.75
shifted_ou,Treatment-shifted OU,3,4.770833333333333,0.5427070643119717,,False,1,2.4,0,0.75
shifted_ou,Treatment-shifted OU,3,4.791666666666666,0.5810511359029135,,False,1,2.4,0,0.75
shifted_ou,Treatment-shifted OU,3,4.8125,0.6005441299927649,,False,1,2.4,0,0.75
shifted_ou,Treatment-shifted OU,3,4.833333333333333,0.6197623383728234,,False,1,2.4,0,0.75
shifted_ou,Treatment-shifted OU,3,4.854166666666666,0.6016247369341777,0.4523792483860851,True,1,2.4,0,0.75
shifted_ou,Treatment-shifted OU,3,4.875,0.6296906795697748,,False,1,2.4,0,0.75
shifted_ou,Treatment-shifted OU,3,4.895833333333333,0.6453094670723576,,False,1,2.4,0,0.75
shifted_ou,Treatment-shifted OU,3,4.916666666666666,0.6296954221681207,,False,1,2.4,0,0.75
shifted_ou,Treatment-shifted OU,3,4.9375,0.6321231944402586,0.5432489992219723,True,1,2.4,0,0.75
shifted_ou,Treatment-shifted OU,3,4.958333333333333,0.6807717191408784,0.6073492639710135,True,1,2.4,0,0.75
shifted_ou,Treatment-shifted OU,3,4.979166666666666,0.6669612572846266,,False,1,2.4,0,0.75
shifted_ou,Treatment-shifted OU,3,5.0,0.6569031757317779,0.6652866912852935,True,1,2.4,0,0.75
ou_jump,OU with compound-Poisson jumps,4,0.0,0.1,0.09345780432353748,True,0,,0,0.05
ou_jump,OU with compound-Poisson jumps,4,0.020833333333333332,0.10881454999008308,,False,0,,0,0.05
ou_jump,OU with compound-Poisson jumps,4,0.041666666666666664,0.10478240773123776,-0.02666790583522513,True,0,,0,0.05
ou_jump,OU with compound-Poisson jumps,4,0.0625,0.09510981185609528,,False,0,,0,0.05
ou_jump,OU with compound-Poisson jumps,4,0.08333333333333333,0.0703994069541295,-0.008622250719848068,True,0,,0,0.05
ou_jump,OU with compound-Poisson jumps,4,0.10416666666666666,0.06428282049881945,,False,0,,0,0.05
ou_jump,OU with compound-Poisson jumps,4,0.125,0.07702485891035829,,False,0,,0,0.05
ou_jump,OU with compound-Poisson jumps,4,0.14583333333333331,0.07110779032322122,,False,0,,0,0.05
ou_jump,OU with compound-Poisson jumps,4,0.16666666666666666,0.06433361387073205,,False,0,,0,0.05
ou_jump,OU with compound-Poisson jumps,4,0.1875,0.08414538682607252,,False,0,,0,0.05
ou_jump,OU with compound-Poisson jumps,4,0.20833333333333331,0.10554334240044179,,False,0,,0,0.05
ou_jump,OU with compound-Poisson jumps,4,0.22916666666666666,0.11862664165384279,,False,0,,0,0.05
ou_jump,OU with compound-Poisson jumps,4,0.25,0.13558743882127203,0.09840798045086037,True,0,,0,0.05
ou_jump,OU with compound-Poisson jumps,4,0.2708333333333333,0.1572661660112898,,False,0,,0,0.05
ou_jump,OU with compound-Poisson jumps,4,0.29166666666666663,0.16115712761296683,,False,0,,0,0.05
ou_jump,OU with compound-Poisson jumps,4,0.3125,0.16274419556876057,,False,0,,0,0.05
ou_jump,OU with compound-Poisson jumps,4,0.3333333333333333,0.16313462294365205,-0.019183186618096204,True,0,,0,0.05
ou_jump,OU with compound-Poisson jumps,4,0.35416666666666663,0.17338996712481286,0.13302302046708275,True,0,,0,0.05
ou_jump,OU with compound-Poisson jumps,4,0.375,0.19889763311516065,,False,0,,0,0.05
ou_jump,OU with compound-Poisson jumps,4,0.3958333333333333,0.16815685186774845,0.0620869203867255,True,0,,0,0.05
ou_jump,OU with compound-Poisson jumps,4,0.41666666666666663,0.17956471060593912,0.08345143367763015,True,0,,0,0.05
ou_jump,OU with compound-Poisson jumps,4,0.4375,0.1935018429601525,,False,0,,0,0.05
ou_jump,OU with compound-Poisson jumps,4,0.4583333333333333,0.20553180148414238,,False,0,,0,0.05
ou_jump,OU with compound-Poisson jumps,4,0.47916666666666663,0.2204812194134401,,False,0,,0,0.05
ou_jump,OU with compound-Poisson jumps,4,0.5,0.26621659040171736,0.24703367344674704,True,0,,0,0.05
ou_jump,OU with compound-Poisson jumps,4,0.5208333333333333,0.30291193924312054,0.3790936809729026,True,0,,0,0.05
ou_jump,OU with compound-Poisson jumps,4,0.5416666666666666,0.29091867618031203,0.26977515377967026,True,0,,0,0.05
ou_jump,OU with compound-Poisson jumps,4,0.5625,0.2694964045351248,,False,0,,0,0.05
ou_jump,OU with compound-Poisson jumps,4,0.5833333333333333,0.2842080742610391,,False,0,,0,0.05
ou_jump,OU with compound-Poisson jumps,4,0.6041666666666666,0.3154991668231303,,False,0,,0,0.05
ou_jump,OU with compound-Poisson jumps,4,0.625,0.27714055581159236,,False,0,,0,0.05
ou_jump,OU with compound-Poisson jumps,4,0.6458333333333333,0.24197240333476439,,False,0,,0,0.05
ou_jump,OU with compound-Poisson jumps,4,0.6666666666666666,0.23684950003214786,,False,0,,0,0.05
ou_jump,OU with compound-Poisson jumps,4,0.6875,0.21158205902885374,0.15148686527489585,True,0,,0,0.05
ou_jump,OU with compound-Poisson jumps,4,0.7083333333333333,0.21032916993858133,0.2045052054300315,True,0,,0,0.05
ou_jump,OU with compound-Poisson jumps,4,0.7291666666666666,0.19899935034348223,,False,0,,0,0.05
ou_jump,OU with compound-Poisson jumps,4,0.75,0.2010848992402405,,False,0,,0,0.05
ou_jump,OU with compound-Poisson jumps,4,0.7708333333333333,0.31890297836263937,0.27824295965881096,True,0,,0,0.05
ou_jump,OU with compound-Poisson jumps,4,0.7916666666666666,0.3259522848403675,0.19331210696302026,True,0,,0,0.05
ou_jump,OU with compound-Poisson jumps,4,0.8125,0.31758060466155313,,False,0,,0,0.05
ou_jump,OU with compound-Poisson jumps,4,0.8333333333333333,-0.02688298210904272,,False,0,,0,0.05
ou_jump,OU with compound-Poisson jumps,4,0.8541666666666666,-0.04012218252297039,-0.041832908635635574,True,0,,0,0.05
ou_jump,OU with compound-Poisson jumps,4,0.875,-0.04254682315697446,-0.060909142538175996,True,0,,0,0.05
ou_jump,OU with compound-Poisson jumps,4,0.8958333333333333,-0.05094348328313682,,False,0,,0,0.05
ou_jump,OU with compound-Poisson jumps,4,0.9166666666666666,-0.08443106612204843,-0.05940942517252573,True,0,,0,0.05
ou_jump,OU with compound-Poisson jumps,4,0.9375,-0.07195188275313,0.030940935342055498,True,0,,0,0.05
ou_jump,OU with compound-Poisson jumps,4,0.9583333333333333,-0.037224542161952354,-0.04832289500271022,True,0,,0,0.05
ou_jump,OU with compound-Poisson jumps,4,0.9791666666666666,-0.02093850893283334,,False,0,,0,0.05
ou_jump,OU with compound-Poisson jumps,4,1.0,-0.03305302708042501,-0.12232509308658117,True,0,,0,0.05
ou_jump,OU with compound-Poisson jumps,4,1.0208333333333333,-0.02046103452783052,-0.08394686954296134,True,0,,0,0.05
ou_jump,OU with compound-Poisson jumps,4,1.0416666666666665,-0.051389043224761156,,False,0,,0,0.05
ou_jump,OU with compound-Poisson jumps,4,1.0625,-0.03535359304795185,,False,0,,0,0.05
ou_jump,OU with compound-Poisson jumps,4,1.0833333333333333,-0.047293515669013506,,False,0,,0,0.05
ou_jump,OU with compound-Poisson jumps,4,1.1041666666666665,-0.06249101062545366,0.020718275897838895,True,0,,0,0.05
ou_jump,OU with compound-Poisson jumps,4,1.125,-0.0643240102008954,,False,0,,0,0.05
ou_jump,OU with compound-Poisson jumps,4,1.1458333333333333,-0.08261420864778188,,False,0,,0,0.05
ou_jump,OU with compound-Poisson jumps,4,1.1666666666666665,-0.10453316347695846,,False,0,,0,0.05
ou_jump,OU with compound-Poisson jumps,4,1.1875,-0.12482605421508214,,False,0,,0,0.05
ou_jump,OU with compound-Poisson jumps,4,1.2083333333333333,-0.14861371475526447,,False,0,,0,0.05
ou_jump,OU with compound-Poisson jumps,4,1.2291666666666665,-0.14366782128338193,,False,0,,0,0.05
ou_jump,OU with compound-Poisson jumps,4,1.25,-0.1369713559226118,-0.2058822955518566,True,0,,0,0.05
ou_jump,OU with compound-Poisson jumps,4,1.2708333333333333,-0.15500287454512943,,False,0,,0,0.05
ou_jump,OU with compound-Poisson jumps,4,1.2916666666666665,-0.12115829713165902,,False,0,,0,0.05
ou_jump,OU with compound-Poisson jumps,4,1.3125,-0.13106942569523355,,False,0,,0,0.05
ou_jump,OU with compound-Poisson jumps,4,1.3333333333333333,-0.13389958452334713,-0.10422350607522553,True,0,,0,0.05
ou_jump,OU with compound-Poisson jumps,4,1.3541666666666665,-0.11811710419224004,,False,0,,0,0.05
ou_jump,OU with compound-Poisson jumps,4,1.375,-0.1021254817126007,,False,0,,0,0.05
ou_jump,OU with compound-Poisson jumps,4,1.3958333333333333,-0.1526667265412628,-0.03509639003581222,True,0,,0,0.05
ou_jump,OU with compound-Poisson jumps,4,1.4166666666666665,-0.14199136165907505,,False,0,,0,0.05
ou_jump,OU with compound-Poisson jumps,4,1.4375,-0.1252505710231836,-0.3044988144619353,True,0,,0,0.05
ou_jump,OU with compound-Poisson jumps,4,1.4583333333333333,-0.14580322065679943,,False,0,,0,0.05
ou_jump,OU with compound-Poisson jumps,4,1.4791666666666665,-0.10634834088045036,-0.10856887499411629,True,0,,0,0.05
ou_jump,OU with compound-Poisson jumps,4,1.5,-0.07435191421953767,,False,0,,0,0.05
ou_jump,OU with compound-Poisson jumps,4,1.5208333333333333,-0.07959605276439069,,False,0,,0,0.05
ou_jump,OU with compound-Poisson jumps,4,1.5416666666666665,-0.0921328855195588,,False,0,,0,0.05
ou_jump,OU with compound-Poisson jumps,4,1.5625,-0.12499184397054489,,False,0,,0,0.05
ou_jump,OU with compound-Poisson jumps,4,1.5833333333333333,-0.1207897081965592,-0.1035878160457843,True,0,,0,0.05
ou_jump,OU with compound-Poisson jumps,4,1.6041666666666665,-0.12133875946200705,,False,0,,0,0.05
ou_jump,OU with compound-Poisson jumps,4,1.625,-0.13748250611881704,,False,0,,0,0.05
ou_jump,OU with compound-Poisson jumps,4,1.6458333333333333,-0.10370953121455595,,False,0,,0,0.05
ou_jump,OU with compound-Poisson jumps,4,1.6666666666666665,-0.112834919874907,,False,0,,0,0.05
ou_jump,OU with compound-Poisson jumps,4,1.6875,-0.1294018980439734,-0.24102359834123643,True,0,,0,0.05
ou_jump,OU with compound-Poisson jumps,4,1.7083333333333333,-0.14498439862020626,,False,0,,0,0.05
ou_jump,OU with compound-Poisson jumps,4,1.7291666666666665,-0.15904267274219058,,False,0,,0,0.05
ou_jump,OU with compound-Poisson jumps,4,1.75,-0.1508968220029976,-0.17249234737471805,True,0,,0,0.05
ou_jump,OU with compound-Poisson jumps,4,1.7708333333333333,-0.1903616465853133,-0.007821448999939501,True,0,,0,0.05
ou_jump,OU with compound-Poisson jumps,4,1.7916666666666665,-0.15174451526646965,-0.2575388281015909,True,0,,0,0.05
ou_jump,OU with compound-Poisson jumps,4,1.8125,-0.15851500405130117,-0.22382973625402658,True,0,,0,0.05
ou_jump,OU with compound-Poisson jumps,4,1.8333333333333333,-0.1447281623687406,,False,0,,0,0.05
ou_jump,OU with compound-Poisson jumps,4,1.8541666666666665,-0.14616558150689252,,False,0,,0,0.05
ou_jump,OU with compound-Poisson jumps,4,1.875,-0.15131595832750694,,False,0,,0,0.05
ou_jump,OU with compound-Poisson jumps,4,1.8958333333333333,-0.15721989907418907,,False,0,,0,0.05
ou_jump,OU with compound-Poisson jumps,4,1.9166666666666665,-0.17448943642171016,-0.1183996988885944,True,0,,0,0.05
ou_jump,OU with compound-Poisson jumps,4,1.9375,-0.18270202994138357,-0.21834038090865515,True,0,,0,0.05
ou_jump,OU with compound-Poisson jumps,4,1.9583333333333333,-0.15528801285148278,-0.05753019354370882,True,0,,0,0.05
ou_jump,OU with compound-Poisson jumps,4,1.9791666666666665,-0.17553423170121887,-0.2574976852407482,True,0,,0,0.05
ou_jump,OU with compound-Poisson jumps,4,2.0,-0.1749472479035695,,False,0,,0,0.05
ou_jump,OU with compound-Poisson jumps,4,2.020833333333333,-0.17437554805195538,,False,0,,0,0.05
ou_jump,OU with compound-Poisson jumps,4,2.0416666666666665,-0.19153552553472863,,False,0,,0,0.05
ou_jump,OU with compound-Poisson jumps,4,2.0625,-0.20606012325338438,,False,0,,0,0.05
ou_jump,OU with compound-Poisson jumps,4,2.083333333333333,-0.21081243657789575,,False,0,,0,0.05
ou_jump,OU with compound-Poisson jumps,4,2.1041666666666665,-0.16555483281859545,,False,0,,0,0.05
ou_jump,OU with compound-Poisson jumps,4,2.125,-0.16209644285005068,,False,0,,0,0.05
ou_jump,OU with compound-Poisson jumps,4,2.145833333333333,-0.1444081382706509,-0.11536936723366104,True,0,,0,0.05
ou_jump,OU with compound-Poisson jumps,4,2.1666666666666665,-0.16769989103079747,,False,0,,0,0.05
ou_jump,OU with compound-Poisson jumps,4,2.1875,-0.1673310457559282,,False,0,,0,0.05
ou_jump,OU with compound-Poisson jumps,4,2.208333333333333,-0.15284440518799822,-0.18445092327196577,True,0,,0,0.05
ou_jump,OU with compound-Poisson jumps,4,2.2291666666666665,-0.1609543664316345,,False,0,,0,0.05
ou_jump,OU with compound-Poisson jumps,4,2.25,-0.2007124232009312,-0.28732398950686727,True,0,,0,0.05
ou_jump,OU with compound-Poisson jumps,4,2.270833333333333,-0.19665201949251312,-0.21233806732335048,True,0,,0,0.05
ou_jump,OU with compound-Poisson jumps,4,2.2916666666666665,-0.20707799377852623,-0.15180820518784569,True,0,,0,0.05
ou_jump,OU with compound-Poisson jumps,4,2.3125,-0.17345356952315866,,False,0,,0,0.05
ou_jump,OU with compound-Poisson jumps,4,2.333333333333333,-0.13907972789961398,,False,0,,0,0.05
ou_jump,OU with compound-Poisson jumps,4,2.3541666666666665,-0.10547553471148098,-0.16789192413635512,True,0,,0,0.05
ou_jump,OU with compound-Poisson jumps,4,2.375,-0.08026501836420064,,False,0,,0,0.05
ou_jump,OU with compound-Poisson jumps,4,2.395833333333333,-0.07961398074489279,,False,0,,0,0.05
ou_jump,OU with compound-Poisson jumps,4,2.4166666666666665,-0.07693186682380868,0.022698937088286797,True,0,,0,0.05
ou_jump,OU with compound-Poisson jumps,4,2.4375,-0.1013235385763663,-0.14755699187542537,True,0,,0,0.05
ou_jump,OU with compound-Poisson jumps,4,2.458333333333333,-0.13203050675014807,,False,0,,0,0.05
ou_jump,OU with compound-Poisson jumps,4,2.4791666666666665,-0.10169180875611297,,False,0,,0,0.05
ou_jump,OU with compound-Poisson jumps,4,2.5,-0.1022508565303189,-0.22228676886865428,True,0,,0,0.05
ou_jump,OU with compound-Poisson jumps,4,2.520833333333333,-0.104995848215355,,False,0,,0,0.05
ou_jump,OU with compound-Poisson jumps,4,2.5416666666666665,-0.09970709441141887,,False,0,,0,0.05
ou_jump,OU with compound-Poisson jumps,4,2.5625,-0.11710315912547622,,False,0,,0,0.05
ou_jump,OU with compound-Poisson jumps,4,2.583333333333333,-0.11484858424063478,-0.06570267747899912,True,0,,0,0.05
ou_jump,OU with compound-Poisson jumps,4,2.6041666666666665,-0.10165991427073981,-0.15694727042032056,True,0,,0,0.05
ou_jump,OU with compound-Poisson jumps,4,2.625,-0.11510456808855724,-0.17423086076904562,True,0,,0,0.05
ou_jump,OU with compound-Poisson jumps,4,2.645833333333333,-0.08378850047888303,,False,0,,0,0.05
ou_jump,OU with compound-Poisson jumps,4,2.6666666666666665,-0.0893029376259624,,False,0,,0,0.05
ou_jump,OU with compound-Poisson jumps,4,2.6875,-0.06751900655975046,-0.03583710929101886,True,0,,0,0.05
ou_jump,OU with compound-Poisson jumps,4,2.708333333333333,-0.07970670873001179,,False,0,,0,0.05
ou_jump,OU with compound-Poisson jumps,4,2.7291666666666665,-0.030665885135462582,-0.015533982239482364,True,0,,0,0.05
ou_jump,OU with compound-Poisson jumps,4,2.75,-0.011546673038288952,,False,0,,0,0.05
ou_jump,OU with compound-Poisson jumps,4,2.770833333333333,-0.0003747240962254407,,False,0,,0,0.05
ou_jump,OU with compound-Poisson jumps,4,2.7916666666666665,0.009986760610352826,-0.04520467846664364,True,0,,0,0.05
ou_jump,OU with compound-Poisson jumps,4,2.8125,-0.0016801750733357254,,False,0,,0,0.05
ou_jump,OU with compound-Poisson jumps,4,2.833333333333333,-0.023599394296282248,0.01051972324191008,True,0,,0,0.05
ou_jump,OU with compound-Poisson jumps,4,2.8541666666666665,-0.04242667988034777,-0.05241219116820112,True,0,,0,0.05
ou_jump,OU with compound-Poisson jumps,4,2.875,-0.05076671642240069,-0.07133521721593307,True,0,,0,0.05
ou_jump,OU with compound-Poisson jumps,4,2.895833333333333,-0.023792157871443224,,False,0,,0,0.05
ou_jump,OU with compound-Poisson jumps,4,2.9166666666666665,-0.0628227185574442,-0.006894288870373487,True,0,,0,0.05
ou_jump,OU with compound-Poisson jumps,4,2.9375,-0.06345930393400187,-0.026615273719647448,True,0,,0,0.05
ou_jump,OU with compound-Poisson jumps,4,2.958333333333333,-0.07416744259276617,,False,0,,0,0.05
ou_jump,OU with compound-Poisson jumps,4,2.9791666666666665,-0.06473270950677898,,False,0,,0,0.05
ou_jump,OU with compound-Poisson jumps,4,3.0,-0.08075834361822819,-0.16422138070049236,True,0,,0,0.05
ou_jump,OU with compound-Poisson jumps,4,3.020833333333333,-0.07602932717680147,-0.10202940828314792,True,0,,0,0.05
ou_jump,OU with compound-Poisson jumps,4,3.0416666666666665,-0.0609888542023041,-0.1015674586301229,True,0,,0,0.05
ou_jump,OU with compound-Poisson jumps,4,3.0625,-0.06942133222598178,,False,0,,0,0.05
ou_jump,OU with compound-Poisson jumps,4,3.083333333333333,-0.0678586046489065,,False,0,,0,0.05
ou_jump,OU with compound-Poisson jumps,4,3.1041666666666665,-0.08304754661977279,,False,0,,0,0.05
ou_jump,OU with compound-Poisson jumps,4,3.125,-0.09940393713428229,,False,0,,0,0.05
ou_jump,OU with compound-Poisson jumps,4,3.145833333333333,-0.09511716503452307,,False,0,,0,0.05
ou_jump,OU with compound-Poisson jumps,4,3.1666666666666665,-0.1341669336472625,,False,0,,0,0.05
ou_jump,OU with compound-Poisson jumps,4,3.1875,-0.12842341623608847,,False,0,,0,0.05
ou_jump,OU with compound-Poisson jumps,4,3.208333333333333,-0.12351087177671281,,False,0,,0,0.05
ou_jump,OU with compound-Poisson jumps,4,3.2291666666666665,-0.11911875741385074,-0.16919211702263273,True,0,,0,0.05
ou_jump,OU with compound-Poisson jumps,4,3.25,-0.11424172525544646,,False,0,,0,0.05
ou_jump,OU with compound-Poisson jumps,4,3.270833333333333,-0.08762451674408271,-0.19299944232601807,True,0,,0,0.05
ou_jump,OU with compound-Poisson jumps,4,3.2916666666666665,-0.12460091561629058,,False,0,,0,0.05
ou_jump,OU with compound-Poisson jumps,4,3.3125,-0.12936719056836568,-0.03892630842493605,True,0,,0,0.05
ou_jump,OU with compound-Poisson jumps,4,3.333333333333333,-0.14352622886948263,,False,0,,0,0.05
ou_jump,OU with compound-Poisson jumps,4,3.3541666666666665,-0.16859179001411595,-0.1728896431340649,True,0,,0,0.05
ou_jump,OU with compound-Poisson jumps,4,3.375,-0.1765498986894918,-0.2383961378890469,True,0,,0,0.05
ou_jump,OU with compound-Poisson jumps,4,3.395833333333333,-0.17319292352233098,-0.001534552112264248,True,0,,0,0.05
ou_jump,OU with compound-Poisson jumps,4,3.4166666666666665,-0.21921111439520324,-0.19864023446560616,True,0,,0,0.05
ou_jump,OU with compound-Poisson jumps,4,3.4375,-0.21406272326771356,-0.20372681607731213,True,0,,0,0.05
ou_jump,OU with compound-Poisson jumps,4,3.458333333333333,-0.18659361197044888,,False,0,,0,0.05
ou_jump,OU with compound-Poisson jumps,4,3.4791666666666665,-0.2024393614947754,-0.050033565729128815,True,0,,0,0.05
ou_jump,OU with compound-Poisson jumps,4,3.5,-0.2173393521203636,,False,0,,0,0.05
ou_jump,OU with compound-Poisson jumps,4,3.520833333333333,-0.19980722322138067,-0.21186035184369645,True,0,,0,0.05
ou_jump,OU with compound-Poisson jumps,4,3.5416666666666665,-0.22269269091912006,,False,0,,0,0.05
ou_jump,OU with compound-Poisson jumps,4,3.5625,-0.20890070838964553,,False,0,,0,0.05
ou_jump,OU with compound-Poisson jumps,4,3.583333333333333,-0.19806683987232845,-0.21125014637872058,True,0,,0,0.05
ou_jump,OU with compound-Poisson jumps,4,3.6041666666666665,-0.20109883372195514,,False,0,,0,0.05
ou_jump,OU with compound-Poisson jumps,4,3.625,-0.1841933559459461,-0.257581503227278,True,0,,0,0.05
ou_jump,OU with compound-Poisson jumps,4,3.645833333333333,-0.15003879629398026,-0.10708721313606925,True,0,,0,0.05
ou_jump,OU with compound-Poisson jumps,4,3.6666666666666665,-0.15337953160831097,-0.06527210151532213,True,0,,0,0.05
ou_jump,OU with compound-Poisson jumps,4,3.6875,-0.13919778871712438,,False,0,,0,0.05
ou_jump,OU with compound-Poisson jumps,4,3.708333333333333,-0.11182985634856935,-0.06818307197370968,True,0,,0,0.05
ou_jump,OU with compound-Poisson jumps,4,3.7291666666666665,-0.10367558090086175,,False,0,,0,0.05
ou_jump,OU with compound-Poisson jumps,4,3.75,-0.11289798606951229,,False,0,,0,0.05
ou_jump,OU with compound-Poisson jumps,4,3.770833333333333,-0.11978634218093973,,False,0,,0,0.05
ou_jump,OU with compound-Poisson jumps,4,3.7916666666666665,-0.11431541846839217,,False,0,,0,0.05
ou_jump,OU with compound-Poisson jumps,4,3.8125,-0.10093480334825675,,False,0,,0,0.05
ou_jump,OU with compound-Poisson jumps,4,3.833333333333333,-0.1159815993889048,-0.01296264575274382,True,0,,0,0.05
ou_jump,OU with compound-Poisson jumps,4,3.8541666666666665,-0.12393150564926173,,False,0,,0,0.05
ou_jump,OU with compound-Poisson jumps,4,3.875,-0.11872640966578737,,False,0,,0,0.05
ou_jump,OU with compound-Poisson jumps,4,3.895833333333333,-0.127473391098327,-0.28637700494111595,True,0,,0,0.05
ou_jump,OU with compound-Poisson jumps,4,3.9166666666666665,-0.15990226660135176,,False,0,,0,0.05
ou_jump,OU with compound-Poisson jumps,4,3.9375,-0.16647212202172326,-0.22378294685962904,True,0,,0,0.05
ou_jump,OU with compound-Poisson jumps,4,3.958333333333333,-0.1718731531528707,-0.20705672946022327,True,0,,0,0.05
ou_jump,OU with compound-Poisson jumps,4,3.9791666666666665,-0.15268034548273163,,False,0,,0,0.05
ou_jump,OU with compound-Poisson jumps,4,4.0,-0.1676199772343495,-0.08302764056545771,True,0,,0,0.05
ou_jump,OU with compound-Poisson jumps,4,4.020833333333333,-0.12846984984239151,-0.25097789618587557,True,0,,0,0.05
ou_jump,OU with compound-Poisson jumps,4,4.041666666666666,-0.12453204755330738,,False,0,,0,0.05
ou_jump,OU with compound-Poisson jumps,4,4.0625,-0.14280146196125165,,False,0,,0,0.05
ou_jump,OU with compound-Poisson jumps,4,4.083333333333333,-0.1287448553619304,-0.21706784163570456,True,0,,0,0.05
ou_jump,OU with compound-Poisson jumps,4,4.104166666666666,-0.1394233468138746,,False,0,,0,0.05
ou_jump,OU with compound-Poisson jumps,4,4.125,-0.12399282351181667,-0.06231166743850389,True,0,,0,0.05
ou_jump,OU with compound-Poisson jumps,4,4.145833333333333,-0.10752262870545952,-0.038734501531955956,True,0,,0,0.05
ou_jump,OU with compound-Poisson jumps,4,4.166666666666666,-0.09837949996018445,-0.04517056416916005,True,0,,0,0.05
ou_jump,OU with compound-Poisson jumps,4,4.1875,-0.05811622068176891,-0.06117276044683842,True,0,,0,0.05
ou_jump,OU with compound-Poisson jumps,4,4.208333333333333,-0.07171030896022797,,False,0,,0,0.05
ou_jump,OU with compound-Poisson jumps,4,4.229166666666666,-0.06670556972392389,,False,0,,0,0.05
ou_jump,OU with compound-Poisson jumps,4,4.25,-0.09397433446341363,-0.10804847718195494,True,0,,0,0.05
ou_jump,OU with compound-Poisson jumps,4,4.270833333333333,-0.09017276624925274,,False,0,,0,0.05
ou_jump,OU with compound-Poisson jumps,4,4.291666666666666,-0.07461681194681022,,False,0,,0,0.05
ou_jump,OU with compound-Poisson jumps,4,4.3125,-0.11728303232399337,,False,0,,0,0.05
ou_jump,OU with compound-Poisson jumps,4,4.333333333333333,-0.09627608283652803,-0.17281218832751982,True,0,,0,0.05
ou_jump,OU with compound-Poisson jumps,4,4.354166666666666,-0.07184445129558889,-0.11214637748821901,True,0,,0,0.05
ou_jump,OU with compound-Poisson jumps,4,4.375,-0.08813396351971581,,False,0,,0,0.05
ou_jump,OU with compound-Poisson jumps,4,4.395833333333333,-0.10972250144003064,,False,0,,0,0.05
ou_jump,OU with compound-Poisson jumps,4,4.416666666666666,-0.0941459315178128,-0.08176870471295926,True,0,,0,0.05
ou_jump,OU with compound-Poisson jumps,4,4.4375,-0.10824784872738422,-0.04450550824441171,True,0,,0,0.05
ou_jump,OU with compound-Poisson jumps,4,4.458333333333333,-0.11470714076750924,-0.02703547995430064,True,0,,0,0.05
ou_jump,OU with compound-Poisson jumps,4,4.479166666666666,-0.11196327678490885,-0.1875727115948418,True,0,,0,0.05
ou_jump,OU with compound-Poisson jumps,4,4.5,-0.13275910997175888,,False,0,,0,0.05
ou_jump,OU with compound-Poisson jumps,4,4.520833333333333,-0.13488164162651253,-0.028962699968086897,True,0,,0,0.05
ou_jump,OU with compound-Poisson jumps,4,4.541666666666666,-0.15598631878760758,,False,0,,0,0.05
ou_jump,OU with compound-Poisson jumps,4,4.5625,-0.1391068289735686,,False,0,,0,0.05
ou_jump,OU with compound-Poisson jumps,4,4.583333333333333,-0.10858857325077685,-0.10206886177338942,True,0,,0,0.05
ou_jump,OU with compound-Poisson jumps,4,4.604166666666666,-0.0931581375915145,,False,0,,0,0.05
ou_jump,OU with compound-Poisson jumps,4,4.625,-0.09783929449207678,-0.13733506138821255,True,0,,0,0.05
ou_jump,OU with compound-Poisson jumps,4,4.645833333333333,-0.09287647495688217,-0.06457568156107095,True,0,,0,0.05
ou_jump,OU with compound-Poisson jumps,4,4.666666666666666,-0.0997127180129169,,False,0,,0,0.05
ou_jump,OU with compound-Poisson jumps,4,4.6875,-0.09686893189454006,-0.17480423593401698,True,0,,0,0.05
ou_jump,OU with compound-Poisson jumps,4,4.708333333333333,-0.08570729810001582,-0.2768539233512386,True,0,,0,0.05
ou_jump,OU with compound-Poisson jumps,4,4.729166666666666,-0.10583443622393056,-0.2776351568559651,True,0,,0,0.05
ou_jump,OU with compound-Poisson jumps,4,4.75,-0.09637495062755186,,False,0,,0,0.05
ou_jump,OU with compound-Poisson jumps,4,4.770833333333333,-0.09067447956739097,,False,0,,0,0.05
ou_jump,OU with compound-Poisson jumps,4,4.791666666666666,-0.10059629005106775,0.024023737998260575,True,0,,0,0.05
ou_jump,OU with compound-Poisson jumps,4,4.8125,-0.11609256060026676,,False,0,,0,0.05
ou_jump,OU with compound-Poisson jumps,4,4.833333333333333,-0.10435345794225045,,False,0,,0,0.05
ou_jump,OU with compound-Poisson jumps,4,4.854166666666666,-0.11277469895624181,0.011723086241016992,True,0,,0,0.05
ou_jump,OU with compound-Poisson jumps,4,4.875,-0.14077371251924595,-0.14291642026296075,True,0,,0,0.05
ou_jump,OU with compound-Poisson jumps,4,4.895833333333333,-0.14164031111937028,-0.13477303658213666,True,0,,0,0.05
ou_jump,OU with compound-Poisson jumps,4,4.916666666666666,-0.12128828544561496,-0.08290165240339603,True,0,,0,0.05
ou_jump,OU with compound-Poisson jumps,4,4.9375,-0.12745087603197064,0.020043777209828723,True,0,,0,0.05
ou_jump,OU with compound-Poisson jumps,4,4.958333333333333,-0.11379568588348853,,False,0,,0,0.05
ou_jump,OU with compound-Poisson jumps,4,4.979166666666666,-0.11541234761831823,-0.27471577301432154,True,0,,0,0.05
ou_jump,OU with compound-Poisson jumps,4,5.0,-0.11339816229905376,-0.021456259911910955,True,0,,0,0.05
ou_branching,OU with branch switching,5,0.0,-0.2,-0.3498976513760156,True,0,,0,-0.25
ou_branching,OU with branch switching,5,0.020833333333333332,-0.23851108336321233,,False,0,,0,-0.25
ou_branching,OU with branch switching,5,0.041666666666666664,-0.2669793499332472,,False,0,,0,-0.25
ou_branching,OU with branch switching,5,0.0625,-0.27748978754766057,,False,0,,0,-0.25
ou_branching,OU with branch switching,5,0.08333333333333333,-0.2938518376187291,-0.2718489963084551,True,0,,0,-0.25
ou_branching,OU with branch switching,5,0.10416666666666666,-0.2199961840460297,,False,0,,0,-0.25
ou_branching,OU with branch switching,5,0.125,-0.26991222997489384,,False,0,,0,-0.25
ou_branching,OU with branch switching,5,0.14583333333333331,-0.21358245816274413,,False,0,,0,-0.25
ou_branching,OU with branch switching,5,0.16666666666666666,-0.2448047822856232,-0.3605531510046845,True,0,,0,-0.25
ou_branching,OU with branch switching,5,0.1875,-0.22267883698499924,-0.15897069687703502,True,0,,0,-0.25
ou_branching,OU with branch switching,5,0.20833333333333331,-0.2254564042950047,,False,0,,0,-0.25
ou_branching,OU with branch switching,5,0.22916666666666666,-0.22317121585133928,,False,0,,0,-0.25
ou_branching,OU with branch switching,5,0.25,-0.2518653453826217,,False,0,,0,-0.25
ou_branching,OU with branch switching,5,0.2708333333333333,-0.2393567484777112,-0.342885530995711,True,0,,0,-0.25
ou_branching,OU with branch switching,5,0.29166666666666663,-0.24547739612899963,-0.3334798214373666,True,0,,0,-0.25
ou_branching,OU with branch switching,5,0.3125,-0.21978987831955718,,False,0,,0,-0.25
ou_branching,OU with branch switching,5,0.3333333333333333,-0.23743554927991034,-0.3711765523388163,True,0,,0,-0.25
ou_branching,OU with branch switching,5,0.35416666666666663,-0.24048530802890788,,False,0,,0,-0.25
ou_branching,OU with branch switching,5,0.375,-0.2490767107254104,,False,0,,0,-0.25
ou_branching,OU with branch switching,5,0.3958333333333333,-0.2579828090150164,-0.2351753074336379,True,0,,0,-0.25
ou_branching,OU with branch switching,5,0.41666666666666663,-0.2598753999598704,-0.34271930655445365,True,0,,0,-0.25
ou_branching,OU with branch switching,5,0.4375,-0.26955106095822295,,False,0,,0,-0.25
ou_branching,OU with branch switching,5,0.4583333333333333,-0.2806422007857817,-0.32615209010785595,True,0,,0,-0.25
ou_branching,OU with branch switching,5,0.47916666666666663,-0.28271392021629704,,False,0,,0,-0.25
ou_branching,OU with branch switching,5,0.5,-0.2935719295675376,,False,0,,0,-0.25
ou_branching,OU with branch switching,5,0.5208333333333333,-0.34199527481855657,-0.4908390414961955,True,0,,0,-0.25
ou_branching,OU with branch switching,5,0.5416666666666666,-0.3397846196496952,-0.434255883555215,True,0,,0,-0.25
ou_branching,OU with branch switching,5,0.5625,-0.38030278029919057,-0.3285042600459092,True,0,,0,-0.25
ou_branching,OU with branch switching,5,0.5833333333333333,-0.35372522892415026,,False,0,,0,-0.25
ou_branching,OU with branch switching,5,0.6041666666666666,-0.3059736109711171,,False,0,,0,-0.25
ou_branching,OU with branch switching,5,0.625,-0.3479113022074211,-0.22781114845777894,True,0,,0,-0.25
ou_branching,OU with branch switching,5,0.6458333333333333,-0.385884070845519,,False,0,,0,-0.25
ou_branching,OU with branch switching,5,0.6666666666666666,-0.3853617823282849,-0.37041300121524967,True,0,,0,-0.25
ou_branching,OU with branch switching,5,0.6875,-0.4108716633494091,-0.5659621554503192,True,0,,0,-0.25
ou_branching,OU with branch switching,5,0.7083333333333333,-0.4056352886851722,-0.3364124942354157,True,0,,0,-0.25
ou_branching,OU with branch switching,5,0.7291666666666666,-0.4134821570008305,,False,0,,0,-0.25
ou_branching,OU with branch switching,5,0.75,-0.4042055212878873,-0.5884994661343697,True,0,,0,-0.25
ou_branching,OU with branch switching,5,0.7708333333333333,-0.3958442138262907,,False,0,,0,-0.25
ou_branching,OU with branch switching,5,0.7916666666666666,-0.36173090266721714,,False,0,,1,0.85
ou_branching,OU with branch switching,5,0.8125,-0.3247317910830553,-0.26084934622941003,True,0,,1,0.85
ou_branching,OU with branch switching,5,0.8333333333333333,-0.3145098150647224,,False,0,,1,0.85
ou_branching,OU with branch switching,5,0.8541666666666666,-0.3367915559640068,-0.46342041427124747,True,0,,1,0.85
ou_branching,OU with branch switching,5,0.875,-0.3515760756072826,-0.5607781656088271,True,0,,1,0.85
ou_branching,OU with branch switching,5,0.8958333333333333,-0.36062360610770106,,False,0,,1,0.85
ou_branching,OU with branch switching,5,0.9166666666666666,-0.351384791183296,,False,0,,1,0.85
ou_branching,OU with branch switching,5,0.9375,-0.3526119503441277,-0.4055941614642889,True,0,,1,0.85
ou_branching,OU with branch switching,5,0.9583333333333333,-0.3972152403103858,,False,0,,1,0.85
ou_branching,OU with branch switching,5,0.9791666666666666,-0.3632831828721285,,False,0,,1,0.85
ou_branching,OU with branch switching,5,1.0,-0.2911705009885212,-0.3843466175256391,True,0,,1,0.85
ou_branching,OU with branch switching,5,1.0208333333333333,-0.2506147186185949,-0.18160436797131524,True,0,,1,0.85
ou_branching,OU with branch switching,5,1.0416666666666665,-0.2588974086037372,-0.27915451694331417,True,0,,1,0.85
ou_branching,OU with branch switching,5,1.0625,-0.22499159715698738,-0.2476337658560375,True,0,,1,0.85
ou_branching,OU with branch switching,5,1.0833333333333333,-0.2659390274476057,-0.1339284761545964,True,0,,1,0.85
ou_branching,OU with branch switching,5,1.1041666666666665,-0.2266055188565098,,False,0,,1,0.85
ou_branching,OU with branch switching,5,1.125,-0.2353712747555954,-0.3357829378288017,True,0,,1,0.85
ou_branching,OU with branch switching,5,1.1458333333333333,-0.24999921445931997,,False,0,,1,0.85
ou_branching,OU with branch switching,5,1.1666666666666665,-0.24194561529800768,-0.32668330338373536,True,0,,1,0.85
ou_branching,OU with branch switching,5,1.1875,-0.2623443703739325,,False,0,,1,0.85
ou_branching,OU with branch switching,5,1.2083333333333333,-0.28928954543836405,,False,0,,1,0.85
ou_branching,OU with branch switching,5,1.2291666666666665,-0.3137773135032477,-0.43449226916691397,True,0,,1,0.85
ou_branching,OU with branch switching,5,1.25,-0.3445901536584477,-0.3487512059958433,True,0,,1,0.85
ou_branching,OU with branch switching,5,1.2708333333333333,-0.3263627224359294,,False,0,,1,0.85
ou_branching,OU with branch switching,5,1.2916666666666665,-0.3052137913473299,-0.4194148324543644,True,0,,1,0.85
ou_branching,OU with branch switching,5,1.3125,-0.32663630111129066,,False,0,,1,0.85
ou_branching,OU with branch switching,5,1.3333333333333333,-0.2591852513734851,-0.4311134177627418,True,0,,1,0.85
ou_branching,OU with branch switching,5,1.3541666666666665,-0.266765243562153,-0.2344480964385726,True,0,,1,0.85
ou_branching,OU with branch switching,5,1.375,-0.2623894170129891,,False,0,,1,0.85
ou_branching,OU with branch switching,5,1.3958333333333333,-0.22617266914135897,,False,0,,1,0.85
ou_branching,OU with branch switching,5,1.4166666666666665,-0.1895797203059653,,False,0,,1,0.85
ou_branching,OU with branch switching,5,1.4375,-0.2673205628218145,-0.35669225983759184,True,0,,1,0.85
ou_branching,OU with branch switching,5,1.4583333333333333,-0.24041440985302628,-0.06747633365681557,True,0,,1,0.85
ou_branching,OU with branch switching,5,1.4791666666666665,-0.2031044939908132,-0.24418656158321128,True,0,,1,0.85
ou_branching,OU with branch switching,5,1.5,-0.22985936404099747,,False,0,,1,0.85
ou_branching,OU with branch switching,5,1.5208333333333333,-0.1537736892896123,-0.06010155947343748,True,0,,1,0.85
ou_branching,OU with branch switching,5,1.5416666666666665,-0.09027084097160551,-0.07414712450224173,True,0,,1,0.85
ou_branching,OU with branch switching,5,1.5625,-0.09060715458475409,,False,0,,1,0.85
ou_branching,OU with branch switching,5,1.5833333333333333,-0.1036405538346592,-0.13620240843558476,True,0,,1,0.85
ou_branching,OU with branch switching,5,1.6041666666666665,-0.15182718166604753,,False,0,,1,0.85
ou_branching,OU with branch switching,5,1.625,-0.1367166563575944,,False,0,,1,0.85
ou_branching,OU with branch switching,5,1.6458333333333333,-0.12984123213939264,,False,0,,1,0.85
ou_branching,OU with branch switching,5,1.6666666666666665,-0.14987891184096405,,False,0,,1,0.85
ou_branching,OU with branch switching,5,1.6875,-0.08436902865865786,,False,0,,1,0.85
ou_branching,OU with branch switching,5,1.7083333333333333,-0.0923928223271236,,False,0,,1,0.85
ou_branching,OU with branch switching,5,1.7291666666666665,-0.11339012580319062,,False,0,,1,0.85
ou_branching,OU with branch switching,5,1.75,-0.13294187145638595,,False,0,,1,0.85
ou_branching,OU with branch switching,5,1.7708333333333333,-0.1501083886998149,-0.053730767195253507,True,0,,1,0.85
ou_branching,OU with branch switching,5,1.7916666666666665,-0.12932989981525245,-0.053201873803708125,True,0,,1,0.85
ou_branching,OU with branch switching,5,1.8125,-0.19040080379983748,,False,0,,1,0.85
ou_branching,OU with branch switching,5,1.8333333333333333,-0.11770829830854534,,False,0,,1,0.85
ou_branching,OU with branch switching,5,1.8541666666666665,-0.12276978850719815,,False,0,,1,0.85
ou_branching,OU with branch switching,5,1.875,-0.09264681801985283,-0.17066722533919457,True,0,,1,0.85
ou_branching,OU with branch switching,5,1.8958333333333333,-0.08865527497312853,-0.05200398491994013,True,0,,1,0.85
ou_branching,OU with branch switching,5,1.9166666666666665,-0.09114488893125183,-0.14673335310685848,True,0,,1,0.85
ou_branching,OU with branch switching,5,1.9375,-0.09506062165847791,-0.1251664837985424,True,0,,1,0.85
ou_branching,OU with branch switching,5,1.9583333333333333,-0.11864658683664325,-0.025420722501858353,True,0,,1,0.85
ou_branching,OU with branch switching,5,1.9791666666666665,-0.12690020171765393,,False,0,,1,0.85
ou_branching,OU with branch switching,5,2.0,-0.07407241127457745,,False,0,,1,0.85
ou_branching,OU with branch switching,5,2.020833333333333,-0.10299511567188167,,False,0,,1,0.85
ou_branching,OU with branch switching,5,2.0416666666666665,-0.096368492327918,,False,0,,1,0.85
ou_branching,OU with branch switching,5,2.0625,-0.08983852862829905,,False,0,,1,0.85
ou_branching,OU with branch switching,5,2.083333333333333,-0.11385413986384418,-0.11127327825007179,True,0,,1,0.85
ou_branching,OU with branch switching,5,2.1041666666666665,-0.13356506999724335,,False,0,,1,0.85
ou_branching,OU with branch switching,5,2.125,-0.13667865715681238,,False,0,,1,0.85
ou_branching,OU with branch switching,5,2.145833333333333,-0.05394845633247494,-0.11473464414941814,True,0,,1,0.85
ou_branching,OU with branch switching,5,2.1666666666666665,-0.04272775075432086,-0.018270760282857307,True,0,,1,0.85
ou_branching,OU with branch switching,5,2.1875,-0.007090149819630555,,False,0,,1,0.85
ou_branching,OU with branch switching,5,2.208333333333333,-0.041800896930401926,0.029522529583352664,True,0,,1,0.85
ou_branching,OU with branch switching,5,2.2291666666666665,-0.03612216234981485,,False,0,,1,0.85
ou_branching,OU with branch switching,5,2.25,-0.006243330503709118,0.09007156819419405,True,0,,1,0.85
ou_branching,OU with branch switching,5,2.270833333333333,-0.015141376954322515,-0.03224275449213651,True,0,,1,0.85
ou_branching,OU with branch switching,5,2.2916666666666665,-0.07857324560462821,,False,0,,1,0.85
ou_branching,OU with branch switching,5,2.3125,-0.06710906734828333,,False,0,,1,0.85
ou_branching,OU with branch switching,5,2.333333333333333,-0.08056765190978485,0.047278961538941566,True,0,,1,0.85
ou_branching,OU with branch switching,5,2.3541666666666665,-0.01846725501835498,,False,0,,1,0.85
ou_branching,OU with branch switching,5,2.375,0.04515940732450127,0.016569555372458033,True,0,,1,0.85
ou_branching,OU with branch switching,5,2.395833333333333,0.10770486553928935,,False,0,,1,0.85
ou_branching,OU with branch switching,5,2.4166666666666665,0.15605543093884483,,False,0,,1,0.85
ou_branching,OU with branch switching,5,2.4375,0.16234937739825106,0.24766900717609103,True,0,,1,0.85
ou_branching,OU with branch switching,5,2.458333333333333,0.17207032811590245,0.12004726667423066,True,0,,1,0.85
ou_branching,OU with branch switching,5,2.4791666666666665,0.13521358288883586,,False,0,,1,0.85
ou_branching,OU with branch switching,5,2.5,0.08721954695920718,,False,0,,1,0.85
ou_branching,OU with branch switching,5,2.520833333333333,0.14381182294110617,0.18389260970635105,True,0,,1,0.85
ou_branching,OU with branch switching,5,2.5416666666666665,0.14750656730106312,-0.038538059893800075,True,0,,1,0.85
ou_branching,OU with branch switching,5,2.5625,0.1473767166002447,0.08739741527390285,True,0,,1,0.85
ou_branching,OU with branch switching,5,2.583333333333333,0.16096882917370528,0.18507768398297478,True,0,,1,0.85
ou_branching,OU with branch switching,5,2.6041666666666665,0.135557853801137,,False,0,,1,0.85
ou_branching,OU with branch switching,5,2.625,0.14370745736859883,,False,0,,1,0.85
ou_branching,OU with branch switching,5,2.645833333333333,0.17061220124705667,,False,0,,1,0.85
ou_branching,OU with branch switching,5,2.6666666666666665,0.1518005883497901,,False,0,,1,0.85
ou_branching,OU with branch switching,5,2.6875,0.2097444374128338,,False,0,,1,0.85
ou_branching,OU with branch switching,5,2.708333333333333,0.20460695803318837,,False,0,,1,0.85
ou_branching,OU with branch switching,5,2.7291666666666665,0.24628109756386052,,False,0,,1,0.85
ou_branching,OU with branch switching,5,2.75,0.22970205300797106,,False,0,,1,0.85
ou_branching,OU with branch switching,5,2.770833333333333,0.3181923087340792,,False,0,,1,0.85
ou_branching,OU with branch switching,5,2.7916666666666665,0.35563078915002455,0.3497890352985455,True,0,,1,0.85
ou_branching,OU with branch switching,5,2.8125,0.3795168935837289,0.41249000514737166,True,0,,1,0.85
ou_branching,OU with branch switching,5,2.833333333333333,0.4020454253840405,0.21010376108108592,True,0,,1,0.85
ou_branching,OU with branch switching,5,2.8541666666666665,0.38674079509480214,,False,0,,1,0.85
ou_branching,OU with branch switching,5,2.875,0.35364861470817466,0.2259162808210244,True,0,,1,0.85
ou_branching,OU with branch switching,5,2.895833333333333,0.3256159490066417,,False,0,,1,0.85
ou_branching,OU with branch switching,5,2.9166666666666665,0.3153840217793768,,False,0,,1,0.85
ou_branching,OU with branch switching,5,2.9375,0.3657197692387653,0.2159978824329669,True,0,,1,0.85
ou_branching,OU with branch switching,5,2.958333333333333,0.30279457767185336,0.1942297742133313,True,0,,1,0.85
ou_branching,OU with branch switching,5,2.9791666666666665,0.30545860925718027,,False,0,,1,0.85
ou_branching,OU with branch switching,5,3.0,0.2907561867757989,,False,0,,1,0.85
ou_branching,OU with branch switching,5,3.020833333333333,0.3105298426045142,,False,0,,1,0.85
ou_branching,OU with branch switching,5,3.0416666666666665,0.28657920717880747,,False,0,,1,0.85
ou_branching,OU with branch switching,5,3.0625,0.29811075954433813,,False,0,,1,0.85
ou_branching,OU with branch switching,5,3.083333333333333,0.32736081402081973,,False,0,,1,0.85
ou_branching,OU with branch switching,5,3.1041666666666665,0.3163539199904477,,False,0,,1,0.85
ou_branching,OU with branch switching,5,3.125,0.32240493488066896,0.2967269675681007,True,0,,1,0.85
ou_branching,OU with branch switching,5,3.145833333333333,0.2996328268918343,,False,0,,1,0.85
ou_branching,OU with branch switching,5,3.1666666666666665,0.2746755599642781,,False,0,,1,0.85
ou_branching,OU with branch switching,5,3.1875,0.28501184283567155,0.12025610472890588,True,0,,1,0.85
ou_branching,OU with branch switching,5,3.208333333333333,0.22086207049539291,0.20935188732573157,True,0,,1,0.85
ou_branching,OU with branch switching,5,3.2291666666666665,0.23331607753623923,0.2650841720870547,True,0,,1,0.85
ou_branching,OU with branch switching,5,3.25,0.24435772115090398,,False,0,,1,0.85
ou_branching,OU with branch switching,5,3.270833333333333,0.2545132084134416,0.3898770698940304,True,0,,1,0.85
ou_branching,OU with branch switching,5,3.2916666666666665,0.26550576655406866,,False,0,,1,0.85
ou_branching,OU with branch switching,5,3.3125,0.3138717054152813,0.3500100794817884,True,0,,1,0.85
ou_branching,OU with branch switching,5,3.333333333333333,0.2531365331339609,,False,0,,1,0.85
ou_branching,OU with branch switching,5,3.3541666666666665,0.24739832692341818,0.08496247643290467,True,0,,1,0.85
ou_branching,OU with branch switching,5,3.375,0.22544149344275818,,False,0,,1,0.85
ou_branching,OU with branch switching,5,3.395833333333333,0.1845825599316186,0.22562800119154666,True,0,,1,0.85
ou_branching,OU with branch switching,5,3.4166666666666665,0.17287607384223358,0.016198622069300395,True,0,,1,0.85
ou_branching,OU with branch switching,5,3.4375,0.18052056777866318,,False,0,,1,0.85
ou_branching,OU with branch switching,5,3.458333333333333,0.1033067504875705,0.1275617404387231,True,0,,1,0.85
ou_branching,OU with branch switching,5,3.4791666666666665,0.11360394140279455,,False,0,,1,0.85
ou_branching,OU with branch switching,5,3.5,0.16229032847837058,,False,0,,1,0.85
ou_branching,OU with branch switching,5,3.520833333333333,0.13675221723491857,0.025056940640222736,True,0,,1,0.85
ou_branching,OU with branch switching,5,3.5416666666666665,0.11267721833541385,,False,0,,1,0.85
ou_branching,OU with branch switching,5,3.5625,0.1441924536741849,0.08007835171989569,True,0,,1,0.85
ou_branching,OU with branch switching,5,3.583333333333333,0.10637652145943771,0.00034926097665895217,True,0,,1,0.85
ou_branching,OU with branch switching,5,3.6041666666666665,0.13137728481605096,0.03813392941872844,True,0,,1,0.85
ou_branching,OU with branch switching,5,3.625,0.1513978962626358,,False,0,,1,0.85
ou_branching,OU with branch switching,5,3.645833333333333,0.14766340691105495,0.09857622276265249,True,0,,1,0.85
ou_branching,OU with branch switching,5,3.6666666666666665,0.17814951361560144,,False,0,,1,0.85
ou_branching,OU with branch switching,5,3.6875,0.23841183851473924,0.24633532665594976,True,0,,1,0.85
ou_branching,OU with branch switching,5,3.708333333333333,0.23450967617476265,,False,0,,1,0.85
ou_branching,OU with branch switching,5,3.7291666666666665,0.2606697824674659,0.21531134937092183,True,0,,1,0.85
ou_branching,OU with branch switching,5,3.75,0.30959431337095983,0.35145272121664134,True,0,,1,0.85
ou_branching,OU with branch switching,5,3.770833333333333,0.3257114164508612,,False,0,,1,0.85
ou_branching,OU with branch switching,5,3.7916666666666665,0.31200621909346576,,False,0,,1,0.85
ou_branching,OU with branch switching,5,3.8125,0.3022025318590097,0.33891817383023837,True,0,,1,0.85
ou_branching,OU with branch switching,5,3.833333333333333,0.3135530769245567,,False,0,,1,0.85
ou_branching,OU with branch switching,5,3.8541666666666665,0.3385202549080286,0.4331978678814511,True,0,,1,0.85
ou_branching,OU with branch switching,5,3.875,0.31471971027766993,,False,0,,1,0.85
ou_branching,OU with branch switching,5,3.895833333333333,0.30295655823049583,,False,0,,1,0.85
ou_branching,OU with branch switching,5,3.9166666666666665,0.3137077363942234,,False,0,,1,0.85
ou_branching,OU with branch switching,5,3.9375,0.3005006066481166,,False,0,,1,0.85
ou_branching,OU with branch switching,5,3.958333333333333,0.24648903926688026,0.11462452988088681,True,0,,1,0.85
ou_branching,OU with branch switching,5,3.9791666666666665,0.23661334329490386,,False,0,,1,0.85
ou_branching,OU with branch switching,5,4.0,0.228669625621574,,False,0,,1,0.85
ou_branching,OU with branch switching,5,4.020833333333333,0.2629305319449215,0.1276786803895002,True,0,,1,0.85
ou_branching,OU with branch switching,5,4.041666666666666,0.23867885822234988,,False,0,,1,0.85
ou_branching,OU with branch switching,5,4.0625,0.3072422018973293,,False,0,,1,0.85
ou_branching,OU with branch switching,5,4.083333333333333,0.3156127075167338,,False,0,,1,0.85
ou_branching,OU with branch switching,5,4.104166666666666,0.28582809679869525,,False,0,,1,0.85
ou_branching,OU with branch switching,5,4.125,0.3114205897895201,0.2613120692954214,True,0,,1,0.85
ou_branching,OU with branch switching,5,4.145833333333333,0.2829936560887908,0.16328503229993363,True,0,,0,-0.25
ou_branching,OU with branch switching,5,4.166666666666666,0.2884084652676533,0.4867979781888964,True,0,,0,-0.25
ou_branching,OU with branch switching,5,4.1875,0.29542793333746853,0.3651048518147777,True,0,,0,-0.25
ou_branching,OU with branch switching,5,4.208333333333333,0.29328984924642937,,False,0,,0,-0.25
ou_branching,OU with branch switching,5,4.229166666666666,0.33142146402656103,0.23716716319416659,True,0,,0,-0.25
ou_branching,OU with branch switching,5,4.25,0.3005611748486398,0.2556751991171143,True,0,,0,-0.25
ou_branching,OU with branch switching,5,4.270833333333333,0.2938622419958016,,False,0,,0,-0.25
ou_branching,OU with branch switching,5,4.291666666666666,0.24591276470736967,0.1818556416804453,True,0,,0,-0.25
ou_branching,OU with branch switching,5,4.3125,0.23815028738974878,0.31746587571023677,True,0,,0,-0.25
ou_branching,OU with branch switching,5,4.333333333333333,0.2457355737470353,,False,0,,0,-0.25
ou_branching,OU with branch switching,5,4.354166666666666,0.1786943950789012,0.21398145400076776,True,0,,0,-0.25
ou_branching,OU with branch switching,5,4.375,0.19374505345066687,,False,0,,0,-0.25
ou_branching,OU with branch switching,5,4.395833333333333,0.2134210031860083,0.19727358311747883,True,0,,0,-0.25
ou_branching,OU with branch switching,5,4.416666666666666,0.1809591992649776,,False,0,,0,-0.25
ou_branching,OU with branch switching,5,4.4375,0.14189831545237952,0.027920425328090193,True,0,,0,-0.25
ou_branching,OU with branch switching,5,4.458333333333333,0.15083112062292706,,False,0,,0,-0.25
ou_branching,OU with branch switching,5,4.479166666666666,0.12181194938600237,-0.0006038218763083497,True,0,,0,-0.25
ou_branching,OU with branch switching,5,4.5,0.10282126101400524,,False,0,,0,-0.25
ou_branching,OU with branch switching,5,4.520833333333333,0.09586169545202687,,False,0,,0,-0.25
ou_branching,OU with branch switching,5,4.541666666666666,0.05883161151453628,,False,0,,0,-0.25
ou_branching,OU with branch switching,5,4.5625,0.04600124608233106,,False,0,,0,-0.25
ou_branching,OU with branch switching,5,4.583333333333333,0.008952901587004944,,False,0,,0,-0.25
ou_branching,OU with branch switching,5,4.604166666666666,0.020925494382243788,0.043573768287701264,True,0,,0,-0.25
ou_branching,OU with branch switching,5,4.625,0.05061437385989494,0.026435079085959358,True,0,,0,-0.25
ou_branching,OU with branch switching,5,4.645833333333333,0.06108200092986271,,False,0,,0,-0.25
ou_branching,OU with branch switching,5,4.666666666666666,0.045865944759409846,,False,0,,0,-0.25
ou_branching,OU with branch switching,5,4.6875,0.04322013192094819,0.023514941366150482,True,0,,0,-0.25
ou_branching,OU with branch switching,5,4.708333333333333,0.025571767308064194,0.019294507195583205,True,0,,0,-0.25
ou_branching,OU with branch switching,5,4.729166666666666,0.02053371149648016,0.2119753936562087,True,0,,0,-0.25
ou_branching,OU with branch switching,5,4.75,0.0263515315763796,0.1186204515957382,True,0,,0,-0.25
ou_branching,OU with branch switching,5,4.770833333333333,-0.007900568992496203,,False,0,,0,-0.25
ou_branching,OU with branch switching,5,4.791666666666666,-0.003957168583141898,0.0392716750372597,True,0,,0,-0.25
ou_branching,OU with branch switching,5,4.8125,-0.004694120173109165,,False,0,,0,-0.25
ou_branching,OU with branch switching,5,4.833333333333333,-0.025367031460776963,-0.028163927098680874,True,0,,0,-0.25
ou_branching,OU with branch switching,5,4.854166666666666,-0.05306005798615279,,False,0,,0,-0.25
ou_branching,OU with branch switching,5,4.875,-0.04559185985558649,0.03263135657300553,True,0,,0,-0.25
ou_branching,OU with branch switching,5,4.895833333333333,-0.06390246806170943,-0.18448992733303501,True,0,,0,-0.25
ou_branching,OU with branch switching,5,4.916666666666666,-0.10724549351338775,-0.22981143391949205,True,0,,0,-0.25
ou_branching,OU with branch switching,5,4.9375,-0.11556756289209816,,False,0,,0,-0.25
ou_branching,OU with branch switching,5,4.958333333333333,-0.09647465546086192,-0.053233952781866725,True,0,,0,-0.25
ou_branching,OU with branch switching,5,4.979166666666666,-0.11134056749757813,,False,0,,0,-0.25
ou_branching,OU with branch switching,5,5.0,-0.100597515117195,-0.15177136447106154,True,0,,0,-0.25
full_oulb,Full OU-Lévy-Branching,6,0.0,-0.2,-0.13134071464134378,True,0,2.4,0,-0.25
full_oulb,Full OU-Lévy-Branching,6,0.020833333333333332,-0.2176270459145475,,False,0,2.4,0,-0.25
full_oulb,Full OU-Lévy-Branching,6,0.041666666666666664,-0.20526788317955721,,False,0,2.4,0,-0.25
full_oulb,Full OU-Lévy-Branching,6,0.0625,-0.1994508815045962,,False,0,2.4,0,-0.25
full_oulb,Full OU-Lévy-Branching,6,0.08333333333333333,-0.2216609178258696,-0.162410072904635,True,0,2.4,0,-0.25
full_oulb,Full OU-Lévy-Branching,6,0.10416666666666666,-0.22425584448086003,,False,0,2.4,0,-0.25
full_oulb,Full OU-Lévy-Branching,6,0.125,-0.19130765062958466,-0.360465950713745,True,0,2.4,0,-0.25
full_oulb,Full OU-Lévy-Branching,6,0.14583333333333331,-0.19805138276776488,-0.1064900007037791,True,0,2.4,0,-0.25
full_oulb,Full OU-Lévy-Branching,6,0.16666666666666666,-0.2055975746523771,,False,0,2.4,0,-0.25
full_oulb,Full OU-Lévy-Branching,6,0.1875,-0.2635766384306781,-0.43442951920682216,True,0,2.4,0,-0.25
full_oulb,Full OU-Lévy-Branching,6,0.20833333333333331,-0.26366128261438676,-0.23637058926130414,True,0,2.4,0,-0.25
full_oulb,Full OU-Lévy-Branching,6,0.22916666666666666,-0.24655822698190882,,False,0,2.4,0,-0.25
full_oulb,Full OU-Lévy-Branching,6,0.25,-0.2191096341031179,-0.17502088562288137,True,0,2.4,0,-0.25
full_oulb,Full OU-Lévy-Branching,6,0.2708333333333333,-0.19177694800919617,,False,0,2.4,0,-0.25
full_oulb,Full OU-Lévy-Branching,6,0.29166666666666663,-0.20603904408537962,-0.3087366108388431,True,0,2.4,0,-0.25
full_oulb,Full OU-Lévy-Branching,6,0.3125,-0.23618614069809923,-0.39100686087562764,True,0,2.4,0,-0.25
full_oulb,Full OU-Lévy-Branching,6,0.3333333333333333,-0.22593599544460805,-0.15682844011880526,True,0,2.4,0,-0.25
full_oulb,Full OU-Lévy-Branching,6,0.35416666666666663,-0.22104764520893871,,False,0,2.4,0,-0.25
full_oulb,Full OU-Lévy-Branching,6,0.375,-0.20390653370143394,-0.3143639818564792,True,0,2.4,0,-0.25
full_oulb,Full OU-Lévy-Branching,6,0.3958333333333333,-0.20339416203513486,-0.08552401201130463,True,0,2.4,0,-0.25
full_oulb,Full OU-Lévy-Branching,6,0.41666666666666663,-0.25504402865268333,-0.35580996710577345,True,0,2.4,0,-0.25
full_oulb,Full OU-Lévy-Branching,6,0.4375,-0.22667219971667216,,False,0,2.4,0,-0.25
full_oulb,Full OU-Lévy-Branching,6,0.4583333333333333,-0.25920793636645584,-0.43433318281057953,True,0,2.4,0,-0.25
full_oulb,Full OU-Lévy-Branching,6,0.47916666666666663,-0.22298877548309476,,False,0,2.4,0,-0.25
full_oulb,Full OU-Lévy-Branching,6,0.5,-0.252811104432898,-0.3281953231376411,True,0,2.4,0,-0.25
full_oulb,Full OU-Lévy-Branching,6,0.5208333333333333,-0.2680765601340188,,False,0,2.4,0,-0.25
full_oulb,Full OU-Lévy-Branching,6,0.5416666666666666,-0.26473197402707843,,False,0,2.4,0,-0.25
full_oulb,Full OU-Lévy-Branching,6,0.5625,-0.2786213668234834,,False,0,2.4,0,-0.25
full_oulb,Full OU-Lévy-Branching,6,0.5833333333333333,-0.26833679931500476,,False,0,2.4,0,-0.25
full_oulb,Full OU-Lévy-Branching,6,0.6041666666666666,-0.2664122799785533,-0.32886855751158967,True,0,2.4,0,-0.25
full_oulb,Full OU-Lévy-Branching,6,0.625,-0.2745026339444708,,False,0,2.4,0,-0.25
full_oulb,Full OU-Lévy-Branching,6,0.6458333333333333,-0.3023004419043047,-0.12490251909383965,True,0,2.4,0,-0.25
full_oulb,Full OU-Lévy-Branching,6,0.6666666666666666,-0.2995919401031599,,False,0,2.4,0,-0.25
full_oulb,Full OU-Lévy-Branching,6,0.6875,-0.3768243496931136,-0.30110349874980696,True,0,2.4,0,-0.25
full_oulb,Full OU-Lévy-Branching,6,0.7083333333333333,-0.37536306684196635,-0.25139621701972314,True,0,2.4,0,-0.25
full_oulb,Full OU-Lévy-Branching,6,0.7291666666666666,-0.352866229628872,,False,0,2.4,0,-0.25
full_oulb,Full OU-Lévy-Branching,6,0.75,-0.3405538968449924,-0.493425421419891,True,0,2.4,0,-0.25
full_oulb,Full OU-Lévy-Branching,6,0.7708333333333333,-0.34859588602442537,,False,0,2.4,0,-0.25
full_oulb,Full OU-Lévy-Branching,6,0.7916666666666666,-0.35902095376337867,,False,0,2.4,0,-0.25
full_oulb,Full OU-Lévy-Branching,6,0.8125,-0.3475462405434231,,False,0,2.4,0,-0.25
full_oulb,Full OU-Lévy-Branching,6,0.8333333333333333,-0.3544865801160438,-0.3786045913400153,True,0,2.4,0,-0.25
full_oulb,Full OU-Lévy-Branching,6,0.8541666666666666,-0.3353930349342081,,False,0,2.4,0,-0.25
full_oulb,Full OU-Lévy-Branching,6,0.875,-0.3009282554415138,,False,0,2.4,0,-0.25
full_oulb,Full OU-Lévy-Branching,6,0.8958333333333333,-0.3095892089038399,,False,0,2.4,0,-0.25
full_oulb,Full OU-Lévy-Branching,6,0.9166666666666666,-0.333485905230701,,False,0,2.4,0,-0.25
full_oulb,Full OU-Lévy-Branching,6,0.9375,-0.3413077341600891,-0.3849967457932551,True,0,2.4,0,-0.25
full_oulb,Full OU-Lévy-Branching,6,0.9583333333333333,-0.31651171849681753,-0.3272511657109273,True,0,2.4,0,-0.25
full_oulb,Full OU-Lévy-Branching,6,0.9791666666666666,-0.26299679292424105,-0.2645762376069407,True,0,2.4,0,-0.25
full_oulb,Full OU-Lévy-Branching,6,1.0,-0.27643260649271545,-0.3815492606579657,True,0,2.4,0,-0.25
full_oulb,Full OU-Lévy-Branching,6,1.0208333333333333,-0.2626385216623239,-0.21607495197457813,True,0,2.4,0,-0.25
full_oulb,Full OU-Lévy-Branching,6,1.0416666666666665,-0.28849744883184275,-0.39812323559545304,True,0,2.4,0,-0.25
full_oulb,Full OU-Lévy-Branching,6,1.0625,-0.30427732814926045,,False,0,2.4,0,-0.25
full_oulb,Full OU-Lévy-Branching,6,1.0833333333333333,-0.31662370095283987,-0.48135673125109313,True,0,2.4,0,-0.25
full_oulb,Full OU-Lévy-Branching,6,1.1041666666666665,-0.3032698123525836,-0.39028265594845357,True,0,2.4,0,-0.25
full_oulb,Full OU-Lévy-Branching,6,1.125,-0.3354698128498755,-0.3754885697138346,True,0,2.4,0,-0.25
full_oulb,Full OU-Lévy-Branching,6,1.1458333333333333,-0.32384086206979495,-0.35112432654974607,True,0,2.4,0,-0.25
full_oulb,Full OU-Lévy-Branching,6,1.1666666666666665,-0.3626504659172782,,False,0,2.4,0,-0.25
full_oulb,Full OU-Lévy-Branching,6,1.1875,-0.3176810675825765,,False,0,2.4,0,-0.25
full_oulb,Full OU-Lévy-Branching,6,1.2083333333333333,-0.2911279132433952,,False,0,2.4,0,-0.25
full_oulb,Full OU-Lévy-Branching,6,1.2291666666666665,-0.2839910683647517,-0.3306532326136614,True,0,2.4,0,-0.25
full_oulb,Full OU-Lévy-Branching,6,1.25,-0.29438678483483616,-0.4005966476304097,True,0,2.4,0,-0.25
full_oulb,Full OU-Lévy-Branching,6,1.2708333333333333,-0.30181488947812685,-0.37697376216926004,True,0,2.4,0,-0.25
full_oulb,Full OU-Lévy-Branching,6,1.2916666666666665,-0.27719524556392755,-0.21225718455273918,True,0,2.4,0,-0.25
full_oulb,Full OU-Lévy-Branching,6,1.3125,-0.25683582435341756,-0.25493941347641813,True,0,2.4,0,-0.25
full_oulb,Full OU-Lévy-Branching,6,1.3333333333333333,-0.29580848919484853,-0.22416886613651266,True,0,2.4,0,-0.25
full_oulb,Full OU-Lévy-Branching,6,1.3541666666666665,-0.27912864542297366,,False,0,2.4,0,-0.25
full_oulb,Full OU-Lévy-Branching,6,1.375,-0.2631161860298454,,False,0,2.4,1,0.85
full_oulb,Full OU-Lévy-Branching,6,1.3958333333333333,-0.23123452474155043,,False,0,2.4,1,0.85
full_oulb,Full OU-Lévy-Branching,6,1.4166666666666665,-0.21860930881639118,,False,0,2.4,1,0.85
full_oulb,Full OU-Lévy-Branching,6,1.4375,-0.2256179441810839,-0.10430907257754077,True,0,2.4,1,0.85
full_oulb,Full OU-Lévy-Branching,6,1.4583333333333333,-0.24548626742415453,,False,0,2.4,1,0.85
full_oulb,Full OU-Lévy-Branching,6,1.4791666666666665,-0.22391119532789688,,False,0,2.4,1,0.85
full_oulb,Full OU-Lévy-Branching,6,1.5,-0.2610308667586185,-0.07995126907501732,True,0,2.4,1,0.85
full_oulb,Full OU-Lévy-Branching,6,1.5208333333333333,-0.21408558161339347,-0.28932821391002767,True,0,2.4,1,0.85
full_oulb,Full OU-Lévy-Branching,6,1.5416666666666665,-0.23514919060156542,-0.30215652037487023,True,0,2.4,1,0.85
full_oulb,Full OU-Lévy-Branching,6,1.5625,-0.20679462578277977,-0.31946408611300214,True,0,2.4,1,0.85
full_oulb,Full OU-Lévy-Branching,6,1.5833333333333333,-0.14535920543671846,,False,0,2.4,1,0.85
full_oulb,Full OU-Lévy-Branching,6,1.6041666666666665,-0.15048205032484765,,False,0,2.4,1,0.85
full_oulb,Full OU-Lévy-Branching,6,1.625,-0.11038801368261617,0.0025261695395078776,True,0,2.4,1,0.85
full_oulb,Full OU-Lévy-Branching,6,1.6458333333333333,-0.05805940034992175,-0.01835703986991251,True,0,2.4,1,0.85
full_oulb,Full OU-Lévy-Branching,6,1.6666666666666665,-0.060235909111779375,-0.11088844200958643,True,0,2.4,1,0.85
full_oulb,Full OU-Lévy-Branching,6,1.6875,-0.05037004251449444,,False,0,2.4,1,0.85
full_oulb,Full OU-Lévy-Branching,6,1.7083333333333333,-0.028031323601686572,0.015305952815211937,True,0,2.4,1,0.85
full_oulb,Full OU-Lévy-Branching,6,1.7291666666666665,-0.009040505251867463,-0.1281608811661007,True,0,2.4,1,0.85
full_oulb,Full OU-Lévy-Branching,6,1.75,0.002702727523904273,-0.005857143114730574,True,0,2.4,1,0.85
full_oulb,Full OU-Lévy-Branching,6,1.7708333333333333,-0.011115308536977335,0.16871346764399797,True,0,2.4,1,0.85
full_oulb,Full OU-Lévy-Branching,6,1.7916666666666665,-0.05816267481875138,,False,0,2.4,1,0.85
full_oulb,Full OU-Lévy-Branching,6,1.8125,-0.03606768258099492,,False,0,2.4,1,0.85
full_oulb,Full OU-Lévy-Branching,6,1.8333333333333333,0.013786771692462486,,False,0,2.4,1,0.85
full_oulb,Full OU-Lévy-Branching,6,1.8541666666666665,-0.011645545752275048,-0.07413870427673935,True,0,2.4,1,0.85
full_oulb,Full OU-Lévy-Branching,6,1.875,-0.04399846312256543,,False,0,2.4,1,0.85
full_oulb,Full OU-Lévy-Branching,6,1.8958333333333333,0.018448335386003323,,False,0,2.4,1,0.85
full_oulb,Full OU-Lévy-Branching,6,1.9166666666666665,0.010681158989642968,0.11742752641434967,True,0,2.4,1,0.85
full_oulb,Full OU-Lévy-Branching,6,1.9375,0.03785791069994661,,False,0,2.4,1,0.85
full_oulb,Full OU-Lévy-Branching,6,1.9583333333333333,0.05987355129919025,0.18689031841107673,True,0,2.4,1,0.85
full_oulb,Full OU-Lévy-Branching,6,1.9791666666666665,0.10449267949513105,0.0487378171760799,True,0,2.4,1,0.85
full_oulb,Full OU-Lévy-Branching,6,2.0,0.08906016899274037,,False,0,2.4,1,0.85
full_oulb,Full OU-Lévy-Branching,6,2.020833333333333,0.06972924536337707,-0.06080870083170764,True,0,2.4,1,0.85
full_oulb,Full OU-Lévy-Branching,6,2.0416666666666665,0.05392266071617802,,False,0,2.4,1,0.85
full_oulb,Full OU-Lévy-Branching,6,2.0625,0.03195739428943593,0.206622586764212,True,0,2.4,1,0.85
full_oulb,Full OU-Lévy-Branching,6,2.083333333333333,0.039466619307798705,0.06960235551164316,True,0,2.4,1,0.85
full_oulb,Full OU-Lévy-Branching,6,2.1041666666666665,0.05593443770541747,,False,0,2.4,1,0.85
full_oulb,Full OU-Lévy-Branching,6,2.125,0.09548973537129762,0.09440750542364683,True,0,2.4,1,0.85
full_oulb,Full OU-Lévy-Branching,6,2.145833333333333,0.07245387102982577,0.22853655106781784,True,0,2.4,1,0.85
full_oulb,Full OU-Lévy-Branching,6,2.1666666666666665,0.08692106668724622,,False,0,2.4,1,0.85
full_oulb,Full OU-Lévy-Branching,6,2.1875,0.13886696971440288,,False,0,2.4,1,0.85
full_oulb,Full OU-Lévy-Branching,6,2.208333333333333,0.14332759459239902,,False,0,2.4,1,0.85
full_oulb,Full OU-Lévy-Branching,6,2.2291666666666665,0.2109599840196926,,False,0,2.4,1,0.85
full_oulb,Full OU-Lévy-Branching,6,2.25,0.18111047243500472,0.13865280442383116,True,0,2.4,1,0.85
full_oulb,Full OU-Lévy-Branching,6,2.270833333333333,-0.5859361213200552,-0.4745750804337562,True,0,2.4,1,0.85
full_oulb,Full OU-Lévy-Branching,6,2.2916666666666665,-0.6416825033309573,-0.4460338820579044,True,0,2.4,1,0.85
full_oulb,Full OU-Lévy-Branching,6,2.3125,-0.686152964673723,,False,0,2.4,1,0.85
full_oulb,Full OU-Lévy-Branching,6,2.333333333333333,-0.6267609089072768,,False,0,2.4,1,0.85
full_oulb,Full OU-Lévy-Branching,6,2.3541666666666665,-0.626380982702644,,False,0,2.4,1,0.85
full_oulb,Full OU-Lévy-Branching,6,2.375,-0.6033242798132886,,False,0,2.4,1,0.85
full_oulb,Full OU-Lévy-Branching,6,2.395833333333333,-0.6024867932309335,,False,0,2.4,1,0.85
full_oulb,Full OU-Lévy-Branching,6,2.4166666666666665,-0.6391448916782037,-0.6680800834789862,True,1,2.4,1,1.5499999999999998
full_oulb,Full OU-Lévy-Branching,6,2.4375,-0.6180869811390758,,False,1,2.4,1,1.5499999999999998
full_oulb,Full OU-Lévy-Branching,6,2.458333333333333,-0.6037112311144928,-0.662678974687226,True,1,2.4,1,1.5499999999999998
full_oulb,Full OU-Lévy-Branching,6,2.4791666666666665,-0.5937713513897732,,False,1,2.4,1,1.5499999999999998
full_oulb,Full OU-Lévy-Branching,6,2.5,-0.5989441671237348,-0.6428167747671938,True,1,2.4,1,1.5499999999999998
full_oulb,Full OU-Lévy-Branching,6,2.520833333333333,-0.5527794419903703,-0.5791363867787331,True,1,2.4,1,1.5499999999999998
full_oulb,Full OU-Lévy-Branching,6,2.5416666666666665,-0.5021582157633441,-0.46472063611308956,True,1,2.4,1,1.5499999999999998
full_oulb,Full OU-Lévy-Branching,6,2.5625,-0.49542133611227207,,False,1,2.4,1,1.5499999999999998
full_oulb,Full OU-Lévy-Branching,6,2.583333333333333,-0.4354038575772558,-0.504426041567718,True,1,2.4,1,1.5499999999999998
full_oulb,Full OU-Lévy-Branching,6,2.6041666666666665,-0.40065762290467244,,False,1,2.4,1,1.5499999999999998
full_oulb,Full OU-Lévy-Branching,6,2.625,-0.3660277091812097,,False,1,2.4,1,1.5499999999999998
full_oulb,Full OU-Lévy-Branching,6,2.645833333333333,-0.32185257691629726,,False,1,2.4,1,1.5499999999999998
full_oulb,Full OU-Lévy-Branching,6,2.6666666666666665,-0.3139680627760543,-0.2682068648877602,True,1,2.4,1,1.5499999999999998
full_oulb,Full OU-Lévy-Branching,6,2.6875,-0.28798336645195877,,False,1,2.4,1,1.5499999999999998
full_oulb,Full OU-Lévy-Branching,6,2.708333333333333,-0.24920443301461087,,False,1,2.4,1,1.5499999999999998
full_oulb,Full OU-Lévy-Branching,6,2.7291666666666665,-0.18371344820868166,,False,1,2.4,1,1.5499999999999998
full_oulb,Full OU-Lévy-Branching,6,2.75,-0.19389347321517558,-0.15377912865431173,True,1,2.4,1,1.5499999999999998
full_oulb,Full OU-Lévy-Branching,6,2.770833333333333,-0.17317097822407823,-0.005354687988062212,True,1,2.4,1,1.5499999999999998
full_oulb,Full OU-Lévy-Branching,6,2.7916666666666665,-0.18767406051732044,,False,1,2.4,1,1.5499999999999998
full_oulb,Full OU-Lévy-Branching,6,2.8125,-0.21293456562922852,,False,1,2.4,1,1.5499999999999998
full_oulb,Full OU-Lévy-Branching,6,2.833333333333333,-0.21582564890874956,-0.025536723907293335,True,1,2.4,1,1.5499999999999998
full_oulb,Full OU-Lévy-Branching,6,2.8541666666666665,0.28924625238215573,0.4532308421334442,True,1,2.4,1,1.5499999999999998
full_oulb,Full OU-Lévy-Branching,6,2.875,0.3535916577672301,,False,1,2.4,1,1.5499999999999998
full_oulb,Full OU-Lévy-Branching,6,2.895833333333333,0.3166288644425662,0.2894952293918275,True,1,2.4,1,1.5499999999999998
full_oulb,Full OU-Lévy-Branching,6,2.9166666666666665,0.36068040532178014,,False,1,2.4,1,1.5499999999999998
full_oulb,Full OU-Lévy-Branching,6,2.9375,0.40927010212221276,0.24153965173838524,True,1,2.4,1,1.5499999999999998
full_oulb,Full OU-Lévy-Branching,6,2.958333333333333,0.4308241093814642,0.3396752469219922,True,1,2.4,1,1.5499999999999998
full_oulb,Full OU-Lévy-Branching,6,2.9791666666666665,0.4587211492072643,0.4265074236970072,True,1,2.4,1,1.5499999999999998
full_oulb,Full OU-Lévy-Branching,6,3.0,0.46322824978057997,0.2704731060928236,True,1,2.4,1,1.5499999999999998
full_oulb,Full OU-Lévy-Branching,6,3.020833333333333,0.5307786711880019,0.39131581755867473,True,1,2.4,1,1.5499999999999998
full_oulb,Full OU-Lévy-Branching,6,3.0416666666666665,0.5400366025396184,,False,1,2.4,1,1.5499999999999998
full_oulb,Full OU-Lévy-Branching,6,3.0625,0.5465547717532013,,False,1,2.4,1,1.5499999999999998
full_oulb,Full OU-Lévy-Branching,6,3.083333333333333,0.5570515825089299,0.43441982421970526,True,1,2.4,1,1.5499999999999998
full_oulb,Full OU-Lévy-Branching,6,3.1041666666666665,0.5573889347430574,0.512953205708951,True,1,2.4,1,1.5499999999999998
full_oulb,Full OU-Lévy-Branching,6,3.125,0.5867814840703987,,False,1,2.4,1,1.5499999999999998
full_oulb,Full OU-Lévy-Branching,6,3.145833333333333,0.5785722793113697,,False,1,2.4,1,1.5499999999999998
full_oulb,Full OU-Lévy-Branching,6,3.1666666666666665,0.5914843785445648,0.672750532134335,True,1,2.4,1,1.5499999999999998
full_oulb,Full OU-Lévy-Branching,6,3.1875,0.6158747791663322,,False,1,2.4,1,1.5499999999999998
full_oulb,Full OU-Lévy-Branching,6,3.208333333333333,0.6128049482360778,0.5560341263917367,True,1,2.4,1,1.5499999999999998
full_oulb,Full OU-Lévy-Branching,6,3.2291666666666665,0.6479625030674118,,False,1,2.4,1,1.5499999999999998
full_oulb,Full OU-Lévy-Branching,6,3.25,0.6629709055719024,,False,1,2.4,1,1.5499999999999998
full_oulb,Full OU-Lévy-Branching,6,3.270833333333333,0.7111665207984197,0.6688566651989182,True,1,2.4,1,1.5499999999999998
full_oulb,Full OU-Lévy-Branching,6,3.2916666666666665,0.7304533100485964,,False,1,2.4,1,1.5499999999999998
full_oulb,Full OU-Lévy-Branching,6,3.3125,0.8160016794057733,,False,1,2.4,1,1.5499999999999998
full_oulb,Full OU-Lévy-Branching,6,3.333333333333333,0.8542196371823072,0.9845140674632503,True,1,2.4,1,1.5499999999999998
full_oulb,Full OU-Lévy-Branching,6,3.3541666666666665,0.8940467081812786,0.8486319471610769,True,1,2.4,1,1.5499999999999998
full_oulb,Full OU-Lévy-Branching,6,3.375,0.8968383324443124,,False,1,2.4,1,1.5499999999999998
full_oulb,Full OU-Lévy-Branching,6,3.395833333333333,0.8943145845791834,0.8860540784074081,True,1,2.4,1,1.5499999999999998
full_oulb,Full OU-Lévy-Branching,6,3.4166666666666665,0.9025526384818489,0.8410894111922661,True,1,2.4,1,1.5499999999999998
full_oulb,Full OU-Lévy-Branching,6,3.4375,0.9002822903022332,,False,1,2.4,1,1.5499999999999998
full_oulb,Full OU-Lévy-Branching,6,3.458333333333333,0.8754382510483075,,False,1,2.4,0,0.44999999999999996
full_oulb,Full OU-Lévy-Branching,6,3.4791666666666665,0.8452026616902052,0.7671040357082473,True,1,2.4,0,0.44999999999999996
full_oulb,Full OU-Lévy-Branching,6,3.5,0.8206171929682435,,False,1,2.4,0,0.44999999999999996
full_oulb,Full OU-Lévy-Branching,6,3.520833333333333,0.8752219579986067,,False,1,2.4,0,0.44999999999999996
full_oulb,Full OU-Lévy-Branching,6,3.5416666666666665,0.7943938108053674,0.6456708164455138,True,1,2.4,0,0.44999999999999996
full_oulb,Full OU-Lévy-Branching,6,3.5625,0.7963957135285945,,False,1,2.4,0,0.44999999999999996
full_oulb,Full OU-Lévy-Branching,6,3.583333333333333,0.7986779505744347,,False,1,2.4,0,0.44999999999999996
full_oulb,Full OU-Lévy-Branching,6,3.6041666666666665,0.7558065021287557,,False,1,2.4,0,0.44999999999999996
full_oulb,Full OU-Lévy-Branching,6,3.625,0.8073074372138835,0.6339574217406115,True,1,2.4,0,0.44999999999999996
full_oulb,Full OU-Lévy-Branching,6,3.645833333333333,0.7945301373755579,,False,1,2.4,0,0.44999999999999996
full_oulb,Full OU-Lévy-Branching,6,3.6666666666666665,0.820294386333156,,False,1,2.4,1,1.5499999999999998
full_oulb,Full OU-Lévy-Branching,6,3.6875,0.7822138309874876,,False,1,2.4,1,1.5499999999999998
full_oulb,Full OU-Lévy-Branching,6,3.708333333333333,0.7654447160694251,0.558259773117642,True,1,2.4,1,1.5499999999999998
full_oulb,Full OU-Lévy-Branching,6,3.7291666666666665,0.7874687744546948,0.7244322746285616,True,1,2.4,1,1.5499999999999998
full_oulb,Full OU-Lévy-Branching,6,3.75,0.8196664691339965,1.016431633790184,True,1,2.4,1,1.5499999999999998
full_oulb,Full OU-Lévy-Branching,6,3.770833333333333,0.7824842149244567,,False,1,2.4,1,1.5499999999999998
full_oulb,Full OU-Lévy-Branching,6,3.7916666666666665,0.7978633004084182,0.6715959008746367,True,1,2.4,1,1.5499999999999998
full_oulb,Full OU-Lévy-Branching,6,3.8125,0.8506662767583553,,False,1,2.4,1,1.5499999999999998
full_oulb,Full OU-Lévy-Branching,6,3.833333333333333,0.824107512020198,0.9776703264426876,True,1,2.4,1,1.5499999999999998
full_oulb,Full OU-Lévy-Branching,6,3.8541666666666665,0.7826342876091655,,False,1,2.4,1,1.5499999999999998
full_oulb,Full OU-Lévy-Branching,6,3.875,0.7621832526000019,0.7035471310012482,True,1,2.4,1,1.5499999999999998
full_oulb,Full OU-Lévy-Branching,6,3.895833333333333,0.7867544120383869,0.6976007482782445,True,1,2.4,1,1.5499999999999998
full_oulb,Full OU-Lévy-Branching,6,3.9166666666666665,0.756588626638748,0.744496051843236,True,1,2.4,1,1.5499999999999998
full_oulb,Full OU-Lévy-Branching,6,3.9375,0.7994467320515599,,False,1,2.4,1,1.5499999999999998
full_oulb,Full OU-Lévy-Branching,6,3.958333333333333,0.8094271988068824,,False,1,2.4,1,1.5499999999999998
full_oulb,Full OU-Lévy-Branching,6,3.9791666666666665,0.8047681210843599,,False,1,2.4,1,1.5499999999999998
full_oulb,Full OU-Lévy-Branching,6,4.0,0.8469709444554285,,False,1,2.4,1,1.5499999999999998
full_oulb,Full OU-Lévy-Branching,6,4.020833333333333,0.8308896247910769,0.790478768710594,True,1,2.4,1,1.5499999999999998
full_oulb,Full OU-Lévy-Branching,6,4.041666666666666,0.8509925551260608,0.7516946578343979,True,1,2.4,1,1.5499999999999998
full_oulb,Full OU-Lévy-Branching,6,4.0625,0.8190954803647789,,False,1,2.4,1,1.5499999999999998
full_oulb,Full OU-Lévy-Branching,6,4.083333333333333,0.8151726097295409,0.8426902885105325,True,1,2.4,1,1.5499999999999998
full_oulb,Full OU-Lévy-Branching,6,4.104166666666666,0.7822503678845881,0.6133869727457121,True,1,2.4,1,1.5499999999999998
full_oulb,Full OU-Lévy-Branching,6,4.125,0.8025458252279336,,False,1,2.4,1,1.5499999999999998
full_oulb,Full OU-Lévy-Branching,6,4.145833333333333,0.8660094071261192,,False,1,2.4,1,1.5499999999999998
full_oulb,Full OU-Lévy-Branching,6,4.166666666666666,0.9084492464931853,0.9126067566864551,True,1,2.4,1,1.5499999999999998
full_oulb,Full OU-Lévy-Branching,6,4.1875,0.986135207178227,1.0750090838457198,True,1,2.4,1,1.5499999999999998
full_oulb,Full OU-Lévy-Branching,6,4.208333333333333,1.029645307977951,,False,1,2.4,1,1.5499999999999998
full_oulb,Full OU-Lévy-Branching,6,4.229166666666666,1.098857631629972,1.0131608910395267,True,1,2.4,1,1.5499999999999998
full_oulb,Full OU-Lévy-Branching,6,4.25,1.1146245624578959,1.1488340055602493,True,1,2.4,1,1.5499999999999998
full_oulb,Full OU-Lévy-Branching,6,4.270833333333333,1.152323189536025,,False,1,2.4,1,1.5499999999999998
full_oulb,Full OU-Lévy-Branching,6,4.291666666666666,1.1711778502927326,1.2511485317007196,True,1,2.4,1,1.5499999999999998
full_oulb,Full OU-Lévy-Branching,6,4.3125,1.1201701382617018,1.2516357397787847,True,1,2.4,1,1.5499999999999998
full_oulb,Full OU-Lévy-Branching,6,4.333333333333333,1.1367626299592095,1.0618757685217257,True,1,2.4,1,1.5499999999999998
full_oulb,Full OU-Lévy-Branching,6,4.354166666666666,1.1348737098913675,1.1497977728851105,True,1,2.4,1,1.5499999999999998
full_oulb,Full OU-Lévy-Branching,6,4.375,1.154620573122748,1.0493620318906298,True,1,2.4,1,1.5499999999999998
full_oulb,Full OU-Lévy-Branching,6,4.395833333333333,1.2159357114394755,,False,1,2.4,1,1.5499999999999998
full_oulb,Full OU-Lévy-Branching,6,4.416666666666666,1.233622899992424,,False,1,2.4,1,1.5499999999999998
full_oulb,Full OU-Lévy-Branching,6,4.4375,1.2106533033937643,1.3132047218358491,True,1,2.4,1,1.5499999999999998
full_oulb,Full OU-Lévy-Branching,6,4.458333333333333,1.2285851706064828,1.2349375208674866,True,1,2.4,1,1.5499999999999998
full_oulb,Full OU-Lévy-Branching,6,4.479166666666666,1.2221141023056088,1.212657964210466,True,1,2.4,1,1.5499999999999998
full_oulb,Full OU-Lévy-Branching,6,4.5,1.2273393547170637,,False,1,2.4,1,1.5499999999999998
full_oulb,Full OU-Lévy-Branching,6,4.520833333333333,1.2560407380866012,,False,1,2.4,1,1.5499999999999998
full_oulb,Full OU-Lévy-Branching,6,4.541666666666666,1.2767170743845015,,False,1,2.4,1,1.5499999999999998
full_oulb,Full OU-Lévy-Branching,6,4.5625,1.2804186965641524,,False,1,2.4,1,1.5499999999999998
full_oulb,Full OU-Lévy-Branching,6,4.583333333333333,1.3035470091877903,,False,1,2.4,1,1.5499999999999998
full_oulb,Full OU-Lévy-Branching,6,4.604166666666666,1.337140921752306,1.2699195330790605,True,1,2.4,1,1.5499999999999998
full_oulb,Full OU-Lévy-Branching,6,4.625,1.3918048212715781,1.3955295536563552,True,1,2.4,1,1.5499999999999998
full_oulb,Full OU-Lévy-Branching,6,4.645833333333333,1.4530972453950213,1.411108810359798,True,1,2.4,1,1.5499999999999998
full_oulb,Full OU-Lévy-Branching,6,4.666666666666666,1.4729354146227784,1.5405544971294443,True,1,2.4,1,1.5499999999999998
full_oulb,Full OU-Lévy-Branching,6,4.6875,1.4484262080627763,,False,1,2.4,1,1.5499999999999998
full_oulb,Full OU-Lévy-Branching,6,4.708333333333333,1.456292434262232,1.4537174113192393,True,1,2.4,1,1.5499999999999998
full_oulb,Full OU-Lévy-Branching,6,4.729166666666666,1.4858275347150378,1.4020968334595278,True,1,2.4,1,1.5499999999999998
full_oulb,Full OU-Lévy-Branching,6,4.75,1.4312520614687705,,False,1,2.4,1,1.5499999999999998
full_oulb,Full OU-Lévy-Branching,6,4.770833333333333,1.4290249037100398,,False,1,2.4,1,1.5499999999999998
full_oulb,Full OU-Lévy-Branching,6,4.791666666666666,1.446078017589446,1.3876215456809633,True,1,2.4,1,1.5499999999999998
full_oulb,Full OU-Lévy-Branching,6,4.8125,1.470991361572439,1.5067234846155606,True,1,2.4,1,1.5499999999999998
full_oulb,Full OU-Lévy-Branching,6,4.833333333333333,1.4460676605624856,,False,1,2.4,1,1.5499999999999998
full_oulb,Full OU-Lévy-Branching,6,4.854166666666666,1.4234408624180597,,False,1,2.4,1,1.5499999999999998
full_oulb,Full OU-Lévy-Branching,6,4.875,1.4394963195113208,,False,1,2.4,1,1.5499999999999998
full_oulb,Full OU-Lévy-Branching,6,4.895833333333333,1.448129375042622,1.3871062106829513,True,1,2.4,1,1.5499999999999998
full_oulb,Full OU-Lévy-Branching,6,4.916666666666666,1.490176974685294,1.4873461186642776,True,1,2.4,1,1.5499999999999998
full_oulb,Full OU-Lévy-Branching,6,4.9375,1.4915970544102153,,False,1,2.4,1,1.5499999999999998
full_oulb,Full OU-Lévy-Branching,6,4.958333333333333,1.5087971932643043,,False,1,2.4,1,1.5499999999999998
full_oulb,Full OU-Lévy-Branching,6,4.979166666666666,1.5140429593064475,1.6830891236600296,True,1,2.4,1,1.5499999999999998
full_oulb,Full OU-Lévy-Branching,6,5.0,1.5229080230721317,1.6700011442029474,True,1,2.4,1,1.5499999999999998
