metric,source,value
n_observations,Simulated,2.0
n_observations,Simulated,2.0
n_observations,Simulated,2.0
n_observations,Simulated,2.0
n_observations,Simulated,2.0
n_observations,Simulated,2.0
n_observations,Simulated,2.0
n_observations,Simulated,4.0
n_observations,Simulated,2.0
n_observations,Simulated,2.0
n_observations,Simulated,2.0
n_observations,Simulated,4.0
n_observations,Simulated,2.0
n_observations,Simulated,2.0
n_observations,Simulated,2.0
n_observations,Simulated,2.0
n_observations,Simulated,2.0
n_observations,Simulated,2.0
n_observations,Simulated,2.0
n_observations,Simulated,2.0
n_observations,Simulated,2.0
n_observations,Simulated,2.0
n_observations,Simulated,2.0
n_observations,Simulated,2.0
n_observations,Simulated,2.0
n_observations,Simulated,2.0
n_observations,Simulated,2.0
n_observations,Simulated,2.0
n_observations,Simulated,2.0
n_observations,Simulated,2.0
n_observations,Simulated,4.0
n_observations,Simulated,2.0
n_observations,Simulated,2.0
n_observations,Simulated,2.0
n_observations,Simulated,2.0
n_observations,Simulated,2.0
n_observations,Simulated,2.0
n_observations,Simulated,2.0
n_observations,Simulated,2.0
n_observations,Simulated,2.0
n_observations,Simulated,2.0
n_observations,Simulated,2.0
n_observations,Simulated,2.0
n_observations,Simulated,2.0
n_observations,Simulated,4.0
n_observations,Simulated,2.0
n_observations,Simulated,2.0
n_observations,Simulated,2.0
n_observations,Simulated,2.0
n_observations,Simulated,2.0
n_observations,Simulated,2.0
n_observations,Simulated,2.0
n_observations,Simulated,2.0
n_observations,Simulated,2.0
n_observations,Simulated,2.0
n_observations,Simulated,2.0
n_observations,Simulated,2.0
n_observations,Simulated,2.0
n_observations,Simulated,2.0
n_observations,Simulated,2.0
n_observations,Simulated,2.0
n_observations,Simulated,2.0
n_observations,Simulated,4.0
n_observations,Simulated,2.0
n_observations,Simulated,2.0
n_observations,Simulated,2.0
n_observations,Simulated,2.0
n_observations,Simulated,2.0
n_observations,Simulated,2.0
n_observations,Simulated,4.0
n_observations,Simulated,2.0
n_observations,Simulated,2.0
n_observations,Simulated,2.0
n_observations,Simulated,2.0
n_observations,Simulated,2.0
n_observations,Simulated,2.0
n_observations,Simulated,2.0
n_observations,Simulated,2.0
n_observations,Simulated,2.0
n_observations,Simulated,4.0
n_observations,Simulated,2.0
n_observations,Simulated,2.0
n_observations,Simulated,2.0
n_observations,Simulated,2.0
n_observations,Simulated,2.0
n_observations,Simulated,2.0
n_observations,Simulated,2.0
n_observations,Simulated,2.0
n_observations,Simulated,2.0
n_observations,Simulated,2.0
n_observations,Simulated,2.0
n_observations,Simulated,2.0
n_observations,Simulated,2.0
n_observations,Simulated,2.0
n_observations,Simulated,2.0
n_observations,Simulated,2.0
n_observations,Simulated,2.0
n_observations,Simulated,2.0
n_observations,Simulated,2.0
n_observations,Simulated,2.0
n_observations,Simulated,2.0
n_observations,Simulated,2.0
n_observations,Simulated,2.0
n_observations,Simulated,2.0
n_observations,Simulated,2.0
n_observations,Simulated,2.0
n_observations,Simulated,2.0
n_observations,Simulated,2.0
n_observations,Simulated,2.0
n_observations,Simulated,2.0
n_observations,Simulated,2.0
n_observations,Simulated,2.0
n_observations,Simulated,2.0
n_observations,Simulated,2.0
n_observations,Simulated,2.0
n_observations,Simulated,2.0
n_observations,Simulated,2.0
n_observations,Simulated,2.0
n_observations,Simulated,2.0
n_observations,Simulated,2.0
n_observations,Simulated,4.0
n_observations,Simulated,2.0
n_observations,Simulated,2.0
n_observations,Simulated,2.0
n_observations,Simulated,2.0
n_observations,Simulated,2.0
n_observations,Simulated,2.0
n_observations,Simulated,2.0
n_observations,Simulated,2.0
n_observations,Simulated,2.0
n_observations,Simulated,2.0
n_observations,Simulated,2.0
n_observations,Simulated,2.0
n_observations,Simulated,2.0
n_observations,Simulated,2.0
n_observations,Simulated,2.0
n_observations,Simulated,2.0
n_observations,Simulated,2.0
n_observations,Simulated,2.0
n_observations,Simulated,2.0
n_observations,Simulated,2.0
n_observations,Simulated,2.0
n_observations,Simulated,2.0
n_observations,Simulated,2.0
n_observations,Simulated,2.0
n_observations,Simulated,2.0
n_observations,Simulated,2.0
n_observations,Simulated,2.0
n_observations,Simulated,2.0
n_observations,Simulated,2.0
n_observations,Simulated,2.0
n_observations,Simulated,2.0
n_observations,Simulated,2.0
n_observations,Simulated,2.0
n_observations,Simulated,2.0
n_observations,Simulated,2.0
n_observations,Simulated,2.0
n_observations,Simulated,2.0
n_observations,Simulated,2.0
n_observations,Simulated,2.0
n_observations,Simulated,2.0
n_observations,Simulated,2.0
n_observations,Simulated,2.0
n_observations,Simulated,2.0
n_observations,Simulated,2.0
n_observations,Simulated,2.0
n_observations,Simulated,2.0
n_observations,Simulated,2.0
n_observations,Simulated,2.0
n_observations,Simulated,2.0
n_observations,Simulated,2.0
n_observations,Simulated,2.0
n_observations,Simulated,2.0
n_observations,Simulated,2.0
n_observations,Simulated,4.0
n_observations,Simulated,2.0
n_observations,Simulated,2.0
n_observations,Simulated,2.0
n_observations,Simulated,2.0
n_observations,Simulated,2.0
n_observations,Simulated,2.0
n_observations,Simulated,2.0
n_observations,Simulated,2.0
n_observations,Simulated,2.0
n_observations,Simulated,2.0
n_observations,Simulated,2.0
n_observations,Simulated,2.0
n_observations,Simulated,2.0
n_observations,Simulated,2.0
n_observations,Simulated,2.0
n_observations,Simulated,2.0
n_observations,Simulated,2.0
n_observations,Simulated,2.0
n_observations,Simulated,2.0
n_observations,Simulated,2.0
n_observations,Simulated,4.0
n_observations,Simulated,2.0
n_observations,Simulated,2.0
n_observations,Simulated,2.0
n_observations,Simulated,2.0
n_observations,Simulated,2.0
n_observations,Simulated,2.0
n_observations,Simulated,2.0
n_observations,Simulated,2.0
n_observations,Simulated,2.0
n_observations,Simulated,2.0
n_observations,Simulated,2.0
n_observations,Simulated,2.0
n_observations,Simulated,2.0
n_observations,Simulated,2.0
n_observations,Simulated,2.0
n_observations,Simulated,2.0
n_observations,Simulated,2.0
n_observations,Simulated,2.0
n_observations,Simulated,2.0
n_observations,Simulated,2.0
n_observations,Simulated,2.0
n_observations,Simulated,2.0
n_observations,Simulated,2.0
n_observations,Simulated,2.0
n_observations,Simulated,2.0
n_observations,Simulated,2.0
n_observations,Simulated,2.0
n_observations,Simulated,2.0
n_observations,Simulated,2.0
n_observations,Simulated,2.0
n_observations,Simulated,2.0
n_observations,Simulated,2.0
n_observations,Simulated,2.0
n_observations,Simulated,2.0
n_observations,Simulated,2.0
n_observations,Simulated,2.0
n_observations,Simulated,2.0
n_observations,Simulated,2.0
n_observations,Simulated,2.0
n_observations,Simulated,2.0
n_observations,Simulated,2.0
n_observations,Simulated,2.0
n_observations,Simulated,2.0
n_observations,Simulated,2.0
n_observations,Simulated,2.0
n_observations,Simulated,2.0
n_observations,Simulated,2.0
n_observations,Simulated,2.0
n_observations,Simulated,2.0
n_observations,Simulated,2.0
n_observations,Simulated,2.0
n_observations,Simulated,2.0
n_observations,Simulated,2.0
n_observations,Simulated,2.0
n_observations,Simulated,2.0
n_observations,Simulated,2.0
n_observations,Simulated,2.0
n_observations,Simulated,2.0
n_observations,Simulated,2.0
n_observations,Simulated,2.0
n_observations,Simulated,2.0
n_observations,Simulated,2.0
n_observations,Simulated,2.0
n_observations,Simulated,2.0
n_observations,Simulated,2.0
n_observations,Simulated,2.0
n_observations,Simulated,2.0
n_observations,Simulated,2.0
n_observations,Simulated,2.0
n_observations,Simulated,2.0
n_observations,Simulated,2.0
n_observations,Simulated,2.0
n_observations,Simulated,2.0
n_observations,Simulated,2.0
n_observations,Simulated,2.0
n_observations,Simulated,2.0
n_observations,Simulated,2.0
n_observations,Simulated,2.0
n_observations,Simulated,2.0
n_observations,Simulated,4.0
n_observations,Simulated,2.0
n_observations,Simulated,2.0
n_observations,Simulated,2.0
n_observations,Simulated,2.0
n_observations,Simulated,2.0
n_observations,Simulated,2.0
n_observations,Simulated,2.0
n_observations,Simulated,2.0
n_observations,Simulated,2.0
n_observations,Simulated,2.0
n_observations,Simulated,2.0
n_observations,Simulated,2.0
n_observations,Simulated,2.0
n_observations,Simulated,2.0
n_observations,Simulated,2.0
n_observations,Simulated,2.0
n_observations,Simulated,2.0
n_observations,Simulated,2.0
n_observations,Simulated,2.0
n_observations,Simulated,2.0
n_observations,Simulated,2.0
n_observations,Simulated,2.0
n_observations,Simulated,2.0
n_observations,Simulated,2.0
n_observations,Simulated,2.0
n_observations,Simulated,2.0
n_observations,Simulated,2.0
n_observations,Simulated,2.0
n_observations,Simulated,2.0
n_observations,Simulated,2.0
n_observations,Simulated,2.0
n_observations,Simulated,2.0
n_observations,Simulated,2.0
n_observations,Simulated,4.0
n_observations,Simulated,2.0
n_observations,Simulated,2.0
n_observations,Simulated,2.0
n_observations,Simulated,2.0
n_observations,Simulated,2.0
n_observations,Simulated,2.0
n_observations,Simulated,2.0
n_observations,Simulated,2.0
n_observations,Simulated,2.0
n_observations,Simulated,2.0
n_observations,Simulated,2.0
n_observations,Simulated,2.0
n_observations,Simulated,2.0
n_observations,Simulated,2.0
n_observations,Simulated,2.0
n_observations,Simulated,2.0
n_observations,Simulated,2.0
n_observations,Simulated,2.0
n_observations,Simulated,2.0
n_observations,Simulated,2.0
n_observations,Simulated,2.0
n_observations,Simulated,2.0
n_observations,Simulated,2.0
n_observations,Simulated,2.0
n_observations,Simulated,2.0
n_observations,Simulated,2.0
n_observations,Simulated,2.0
n_observations,Simulated,2.0
n_observations,Simulated,2.0
n_observations,Simulated,2.0
n_observations,Simulated,2.0
n_observations,Simulated,2.0
n_observations,Simulated,2.0
n_observations,Simulated,2.0
n_observations,Simulated,2.0
n_observations,Simulated,2.0
n_observations,Simulated,2.0
n_observations,Simulated,2.0
n_observations,Simulated,2.0
n_observations,Simulated,2.0
n_observations,Simulated,2.0
n_observations,Simulated,2.0
n_observations,Simulated,2.0
n_observations,Simulated,2.0
n_observations,Simulated,2.0
n_observations,Simulated,2.0
n_observations,Simulated,2.0
n_observations,Simulated,2.0
n_observations,Simulated,2.0
n_observations,Simulated,2.0
n_observations,Simulated,2.0
n_observations,Simulated,2.0
n_observations,Simulated,2.0
n_observations,Simulated,2.0
n_observations,Simulated,2.0
n_observations,Simulated,2.0
n_observations,Simulated,2.0
n_observations,Simulated,2.0
n_observations,Simulated,2.0
n_observations,Simulated,2.0
n_observations,Simulated,2.0
n_observations,Simulated,2.0
n_observations,Simulated,2.0
n_observations,Simulated,2.0
n_observations,Simulated,2.0
n_observations,Simulated,2.0
n_observations,Simulated,2.0
n_observations,Simulated,2.0
n_observations,Simulated,2.0
n_observations,Simulated,2.0
n_observations,Simulated,4.0
n_observations,Simulated,2.0
n_observations,Simulated,2.0
n_observations,Simulated,2.0
n_observations,Simulated,2.0
n_observations,Simulated,2.0
n_observations,Simulated,2.0
n_observations,Simulated,2.0
n_observations,Simulated,2.0
n_observations,Simulated,2.0
n_observations,Simulated,2.0
n_observations,Simulated,2.0
n_observations,Simulated,2.0
n_observations,Simulated,2.0
n_observations,Simulated,2.0
n_observations,Simulated,2.0
n_observations,Simulated,2.0
n_observations,Simulated,2.0
n_observations,Simulated,2.0
n_observations,Simulated,2.0
n_observations,Simulated,2.0
n_observations,Simulated,2.0
n_observations,Simulated,2.0
n_observations,Simulated,2.0
n_observations,Simulated,2.0
n_observations,Simulated,2.0
n_observations,Simulated,2.0
n_observations,Simulated,2.0
n_observations,Simulated,2.0
n_observations,Simulated,2.0
n_observations,Simulated,2.0
n_observations,Simulated,2.0
n_observations,Simulated,2.0
n_observations,Simulated,2.0
n_observations,Simulated,2.0
n_observations,Simulated,2.0
n_observations,Simulated,2.0
n_observations,Simulated,2.0
n_observations,Simulated,2.0
n_observations,Simulated,2.0
n_observations,Simulated,2.0
n_observations,Simulated,2.0
n_observations,Simulated,2.0
n_observations,Simulated,2.0
n_observations,Simulated,2.0
n_observations,Simulated,2.0
n_observations,Simulated,2.0
n_observations,Simulated,2.0
n_observations,Simulated,2.0
n_observations,Simulated,2.0
n_observations,Simulated,2.0
n_observations,Simulated,2.0
n_observations,Simulated,2.0
n_observations,Simulated,2.0
n_observations,Simulated,2.0
n_observations,Simulated,2.0
n_observations,Simulated,2.0
n_observations,Simulated,2.0
n_observations,Simulated,4.0
n_observations,Simulated,2.0
n_observations,Simulated,2.0
n_observations,Simulated,2.0
n_observations,Simulated,4.0
n_observations,Simulated,2.0
n_observations,Simulated,2.0
n_observations,Simulated,2.0
n_observations,Simulated,2.0
n_observations,Simulated,2.0
n_observations,Simulated,2.0
n_observations,Simulated,2.0
n_observations,Simulated,2.0
n_observations,Simulated,4.0
n_observations,Simulated,2.0
n_observations,Simulated,2.0
n_observations,Simulated,2.0
n_observations,Simulated,2.0
n_observations,Simulated,2.0
n_observations,Simulated,2.0
n_observations,Simulated,2.0
n_observations,Simulated,2.0
n_observations,Simulated,2.0
n_observations,Simulated,2.0
n_observations,Simulated,2.0
n_observations,Simulated,2.0
n_observations,Simulated,2.0
n_observations,Simulated,2.0
n_observations,Simulated,2.0
n_observations,Simulated,2.0
n_observations,Simulated,2.0
n_observations,Simulated,2.0
n_observations,Simulated,2.0
n_observations,Simulated,2.0
n_observations,Simulated,2.0
n_observations,Simulated,2.0
n_observations,Simulated,2.0
n_observations,Simulated,2.0
n_observations,Simulated,4.0
n_observations,Simulated,4.0
n_observations,Simulated,2.0
n_observations,Simulated,2.0
n_observations,Simulated,2.0
n_observations,Simulated,2.0
n_observations,Simulated,2.0
n_observations,Simulated,2.0
n_observations,Simulated,2.0
n_observations,Simulated,2.0
n_observations,Simulated,2.0
n_observations,Simulated,2.0
n_observations,Simulated,2.0
n_observations,Simulated,2.0
n_observations,Simulated,2.0
n_observations,Simulated,2.0
n_observations,Simulated,2.0
n_observations,Simulated,2.0
n_observations,Simulated,2.0
n_observations,Simulated,2.0
n_observations,Simulated,2.0
n_observations,Simulated,2.0
n_observations,Simulated,4.0
n_observations,Simulated,2.0
n_observations,Observed,2.0
followup,Simulated,1.0
followup,Simulated,1.0
followup,Simulated,1.0
followup,Simulated,1.0
followup,Simulated,1.0
followup,Simulated,1.0
followup,Simulated,1.0
followup,Simulated,3.0
followup,Simulated,1.0
followup,Simulated,1.0
followup,Simulated,1.0
followup,Simulated,3.0
followup,Simulated,1.0
followup,Simulated,1.0
followup,Simulated,1.0
followup,Simulated,1.0
followup,Simulated,1.0
followup,Simulated,1.0
followup,Simulated,1.0
followup,Simulated,1.0
followup,Simulated,1.0
followup,Simulated,1.0
followup,Simulated,1.0
followup,Simulated,1.0
followup,Simulated,1.0
followup,Simulated,1.0
followup,Simulated,1.0
followup,Simulated,1.0
followup,Simulated,1.0
followup,Simulated,1.0
followup,Simulated,3.0
followup,Simulated,1.0
followup,Simulated,1.0
followup,Simulated,1.0
followup,Simulated,1.0
followup,Simulated,1.0
followup,Simulated,1.0
followup,Simulated,1.0
followup,Simulated,1.0
followup,Simulated,1.0
followup,Simulated,1.0
followup,Simulated,1.0
followup,Simulated,1.0
followup,Simulated,1.0
followup,Simulated,3.0
followup,Simulated,1.0
followup,Simulated,1.0
followup,Simulated,1.0
followup,Simulated,1.0
followup,Simulated,1.0
followup,Simulated,1.0
followup,Simulated,1.0
followup,Simulated,1.0
followup,Simulated,1.0
followup,Simulated,1.0
followup,Simulated,1.0
followup,Simulated,1.0
followup,Simulated,1.0
followup,Simulated,1.0
followup,Simulated,1.0
followup,Simulated,1.0
followup,Simulated,1.0
followup,Simulated,3.0
followup,Simulated,1.0
followup,Simulated,1.0
followup,Simulated,1.0
followup,Simulated,1.0
followup,Simulated,1.0
followup,Simulated,1.0
followup,Simulated,3.0
followup,Simulated,1.0
followup,Simulated,1.0
followup,Simulated,1.0
followup,Simulated,1.0
followup,Simulated,1.0
followup,Simulated,1.0
followup,Simulated,1.0
followup,Simulated,1.0
followup,Simulated,1.0
followup,Simulated,3.0
followup,Simulated,1.0
followup,Simulated,1.0
followup,Simulated,1.0
followup,Simulated,1.0
followup,Simulated,1.0
followup,Simulated,1.0
followup,Simulated,1.0
followup,Simulated,1.0
followup,Simulated,1.0
followup,Simulated,1.0
followup,Simulated,1.0
followup,Simulated,1.0
followup,Simulated,1.0
followup,Simulated,1.0
followup,Simulated,1.0
followup,Simulated,1.0
followup,Simulated,1.0
followup,Simulated,1.0
followup,Simulated,1.0
followup,Simulated,1.0
followup,Simulated,1.0
followup,Simulated,1.0
followup,Simulated,1.0
followup,Simulated,1.0
followup,Simulated,1.0
followup,Simulated,1.0
followup,Simulated,1.0
followup,Simulated,1.0
followup,Simulated,1.0
followup,Simulated,1.0
followup,Simulated,1.0
followup,Simulated,1.0
followup,Simulated,1.0
followup,Simulated,1.0
followup,Simulated,1.0
followup,Simulated,1.0
followup,Simulated,1.0
followup,Simulated,1.0
followup,Simulated,1.0
followup,Simulated,1.0
followup,Simulated,3.0
followup,Simulated,1.0
followup,Simulated,1.0
followup,Simulated,1.0
followup,Simulated,1.0
followup,Simulated,1.0
followup,Simulated,1.0
followup,Simulated,1.0
followup,Simulated,1.0
followup,Simulated,1.0
followup,Simulated,1.0
followup,Simulated,1.0
followup,Simulated,1.0
followup,Simulated,1.0
followup,Simulated,1.0
followup,Simulated,1.0
followup,Simulated,1.0
followup,Simulated,1.0
followup,Simulated,1.0
followup,Simulated,1.0
followup,Simulated,1.0
followup,Simulated,1.0
followup,Simulated,1.0
followup,Simulated,1.0
followup,Simulated,1.0
followup,Simulated,1.0
followup,Simulated,1.0
followup,Simulated,1.0
followup,Simulated,1.0
followup,Simulated,1.0
followup,Simulated,1.0
followup,Simulated,1.0
followup,Simulated,1.0
followup,Simulated,1.0
followup,Simulated,1.0
followup,Simulated,1.0
followup,Simulated,1.0
followup,Simulated,1.0
followup,Simulated,1.0
followup,Simulated,1.0
followup,Simulated,1.0
followup,Simulated,1.0
followup,Simulated,1.0
followup,Simulated,1.0
followup,Simulated,1.0
followup,Simulated,1.0
followup,Simulated,1.0
followup,Simulated,1.0
followup,Simulated,1.0
followup,Simulated,1.0
followup,Simulated,1.0
followup,Simulated,1.0
followup,Simulated,1.0
followup,Simulated,1.0
followup,Simulated,3.0
followup,Simulated,1.0
followup,Simulated,1.0
followup,Simulated,1.0
followup,Simulated,1.0
followup,Simulated,1.0
followup,Simulated,1.0
followup,Simulated,1.0
followup,Simulated,1.0
followup,Simulated,1.0
followup,Simulated,1.0
followup,Simulated,1.0
followup,Simulated,1.0
followup,Simulated,1.0
followup,Simulated,1.0
followup,Simulated,1.0
followup,Simulated,1.0
followup,Simulated,1.0
followup,Simulated,1.0
followup,Simulated,1.0
followup,Simulated,1.0
followup,Simulated,3.0
followup,Simulated,1.0
followup,Simulated,1.0
followup,Simulated,1.0
followup,Simulated,1.0
followup,Simulated,1.0
followup,Simulated,1.0
followup,Simulated,1.0
followup,Simulated,1.0
followup,Simulated,1.0
followup,Simulated,1.0
followup,Simulated,1.0
followup,Simulated,1.0
followup,Simulated,1.0
followup,Simulated,1.0
followup,Simulated,1.0
followup,Simulated,1.0
followup,Simulated,1.0
followup,Simulated,1.0
followup,Simulated,1.0
followup,Simulated,1.0
followup,Simulated,1.0
followup,Simulated,1.0
followup,Simulated,1.0
followup,Simulated,1.0
followup,Simulated,1.0
followup,Simulated,1.0
followup,Simulated,1.0
followup,Simulated,1.0
followup,Simulated,1.0
followup,Simulated,1.0
followup,Simulated,1.0
followup,Simulated,1.0
followup,Simulated,1.0
followup,Simulated,1.0
followup,Simulated,1.0
followup,Simulated,1.0
followup,Simulated,1.0
followup,Simulated,1.0
followup,Simulated,1.0
followup,Simulated,1.0
followup,Simulated,1.0
followup,Simulated,1.0
followup,Simulated,1.0
followup,Simulated,1.0
followup,Simulated,1.0
followup,Simulated,1.0
followup,Simulated,1.0
followup,Simulated,1.0
followup,Simulated,1.0
followup,Simulated,1.0
followup,Simulated,1.0
followup,Simulated,1.0
followup,Simulated,1.0
followup,Simulated,1.0
followup,Simulated,1.0
followup,Simulated,1.0
followup,Simulated,1.0
followup,Simulated,1.0
followup,Simulated,1.0
followup,Simulated,1.0
followup,Simulated,1.0
followup,Simulated,1.0
followup,Simulated,1.0
followup,Simulated,1.0
followup,Simulated,1.0
followup,Simulated,1.0
followup,Simulated,1.0
followup,Simulated,1.0
followup,Simulated,1.0
followup,Simulated,1.0
followup,Simulated,1.0
followup,Simulated,1.0
followup,Simulated,1.0
followup,Simulated,1.0
followup,Simulated,1.0
followup,Simulated,1.0
followup,Simulated,1.0
followup,Simulated,1.0
followup,Simulated,1.0
followup,Simulated,3.0
followup,Simulated,1.0
followup,Simulated,1.0
followup,Simulated,1.0
followup,Simulated,1.0
followup,Simulated,1.0
followup,Simulated,1.0
followup,Simulated,1.0
followup,Simulated,1.0
followup,Simulated,1.0
followup,Simulated,1.0
followup,Simulated,1.0
followup,Simulated,1.0
followup,Simulated,1.0
followup,Simulated,1.0
followup,Simulated,1.0
followup,Simulated,1.0
followup,Simulated,1.0
followup,Simulated,1.0
followup,Simulated,1.0
followup,Simulated,1.0
followup,Simulated,1.0
followup,Simulated,1.0
followup,Simulated,1.0
followup,Simulated,1.0
followup,Simulated,1.0
followup,Simulated,1.0
followup,Simulated,1.0
followup,Simulated,1.0
followup,Simulated,1.0
followup,Simulated,1.0
followup,Simulated,1.0
followup,Simulated,1.0
followup,Simulated,1.0
followup,Simulated,3.0
followup,Simulated,1.0
followup,Simulated,1.0
followup,Simulated,1.0
followup,Simulated,1.0
followup,Simulated,1.0
followup,Simulated,1.0
followup,Simulated,1.0
followup,Simulated,1.0
followup,Simulated,1.0
followup,Simulated,1.0
followup,Simulated,1.0
followup,Simulated,1.0
followup,Simulated,1.0
followup,Simulated,1.0
followup,Simulated,1.0
followup,Simulated,1.0
followup,Simulated,1.0
followup,Simulated,1.0
followup,Simulated,1.0
followup,Simulated,1.0
followup,Simulated,1.0
followup,Simulated,1.0
followup,Simulated,1.0
followup,Simulated,1.0
followup,Simulated,1.0
followup,Simulated,1.0
followup,Simulated,1.0
followup,Simulated,1.0
followup,Simulated,1.0
followup,Simulated,1.0
followup,Simulated,1.0
followup,Simulated,1.0
followup,Simulated,1.0
followup,Simulated,1.0
followup,Simulated,1.0
followup,Simulated,1.0
followup,Simulated,1.0
followup,Simulated,1.0
followup,Simulated,1.0
followup,Simulated,1.0
followup,Simulated,1.0
followup,Simulated,1.0
followup,Simulated,1.0
followup,Simulated,1.0
followup,Simulated,1.0
followup,Simulated,1.0
followup,Simulated,1.0
followup,Simulated,1.0
followup,Simulated,1.0
followup,Simulated,1.0
followup,Simulated,1.0
followup,Simulated,1.0
followup,Simulated,1.0
followup,Simulated,1.0
followup,Simulated,1.0
followup,Simulated,1.0
followup,Simulated,1.0
followup,Simulated,1.0
followup,Simulated,1.0
followup,Simulated,1.0
followup,Simulated,1.0
followup,Simulated,1.0
followup,Simulated,1.0
followup,Simulated,1.0
followup,Simulated,1.0
followup,Simulated,1.0
followup,Simulated,1.0
followup,Simulated,1.0
followup,Simulated,1.0
followup,Simulated,1.0
followup,Simulated,3.0
followup,Simulated,1.0
followup,Simulated,1.0
followup,Simulated,1.0
followup,Simulated,1.0
followup,Simulated,1.0
followup,Simulated,1.0
followup,Simulated,1.0
followup,Simulated,1.0
followup,Simulated,1.0
followup,Simulated,1.0
followup,Simulated,1.0
followup,Simulated,1.0
followup,Simulated,1.0
followup,Simulated,1.0
followup,Simulated,1.0
followup,Simulated,1.0
followup,Simulated,1.0
followup,Simulated,1.0
followup,Simulated,1.0
followup,Simulated,1.0
followup,Simulated,1.0
followup,Simulated,1.0
followup,Simulated,1.0
followup,Simulated,1.0
followup,Simulated,1.0
followup,Simulated,1.0
followup,Simulated,1.0
followup,Simulated,1.0
followup,Simulated,1.0
followup,Simulated,1.0
followup,Simulated,1.0
followup,Simulated,1.0
followup,Simulated,1.0
followup,Simulated,1.0
followup,Simulated,1.0
followup,Simulated,1.0
followup,Simulated,1.0
followup,Simulated,1.0
followup,Simulated,1.0
followup,Simulated,1.0
followup,Simulated,1.0
followup,Simulated,1.0
followup,Simulated,1.0
followup,Simulated,1.0
followup,Simulated,1.0
followup,Simulated,1.0
followup,Simulated,1.0
followup,Simulated,1.0
followup,Simulated,1.0
followup,Simulated,1.0
followup,Simulated,1.0
followup,Simulated,1.0
followup,Simulated,1.0
followup,Simulated,1.0
followup,Simulated,1.0
followup,Simulated,1.0
followup,Simulated,1.0
followup,Simulated,3.0
followup,Simulated,1.0
followup,Simulated,1.0
followup,Simulated,1.0
followup,Simulated,3.0
followup,Simulated,1.0
followup,Simulated,1.0
followup,Simulated,1.0
followup,Simulated,1.0
followup,Simulated,1.0
followup,Simulated,1.0
followup,Simulated,1.0
followup,Simulated,1.0
followup,Simulated,3.0
followup,Simulated,1.0
followup,Simulated,1.0
followup,Simulated,1.0
followup,Simulated,1.0
followup,Simulated,1.0
followup,Simulated,1.0
followup,Simulated,1.0
followup,Simulated,1.0
followup,Simulated,1.0
followup,Simulated,1.0
followup,Simulated,1.0
followup,Simulated,1.0
followup,Simulated,1.0
followup,Simulated,1.0
followup,Simulated,1.0
followup,Simulated,1.0
followup,Simulated,1.0
followup,Simulated,1.0
followup,Simulated,1.0
followup,Simulated,1.0
followup,Simulated,1.0
followup,Simulated,1.0
followup,Simulated,1.0
followup,Simulated,1.0
followup,Simulated,3.0
followup,Simulated,3.0
followup,Simulated,1.0
followup,Simulated,1.0
followup,Simulated,1.0
followup,Simulated,1.0
followup,Simulated,1.0
followup,Simulated,1.0
followup,Simulated,1.0
followup,Simulated,1.0
followup,Simulated,1.0
followup,Simulated,1.0
followup,Simulated,1.0
followup,Simulated,1.0
followup,Simulated,1.0
followup,Simulated,1.0
followup,Simulated,1.0
followup,Simulated,1.0
followup,Simulated,1.0
followup,Simulated,1.0
followup,Simulated,1.0
followup,Simulated,1.0
followup,Simulated,3.0
followup,Simulated,1.0
followup,Observed,1.0
total_displacement,Simulated,0.08973419772402264
total_displacement,Simulated,0.059454620712589
total_displacement,Simulated,0.08854829029895067
total_displacement,Simulated,0.09125794953355466
total_displacement,Simulated,0.24279916223424622
total_displacement,Simulated,0.03731137331680817
total_displacement,Simulated,0.06487847392217155
total_displacement,Simulated,0.2955755214012422
total_displacement,Simulated,0.038758205731416806
total_displacement,Simulated,0.27078199941073666
total_displacement,Simulated,0.06705024506690764
total_displacement,Simulated,0.8118240826598995
total_displacement,Simulated,0.16970655315399932
total_displacement,Simulated,0.11801318047036932
total_displacement,Simulated,0.18210281635640846
total_displacement,Simulated,0.06603861010992738
total_displacement,Simulated,0.15122007250904793
total_displacement,Simulated,0.1694668812256835
total_displacement,Simulated,0.21556863749873845
total_displacement,Simulated,0.04271656531283687
total_displacement,Simulated,0.13795520970628558
total_displacement,Simulated,0.04214256401027097
total_displacement,Simulated,0.1339324287403547
total_displacement,Simulated,0.07695078745794548
total_displacement,Simulated,0.1393499275543515
total_displacement,Simulated,0.1546274541889913
total_displacement,Simulated,0.09484878486772635
total_displacement,Simulated,0.22970804451744814
total_displacement,Simulated,0.1403849817865837
total_displacement,Simulated,0.05908933096768204
total_displacement,Simulated,0.11016565672552896
total_displacement,Simulated,0.08765002138366992
total_displacement,Simulated,0.10337031533641589
total_displacement,Simulated,0.04393841864428852
total_displacement,Simulated,0.05447817278214088
total_displacement,Simulated,0.40059553751974775
total_displacement,Simulated,0.006496959764661317
total_displacement,Simulated,0.06642934748859394
total_displacement,Simulated,0.33256838302317954
total_displacement,Simulated,0.14018834832734567
total_displacement,Simulated,0.0493275910691376
total_displacement,Simulated,0.3378773586966817
total_displacement,Simulated,0.053232202396131516
total_displacement,Simulated,0.16590536560997968
total_displacement,Simulated,0.24718229956051388
total_displacement,Simulated,0.10688842673967817
total_displacement,Simulated,0.13086418142790104
total_displacement,Simulated,0.07197282589208465
total_displacement,Simulated,0.10801915867080342
total_displacement,Simulated,0.1805948457223068
total_displacement,Simulated,0.18974156083196222
total_displacement,Simulated,0.11293804261504684
total_displacement,Simulated,0.3327303237574991
total_displacement,Simulated,0.13223853449734208
total_displacement,Simulated,0.04379851749795874
total_displacement,Simulated,0.23128383354916554
total_displacement,Simulated,0.4529083090795055
total_displacement,Simulated,0.20884113007042393
total_displacement,Simulated,0.01188705741109658
total_displacement,Simulated,0.07066934047558371
total_displacement,Simulated,0.11354214696709447
total_displacement,Simulated,0.14400576737292392
total_displacement,Simulated,0.6678079855421803
total_displacement,Simulated,0.16524219227917022
total_displacement,Simulated,0.00036653655375763587
total_displacement,Simulated,0.08822258961557888
total_displacement,Simulated,0.1533355830701057
total_displacement,Simulated,0.07795448455115278
total_displacement,Simulated,0.25574433328789575
total_displacement,Simulated,0.1805774431489117
total_displacement,Simulated,0.8284546670495699
total_displacement,Simulated,0.017487582592475903
total_displacement,Simulated,0.0054647828118156196
total_displacement,Simulated,0.6360080312571416
total_displacement,Simulated,0.004725539403260426
total_displacement,Simulated,0.16248087666678232
total_displacement,Simulated,0.07791751017704228
total_displacement,Simulated,0.5350129627494802
total_displacement,Simulated,0.015259279189969492
total_displacement,Simulated,0.039788705316275035
total_displacement,Simulated,0.005775949561770466
total_displacement,Simulated,0.18406522621434251
total_displacement,Simulated,0.25070276294560595
total_displacement,Simulated,0.169803218810168
total_displacement,Simulated,0.2291686161089223
total_displacement,Simulated,0.11856605446524923
total_displacement,Simulated,0.37968173698515645
total_displacement,Simulated,0.13800565447444954
total_displacement,Simulated,0.12425746856921292
total_displacement,Simulated,0.21255771085803477
total_displacement,Simulated,0.15282524174657888
total_displacement,Simulated,0.1311610769848053
total_displacement,Simulated,0.3336872407541922
total_displacement,Simulated,0.052267915317894986
total_displacement,Simulated,0.13884583612011683
total_displacement,Simulated,0.19761259592959263
total_displacement,Simulated,0.1816631662146746
total_displacement,Simulated,0.2323310167810979
total_displacement,Simulated,0.5180255351736689
total_displacement,Simulated,0.15471601802047522
total_displacement,Simulated,0.10909615966439543
total_displacement,Simulated,0.05481707022120097
total_displacement,Simulated,0.21480618228153553
total_displacement,Simulated,0.12952923760291576
total_displacement,Simulated,0.0767508440364314
total_displacement,Simulated,0.022080351335154673
total_displacement,Simulated,0.3354604838362504
total_displacement,Simulated,0.24826321964344072
total_displacement,Simulated,0.034333301460655274
total_displacement,Simulated,0.011156108070791572
total_displacement,Simulated,0.025338887947813415
total_displacement,Simulated,0.3690321556979603
total_displacement,Simulated,0.12046234684452853
total_displacement,Simulated,0.46322438171331537
total_displacement,Simulated,0.05084988697391486
total_displacement,Simulated,0.02399017395863868
total_displacement,Simulated,0.0693118457637753
total_displacement,Simulated,0.3091000758206616
total_displacement,Simulated,0.015733786144958996
total_displacement,Simulated,0.218542002612378
total_displacement,Simulated,0.20963940589070273
total_displacement,Simulated,0.04456808327625595
total_displacement,Simulated,0.23599378743327282
total_displacement,Simulated,0.02145896506556302
total_displacement,Simulated,0.39448784022246114
total_displacement,Simulated,0.20414229153617525
total_displacement,Simulated,0.06892782342996479
total_displacement,Simulated,0.07693980028725278
total_displacement,Simulated,0.16377790454747554
total_displacement,Simulated,0.2840695460050421
total_displacement,Simulated,0.28112765290731667
total_displacement,Simulated,0.002112237715298837
total_displacement,Simulated,0.11106756027614735
total_displacement,Simulated,0.017265955818410596
total_displacement,Simulated,0.36368906129343953
total_displacement,Simulated,0.1865607677352967
total_displacement,Simulated,0.21238960810171245
total_displacement,Simulated,0.13721439499585794
total_displacement,Simulated,0.10613161907623145
total_displacement,Simulated,0.10168596556891787
total_displacement,Simulated,0.10658543788730868
total_displacement,Simulated,0.09607012143346133
total_displacement,Simulated,0.11137003932561838
total_displacement,Simulated,0.21514123899495843
total_displacement,Simulated,0.020950875091232113
total_displacement,Simulated,0.13557904040294097
total_displacement,Simulated,0.25493511428501947
total_displacement,Simulated,0.09052550846221818
total_displacement,Simulated,0.21476082563321297
total_displacement,Simulated,0.5812071887785498
total_displacement,Simulated,0.10554535237159499
total_displacement,Simulated,0.22434062258422421
total_displacement,Simulated,0.2966795298675206
total_displacement,Simulated,0.16376501839535057
total_displacement,Simulated,0.1850214597797019
total_displacement,Simulated,0.4250510288771615
total_displacement,Simulated,0.058170336586647595
total_displacement,Simulated,0.08197702252843067
total_displacement,Simulated,0.12798537698282042
total_displacement,Simulated,0.07300834617591108
total_displacement,Simulated,0.18602681030279244
total_displacement,Simulated,0.045892456993843644
total_displacement,Simulated,0.0035775911178576297
total_displacement,Simulated,0.4250024831777191
total_displacement,Simulated,0.012130968974479184
total_displacement,Simulated,0.2250759111888167
total_displacement,Simulated,0.14392608002124288
total_displacement,Simulated,0.14404198036170004
total_displacement,Simulated,0.33522160564158604
total_displacement,Simulated,0.12198021757272168
total_displacement,Simulated,0.02216033532139028
total_displacement,Simulated,0.2291154667680924
total_displacement,Simulated,0.12257935401890951
total_displacement,Simulated,0.22031387015224313
total_displacement,Simulated,0.06189906799773389
total_displacement,Simulated,0.01111309165717204
total_displacement,Simulated,0.15996408490735797
total_displacement,Simulated,0.12214109396186103
total_displacement,Simulated,0.06713815380906743
total_displacement,Simulated,0.03421045294484465
total_displacement,Simulated,0.02299318085231352
total_displacement,Simulated,0.23381856376997448
total_displacement,Simulated,0.1315999312404427
total_displacement,Simulated,0.13763674471085324
total_displacement,Simulated,0.13669247232635445
total_displacement,Simulated,0.3849204430734931
total_displacement,Simulated,0.09191468316981642
total_displacement,Simulated,0.030120005554476446
total_displacement,Simulated,0.2611403675985748
total_displacement,Simulated,0.2372699630623306
total_displacement,Simulated,0.10511776240045982
total_displacement,Simulated,0.6478100179308295
total_displacement,Simulated,0.21081633368831282
total_displacement,Simulated,0.14744142413883812
total_displacement,Simulated,0.345626417863825
total_displacement,Simulated,0.1442288723959343
total_displacement,Simulated,0.12853994604294228
total_displacement,Simulated,0.20822382638293677
total_displacement,Simulated,0.0928456240829277
total_displacement,Simulated,0.20842648012992315
total_displacement,Simulated,0.21774261469116668
total_displacement,Simulated,0.07503475095808608
total_displacement,Simulated,0.013550938243602772
total_displacement,Simulated,0.13828081540283632
total_displacement,Simulated,0.04114846275918645
total_displacement,Simulated,0.2430052827287589
total_displacement,Simulated,0.11652557908539574
total_displacement,Simulated,0.1558999451699581
total_displacement,Simulated,0.2717790459563794
total_displacement,Simulated,0.023982679342386293
total_displacement,Simulated,0.004949503616891254
total_displacement,Simulated,0.02253489864003612
total_displacement,Simulated,0.33050300238859004
total_displacement,Simulated,0.08235049956989346
total_displacement,Simulated,0.15776399131178326
total_displacement,Simulated,0.1539141694338872
total_displacement,Simulated,0.1506054894835111
total_displacement,Simulated,0.3789159521632346
total_displacement,Simulated,0.1481489143812096
total_displacement,Simulated,0.12159632545403784
total_displacement,Simulated,0.16468582756497147
total_displacement,Simulated,0.30782551290624066
total_displacement,Simulated,0.020978641055540384
total_displacement,Simulated,0.04192874879480228
total_displacement,Simulated,0.039634631845304746
total_displacement,Simulated,0.4368244397495566
total_displacement,Simulated,0.012639640427278429
total_displacement,Simulated,0.08797029884454621
total_displacement,Simulated,0.1713744967903107
total_displacement,Simulated,0.2161577993700059
total_displacement,Simulated,0.09082489726404264
total_displacement,Simulated,0.16548090415329836
total_displacement,Simulated,0.15100561787282687
total_displacement,Simulated,0.1336189911842991
total_displacement,Simulated,0.19248717126505954
total_displacement,Simulated,0.2341429799150263
total_displacement,Simulated,0.046814753734481906
total_displacement,Simulated,0.04199021657056418
total_displacement,Simulated,0.05874176724170654
total_displacement,Simulated,0.03811494950716021
total_displacement,Simulated,0.10643863007406434
total_displacement,Simulated,0.15654241304343755
total_displacement,Simulated,0.2596485479089878
total_displacement,Simulated,0.0326926862855125
total_displacement,Simulated,0.01939588654713063
total_displacement,Simulated,0.16419960671890177
total_displacement,Simulated,0.0033730221801502314
total_displacement,Simulated,0.12406198798216694
total_displacement,Simulated,0.1975364332621338
total_displacement,Simulated,0.0818852037426752
total_displacement,Simulated,0.12829859147469386
total_displacement,Simulated,0.2525602806934597
total_displacement,Simulated,0.23134365820857983
total_displacement,Simulated,0.2599996507366136
total_displacement,Simulated,0.07856399408730502
total_displacement,Simulated,0.2773773255316488
total_displacement,Simulated,0.027223805706651436
total_displacement,Simulated,0.059181580543122836
total_displacement,Simulated,0.25032603655087243
total_displacement,Simulated,0.06652971548386195
total_displacement,Simulated,0.161350362252982
total_displacement,Simulated,0.10053910171853875
total_displacement,Simulated,0.15973382682027185
total_displacement,Simulated,0.00415693361685171
total_displacement,Simulated,0.1256406207965079
total_displacement,Simulated,0.1347948654949986
total_displacement,Simulated,0.08756022797497875
total_displacement,Simulated,0.16781576656578095
total_displacement,Simulated,0.028890859389104226
total_displacement,Simulated,0.41656845706193135
total_displacement,Simulated,0.08182528886928736
total_displacement,Simulated,0.023851215468367166
total_displacement,Simulated,0.6340912781580615
total_displacement,Simulated,0.10069934025248105
total_displacement,Simulated,0.03074811888660663
total_displacement,Simulated,0.29689730029230577
total_displacement,Simulated,0.025240954147404626
total_displacement,Simulated,0.32448742983654255
total_displacement,Simulated,0.12046768006633035
total_displacement,Simulated,0.07194848591532121
total_displacement,Simulated,0.1400099349783949
total_displacement,Simulated,0.3086364262003286
total_displacement,Simulated,0.041139270319161085
total_displacement,Simulated,0.2511456505872079
total_displacement,Simulated,0.2806205781880015
total_displacement,Simulated,0.05446196836209738
total_displacement,Simulated,0.08057876454955037
total_displacement,Simulated,0.0399444000323555
total_displacement,Simulated,0.23773098146602287
total_displacement,Simulated,0.14683922609634228
total_displacement,Simulated,0.1812168458681559
total_displacement,Simulated,0.18924490678717154
total_displacement,Simulated,0.22498219827516008
total_displacement,Simulated,0.09252882383581051
total_displacement,Simulated,0.018403893116386058
total_displacement,Simulated,0.30627487116361
total_displacement,Simulated,0.13316219066676013
total_displacement,Simulated,0.22622390968130934
total_displacement,Simulated,0.03415599489769857
total_displacement,Simulated,0.04619774911713992
total_displacement,Simulated,0.2984275724140626
total_displacement,Simulated,0.14738420529807705
total_displacement,Simulated,0.13611828282023938
total_displacement,Simulated,0.027588092793205798
total_displacement,Simulated,0.0910949559656691
total_displacement,Simulated,0.08566083489733783
total_displacement,Simulated,0.0916613105086875
total_displacement,Simulated,0.2407993337571213
total_displacement,Simulated,0.3016882439120986
total_displacement,Simulated,0.05302139160997159
total_displacement,Simulated,0.2346213839149902
total_displacement,Simulated,0.21727663198828875
total_displacement,Simulated,0.01900707654337694
total_displacement,Simulated,0.01307760793523189
total_displacement,Simulated,0.09898825760299462
total_displacement,Simulated,0.026931975419931246
total_displacement,Simulated,0.11924073996140594
total_displacement,Simulated,0.00660044104497004
total_displacement,Simulated,0.37585440301263223
total_displacement,Simulated,0.006692587222015878
total_displacement,Simulated,0.5663709620748238
total_displacement,Simulated,0.08358419009325566
total_displacement,Simulated,0.18314271245240002
total_displacement,Simulated,0.24520678857039546
total_displacement,Simulated,0.37022570406078514
total_displacement,Simulated,0.28775774177140445
total_displacement,Simulated,0.2772506801677732
total_displacement,Simulated,0.12258095587555262
total_displacement,Simulated,0.14350874488122167
total_displacement,Simulated,0.01112013335930151
total_displacement,Simulated,0.18642776913236225
total_displacement,Simulated,0.052382375572468706
total_displacement,Simulated,0.0665039266536146
total_displacement,Simulated,0.06444822541242012
total_displacement,Simulated,0.11482656816586308
total_displacement,Simulated,0.028108220530675243
total_displacement,Simulated,0.07339060942579158
total_displacement,Simulated,0.09919239584889553
total_displacement,Simulated,0.007051708695920422
total_displacement,Simulated,0.008184867122292562
total_displacement,Simulated,0.10367329830138737
total_displacement,Simulated,0.04238888630711146
total_displacement,Simulated,0.19215152017402448
total_displacement,Simulated,0.04337602671100055
total_displacement,Simulated,0.1903132126185704
total_displacement,Simulated,0.191834972810184
total_displacement,Simulated,0.12515221308414345
total_displacement,Simulated,0.06946055170069737
total_displacement,Simulated,0.05709743264850883
total_displacement,Simulated,0.11348667574091122
total_displacement,Simulated,0.24727715222251334
total_displacement,Simulated,0.003052694705995035
total_displacement,Simulated,0.34705011244459866
total_displacement,Simulated,0.4602531933868259
total_displacement,Simulated,0.012228751642559404
total_displacement,Simulated,0.09693962282746038
total_displacement,Simulated,0.18151077849171843
total_displacement,Simulated,0.19684450361340566
total_displacement,Simulated,0.010550296999566604
total_displacement,Simulated,0.18796540512457233
total_displacement,Simulated,0.18663230178816337
total_displacement,Simulated,0.07256213564130068
total_displacement,Simulated,0.14635803070692915
total_displacement,Simulated,0.3737474699877522
total_displacement,Simulated,0.11090309090766819
total_displacement,Simulated,0.4700331299420155
total_displacement,Simulated,0.011564412572626626
total_displacement,Simulated,0.04085719548547962
total_displacement,Simulated,0.08447502381806488
total_displacement,Simulated,0.015460001611138975
total_displacement,Simulated,0.08826390847605525
total_displacement,Simulated,0.1667537672882492
total_displacement,Simulated,0.029310307168909405
total_displacement,Simulated,0.15870150273589373
total_displacement,Simulated,0.012798286353619626
total_displacement,Simulated,0.04098751598205473
total_displacement,Simulated,0.042505599355114554
total_displacement,Simulated,0.3185630546847103
total_displacement,Simulated,0.14705688957961915
total_displacement,Simulated,0.05090110476100354
total_displacement,Simulated,0.08889049354346801
total_displacement,Simulated,0.041278710057959314
total_displacement,Simulated,0.24348631350840902
total_displacement,Simulated,0.001142895750778028
total_displacement,Simulated,0.27115647072895077
total_displacement,Simulated,0.05672351771404045
total_displacement,Simulated,0.054293059431206436
total_displacement,Simulated,0.09453582627818467
total_displacement,Simulated,0.4538480409656681
total_displacement,Simulated,0.302891053445837
total_displacement,Simulated,0.16608254943990203
total_displacement,Simulated,0.07529104904742394
total_displacement,Simulated,0.19924898973800936
total_displacement,Simulated,0.18215482007521278
total_displacement,Simulated,0.11755554966592352
total_displacement,Simulated,0.120463666277561
total_displacement,Simulated,0.15694724799057738
total_displacement,Simulated,0.15075371240184957
total_displacement,Simulated,0.3056901028275601
total_displacement,Simulated,0.16619042196346556
total_displacement,Simulated,0.11999668706133362
total_displacement,Simulated,0.1286430528310654
total_displacement,Simulated,0.36001719764205004
total_displacement,Simulated,0.1950559750759713
total_displacement,Simulated,0.0015567381998789487
total_displacement,Simulated,0.010401305934691685
total_displacement,Simulated,0.07202860418872213
total_displacement,Simulated,0.008680374503818589
total_displacement,Simulated,0.04102207293299439
total_displacement,Simulated,0.0696425974588415
total_displacement,Simulated,0.08088827378284591
total_displacement,Simulated,0.11340668736307583
total_displacement,Simulated,0.07913914900683663
total_displacement,Simulated,0.415223608451578
total_displacement,Simulated,0.17367803914664234
total_displacement,Simulated,0.4151957594793636
total_displacement,Simulated,0.007668727311979429
total_displacement,Simulated,0.32554900603490683
total_displacement,Simulated,0.12485201370926252
total_displacement,Simulated,0.2560001344928441
total_displacement,Simulated,0.11968340666278193
total_displacement,Simulated,0.23892061341378124
total_displacement,Simulated,0.24319113276216076
total_displacement,Simulated,0.04598352080119735
total_displacement,Simulated,0.16744955153913127
total_displacement,Simulated,0.04955971966435885
total_displacement,Simulated,0.019304451782016854
total_displacement,Simulated,0.017981262905731522
total_displacement,Simulated,0.11438825207193529
total_displacement,Simulated,0.03763318088324026
total_displacement,Simulated,0.16709775228485552
total_displacement,Simulated,0.3777132607494391
total_displacement,Simulated,0.02780898033033853
total_displacement,Simulated,0.09026042016261776
total_displacement,Simulated,0.20894965602789772
total_displacement,Simulated,0.06440582873917133
total_displacement,Simulated,0.24107938720417882
total_displacement,Simulated,0.35503070913599827
total_displacement,Simulated,0.13744555189255675
total_displacement,Simulated,0.07363420620585501
total_displacement,Simulated,0.3023094959215238
total_displacement,Simulated,0.015206267792473761
total_displacement,Simulated,0.1683993950084925
total_displacement,Simulated,0.19073968367268607
total_displacement,Simulated,0.08415489495578946
total_displacement,Simulated,0.1506339813037747
total_displacement,Simulated,0.11289044619874156
total_displacement,Simulated,0.007164558175212541
total_displacement,Simulated,0.04415526990972329
total_displacement,Simulated,0.2070704600606628
total_displacement,Simulated,0.001457071088456205
total_displacement,Simulated,0.2998909923518474
total_displacement,Simulated,0.014098159998010229
total_displacement,Simulated,0.1345669472182667
total_displacement,Simulated,0.14841872399010747
total_displacement,Simulated,0.23862485183477888
total_displacement,Simulated,0.12490122663865719
total_displacement,Simulated,0.18984971087324287
total_displacement,Simulated,0.19174406977896397
total_displacement,Simulated,0.02862775097270861
total_displacement,Simulated,0.14085279535396358
total_displacement,Simulated,0.1283028879585889
total_displacement,Simulated,0.05134202539980962
total_displacement,Simulated,0.019110835560537547
total_displacement,Simulated,0.45138453882480245
total_displacement,Simulated,0.16525380189857125
total_displacement,Simulated,0.02873965815548303
total_displacement,Simulated,0.22355739513729397
total_displacement,Simulated,0.0007097089298187705
total_displacement,Simulated,0.17036983561345406
total_displacement,Simulated,0.0709111084539899
total_displacement,Simulated,0.05593090417259754
total_displacement,Simulated,0.02985971214038992
total_displacement,Simulated,0.3138504847763026
total_displacement,Simulated,0.16871177498387874
total_displacement,Simulated,0.028683893635932184
total_displacement,Simulated,0.17321543758366373
total_displacement,Simulated,0.1288693349284846
total_displacement,Simulated,0.1474333114187359
total_displacement,Simulated,0.08724930493732191
total_displacement,Simulated,0.0709292518449833
total_displacement,Simulated,0.08582074890985585
total_displacement,Simulated,0.02080135624292906
total_displacement,Simulated,0.22093798103966178
total_displacement,Simulated,0.10903647162619837
total_displacement,Simulated,0.011207179055557681
total_displacement,Simulated,0.2321421503904671
total_displacement,Simulated,0.12459391644811574
total_displacement,Simulated,0.29617783724154256
total_displacement,Simulated,0.047988212061464246
total_displacement,Simulated,0.3256704462151914
total_displacement,Simulated,0.34946333783403677
total_displacement,Simulated,0.1254901836888155
total_displacement,Simulated,0.06223768463749437
total_displacement,Simulated,0.05578899329172071
total_displacement,Simulated,0.12881557721494807
total_displacement,Simulated,0.09747814241377603
total_displacement,Simulated,0.008865461621213433
total_displacement,Simulated,0.33001160238881744
total_displacement,Simulated,0.19153524195496557
total_displacement,Observed,0.4572573087091279
max_interval_displacement,Simulated,0.08973419772402264
max_interval_displacement,Simulated,0.059454620712589
max_interval_displacement,Simulated,0.08854829029895067
max_interval_displacement,Simulated,0.09125794953355466
max_interval_displacement,Simulated,0.24279916223424622
max_interval_displacement,Simulated,0.03731137331680817
max_interval_displacement,Simulated,0.06487847392217155
max_interval_displacement,Simulated,0.1570194967165293
max_interval_displacement,Simulated,0.038758205731416806
max_interval_displacement,Simulated,0.27078199941073666
max_interval_displacement,Simulated,0.06705024506690764
max_interval_displacement,Simulated,0.34694140679028357
max_interval_displacement,Simulated,0.16970655315399932
max_interval_displacement,Simulated,0.11801318047036932
max_interval_displacement,Simulated,0.18210281635640846
max_interval_displacement,Simulated,0.06603861010992738
max_interval_displacement,Simulated,0.15122007250904793
max_interval_displacement,Simulated,0.1694668812256835
max_interval_displacement,Simulated,0.21556863749873845
max_interval_displacement,Simulated,0.04271656531283687
max_interval_displacement,Simulated,0.13795520970628558
max_interval_displacement,Simulated,0.04214256401027097
max_interval_displacement,Simulated,0.1339324287403547
max_interval_displacement,Simulated,0.07695078745794548
max_interval_displacement,Simulated,0.1393499275543515
max_interval_displacement,Simulated,0.1546274541889913
max_interval_displacement,Simulated,0.09484878486772635
max_interval_displacement,Simulated,0.22970804451744814
max_interval_displacement,Simulated,0.1403849817865837
max_interval_displacement,Simulated,0.05908933096768204
max_interval_displacement,Simulated,0.04655262551417176
max_interval_displacement,Simulated,0.08765002138366992
max_interval_displacement,Simulated,0.10337031533641589
max_interval_displacement,Simulated,0.04393841864428852
max_interval_displacement,Simulated,0.05447817278214088
max_interval_displacement,Simulated,0.40059553751974775
max_interval_displacement,Simulated,0.006496959764661317
max_interval_displacement,Simulated,0.06642934748859394
max_interval_displacement,Simulated,0.33256838302317954
max_interval_displacement,Simulated,0.14018834832734567
max_interval_displacement,Simulated,0.0493275910691376
max_interval_displacement,Simulated,0.3378773586966817
max_interval_displacement,Simulated,0.053232202396131516
max_interval_displacement,Simulated,0.16590536560997968
max_interval_displacement,Simulated,0.1559901353430224
max_interval_displacement,Simulated,0.10688842673967817
max_interval_displacement,Simulated,0.13086418142790104
max_interval_displacement,Simulated,0.07197282589208465
max_interval_displacement,Simulated,0.10801915867080342
max_interval_displacement,Simulated,0.1805948457223068
max_interval_displacement,Simulated,0.18974156083196222
max_interval_displacement,Simulated,0.11293804261504684
max_interval_displacement,Simulated,0.3327303237574991
max_interval_displacement,Simulated,0.13223853449734208
max_interval_displacement,Simulated,0.04379851749795874
max_interval_displacement,Simulated,0.23128383354916554
max_interval_displacement,Simulated,0.4529083090795055
max_interval_displacement,Simulated,0.20884113007042393
max_interval_displacement,Simulated,0.01188705741109658
max_interval_displacement,Simulated,0.07066934047558371
max_interval_displacement,Simulated,0.11354214696709447
max_interval_displacement,Simulated,0.14400576737292392
max_interval_displacement,Simulated,0.5656644069166509
max_interval_displacement,Simulated,0.16524219227917022
max_interval_displacement,Simulated,0.00036653655375763587
max_interval_displacement,Simulated,0.08822258961557888
max_interval_displacement,Simulated,0.1533355830701057
max_interval_displacement,Simulated,0.07795448455115278
max_interval_displacement,Simulated,0.25574433328789575
max_interval_displacement,Simulated,0.29352792458268473
max_interval_displacement,Simulated,0.8284546670495699
max_interval_displacement,Simulated,0.017487582592475903
max_interval_displacement,Simulated,0.0054647828118156196
max_interval_displacement,Simulated,0.6360080312571416
max_interval_displacement,Simulated,0.004725539403260426
max_interval_displacement,Simulated,0.16248087666678232
max_interval_displacement,Simulated,0.07791751017704228
max_interval_displacement,Simulated,0.5350129627494802
max_interval_displacement,Simulated,0.015259279189969492
max_interval_displacement,Simulated,0.24197477197837391
max_interval_displacement,Simulated,0.005775949561770466
max_interval_displacement,Simulated,0.18406522621434251
max_interval_displacement,Simulated,0.25070276294560595
max_interval_displacement,Simulated,0.169803218810168
max_interval_displacement,Simulated,0.2291686161089223
max_interval_displacement,Simulated,0.11856605446524923
max_interval_displacement,Simulated,0.37968173698515645
max_interval_displacement,Simulated,0.13800565447444954
max_interval_displacement,Simulated,0.12425746856921292
max_interval_displacement,Simulated,0.21255771085803477
max_interval_displacement,Simulated,0.15282524174657888
max_interval_displacement,Simulated,0.1311610769848053
max_interval_displacement,Simulated,0.3336872407541922
max_interval_displacement,Simulated,0.052267915317894986
max_interval_displacement,Simulated,0.13884583612011683
max_interval_displacement,Simulated,0.19761259592959263
max_interval_displacement,Simulated,0.1816631662146746
max_interval_displacement,Simulated,0.2323310167810979
max_interval_displacement,Simulated,0.5180255351736689
max_interval_displacement,Simulated,0.15471601802047522
max_interval_displacement,Simulated,0.10909615966439543
max_interval_displacement,Simulated,0.05481707022120097
max_interval_displacement,Simulated,0.21480618228153553
max_interval_displacement,Simulated,0.12952923760291576
max_interval_displacement,Simulated,0.0767508440364314
max_interval_displacement,Simulated,0.022080351335154673
max_interval_displacement,Simulated,0.3354604838362504
max_interval_displacement,Simulated,0.24826321964344072
max_interval_displacement,Simulated,0.034333301460655274
max_interval_displacement,Simulated,0.011156108070791572
max_interval_displacement,Simulated,0.025338887947813415
max_interval_displacement,Simulated,0.3690321556979603
max_interval_displacement,Simulated,0.12046234684452853
max_interval_displacement,Simulated,0.46322438171331537
max_interval_displacement,Simulated,0.05084988697391486
max_interval_displacement,Simulated,0.02399017395863868
max_interval_displacement,Simulated,0.0693118457637753
max_interval_displacement,Simulated,0.3091000758206616
max_interval_displacement,Simulated,0.015733786144958996
max_interval_displacement,Simulated,0.218542002612378
max_interval_displacement,Simulated,0.08431864276641766
max_interval_displacement,Simulated,0.04456808327625595
max_interval_displacement,Simulated,0.23599378743327282
max_interval_displacement,Simulated,0.02145896506556302
max_interval_displacement,Simulated,0.39448784022246114
max_interval_displacement,Simulated,0.20414229153617525
max_interval_displacement,Simulated,0.06892782342996479
max_interval_displacement,Simulated,0.07693980028725278
max_interval_displacement,Simulated,0.16377790454747554
max_interval_displacement,Simulated,0.2840695460050421
max_interval_displacement,Simulated,0.28112765290731667
max_interval_displacement,Simulated,0.002112237715298837
max_interval_displacement,Simulated,0.11106756027614735
max_interval_displacement,Simulated,0.017265955818410596
max_interval_displacement,Simulated,0.36368906129343953
max_interval_displacement,Simulated,0.1865607677352967
max_interval_displacement,Simulated,0.21238960810171245
max_interval_displacement,Simulated,0.13721439499585794
max_interval_displacement,Simulated,0.10613161907623145
max_interval_displacement,Simulated,0.10168596556891787
max_interval_displacement,Simulated,0.10658543788730868
max_interval_displacement,Simulated,0.09607012143346133
max_interval_displacement,Simulated,0.11137003932561838
max_interval_displacement,Simulated,0.21514123899495843
max_interval_displacement,Simulated,0.020950875091232113
max_interval_displacement,Simulated,0.13557904040294097
max_interval_displacement,Simulated,0.25493511428501947
max_interval_displacement,Simulated,0.09052550846221818
max_interval_displacement,Simulated,0.21476082563321297
max_interval_displacement,Simulated,0.5812071887785498
max_interval_displacement,Simulated,0.10554535237159499
max_interval_displacement,Simulated,0.22434062258422421
max_interval_displacement,Simulated,0.2966795298675206
max_interval_displacement,Simulated,0.16376501839535057
max_interval_displacement,Simulated,0.1850214597797019
max_interval_displacement,Simulated,0.4250510288771615
max_interval_displacement,Simulated,0.058170336586647595
max_interval_displacement,Simulated,0.08197702252843067
max_interval_displacement,Simulated,0.12798537698282042
max_interval_displacement,Simulated,0.07300834617591108
max_interval_displacement,Simulated,0.18602681030279244
max_interval_displacement,Simulated,0.045892456993843644
max_interval_displacement,Simulated,0.0035775911178576297
max_interval_displacement,Simulated,0.4250024831777191
max_interval_displacement,Simulated,0.012130968974479184
max_interval_displacement,Simulated,0.2250759111888167
max_interval_displacement,Simulated,0.14392608002124288
max_interval_displacement,Simulated,0.14404198036170004
max_interval_displacement,Simulated,0.33522160564158604
max_interval_displacement,Simulated,0.12198021757272168
max_interval_displacement,Simulated,0.02216033532139028
max_interval_displacement,Simulated,0.2291154667680924
max_interval_displacement,Simulated,0.12257935401890951
max_interval_displacement,Simulated,0.22031387015224313
max_interval_displacement,Simulated,0.3080336387152933
max_interval_displacement,Simulated,0.01111309165717204
max_interval_displacement,Simulated,0.15996408490735797
max_interval_displacement,Simulated,0.12214109396186103
max_interval_displacement,Simulated,0.06713815380906743
max_interval_displacement,Simulated,0.03421045294484465
max_interval_displacement,Simulated,0.02299318085231352
max_interval_displacement,Simulated,0.23381856376997448
max_interval_displacement,Simulated,0.1315999312404427
max_interval_displacement,Simulated,0.13763674471085324
max_interval_displacement,Simulated,0.13669247232635445
max_interval_displacement,Simulated,0.3849204430734931
max_interval_displacement,Simulated,0.09191468316981642
max_interval_displacement,Simulated,0.030120005554476446
max_interval_displacement,Simulated,0.2611403675985748
max_interval_displacement,Simulated,0.2372699630623306
max_interval_displacement,Simulated,0.10511776240045982
max_interval_displacement,Simulated,0.6478100179308295
max_interval_displacement,Simulated,0.21081633368831282
max_interval_displacement,Simulated,0.14744142413883812
max_interval_displacement,Simulated,0.345626417863825
max_interval_displacement,Simulated,0.07930486715988763
max_interval_displacement,Simulated,0.12853994604294228
max_interval_displacement,Simulated,0.20822382638293677
max_interval_displacement,Simulated,0.0928456240829277
max_interval_displacement,Simulated,0.20842648012992315
max_interval_displacement,Simulated,0.21774261469116668
max_interval_displacement,Simulated,0.07503475095808608
max_interval_displacement,Simulated,0.013550938243602772
max_interval_displacement,Simulated,0.13828081540283632
max_interval_displacement,Simulated,0.04114846275918645
max_interval_displacement,Simulated,0.2430052827287589
max_interval_displacement,Simulated,0.11652557908539574
max_interval_displacement,Simulated,0.1558999451699581
max_interval_displacement,Simulated,0.2717790459563794
max_interval_displacement,Simulated,0.023982679342386293
max_interval_displacement,Simulated,0.004949503616891254
max_interval_displacement,Simulated,0.02253489864003612
max_interval_displacement,Simulated,0.33050300238859004
max_interval_displacement,Simulated,0.08235049956989346
max_interval_displacement,Simulated,0.15776399131178326
max_interval_displacement,Simulated,0.1539141694338872
max_interval_displacement,Simulated,0.1506054894835111
max_interval_displacement,Simulated,0.3789159521632346
max_interval_displacement,Simulated,0.1481489143812096
max_interval_displacement,Simulated,0.12159632545403784
max_interval_displacement,Simulated,0.16468582756497147
max_interval_displacement,Simulated,0.30782551290624066
max_interval_displacement,Simulated,0.020978641055540384
max_interval_displacement,Simulated,0.04192874879480228
max_interval_displacement,Simulated,0.039634631845304746
max_interval_displacement,Simulated,0.4368244397495566
max_interval_displacement,Simulated,0.012639640427278429
max_interval_displacement,Simulated,0.08797029884454621
max_interval_displacement,Simulated,0.1713744967903107
max_interval_displacement,Simulated,0.2161577993700059
max_interval_displacement,Simulated,0.09082489726404264
max_interval_displacement,Simulated,0.16548090415329836
max_interval_displacement,Simulated,0.15100561787282687
max_interval_displacement,Simulated,0.1336189911842991
max_interval_displacement,Simulated,0.19248717126505954
max_interval_displacement,Simulated,0.2341429799150263
max_interval_displacement,Simulated,0.046814753734481906
max_interval_displacement,Simulated,0.04199021657056418
max_interval_displacement,Simulated,0.05874176724170654
max_interval_displacement,Simulated,0.03811494950716021
max_interval_displacement,Simulated,0.10643863007406434
max_interval_displacement,Simulated,0.15654241304343755
max_interval_displacement,Simulated,0.2596485479089878
max_interval_displacement,Simulated,0.0326926862855125
max_interval_displacement,Simulated,0.01939588654713063
max_interval_displacement,Simulated,0.16419960671890177
max_interval_displacement,Simulated,0.0033730221801502314
max_interval_displacement,Simulated,0.12406198798216694
max_interval_displacement,Simulated,0.1975364332621338
max_interval_displacement,Simulated,0.0818852037426752
max_interval_displacement,Simulated,0.12829859147469386
max_interval_displacement,Simulated,0.2525602806934597
max_interval_displacement,Simulated,0.23134365820857983
max_interval_displacement,Simulated,0.2599996507366136
max_interval_displacement,Simulated,0.07856399408730502
max_interval_displacement,Simulated,0.2773773255316488
max_interval_displacement,Simulated,0.027223805706651436
max_interval_displacement,Simulated,0.059181580543122836
max_interval_displacement,Simulated,0.25032603655087243
max_interval_displacement,Simulated,0.06652971548386195
max_interval_displacement,Simulated,0.161350362252982
max_interval_displacement,Simulated,0.10053910171853875
max_interval_displacement,Simulated,0.15973382682027185
max_interval_displacement,Simulated,0.00415693361685171
max_interval_displacement,Simulated,0.1256406207965079
max_interval_displacement,Simulated,0.1347948654949986
max_interval_displacement,Simulated,0.08756022797497875
max_interval_displacement,Simulated,0.16781576656578095
max_interval_displacement,Simulated,0.028890859389104226
max_interval_displacement,Simulated,0.41656845706193135
max_interval_displacement,Simulated,0.08182528886928736
max_interval_displacement,Simulated,0.023851215468367166
max_interval_displacement,Simulated,0.6340912781580615
max_interval_displacement,Simulated,0.10069934025248105
max_interval_displacement,Simulated,0.03074811888660663
max_interval_displacement,Simulated,0.3434225047543596
max_interval_displacement,Simulated,0.025240954147404626
max_interval_displacement,Simulated,0.32448742983654255
max_interval_displacement,Simulated,0.12046768006633035
max_interval_displacement,Simulated,0.07194848591532121
max_interval_displacement,Simulated,0.1400099349783949
max_interval_displacement,Simulated,0.3086364262003286
max_interval_displacement,Simulated,0.041139270319161085
max_interval_displacement,Simulated,0.2511456505872079
max_interval_displacement,Simulated,0.2806205781880015
max_interval_displacement,Simulated,0.05446196836209738
max_interval_displacement,Simulated,0.08057876454955037
max_interval_displacement,Simulated,0.0399444000323555
max_interval_displacement,Simulated,0.23773098146602287
max_interval_displacement,Simulated,0.14683922609634228
max_interval_displacement,Simulated,0.1812168458681559
max_interval_displacement,Simulated,0.18924490678717154
max_interval_displacement,Simulated,0.22498219827516008
max_interval_displacement,Simulated,0.09252882383581051
max_interval_displacement,Simulated,0.018403893116386058
max_interval_displacement,Simulated,0.30627487116361
max_interval_displacement,Simulated,0.13316219066676013
max_interval_displacement,Simulated,0.22622390968130934
max_interval_displacement,Simulated,0.03415599489769857
max_interval_displacement,Simulated,0.04619774911713992
max_interval_displacement,Simulated,0.2984275724140626
max_interval_displacement,Simulated,0.14738420529807705
max_interval_displacement,Simulated,0.13611828282023938
max_interval_displacement,Simulated,0.027588092793205798
max_interval_displacement,Simulated,0.0910949559656691
max_interval_displacement,Simulated,0.08566083489733783
max_interval_displacement,Simulated,0.0916613105086875
max_interval_displacement,Simulated,0.2407993337571213
max_interval_displacement,Simulated,0.3016882439120986
max_interval_displacement,Simulated,0.13619139967458518
max_interval_displacement,Simulated,0.2346213839149902
max_interval_displacement,Simulated,0.21727663198828875
max_interval_displacement,Simulated,0.01900707654337694
max_interval_displacement,Simulated,0.01307760793523189
max_interval_displacement,Simulated,0.09898825760299462
max_interval_displacement,Simulated,0.026931975419931246
max_interval_displacement,Simulated,0.11924073996140594
max_interval_displacement,Simulated,0.00660044104497004
max_interval_displacement,Simulated,0.37585440301263223
max_interval_displacement,Simulated,0.006692587222015878
max_interval_displacement,Simulated,0.5663709620748238
max_interval_displacement,Simulated,0.08358419009325566
max_interval_displacement,Simulated,0.18314271245240002
max_interval_displacement,Simulated,0.24520678857039546
max_interval_displacement,Simulated,0.37022570406078514
max_interval_displacement,Simulated,0.28775774177140445
max_interval_displacement,Simulated,0.2772506801677732
max_interval_displacement,Simulated,0.12258095587555262
max_interval_displacement,Simulated,0.14350874488122167
max_interval_displacement,Simulated,0.01112013335930151
max_interval_displacement,Simulated,0.18642776913236225
max_interval_displacement,Simulated,0.052382375572468706
max_interval_displacement,Simulated,0.0665039266536146
max_interval_displacement,Simulated,0.06444822541242012
max_interval_displacement,Simulated,0.11482656816586308
max_interval_displacement,Simulated,0.028108220530675243
max_interval_displacement,Simulated,0.07339060942579158
max_interval_displacement,Simulated,0.09919239584889553
max_interval_displacement,Simulated,0.007051708695920422
max_interval_displacement,Simulated,0.008184867122292562
max_interval_displacement,Simulated,0.10367329830138737
max_interval_displacement,Simulated,0.04238888630711146
max_interval_displacement,Simulated,0.19215152017402448
max_interval_displacement,Simulated,0.04337602671100055
max_interval_displacement,Simulated,0.1903132126185704
max_interval_displacement,Simulated,0.191834972810184
max_interval_displacement,Simulated,0.12515221308414345
max_interval_displacement,Simulated,0.06946055170069737
max_interval_displacement,Simulated,0.05709743264850883
max_interval_displacement,Simulated,0.11348667574091122
max_interval_displacement,Simulated,0.24727715222251334
max_interval_displacement,Simulated,0.003052694705995035
max_interval_displacement,Simulated,0.34705011244459866
max_interval_displacement,Simulated,0.4602531933868259
max_interval_displacement,Simulated,0.012228751642559404
max_interval_displacement,Simulated,0.09693962282746038
max_interval_displacement,Simulated,0.18151077849171843
max_interval_displacement,Simulated,0.19684450361340566
max_interval_displacement,Simulated,0.010550296999566604
max_interval_displacement,Simulated,0.18796540512457233
max_interval_displacement,Simulated,0.18663230178816337
max_interval_displacement,Simulated,0.07256213564130068
max_interval_displacement,Simulated,0.14635803070692915
max_interval_displacement,Simulated,0.3737474699877522
max_interval_displacement,Simulated,0.11090309090766819
max_interval_displacement,Simulated,0.4700331299420155
max_interval_displacement,Simulated,0.011564412572626626
max_interval_displacement,Simulated,0.04085719548547962
max_interval_displacement,Simulated,0.08447502381806488
max_interval_displacement,Simulated,0.015460001611138975
max_interval_displacement,Simulated,0.08826390847605525
max_interval_displacement,Simulated,0.1667537672882492
max_interval_displacement,Simulated,0.029310307168909405
max_interval_displacement,Simulated,0.15870150273589373
max_interval_displacement,Simulated,0.012798286353619626
max_interval_displacement,Simulated,0.04098751598205473
max_interval_displacement,Simulated,0.042505599355114554
max_interval_displacement,Simulated,0.3185630546847103
max_interval_displacement,Simulated,0.14705688957961915
max_interval_displacement,Simulated,0.05090110476100354
max_interval_displacement,Simulated,0.29584871599151175
max_interval_displacement,Simulated,0.041278710057959314
max_interval_displacement,Simulated,0.24348631350840902
max_interval_displacement,Simulated,0.001142895750778028
max_interval_displacement,Simulated,0.27115647072895077
max_interval_displacement,Simulated,0.05672351771404045
max_interval_displacement,Simulated,0.054293059431206436
max_interval_displacement,Simulated,0.09453582627818467
max_interval_displacement,Simulated,0.4538480409656681
max_interval_displacement,Simulated,0.302891053445837
max_interval_displacement,Simulated,0.16608254943990203
max_interval_displacement,Simulated,0.07529104904742394
max_interval_displacement,Simulated,0.19924898973800936
max_interval_displacement,Simulated,0.18215482007521278
max_interval_displacement,Simulated,0.11755554966592352
max_interval_displacement,Simulated,0.120463666277561
max_interval_displacement,Simulated,0.15694724799057738
max_interval_displacement,Simulated,0.15075371240184957
max_interval_displacement,Simulated,0.3056901028275601
max_interval_displacement,Simulated,0.16619042196346556
max_interval_displacement,Simulated,0.11999668706133362
max_interval_displacement,Simulated,0.1286430528310654
max_interval_displacement,Simulated,0.36001719764205004
max_interval_displacement,Simulated,0.1950559750759713
max_interval_displacement,Simulated,0.0015567381998789487
max_interval_displacement,Simulated,0.010401305934691685
max_interval_displacement,Simulated,0.07202860418872213
max_interval_displacement,Simulated,0.008680374503818589
max_interval_displacement,Simulated,0.04102207293299439
max_interval_displacement,Simulated,0.0696425974588415
max_interval_displacement,Simulated,0.08088827378284591
max_interval_displacement,Simulated,0.11340668736307583
max_interval_displacement,Simulated,0.07913914900683663
max_interval_displacement,Simulated,0.415223608451578
max_interval_displacement,Simulated,0.17367803914664234
max_interval_displacement,Simulated,0.4151957594793636
max_interval_displacement,Simulated,0.007668727311979429
max_interval_displacement,Simulated,0.32554900603490683
max_interval_displacement,Simulated,0.12485201370926252
max_interval_displacement,Simulated,0.2560001344928441
max_interval_displacement,Simulated,0.11968340666278193
max_interval_displacement,Simulated,0.23892061341378124
max_interval_displacement,Simulated,0.24319113276216076
max_interval_displacement,Simulated,0.04598352080119735
max_interval_displacement,Simulated,0.16744955153913127
max_interval_displacement,Simulated,0.04955971966435885
max_interval_displacement,Simulated,0.019304451782016854
max_interval_displacement,Simulated,0.017981262905731522
max_interval_displacement,Simulated,0.11438825207193529
max_interval_displacement,Simulated,0.03763318088324026
max_interval_displacement,Simulated,0.16709775228485552
max_interval_displacement,Simulated,0.3777132607494391
max_interval_displacement,Simulated,0.02780898033033853
max_interval_displacement,Simulated,0.09026042016261776
max_interval_displacement,Simulated,0.20894965602789772
max_interval_displacement,Simulated,0.06440582873917133
max_interval_displacement,Simulated,0.24107938720417882
max_interval_displacement,Simulated,0.35503070913599827
max_interval_displacement,Simulated,0.26449590049835725
max_interval_displacement,Simulated,0.07363420620585501
max_interval_displacement,Simulated,0.3023094959215238
max_interval_displacement,Simulated,0.015206267792473761
max_interval_displacement,Simulated,0.4511637164457631
max_interval_displacement,Simulated,0.19073968367268607
max_interval_displacement,Simulated,0.08415489495578946
max_interval_displacement,Simulated,0.1506339813037747
max_interval_displacement,Simulated,0.11289044619874156
max_interval_displacement,Simulated,0.007164558175212541
max_interval_displacement,Simulated,0.04415526990972329
max_interval_displacement,Simulated,0.2070704600606628
max_interval_displacement,Simulated,0.001457071088456205
max_interval_displacement,Simulated,0.308623072047821
max_interval_displacement,Simulated,0.014098159998010229
max_interval_displacement,Simulated,0.1345669472182667
max_interval_displacement,Simulated,0.14841872399010747
max_interval_displacement,Simulated,0.23862485183477888
max_interval_displacement,Simulated,0.12490122663865719
max_interval_displacement,Simulated,0.18984971087324287
max_interval_displacement,Simulated,0.19174406977896397
max_interval_displacement,Simulated,0.02862775097270861
max_interval_displacement,Simulated,0.14085279535396358
max_interval_displacement,Simulated,0.1283028879585889
max_interval_displacement,Simulated,0.05134202539980962
max_interval_displacement,Simulated,0.019110835560537547
max_interval_displacement,Simulated,0.45138453882480245
max_interval_displacement,Simulated,0.16525380189857125
max_interval_displacement,Simulated,0.02873965815548303
max_interval_displacement,Simulated,0.22355739513729397
max_interval_displacement,Simulated,0.0007097089298187705
max_interval_displacement,Simulated,0.17036983561345406
max_interval_displacement,Simulated,0.0709111084539899
max_interval_displacement,Simulated,0.05593090417259754
max_interval_displacement,Simulated,0.02985971214038992
max_interval_displacement,Simulated,0.3138504847763026
max_interval_displacement,Simulated,0.16871177498387874
max_interval_displacement,Simulated,0.028683893635932184
max_interval_displacement,Simulated,0.2648511844204046
max_interval_displacement,Simulated,0.2499438198473849
max_interval_displacement,Simulated,0.1474333114187359
max_interval_displacement,Simulated,0.08724930493732191
max_interval_displacement,Simulated,0.0709292518449833
max_interval_displacement,Simulated,0.08582074890985585
max_interval_displacement,Simulated,0.02080135624292906
max_interval_displacement,Simulated,0.22093798103966178
max_interval_displacement,Simulated,0.10903647162619837
max_interval_displacement,Simulated,0.011207179055557681
max_interval_displacement,Simulated,0.2321421503904671
max_interval_displacement,Simulated,0.12459391644811574
max_interval_displacement,Simulated,0.29617783724154256
max_interval_displacement,Simulated,0.047988212061464246
max_interval_displacement,Simulated,0.3256704462151914
max_interval_displacement,Simulated,0.34946333783403677
max_interval_displacement,Simulated,0.1254901836888155
max_interval_displacement,Simulated,0.06223768463749437
max_interval_displacement,Simulated,0.05578899329172071
max_interval_displacement,Simulated,0.12881557721494807
max_interval_displacement,Simulated,0.09747814241377603
max_interval_displacement,Simulated,0.008865461621213433
max_interval_displacement,Simulated,0.3037886714395873
max_interval_displacement,Simulated,0.19153524195496557
max_interval_displacement,Observed,0.4313806599297529
median_interval_displacement,Simulated,0.08973419772402264
median_interval_displacement,Simulated,0.059454620712589
median_interval_displacement,Simulated,0.08854829029895067
median_interval_displacement,Simulated,0.09125794953355466
median_interval_displacement,Simulated,0.24279916223424622
median_interval_displacement,Simulated,0.03731137331680817
median_interval_displacement,Simulated,0.06487847392217155
median_interval_displacement,Simulated,0.09488980620306203
median_interval_displacement,Simulated,0.038758205731416806
median_interval_displacement,Simulated,0.27078199941073666
median_interval_displacement,Simulated,0.06705024506690764
median_interval_displacement,Simulated,0.32171560341378513
median_interval_displacement,Simulated,0.16970655315399932
median_interval_displacement,Simulated,0.11801318047036932
median_interval_displacement,Simulated,0.18210281635640846
median_interval_displacement,Simulated,0.06603861010992738
median_interval_displacement,Simulated,0.15122007250904793
median_interval_displacement,Simulated,0.1694668812256835
median_interval_displacement,Simulated,0.21556863749873845
median_interval_displacement,Simulated,0.04271656531283687
median_interval_displacement,Simulated,0.13795520970628558
median_interval_displacement,Simulated,0.04214256401027097
median_interval_displacement,Simulated,0.1339324287403547
median_interval_displacement,Simulated,0.07695078745794548
median_interval_displacement,Simulated,0.1393499275543515
median_interval_displacement,Simulated,0.1546274541889913
median_interval_displacement,Simulated,0.09484878486772635
median_interval_displacement,Simulated,0.22970804451744814
median_interval_displacement,Simulated,0.1403849817865837
median_interval_displacement,Simulated,0.05908933096768204
median_interval_displacement,Simulated,0.043893495495234844
median_interval_displacement,Simulated,0.08765002138366992
median_interval_displacement,Simulated,0.10337031533641589
median_interval_displacement,Simulated,0.04393841864428852
median_interval_displacement,Simulated,0.05447817278214088
median_interval_displacement,Simulated,0.40059553751974775
median_interval_displacement,Simulated,0.006496959764661317
median_interval_displacement,Simulated,0.06642934748859394
median_interval_displacement,Simulated,0.33256838302317954
median_interval_displacement,Simulated,0.14018834832734567
median_interval_displacement,Simulated,0.0493275910691376
median_interval_displacement,Simulated,0.3378773586966817
median_interval_displacement,Simulated,0.053232202396131516
median_interval_displacement,Simulated,0.16590536560997968
median_interval_displacement,Simulated,0.12457586703241927
median_interval_displacement,Simulated,0.10688842673967817
median_interval_displacement,Simulated,0.13086418142790104
median_interval_displacement,Simulated,0.07197282589208465
median_interval_displacement,Simulated,0.10801915867080342
median_interval_displacement,Simulated,0.1805948457223068
median_interval_displacement,Simulated,0.18974156083196222
median_interval_displacement,Simulated,0.11293804261504684
median_interval_displacement,Simulated,0.3327303237574991
median_interval_displacement,Simulated,0.13223853449734208
median_interval_displacement,Simulated,0.04379851749795874
median_interval_displacement,Simulated,0.23128383354916554
median_interval_displacement,Simulated,0.4529083090795055
median_interval_displacement,Simulated,0.20884113007042393
median_interval_displacement,Simulated,0.01188705741109658
median_interval_displacement,Simulated,0.07066934047558371
median_interval_displacement,Simulated,0.11354214696709447
median_interval_displacement,Simulated,0.14400576737292392
median_interval_displacement,Simulated,0.25503652955970557
median_interval_displacement,Simulated,0.16524219227917022
median_interval_displacement,Simulated,0.00036653655375763587
median_interval_displacement,Simulated,0.08822258961557888
median_interval_displacement,Simulated,0.1533355830701057
median_interval_displacement,Simulated,0.07795448455115278
median_interval_displacement,Simulated,0.25574433328789575
median_interval_displacement,Simulated,0.09784774477021446
median_interval_displacement,Simulated,0.8284546670495699
median_interval_displacement,Simulated,0.017487582592475903
median_interval_displacement,Simulated,0.0054647828118156196
median_interval_displacement,Simulated,0.6360080312571416
median_interval_displacement,Simulated,0.004725539403260426
median_interval_displacement,Simulated,0.16248087666678232
median_interval_displacement,Simulated,0.07791751017704228
median_interval_displacement,Simulated,0.5350129627494802
median_interval_displacement,Simulated,0.015259279189969492
median_interval_displacement,Simulated,0.18394966097425985
median_interval_displacement,Simulated,0.005775949561770466
median_interval_displacement,Simulated,0.18406522621434251
median_interval_displacement,Simulated,0.25070276294560595
median_interval_displacement,Simulated,0.169803218810168
median_interval_displacement,Simulated,0.2291686161089223
median_interval_displacement,Simulated,0.11856605446524923
median_interval_displacement,Simulated,0.37968173698515645
median_interval_displacement,Simulated,0.13800565447444954
median_interval_displacement,Simulated,0.12425746856921292
median_interval_displacement,Simulated,0.21255771085803477
median_interval_displacement,Simulated,0.15282524174657888
median_interval_displacement,Simulated,0.1311610769848053
median_interval_displacement,Simulated,0.3336872407541922
median_interval_displacement,Simulated,0.052267915317894986
median_interval_displacement,Simulated,0.13884583612011683
median_interval_displacement,Simulated,0.19761259592959263
median_interval_displacement,Simulated,0.1816631662146746
median_interval_displacement,Simulated,0.2323310167810979
median_interval_displacement,Simulated,0.5180255351736689
median_interval_displacement,Simulated,0.15471601802047522
median_interval_displacement,Simulated,0.10909615966439543
median_interval_displacement,Simulated,0.05481707022120097
median_interval_displacement,Simulated,0.21480618228153553
median_interval_displacement,Simulated,0.12952923760291576
median_interval_displacement,Simulated,0.0767508440364314
median_interval_displacement,Simulated,0.022080351335154673
median_interval_displacement,Simulated,0.3354604838362504
median_interval_displacement,Simulated,0.24826321964344072
median_interval_displacement,Simulated,0.034333301460655274
median_interval_displacement,Simulated,0.011156108070791572
median_interval_displacement,Simulated,0.025338887947813415
median_interval_displacement,Simulated,0.3690321556979603
median_interval_displacement,Simulated,0.12046234684452853
median_interval_displacement,Simulated,0.46322438171331537
median_interval_displacement,Simulated,0.05084988697391486
median_interval_displacement,Simulated,0.02399017395863868
median_interval_displacement,Simulated,0.0693118457637753
median_interval_displacement,Simulated,0.3091000758206616
median_interval_displacement,Simulated,0.015733786144958996
median_interval_displacement,Simulated,0.218542002612378
median_interval_displacement,Simulated,0.076471783847814
median_interval_displacement,Simulated,0.04456808327625595
median_interval_displacement,Simulated,0.23599378743327282
median_interval_displacement,Simulated,0.02145896506556302
median_interval_displacement,Simulated,0.39448784022246114
median_interval_displacement,Simulated,0.20414229153617525
median_interval_displacement,Simulated,0.06892782342996479
median_interval_displacement,Simulated,0.07693980028725278
median_interval_displacement,Simulated,0.16377790454747554
median_interval_displacement,Simulated,0.2840695460050421
median_interval_displacement,Simulated,0.28112765290731667
median_interval_displacement,Simulated,0.002112237715298837
median_interval_displacement,Simulated,0.11106756027614735
median_interval_displacement,Simulated,0.017265955818410596
median_interval_displacement,Simulated,0.36368906129343953
median_interval_displacement,Simulated,0.1865607677352967
median_interval_displacement,Simulated,0.21238960810171245
median_interval_displacement,Simulated,0.13721439499585794
median_interval_displacement,Simulated,0.10613161907623145
median_interval_displacement,Simulated,0.10168596556891787
median_interval_displacement,Simulated,0.10658543788730868
median_interval_displacement,Simulated,0.09607012143346133
median_interval_displacement,Simulated,0.11137003932561838
median_interval_displacement,Simulated,0.21514123899495843
median_interval_displacement,Simulated,0.020950875091232113
median_interval_displacement,Simulated,0.13557904040294097
median_interval_displacement,Simulated,0.25493511428501947
median_interval_displacement,Simulated,0.09052550846221818
median_interval_displacement,Simulated,0.21476082563321297
median_interval_displacement,Simulated,0.5812071887785498
median_interval_displacement,Simulated,0.10554535237159499
median_interval_displacement,Simulated,0.22434062258422421
median_interval_displacement,Simulated,0.2966795298675206
median_interval_displacement,Simulated,0.16376501839535057
median_interval_displacement,Simulated,0.1850214597797019
median_interval_displacement,Simulated,0.4250510288771615
median_interval_displacement,Simulated,0.058170336586647595
median_interval_displacement,Simulated,0.08197702252843067
median_interval_displacement,Simulated,0.12798537698282042
median_interval_displacement,Simulated,0.07300834617591108
median_interval_displacement,Simulated,0.18602681030279244
median_interval_displacement,Simulated,0.045892456993843644
median_interval_displacement,Simulated,0.0035775911178576297
median_interval_displacement,Simulated,0.4250024831777191
median_interval_displacement,Simulated,0.012130968974479184
median_interval_displacement,Simulated,0.2250759111888167
median_interval_displacement,Simulated,0.14392608002124288
median_interval_displacement,Simulated,0.14404198036170004
median_interval_displacement,Simulated,0.33522160564158604
median_interval_displacement,Simulated,0.12198021757272168
median_interval_displacement,Simulated,0.02216033532139028
median_interval_displacement,Simulated,0.2291154667680924
median_interval_displacement,Simulated,0.12257935401890951
median_interval_displacement,Simulated,0.22031387015224313
median_interval_displacement,Simulated,0.2283987421991343
median_interval_displacement,Simulated,0.01111309165717204
median_interval_displacement,Simulated,0.15996408490735797
median_interval_displacement,Simulated,0.12214109396186103
median_interval_displacement,Simulated,0.06713815380906743
median_interval_displacement,Simulated,0.03421045294484465
median_interval_displacement,Simulated,0.02299318085231352
median_interval_displacement,Simulated,0.23381856376997448
median_interval_displacement,Simulated,0.1315999312404427
median_interval_displacement,Simulated,0.13763674471085324
median_interval_displacement,Simulated,0.13669247232635445
median_interval_displacement,Simulated,0.3849204430734931
median_interval_displacement,Simulated,0.09191468316981642
median_interval_displacement,Simulated,0.030120005554476446
median_interval_displacement,Simulated,0.2611403675985748
median_interval_displacement,Simulated,0.2372699630623306
median_interval_displacement,Simulated,0.10511776240045982
median_interval_displacement,Simulated,0.6478100179308295
median_interval_displacement,Simulated,0.21081633368831282
median_interval_displacement,Simulated,0.14744142413883812
median_interval_displacement,Simulated,0.345626417863825
median_interval_displacement,Simulated,0.06949225351053909
median_interval_displacement,Simulated,0.12853994604294228
median_interval_displacement,Simulated,0.20822382638293677
median_interval_displacement,Simulated,0.0928456240829277
median_interval_displacement,Simulated,0.20842648012992315
median_interval_displacement,Simulated,0.21774261469116668
median_interval_displacement,Simulated,0.07503475095808608
median_interval_displacement,Simulated,0.013550938243602772
median_interval_displacement,Simulated,0.13828081540283632
median_interval_displacement,Simulated,0.04114846275918645
median_interval_displacement,Simulated,0.2430052827287589
median_interval_displacement,Simulated,0.11652557908539574
median_interval_displacement,Simulated,0.1558999451699581
median_interval_displacement,Simulated,0.2717790459563794
median_interval_displacement,Simulated,0.023982679342386293
median_interval_displacement,Simulated,0.004949503616891254
median_interval_displacement,Simulated,0.02253489864003612
median_interval_displacement,Simulated,0.33050300238859004
median_interval_displacement,Simulated,0.08235049956989346
median_interval_displacement,Simulated,0.15776399131178326
median_interval_displacement,Simulated,0.1539141694338872
median_interval_displacement,Simulated,0.1506054894835111
median_interval_displacement,Simulated,0.3789159521632346
median_interval_displacement,Simulated,0.1481489143812096
median_interval_displacement,Simulated,0.12159632545403784
median_interval_displacement,Simulated,0.16468582756497147
median_interval_displacement,Simulated,0.30782551290624066
median_interval_displacement,Simulated,0.020978641055540384
median_interval_displacement,Simulated,0.04192874879480228
median_interval_displacement,Simulated,0.039634631845304746
median_interval_displacement,Simulated,0.4368244397495566
median_interval_displacement,Simulated,0.012639640427278429
median_interval_displacement,Simulated,0.08797029884454621
median_interval_displacement,Simulated,0.1713744967903107
median_interval_displacement,Simulated,0.2161577993700059
median_interval_displacement,Simulated,0.09082489726404264
median_interval_displacement,Simulated,0.16548090415329836
median_interval_displacement,Simulated,0.15100561787282687
median_interval_displacement,Simulated,0.1336189911842991
median_interval_displacement,Simulated,0.19248717126505954
median_interval_displacement,Simulated,0.2341429799150263
median_interval_displacement,Simulated,0.046814753734481906
median_interval_displacement,Simulated,0.04199021657056418
median_interval_displacement,Simulated,0.05874176724170654
median_interval_displacement,Simulated,0.03811494950716021
median_interval_displacement,Simulated,0.10643863007406434
median_interval_displacement,Simulated,0.15654241304343755
median_interval_displacement,Simulated,0.2596485479089878
median_interval_displacement,Simulated,0.0326926862855125
median_interval_displacement,Simulated,0.01939588654713063
median_interval_displacement,Simulated,0.16419960671890177
median_interval_displacement,Simulated,0.0033730221801502314
median_interval_displacement,Simulated,0.12406198798216694
median_interval_displacement,Simulated,0.1975364332621338
median_interval_displacement,Simulated,0.0818852037426752
median_interval_displacement,Simulated,0.12829859147469386
median_interval_displacement,Simulated,0.2525602806934597
median_interval_displacement,Simulated,0.23134365820857983
median_interval_displacement,Simulated,0.2599996507366136
median_interval_displacement,Simulated,0.07856399408730502
median_interval_displacement,Simulated,0.2773773255316488
median_interval_displacement,Simulated,0.027223805706651436
median_interval_displacement,Simulated,0.059181580543122836
median_interval_displacement,Simulated,0.25032603655087243
median_interval_displacement,Simulated,0.06652971548386195
median_interval_displacement,Simulated,0.161350362252982
median_interval_displacement,Simulated,0.10053910171853875
median_interval_displacement,Simulated,0.15973382682027185
median_interval_displacement,Simulated,0.00415693361685171
median_interval_displacement,Simulated,0.1256406207965079
median_interval_displacement,Simulated,0.1347948654949986
median_interval_displacement,Simulated,0.08756022797497875
median_interval_displacement,Simulated,0.16781576656578095
median_interval_displacement,Simulated,0.028890859389104226
median_interval_displacement,Simulated,0.41656845706193135
median_interval_displacement,Simulated,0.08182528886928736
median_interval_displacement,Simulated,0.023851215468367166
median_interval_displacement,Simulated,0.6340912781580615
median_interval_displacement,Simulated,0.10069934025248105
median_interval_displacement,Simulated,0.03074811888660663
median_interval_displacement,Simulated,0.12869075497068264
median_interval_displacement,Simulated,0.025240954147404626
median_interval_displacement,Simulated,0.32448742983654255
median_interval_displacement,Simulated,0.12046768006633035
median_interval_displacement,Simulated,0.07194848591532121
median_interval_displacement,Simulated,0.1400099349783949
median_interval_displacement,Simulated,0.3086364262003286
median_interval_displacement,Simulated,0.041139270319161085
median_interval_displacement,Simulated,0.2511456505872079
median_interval_displacement,Simulated,0.2806205781880015
median_interval_displacement,Simulated,0.05446196836209738
median_interval_displacement,Simulated,0.08057876454955037
median_interval_displacement,Simulated,0.0399444000323555
median_interval_displacement,Simulated,0.23773098146602287
median_interval_displacement,Simulated,0.14683922609634228
median_interval_displacement,Simulated,0.1812168458681559
median_interval_displacement,Simulated,0.18924490678717154
median_interval_displacement,Simulated,0.22498219827516008
median_interval_displacement,Simulated,0.09252882383581051
median_interval_displacement,Simulated,0.018403893116386058
median_interval_displacement,Simulated,0.30627487116361
median_interval_displacement,Simulated,0.13316219066676013
median_interval_displacement,Simulated,0.22622390968130934
median_interval_displacement,Simulated,0.03415599489769857
median_interval_displacement,Simulated,0.04619774911713992
median_interval_displacement,Simulated,0.2984275724140626
median_interval_displacement,Simulated,0.14738420529807705
median_interval_displacement,Simulated,0.13611828282023938
median_interval_displacement,Simulated,0.027588092793205798
median_interval_displacement,Simulated,0.0910949559656691
median_interval_displacement,Simulated,0.08566083489733783
median_interval_displacement,Simulated,0.0916613105086875
median_interval_displacement,Simulated,0.2407993337571213
median_interval_displacement,Simulated,0.3016882439120986
median_interval_displacement,Simulated,0.10343697928728965
median_interval_displacement,Simulated,0.2346213839149902
median_interval_displacement,Simulated,0.21727663198828875
median_interval_displacement,Simulated,0.01900707654337694
median_interval_displacement,Simulated,0.01307760793523189
median_interval_displacement,Simulated,0.09898825760299462
median_interval_displacement,Simulated,0.026931975419931246
median_interval_displacement,Simulated,0.11924073996140594
median_interval_displacement,Simulated,0.00660044104497004
median_interval_displacement,Simulated,0.37585440301263223
median_interval_displacement,Simulated,0.006692587222015878
median_interval_displacement,Simulated,0.5663709620748238
median_interval_displacement,Simulated,0.08358419009325566
median_interval_displacement,Simulated,0.18314271245240002
median_interval_displacement,Simulated,0.24520678857039546
median_interval_displacement,Simulated,0.37022570406078514
median_interval_displacement,Simulated,0.28775774177140445
median_interval_displacement,Simulated,0.2772506801677732
median_interval_displacement,Simulated,0.12258095587555262
median_interval_displacement,Simulated,0.14350874488122167
median_interval_displacement,Simulated,0.01112013335930151
median_interval_displacement,Simulated,0.18642776913236225
median_interval_displacement,Simulated,0.052382375572468706
median_interval_displacement,Simulated,0.0665039266536146
median_interval_displacement,Simulated,0.06444822541242012
median_interval_displacement,Simulated,0.11482656816586308
median_interval_displacement,Simulated,0.028108220530675243
median_interval_displacement,Simulated,0.07339060942579158
median_interval_displacement,Simulated,0.09919239584889553
median_interval_displacement,Simulated,0.007051708695920422
median_interval_displacement,Simulated,0.008184867122292562
median_interval_displacement,Simulated,0.10367329830138737
median_interval_displacement,Simulated,0.04238888630711146
median_interval_displacement,Simulated,0.19215152017402448
median_interval_displacement,Simulated,0.04337602671100055
median_interval_displacement,Simulated,0.1903132126185704
median_interval_displacement,Simulated,0.191834972810184
median_interval_displacement,Simulated,0.12515221308414345
median_interval_displacement,Simulated,0.06946055170069737
median_interval_displacement,Simulated,0.05709743264850883
median_interval_displacement,Simulated,0.11348667574091122
median_interval_displacement,Simulated,0.24727715222251334
median_interval_displacement,Simulated,0.003052694705995035
median_interval_displacement,Simulated,0.34705011244459866
median_interval_displacement,Simulated,0.4602531933868259
median_interval_displacement,Simulated,0.012228751642559404
median_interval_displacement,Simulated,0.09693962282746038
median_interval_displacement,Simulated,0.18151077849171843
median_interval_displacement,Simulated,0.19684450361340566
median_interval_displacement,Simulated,0.010550296999566604
median_interval_displacement,Simulated,0.18796540512457233
median_interval_displacement,Simulated,0.18663230178816337
median_interval_displacement,Simulated,0.07256213564130068
median_interval_displacement,Simulated,0.14635803070692915
median_interval_displacement,Simulated,0.3737474699877522
median_interval_displacement,Simulated,0.11090309090766819
median_interval_displacement,Simulated,0.4700331299420155
median_interval_displacement,Simulated,0.011564412572626626
median_interval_displacement,Simulated,0.04085719548547962
median_interval_displacement,Simulated,0.08447502381806488
median_interval_displacement,Simulated,0.015460001611138975
median_interval_displacement,Simulated,0.08826390847605525
median_interval_displacement,Simulated,0.1667537672882492
median_interval_displacement,Simulated,0.029310307168909405
median_interval_displacement,Simulated,0.15870150273589373
median_interval_displacement,Simulated,0.012798286353619626
median_interval_displacement,Simulated,0.04098751598205473
median_interval_displacement,Simulated,0.042505599355114554
median_interval_displacement,Simulated,0.3185630546847103
median_interval_displacement,Simulated,0.14705688957961915
median_interval_displacement,Simulated,0.05090110476100354
median_interval_displacement,Simulated,0.26009548474327193
median_interval_displacement,Simulated,0.041278710057959314
median_interval_displacement,Simulated,0.24348631350840902
median_interval_displacement,Simulated,0.001142895750778028
median_interval_displacement,Simulated,0.27115647072895077
median_interval_displacement,Simulated,0.05672351771404045
median_interval_displacement,Simulated,0.054293059431206436
median_interval_displacement,Simulated,0.09453582627818467
median_interval_displacement,Simulated,0.4538480409656681
median_interval_displacement,Simulated,0.302891053445837
median_interval_displacement,Simulated,0.16608254943990203
median_interval_displacement,Simulated,0.07529104904742394
median_interval_displacement,Simulated,0.19924898973800936
median_interval_displacement,Simulated,0.18215482007521278
median_interval_displacement,Simulated,0.11755554966592352
median_interval_displacement,Simulated,0.120463666277561
median_interval_displacement,Simulated,0.15694724799057738
median_interval_displacement,Simulated,0.15075371240184957
median_interval_displacement,Simulated,0.3056901028275601
median_interval_displacement,Simulated,0.16619042196346556
median_interval_displacement,Simulated,0.11999668706133362
median_interval_displacement,Simulated,0.1286430528310654
median_interval_displacement,Simulated,0.36001719764205004
median_interval_displacement,Simulated,0.1950559750759713
median_interval_displacement,Simulated,0.0015567381998789487
median_interval_displacement,Simulated,0.010401305934691685
median_interval_displacement,Simulated,0.07202860418872213
median_interval_displacement,Simulated,0.008680374503818589
median_interval_displacement,Simulated,0.04102207293299439
median_interval_displacement,Simulated,0.0696425974588415
median_interval_displacement,Simulated,0.08088827378284591
median_interval_displacement,Simulated,0.11340668736307583
median_interval_displacement,Simulated,0.07913914900683663
median_interval_displacement,Simulated,0.415223608451578
median_interval_displacement,Simulated,0.17367803914664234
median_interval_displacement,Simulated,0.4151957594793636
median_interval_displacement,Simulated,0.007668727311979429
median_interval_displacement,Simulated,0.32554900603490683
median_interval_displacement,Simulated,0.12485201370926252
median_interval_displacement,Simulated,0.2560001344928441
median_interval_displacement,Simulated,0.11968340666278193
median_interval_displacement,Simulated,0.23892061341378124
median_interval_displacement,Simulated,0.24319113276216076
median_interval_displacement,Simulated,0.04598352080119735
median_interval_displacement,Simulated,0.16744955153913127
median_interval_displacement,Simulated,0.04955971966435885
median_interval_displacement,Simulated,0.019304451782016854
median_interval_displacement,Simulated,0.017981262905731522
median_interval_displacement,Simulated,0.11438825207193529
median_interval_displacement,Simulated,0.03763318088324026
median_interval_displacement,Simulated,0.16709775228485552
median_interval_displacement,Simulated,0.3777132607494391
median_interval_displacement,Simulated,0.02780898033033853
median_interval_displacement,Simulated,0.09026042016261776
median_interval_displacement,Simulated,0.20894965602789772
median_interval_displacement,Simulated,0.06440582873917133
median_interval_displacement,Simulated,0.24107938720417882
median_interval_displacement,Simulated,0.35503070913599827
median_interval_displacement,Simulated,0.11175792647265718
median_interval_displacement,Simulated,0.07363420620585501
median_interval_displacement,Simulated,0.3023094959215238
median_interval_displacement,Simulated,0.015206267792473761
median_interval_displacement,Simulated,0.3167219895547717
median_interval_displacement,Simulated,0.19073968367268607
median_interval_displacement,Simulated,0.08415489495578946
median_interval_displacement,Simulated,0.1506339813037747
median_interval_displacement,Simulated,0.11289044619874156
median_interval_displacement,Simulated,0.007164558175212541
median_interval_displacement,Simulated,0.04415526990972329
median_interval_displacement,Simulated,0.2070704600606628
median_interval_displacement,Simulated,0.001457071088456205
median_interval_displacement,Simulated,0.18371045698097058
median_interval_displacement,Simulated,0.014098159998010229
median_interval_displacement,Simulated,0.1345669472182667
median_interval_displacement,Simulated,0.14841872399010747
median_interval_displacement,Simulated,0.23862485183477888
median_interval_displacement,Simulated,0.12490122663865719
median_interval_displacement,Simulated,0.18984971087324287
median_interval_displacement,Simulated,0.19174406977896397
median_interval_displacement,Simulated,0.02862775097270861
median_interval_displacement,Simulated,0.14085279535396358
median_interval_displacement,Simulated,0.1283028879585889
median_interval_displacement,Simulated,0.05134202539980962
median_interval_displacement,Simulated,0.019110835560537547
median_interval_displacement,Simulated,0.45138453882480245
median_interval_displacement,Simulated,0.16525380189857125
median_interval_displacement,Simulated,0.02873965815548303
median_interval_displacement,Simulated,0.22355739513729397
median_interval_displacement,Simulated,0.0007097089298187705
median_interval_displacement,Simulated,0.17036983561345406
median_interval_displacement,Simulated,0.0709111084539899
median_interval_displacement,Simulated,0.05593090417259754
median_interval_displacement,Simulated,0.02985971214038992
median_interval_displacement,Simulated,0.3138504847763026
median_interval_displacement,Simulated,0.16871177498387874
median_interval_displacement,Simulated,0.028683893635932184
median_interval_displacement,Simulated,0.13819039205102845
median_interval_displacement,Simulated,0.08227373451571386
median_interval_displacement,Simulated,0.1474333114187359
median_interval_displacement,Simulated,0.08724930493732191
median_interval_displacement,Simulated,0.0709292518449833
median_interval_displacement,Simulated,0.08582074890985585
median_interval_displacement,Simulated,0.02080135624292906
median_interval_displacement,Simulated,0.22093798103966178
median_interval_displacement,Simulated,0.10903647162619837
median_interval_displacement,Simulated,0.011207179055557681
median_interval_displacement,Simulated,0.2321421503904671
median_interval_displacement,Simulated,0.12459391644811574
median_interval_displacement,Simulated,0.29617783724154256
median_interval_displacement,Simulated,0.047988212061464246
median_interval_displacement,Simulated,0.3256704462151914
median_interval_displacement,Simulated,0.34946333783403677
median_interval_displacement,Simulated,0.1254901836888155
median_interval_displacement,Simulated,0.06223768463749437
median_interval_displacement,Simulated,0.05578899329172071
median_interval_displacement,Simulated,0.12881557721494807
median_interval_displacement,Simulated,0.09747814241377603
median_interval_displacement,Simulated,0.008865461621213433
median_interval_displacement,Simulated,0.11775893057764208
median_interval_displacement,Simulated,0.19153524195496557
median_interval_displacement,Observed,0.4313806599297529
q90_interval_displacement,Simulated,0.08973419772402264
q90_interval_displacement,Simulated,0.059454620712589
q90_interval_displacement,Simulated,0.08854829029895067
q90_interval_displacement,Simulated,0.09125794953355466
q90_interval_displacement,Simulated,0.24279916223424622
q90_interval_displacement,Simulated,0.03731137331680817
q90_interval_displacement,Simulated,0.06487847392217155
q90_interval_displacement,Simulated,0.14459355861383583
q90_interval_displacement,Simulated,0.038758205731416806
q90_interval_displacement,Simulated,0.27078199941073666
q90_interval_displacement,Simulated,0.06705024506690764
q90_interval_displacement,Simulated,0.34189624611498387
q90_interval_displacement,Simulated,0.16970655315399932
q90_interval_displacement,Simulated,0.11801318047036932
q90_interval_displacement,Simulated,0.18210281635640846
q90_interval_displacement,Simulated,0.06603861010992738
q90_interval_displacement,Simulated,0.15122007250904793
q90_interval_displacement,Simulated,0.1694668812256835
q90_interval_displacement,Simulated,0.21556863749873845
q90_interval_displacement,Simulated,0.04271656531283687
q90_interval_displacement,Simulated,0.13795520970628558
q90_interval_displacement,Simulated,0.04214256401027097
q90_interval_displacement,Simulated,0.1339324287403547
q90_interval_displacement,Simulated,0.07695078745794548
q90_interval_displacement,Simulated,0.1393499275543515
q90_interval_displacement,Simulated,0.1546274541889913
q90_interval_displacement,Simulated,0.09484878486772635
q90_interval_displacement,Simulated,0.22970804451744814
q90_interval_displacement,Simulated,0.1403849817865837
q90_interval_displacement,Simulated,0.05908933096768204
q90_interval_displacement,Simulated,0.046020799510384375
q90_interval_displacement,Simulated,0.08765002138366992
q90_interval_displacement,Simulated,0.10337031533641589
q90_interval_displacement,Simulated,0.04393841864428852
q90_interval_displacement,Simulated,0.05447817278214088
q90_interval_displacement,Simulated,0.40059553751974775
q90_interval_displacement,Simulated,0.006496959764661317
q90_interval_displacement,Simulated,0.06642934748859394
q90_interval_displacement,Simulated,0.33256838302317954
q90_interval_displacement,Simulated,0.14018834832734567
q90_interval_displacement,Simulated,0.0493275910691376
q90_interval_displacement,Simulated,0.3378773586966817
q90_interval_displacement,Simulated,0.053232202396131516
q90_interval_displacement,Simulated,0.16590536560997968
q90_interval_displacement,Simulated,0.14970728168090178
q90_interval_displacement,Simulated,0.10688842673967817
q90_interval_displacement,Simulated,0.13086418142790104
q90_interval_displacement,Simulated,0.07197282589208465
q90_interval_displacement,Simulated,0.10801915867080342
q90_interval_displacement,Simulated,0.1805948457223068
q90_interval_displacement,Simulated,0.18974156083196222
q90_interval_displacement,Simulated,0.11293804261504684
q90_interval_displacement,Simulated,0.3327303237574991
q90_interval_displacement,Simulated,0.13223853449734208
q90_interval_displacement,Simulated,0.04379851749795874
q90_interval_displacement,Simulated,0.23128383354916554
q90_interval_displacement,Simulated,0.4529083090795055
q90_interval_displacement,Simulated,0.20884113007042393
q90_interval_displacement,Simulated,0.01188705741109658
q90_interval_displacement,Simulated,0.07066934047558371
q90_interval_displacement,Simulated,0.11354214696709447
q90_interval_displacement,Simulated,0.14400576737292392
q90_interval_displacement,Simulated,0.5035388314452618
q90_interval_displacement,Simulated,0.16524219227917022
q90_interval_displacement,Simulated,0.00036653655375763587
q90_interval_displacement,Simulated,0.08822258961557888
q90_interval_displacement,Simulated,0.1533355830701057
q90_interval_displacement,Simulated,0.07795448455115278
q90_interval_displacement,Simulated,0.25574433328789575
q90_interval_displacement,Simulated,0.2543918886201907
q90_interval_displacement,Simulated,0.8284546670495699
q90_interval_displacement,Simulated,0.017487582592475903
q90_interval_displacement,Simulated,0.0054647828118156196
q90_interval_displacement,Simulated,0.6360080312571416
q90_interval_displacement,Simulated,0.004725539403260426
q90_interval_displacement,Simulated,0.16248087666678232
q90_interval_displacement,Simulated,0.07791751017704228
q90_interval_displacement,Simulated,0.5350129627494802
q90_interval_displacement,Simulated,0.015259279189969492
q90_interval_displacement,Simulated,0.2303697497775511
q90_interval_displacement,Simulated,0.005775949561770466
q90_interval_displacement,Simulated,0.18406522621434251
q90_interval_displacement,Simulated,0.25070276294560595
q90_interval_displacement,Simulated,0.169803218810168
q90_interval_displacement,Simulated,0.2291686161089223
q90_interval_displacement,Simulated,0.11856605446524923
q90_interval_displacement,Simulated,0.37968173698515645
q90_interval_displacement,Simulated,0.13800565447444954
q90_interval_displacement,Simulated,0.12425746856921292
q90_interval_displacement,Simulated,0.21255771085803477
q90_interval_displacement,Simulated,0.15282524174657888
q90_interval_displacement,Simulated,0.1311610769848053
q90_interval_displacement,Simulated,0.3336872407541922
q90_interval_displacement,Simulated,0.052267915317894986
q90_interval_displacement,Simulated,0.13884583612011683
q90_interval_displacement,Simulated,0.19761259592959263
q90_interval_displacement,Simulated,0.1816631662146746
q90_interval_displacement,Simulated,0.2323310167810979
q90_interval_displacement,Simulated,0.5180255351736689
q90_interval_displacement,Simulated,0.15471601802047522
q90_interval_displacement,Simulated,0.10909615966439543
q90_interval_displacement,Simulated,0.05481707022120097
q90_interval_displacement,Simulated,0.21480618228153553
q90_interval_displacement,Simulated,0.12952923760291576
q90_interval_displacement,Simulated,0.0767508440364314
q90_interval_displacement,Simulated,0.022080351335154673
q90_interval_displacement,Simulated,0.3354604838362504
q90_interval_displacement,Simulated,0.24826321964344072
q90_interval_displacement,Simulated,0.034333301460655274
q90_interval_displacement,Simulated,0.011156108070791572
q90_interval_displacement,Simulated,0.025338887947813415
q90_interval_displacement,Simulated,0.3690321556979603
q90_interval_displacement,Simulated,0.12046234684452853
q90_interval_displacement,Simulated,0.46322438171331537
q90_interval_displacement,Simulated,0.05084988697391486
q90_interval_displacement,Simulated,0.02399017395863868
q90_interval_displacement,Simulated,0.0693118457637753
q90_interval_displacement,Simulated,0.3091000758206616
q90_interval_displacement,Simulated,0.015733786144958996
q90_interval_displacement,Simulated,0.218542002612378
q90_interval_displacement,Simulated,0.08274927098269694
q90_interval_displacement,Simulated,0.04456808327625595
q90_interval_displacement,Simulated,0.23599378743327282
q90_interval_displacement,Simulated,0.02145896506556302
q90_interval_displacement,Simulated,0.39448784022246114
q90_interval_displacement,Simulated,0.20414229153617525
q90_interval_displacement,Simulated,0.06892782342996479
q90_interval_displacement,Simulated,0.07693980028725278
q90_interval_displacement,Simulated,0.16377790454747554
q90_interval_displacement,Simulated,0.2840695460050421
q90_interval_displacement,Simulated,0.28112765290731667
q90_interval_displacement,Simulated,0.002112237715298837
q90_interval_displacement,Simulated,0.11106756027614735
q90_interval_displacement,Simulated,0.017265955818410596
q90_interval_displacement,Simulated,0.36368906129343953
q90_interval_displacement,Simulated,0.1865607677352967
q90_interval_displacement,Simulated,0.21238960810171245
q90_interval_displacement,Simulated,0.13721439499585794
q90_interval_displacement,Simulated,0.10613161907623145
q90_interval_displacement,Simulated,0.10168596556891787
q90_interval_displacement,Simulated,0.10658543788730868
q90_interval_displacement,Simulated,0.09607012143346133
q90_interval_displacement,Simulated,0.11137003932561838
q90_interval_displacement,Simulated,0.21514123899495843
q90_interval_displacement,Simulated,0.020950875091232113
q90_interval_displacement,Simulated,0.13557904040294097
q90_interval_displacement,Simulated,0.25493511428501947
q90_interval_displacement,Simulated,0.09052550846221818
q90_interval_displacement,Simulated,0.21476082563321297
q90_interval_displacement,Simulated,0.5812071887785498
q90_interval_displacement,Simulated,0.10554535237159499
q90_interval_displacement,Simulated,0.22434062258422421
q90_interval_displacement,Simulated,0.2966795298675206
q90_interval_displacement,Simulated,0.16376501839535057
q90_interval_displacement,Simulated,0.1850214597797019
q90_interval_displacement,Simulated,0.4250510288771615
q90_interval_displacement,Simulated,0.058170336586647595
q90_interval_displacement,Simulated,0.08197702252843067
q90_interval_displacement,Simulated,0.12798537698282042
q90_interval_displacement,Simulated,0.07300834617591108
q90_interval_displacement,Simulated,0.18602681030279244
q90_interval_displacement,Simulated,0.045892456993843644
q90_interval_displacement,Simulated,0.0035775911178576297
q90_interval_displacement,Simulated,0.4250024831777191
q90_interval_displacement,Simulated,0.012130968974479184
q90_interval_displacement,Simulated,0.2250759111888167
q90_interval_displacement,Simulated,0.14392608002124288
q90_interval_displacement,Simulated,0.14404198036170004
q90_interval_displacement,Simulated,0.33522160564158604
q90_interval_displacement,Simulated,0.12198021757272168
q90_interval_displacement,Simulated,0.02216033532139028
q90_interval_displacement,Simulated,0.2291154667680924
q90_interval_displacement,Simulated,0.12257935401890951
q90_interval_displacement,Simulated,0.22031387015224313
q90_interval_displacement,Simulated,0.29210665941206154
q90_interval_displacement,Simulated,0.01111309165717204
q90_interval_displacement,Simulated,0.15996408490735797
q90_interval_displacement,Simulated,0.12214109396186103
q90_interval_displacement,Simulated,0.06713815380906743
q90_interval_displacement,Simulated,0.03421045294484465
q90_interval_displacement,Simulated,0.02299318085231352
q90_interval_displacement,Simulated,0.23381856376997448
q90_interval_displacement,Simulated,0.1315999312404427
q90_interval_displacement,Simulated,0.13763674471085324
q90_interval_displacement,Simulated,0.13669247232635445
q90_interval_displacement,Simulated,0.3849204430734931
q90_interval_displacement,Simulated,0.09191468316981642
q90_interval_displacement,Simulated,0.030120005554476446
q90_interval_displacement,Simulated,0.2611403675985748
q90_interval_displacement,Simulated,0.2372699630623306
q90_interval_displacement,Simulated,0.10511776240045982
q90_interval_displacement,Simulated,0.6478100179308295
q90_interval_displacement,Simulated,0.21081633368831282
q90_interval_displacement,Simulated,0.14744142413883812
q90_interval_displacement,Simulated,0.345626417863825
q90_interval_displacement,Simulated,0.07734234443001792
q90_interval_displacement,Simulated,0.12853994604294228
q90_interval_displacement,Simulated,0.20822382638293677
q90_interval_displacement,Simulated,0.0928456240829277
q90_interval_displacement,Simulated,0.20842648012992315
q90_interval_displacement,Simulated,0.21774261469116668
q90_interval_displacement,Simulated,0.07503475095808608
q90_interval_displacement,Simulated,0.013550938243602772
q90_interval_displacement,Simulated,0.13828081540283632
q90_interval_displacement,Simulated,0.04114846275918645
q90_interval_displacement,Simulated,0.2430052827287589
q90_interval_displacement,Simulated,0.11652557908539574
q90_interval_displacement,Simulated,0.1558999451699581
q90_interval_displacement,Simulated,0.2717790459563794
q90_interval_displacement,Simulated,0.023982679342386293
q90_interval_displacement,Simulated,0.004949503616891254
q90_interval_displacement,Simulated,0.02253489864003612
q90_interval_displacement,Simulated,0.33050300238859004
q90_interval_displacement,Simulated,0.08235049956989346
q90_interval_displacement,Simulated,0.15776399131178326
q90_interval_displacement,Simulated,0.1539141694338872
q90_interval_displacement,Simulated,0.1506054894835111
q90_interval_displacement,Simulated,0.3789159521632346
q90_interval_displacement,Simulated,0.1481489143812096
q90_interval_displacement,Simulated,0.12159632545403784
q90_interval_displacement,Simulated,0.16468582756497147
q90_interval_displacement,Simulated,0.30782551290624066
q90_interval_displacement,Simulated,0.020978641055540384
q90_interval_displacement,Simulated,0.04192874879480228
q90_interval_displacement,Simulated,0.039634631845304746
q90_interval_displacement,Simulated,0.4368244397495566
q90_interval_displacement,Simulated,0.012639640427278429
q90_interval_displacement,Simulated,0.08797029884454621
q90_interval_displacement,Simulated,0.1713744967903107
q90_interval_displacement,Simulated,0.2161577993700059
q90_interval_displacement,Simulated,0.09082489726404264
q90_interval_displacement,Simulated,0.16548090415329836
q90_interval_displacement,Simulated,0.15100561787282687
q90_interval_displacement,Simulated,0.1336189911842991
q90_interval_displacement,Simulated,0.19248717126505954
q90_interval_displacement,Simulated,0.2341429799150263
q90_interval_displacement,Simulated,0.046814753734481906
q90_interval_displacement,Simulated,0.04199021657056418
q90_interval_displacement,Simulated,0.05874176724170654
q90_interval_displacement,Simulated,0.03811494950716021
q90_interval_displacement,Simulated,0.10643863007406434
q90_interval_displacement,Simulated,0.15654241304343755
q90_interval_displacement,Simulated,0.2596485479089878
q90_interval_displacement,Simulated,0.0326926862855125
q90_interval_displacement,Simulated,0.01939588654713063
q90_interval_displacement,Simulated,0.16419960671890177
q90_interval_displacement,Simulated,0.0033730221801502314
q90_interval_displacement,Simulated,0.12406198798216694
q90_interval_displacement,Simulated,0.1975364332621338
q90_interval_displacement,Simulated,0.0818852037426752
q90_interval_displacement,Simulated,0.12829859147469386
q90_interval_displacement,Simulated,0.2525602806934597
q90_interval_displacement,Simulated,0.23134365820857983
q90_interval_displacement,Simulated,0.2599996507366136
q90_interval_displacement,Simulated,0.07856399408730502
q90_interval_displacement,Simulated,0.2773773255316488
q90_interval_displacement,Simulated,0.027223805706651436
q90_interval_displacement,Simulated,0.059181580543122836
q90_interval_displacement,Simulated,0.25032603655087243
q90_interval_displacement,Simulated,0.06652971548386195
q90_interval_displacement,Simulated,0.161350362252982
q90_interval_displacement,Simulated,0.10053910171853875
q90_interval_displacement,Simulated,0.15973382682027185
q90_interval_displacement,Simulated,0.00415693361685171
q90_interval_displacement,Simulated,0.1256406207965079
q90_interval_displacement,Simulated,0.1347948654949986
q90_interval_displacement,Simulated,0.08756022797497875
q90_interval_displacement,Simulated,0.16781576656578095
q90_interval_displacement,Simulated,0.028890859389104226
q90_interval_displacement,Simulated,0.41656845706193135
q90_interval_displacement,Simulated,0.08182528886928736
q90_interval_displacement,Simulated,0.023851215468367166
q90_interval_displacement,Simulated,0.6340912781580615
q90_interval_displacement,Simulated,0.10069934025248105
q90_interval_displacement,Simulated,0.03074811888660663
q90_interval_displacement,Simulated,0.30047615479762424
q90_interval_displacement,Simulated,0.025240954147404626
q90_interval_displacement,Simulated,0.32448742983654255
q90_interval_displacement,Simulated,0.12046768006633035
q90_interval_displacement,Simulated,0.07194848591532121
q90_interval_displacement,Simulated,0.1400099349783949
q90_interval_displacement,Simulated,0.3086364262003286
q90_interval_displacement,Simulated,0.041139270319161085
q90_interval_displacement,Simulated,0.2511456505872079
q90_interval_displacement,Simulated,0.2806205781880015
q90_interval_displacement,Simulated,0.05446196836209738
q90_interval_displacement,Simulated,0.08057876454955037
q90_interval_displacement,Simulated,0.0399444000323555
q90_interval_displacement,Simulated,0.23773098146602287
q90_interval_displacement,Simulated,0.14683922609634228
q90_interval_displacement,Simulated,0.1812168458681559
q90_interval_displacement,Simulated,0.18924490678717154
q90_interval_displacement,Simulated,0.22498219827516008
q90_interval_displacement,Simulated,0.09252882383581051
q90_interval_displacement,Simulated,0.018403893116386058
q90_interval_displacement,Simulated,0.30627487116361
q90_interval_displacement,Simulated,0.13316219066676013
q90_interval_displacement,Simulated,0.22622390968130934
q90_interval_displacement,Simulated,0.03415599489769857
q90_interval_displacement,Simulated,0.04619774911713992
q90_interval_displacement,Simulated,0.2984275724140626
q90_interval_displacement,Simulated,0.14738420529807705
q90_interval_displacement,Simulated,0.13611828282023938
q90_interval_displacement,Simulated,0.027588092793205798
q90_interval_displacement,Simulated,0.0910949559656691
q90_interval_displacement,Simulated,0.08566083489733783
q90_interval_displacement,Simulated,0.0916613105086875
q90_interval_displacement,Simulated,0.2407993337571213
q90_interval_displacement,Simulated,0.3016882439120986
q90_interval_displacement,Simulated,0.12964051559712608
q90_interval_displacement,Simulated,0.2346213839149902
q90_interval_displacement,Simulated,0.21727663198828875
q90_interval_displacement,Simulated,0.01900707654337694
q90_interval_displacement,Simulated,0.01307760793523189
q90_interval_displacement,Simulated,0.09898825760299462
q90_interval_displacement,Simulated,0.026931975419931246
q90_interval_displacement,Simulated,0.11924073996140594
q90_interval_displacement,Simulated,0.00660044104497004
q90_interval_displacement,Simulated,0.37585440301263223
q90_interval_displacement,Simulated,0.006692587222015878
q90_interval_displacement,Simulated,0.5663709620748238
q90_interval_displacement,Simulated,0.08358419009325566
q90_interval_displacement,Simulated,0.18314271245240002
q90_interval_displacement,Simulated,0.24520678857039546
q90_interval_displacement,Simulated,0.37022570406078514
q90_interval_displacement,Simulated,0.28775774177140445
q90_interval_displacement,Simulated,0.2772506801677732
q90_interval_displacement,Simulated,0.12258095587555262
q90_interval_displacement,Simulated,0.14350874488122167
q90_interval_displacement,Simulated,0.01112013335930151
q90_interval_displacement,Simulated,0.18642776913236225
q90_interval_displacement,Simulated,0.052382375572468706
q90_interval_displacement,Simulated,0.0665039266536146
q90_interval_displacement,Simulated,0.06444822541242012
q90_interval_displacement,Simulated,0.11482656816586308
q90_interval_displacement,Simulated,0.028108220530675243
q90_interval_displacement,Simulated,0.07339060942579158
q90_interval_displacement,Simulated,0.09919239584889553
q90_interval_displacement,Simulated,0.007051708695920422
q90_interval_displacement,Simulated,0.008184867122292562
q90_interval_displacement,Simulated,0.10367329830138737
q90_interval_displacement,Simulated,0.04238888630711146
q90_interval_displacement,Simulated,0.19215152017402448
q90_interval_displacement,Simulated,0.04337602671100055
q90_interval_displacement,Simulated,0.1903132126185704
q90_interval_displacement,Simulated,0.191834972810184
q90_interval_displacement,Simulated,0.12515221308414345
q90_interval_displacement,Simulated,0.06946055170069737
q90_interval_displacement,Simulated,0.05709743264850883
q90_interval_displacement,Simulated,0.11348667574091122
q90_interval_displacement,Simulated,0.24727715222251334
q90_interval_displacement,Simulated,0.003052694705995035
q90_interval_displacement,Simulated,0.34705011244459866
q90_interval_displacement,Simulated,0.4602531933868259
q90_interval_displacement,Simulated,0.012228751642559404
q90_interval_displacement,Simulated,0.09693962282746038
q90_interval_displacement,Simulated,0.18151077849171843
q90_interval_displacement,Simulated,0.19684450361340566
q90_interval_displacement,Simulated,0.010550296999566604
q90_interval_displacement,Simulated,0.18796540512457233
q90_interval_displacement,Simulated,0.18663230178816337
q90_interval_displacement,Simulated,0.07256213564130068
q90_interval_displacement,Simulated,0.14635803070692915
q90_interval_displacement,Simulated,0.3737474699877522
q90_interval_displacement,Simulated,0.11090309090766819
q90_interval_displacement,Simulated,0.4700331299420155
q90_interval_displacement,Simulated,0.011564412572626626
q90_interval_displacement,Simulated,0.04085719548547962
q90_interval_displacement,Simulated,0.08447502381806488
q90_interval_displacement,Simulated,0.015460001611138975
q90_interval_displacement,Simulated,0.08826390847605525
q90_interval_displacement,Simulated,0.1667537672882492
q90_interval_displacement,Simulated,0.029310307168909405
q90_interval_displacement,Simulated,0.15870150273589373
q90_interval_displacement,Simulated,0.012798286353619626
q90_interval_displacement,Simulated,0.04098751598205473
q90_interval_displacement,Simulated,0.042505599355114554
q90_interval_displacement,Simulated,0.3185630546847103
q90_interval_displacement,Simulated,0.14705688957961915
q90_interval_displacement,Simulated,0.05090110476100354
q90_interval_displacement,Simulated,0.2886980697418638
q90_interval_displacement,Simulated,0.041278710057959314
q90_interval_displacement,Simulated,0.24348631350840902
q90_interval_displacement,Simulated,0.001142895750778028
q90_interval_displacement,Simulated,0.27115647072895077
q90_interval_displacement,Simulated,0.05672351771404045
q90_interval_displacement,Simulated,0.054293059431206436
q90_interval_displacement,Simulated,0.09453582627818467
q90_interval_displacement,Simulated,0.4538480409656681
q90_interval_displacement,Simulated,0.302891053445837
q90_interval_displacement,Simulated,0.16608254943990203
q90_interval_displacement,Simulated,0.07529104904742394
q90_interval_displacement,Simulated,0.19924898973800936
q90_interval_displacement,Simulated,0.18215482007521278
q90_interval_displacement,Simulated,0.11755554966592352
q90_interval_displacement,Simulated,0.120463666277561
q90_interval_displacement,Simulated,0.15694724799057738
q90_interval_displacement,Simulated,0.15075371240184957
q90_interval_displacement,Simulated,0.3056901028275601
q90_interval_displacement,Simulated,0.16619042196346556
q90_interval_displacement,Simulated,0.11999668706133362
q90_interval_displacement,Simulated,0.1286430528310654
q90_interval_displacement,Simulated,0.36001719764205004
q90_interval_displacement,Simulated,0.1950559750759713
q90_interval_displacement,Simulated,0.0015567381998789487
q90_interval_displacement,Simulated,0.010401305934691685
q90_interval_displacement,Simulated,0.07202860418872213
q90_interval_displacement,Simulated,0.008680374503818589
q90_interval_displacement,Simulated,0.04102207293299439
q90_interval_displacement,Simulated,0.0696425974588415
q90_interval_displacement,Simulated,0.08088827378284591
q90_interval_displacement,Simulated,0.11340668736307583
q90_interval_displacement,Simulated,0.07913914900683663
q90_interval_displacement,Simulated,0.415223608451578
q90_interval_displacement,Simulated,0.17367803914664234
q90_interval_displacement,Simulated,0.4151957594793636
q90_interval_displacement,Simulated,0.007668727311979429
q90_interval_displacement,Simulated,0.32554900603490683
q90_interval_displacement,Simulated,0.12485201370926252
q90_interval_displacement,Simulated,0.2560001344928441
q90_interval_displacement,Simulated,0.11968340666278193
q90_interval_displacement,Simulated,0.23892061341378124
q90_interval_displacement,Simulated,0.24319113276216076
q90_interval_displacement,Simulated,0.04598352080119735
q90_interval_displacement,Simulated,0.16744955153913127
q90_interval_displacement,Simulated,0.04955971966435885
q90_interval_displacement,Simulated,0.019304451782016854
q90_interval_displacement,Simulated,0.017981262905731522
q90_interval_displacement,Simulated,0.11438825207193529
q90_interval_displacement,Simulated,0.03763318088324026
q90_interval_displacement,Simulated,0.16709775228485552
q90_interval_displacement,Simulated,0.3777132607494391
q90_interval_displacement,Simulated,0.02780898033033853
q90_interval_displacement,Simulated,0.09026042016261776
q90_interval_displacement,Simulated,0.20894965602789772
q90_interval_displacement,Simulated,0.06440582873917133
q90_interval_displacement,Simulated,0.24107938720417882
q90_interval_displacement,Simulated,0.35503070913599827
q90_interval_displacement,Simulated,0.23394830569321726
q90_interval_displacement,Simulated,0.07363420620585501
q90_interval_displacement,Simulated,0.3023094959215238
q90_interval_displacement,Simulated,0.015206267792473761
q90_interval_displacement,Simulated,0.4242753710675648
q90_interval_displacement,Simulated,0.19073968367268607
q90_interval_displacement,Simulated,0.08415489495578946
q90_interval_displacement,Simulated,0.1506339813037747
q90_interval_displacement,Simulated,0.11289044619874156
q90_interval_displacement,Simulated,0.007164558175212541
q90_interval_displacement,Simulated,0.04415526990972329
q90_interval_displacement,Simulated,0.2070704600606628
q90_interval_displacement,Simulated,0.001457071088456205
q90_interval_displacement,Simulated,0.28364054903445096
q90_interval_displacement,Simulated,0.014098159998010229
q90_interval_displacement,Simulated,0.1345669472182667
q90_interval_displacement,Simulated,0.14841872399010747
q90_interval_displacement,Simulated,0.23862485183477888
q90_interval_displacement,Simulated,0.12490122663865719
q90_interval_displacement,Simulated,0.18984971087324287
q90_interval_displacement,Simulated,0.19174406977896397
q90_interval_displacement,Simulated,0.02862775097270861
q90_interval_displacement,Simulated,0.14085279535396358
q90_interval_displacement,Simulated,0.1283028879585889
q90_interval_displacement,Simulated,0.05134202539980962
q90_interval_displacement,Simulated,0.019110835560537547
q90_interval_displacement,Simulated,0.45138453882480245
q90_interval_displacement,Simulated,0.16525380189857125
q90_interval_displacement,Simulated,0.02873965815548303
q90_interval_displacement,Simulated,0.22355739513729397
q90_interval_displacement,Simulated,0.0007097089298187705
q90_interval_displacement,Simulated,0.17036983561345406
q90_interval_displacement,Simulated,0.0709111084539899
q90_interval_displacement,Simulated,0.05593090417259754
q90_interval_displacement,Simulated,0.02985971214038992
q90_interval_displacement,Simulated,0.3138504847763026
q90_interval_displacement,Simulated,0.16871177498387874
q90_interval_displacement,Simulated,0.028683893635932184
q90_interval_displacement,Simulated,0.23951902594652938
q90_interval_displacement,Simulated,0.2164098027810507
q90_interval_displacement,Simulated,0.1474333114187359
q90_interval_displacement,Simulated,0.08724930493732191
q90_interval_displacement,Simulated,0.0709292518449833
q90_interval_displacement,Simulated,0.08582074890985585
q90_interval_displacement,Simulated,0.02080135624292906
q90_interval_displacement,Simulated,0.22093798103966178
q90_interval_displacement,Simulated,0.10903647162619837
q90_interval_displacement,Simulated,0.011207179055557681
q90_interval_displacement,Simulated,0.2321421503904671
q90_interval_displacement,Simulated,0.12459391644811574
q90_interval_displacement,Simulated,0.29617783724154256
q90_interval_displacement,Simulated,0.047988212061464246
q90_interval_displacement,Simulated,0.3256704462151914
q90_interval_displacement,Simulated,0.34946333783403677
q90_interval_displacement,Simulated,0.1254901836888155
q90_interval_displacement,Simulated,0.06223768463749437
q90_interval_displacement,Simulated,0.05578899329172071
q90_interval_displacement,Simulated,0.12881557721494807
q90_interval_displacement,Simulated,0.09747814241377603
q90_interval_displacement,Simulated,0.008865461621213433
q90_interval_displacement,Simulated,0.2665827232671983
q90_interval_displacement,Simulated,0.19153524195496557
q90_interval_displacement,Observed,0.4313806599297529
branch_switch_fraction,Simulated,0.0
branch_switch_fraction,Simulated,0.0
branch_switch_fraction,Simulated,0.0
branch_switch_fraction,Simulated,0.0
branch_switch_fraction,Simulated,0.0
branch_switch_fraction,Simulated,0.0
branch_switch_fraction,Simulated,0.0
branch_switch_fraction,Simulated,0.0
branch_switch_fraction,Simulated,0.0
branch_switch_fraction,Simulated,0.0
branch_switch_fraction,Simulated,0.0
branch_switch_fraction,Simulated,0.3333333333333333
branch_switch_fraction,Simulated,0.0
branch_switch_fraction,Simulated,0.0
branch_switch_fraction,Simulated,1.0
branch_switch_fraction,Simulated,0.0
branch_switch_fraction,Simulated,0.0
branch_switch_fraction,Simulated,0.0
branch_switch_fraction,Simulated,0.0
branch_switch_fraction,Simulated,0.0
branch_switch_fraction,Simulated,1.0
branch_switch_fraction,Simulated,0.0
branch_switch_fraction,Simulated,0.0
branch_switch_fraction,Simulated,1.0
branch_switch_fraction,Simulated,0.0
branch_switch_fraction,Simulated,0.0
branch_switch_fraction,Simulated,1.0
branch_switch_fraction,Simulated,0.0
branch_switch_fraction,Simulated,0.0
branch_switch_fraction,Simulated,0.0
branch_switch_fraction,Simulated,0.0
branch_switch_fraction,Simulated,0.0
branch_switch_fraction,Simulated,0.0
branch_switch_fraction,Simulated,0.0
branch_switch_fraction,Simulated,0.0
branch_switch_fraction,Simulated,1.0
branch_switch_fraction,Simulated,0.0
branch_switch_fraction,Simulated,0.0
branch_switch_fraction,Simulated,1.0
branch_switch_fraction,Simulated,0.0
branch_switch_fraction,Simulated,0.0
branch_switch_fraction,Simulated,0.0
branch_switch_fraction,Simulated,0.0
branch_switch_fraction,Simulated,0.0
branch_switch_fraction,Simulated,0.0
branch_switch_fraction,Simulated,0.0
branch_switch_fraction,Simulated,0.0
branch_switch_fraction,Simulated,1.0
branch_switch_fraction,Simulated,0.0
branch_switch_fraction,Simulated,0.0
branch_switch_fraction,Simulated,0.0
branch_switch_fraction,Simulated,0.0
branch_switch_fraction,Simulated,0.0
branch_switch_fraction,Simulated,0.0
branch_switch_fraction,Simulated,0.0
branch_switch_fraction,Simulated,0.0
branch_switch_fraction,Simulated,1.0
branch_switch_fraction,Simulated,0.0
branch_switch_fraction,Simulated,0.0
branch_switch_fraction,Simulated,1.0
branch_switch_fraction,Simulated,0.0
branch_switch_fraction,Simulated,0.0
branch_switch_fraction,Simulated,1.0
branch_switch_fraction,Simulated,0.0
branch_switch_fraction,Simulated,0.0
branch_switch_fraction,Simulated,0.0
branch_switch_fraction,Simulated,0.0
branch_switch_fraction,Simulated,0.0
branch_switch_fraction,Simulated,0.0
branch_switch_fraction,Simulated,0.0
branch_switch_fraction,Simulated,0.0
branch_switch_fraction,Simulated,0.0
branch_switch_fraction,Simulated,0.0
branch_switch_fraction,Simulated,0.0
branch_switch_fraction,Simulated,0.0
branch_switch_fraction,Simulated,0.0
branch_switch_fraction,Simulated,0.0
branch_switch_fraction,Simulated,1.0
branch_switch_fraction,Simulated,0.0
branch_switch_fraction,Simulated,0.0
branch_switch_fraction,Simulated,0.0
branch_switch_fraction,Simulated,0.0
branch_switch_fraction,Simulated,0.0
branch_switch_fraction,Simulated,1.0
branch_switch_fraction,Simulated,0.0
branch_switch_fraction,Simulated,0.0
branch_switch_fraction,Simulated,0.0
branch_switch_fraction,Simulated,0.0
branch_switch_fraction,Simulated,0.0
branch_switch_fraction,Simulated,0.0
branch_switch_fraction,Simulated,0.0
branch_switch_fraction,Simulated,0.0
branch_switch_fraction,Simulated,1.0
branch_switch_fraction,Simulated,0.0
branch_switch_fraction,Simulated,0.0
branch_switch_fraction,Simulated,1.0
branch_switch_fraction,Simulated,0.0
branch_switch_fraction,Simulated,0.0
branch_switch_fraction,Simulated,1.0
branch_switch_fraction,Simulated,0.0
branch_switch_fraction,Simulated,0.0
branch_switch_fraction,Simulated,0.0
branch_switch_fraction,Simulated,0.0
branch_switch_fraction,Simulated,0.0
branch_switch_fraction,Simulated,0.0
branch_switch_fraction,Simulated,0.0
branch_switch_fraction,Simulated,0.0
branch_switch_fraction,Simulated,1.0
branch_switch_fraction,Simulated,0.0
branch_switch_fraction,Simulated,0.0
branch_switch_fraction,Simulated,1.0
branch_switch_fraction,Simulated,0.0
branch_switch_fraction,Simulated,0.0
branch_switch_fraction,Simulated,1.0
branch_switch_fraction,Simulated,0.0
branch_switch_fraction,Simulated,0.0
branch_switch_fraction,Simulated,0.0
branch_switch_fraction,Simulated,0.0
branch_switch_fraction,Simulated,0.0
branch_switch_fraction,Simulated,1.0
branch_switch_fraction,Simulated,0.0
branch_switch_fraction,Simulated,0.0
branch_switch_fraction,Simulated,1.0
branch_switch_fraction,Simulated,0.0
branch_switch_fraction,Simulated,0.0
branch_switch_fraction,Simulated,1.0
branch_switch_fraction,Simulated,0.0
branch_switch_fraction,Simulated,0.0
branch_switch_fraction,Simulated,0.0
branch_switch_fraction,Simulated,0.0
branch_switch_fraction,Simulated,0.0
branch_switch_fraction,Simulated,0.0
branch_switch_fraction,Simulated,0.0
branch_switch_fraction,Simulated,0.0
branch_switch_fraction,Simulated,1.0
branch_switch_fraction,Simulated,0.0
branch_switch_fraction,Simulated,0.0
branch_switch_fraction,Simulated,0.0
branch_switch_fraction,Simulated,0.0
branch_switch_fraction,Simulated,0.0
branch_switch_fraction,Simulated,0.0
branch_switch_fraction,Simulated,0.0
branch_switch_fraction,Simulated,0.0
branch_switch_fraction,Simulated,1.0
branch_switch_fraction,Simulated,0.0
branch_switch_fraction,Simulated,0.0
branch_switch_fraction,Simulated,0.0
branch_switch_fraction,Simulated,0.0
branch_switch_fraction,Simulated,0.0
branch_switch_fraction,Simulated,1.0
branch_switch_fraction,Simulated,0.0
branch_switch_fraction,Simulated,0.0
branch_switch_fraction,Simulated,1.0
branch_switch_fraction,Simulated,0.0
branch_switch_fraction,Simulated,0.0
branch_switch_fraction,Simulated,0.0
branch_switch_fraction,Simulated,0.0
branch_switch_fraction,Simulated,0.0
branch_switch_fraction,Simulated,0.0
branch_switch_fraction,Simulated,0.0
branch_switch_fraction,Simulated,0.0
branch_switch_fraction,Simulated,0.0
branch_switch_fraction,Simulated,0.0
branch_switch_fraction,Simulated,0.0
branch_switch_fraction,Simulated,0.0
branch_switch_fraction,Simulated,0.0
branch_switch_fraction,Simulated,0.0
branch_switch_fraction,Simulated,1.0
branch_switch_fraction,Simulated,0.0
branch_switch_fraction,Simulated,0.0
branch_switch_fraction,Simulated,0.0
branch_switch_fraction,Simulated,0.0
branch_switch_fraction,Simulated,0.0
branch_switch_fraction,Simulated,0.0
branch_switch_fraction,Simulated,0.0
branch_switch_fraction,Simulated,0.0
branch_switch_fraction,Simulated,0.0
branch_switch_fraction,Simulated,0.0
branch_switch_fraction,Simulated,0.0
branch_switch_fraction,Simulated,0.0
branch_switch_fraction,Simulated,0.0
branch_switch_fraction,Simulated,0.0
branch_switch_fraction,Simulated,1.0
branch_switch_fraction,Simulated,0.0
branch_switch_fraction,Simulated,0.0
branch_switch_fraction,Simulated,0.0
branch_switch_fraction,Simulated,0.0
branch_switch_fraction,Simulated,0.0
branch_switch_fraction,Simulated,1.0
branch_switch_fraction,Simulated,0.0
branch_switch_fraction,Simulated,0.0
branch_switch_fraction,Simulated,1.0
branch_switch_fraction,Simulated,0.0
branch_switch_fraction,Simulated,0.0
branch_switch_fraction,Simulated,1.0
branch_switch_fraction,Simulated,0.0
branch_switch_fraction,Simulated,0.0
branch_switch_fraction,Simulated,1.0
branch_switch_fraction,Simulated,0.0
branch_switch_fraction,Simulated,0.0
branch_switch_fraction,Simulated,0.0
branch_switch_fraction,Simulated,0.0
branch_switch_fraction,Simulated,0.0
branch_switch_fraction,Simulated,1.0
branch_switch_fraction,Simulated,0.0
branch_switch_fraction,Simulated,0.0
branch_switch_fraction,Simulated,1.0
branch_switch_fraction,Simulated,0.0
branch_switch_fraction,Simulated,0.0
branch_switch_fraction,Simulated,0.0
branch_switch_fraction,Simulated,0.0
branch_switch_fraction,Simulated,0.0
branch_switch_fraction,Simulated,1.0
branch_switch_fraction,Simulated,0.0
branch_switch_fraction,Simulated,0.0
branch_switch_fraction,Simulated,0.0
branch_switch_fraction,Simulated,0.0
branch_switch_fraction,Simulated,0.0
branch_switch_fraction,Simulated,1.0
branch_switch_fraction,Simulated,0.0
branch_switch_fraction,Simulated,0.0
branch_switch_fraction,Simulated,1.0
branch_switch_fraction,Simulated,0.0
branch_switch_fraction,Simulated,0.0
branch_switch_fraction,Simulated,1.0
branch_switch_fraction,Simulated,0.0
branch_switch_fraction,Simulated,0.0
branch_switch_fraction,Simulated,0.0
branch_switch_fraction,Simulated,0.0
branch_switch_fraction,Simulated,0.0
branch_switch_fraction,Simulated,0.0
branch_switch_fraction,Simulated,0.0
branch_switch_fraction,Simulated,0.0
branch_switch_fraction,Simulated,1.0
branch_switch_fraction,Simulated,0.0
branch_switch_fraction,Simulated,0.0
branch_switch_fraction,Simulated,0.0
branch_switch_fraction,Simulated,0.0
branch_switch_fraction,Simulated,0.0
branch_switch_fraction,Simulated,1.0
branch_switch_fraction,Simulated,0.0
branch_switch_fraction,Simulated,0.0
branch_switch_fraction,Simulated,0.0
branch_switch_fraction,Simulated,0.0
branch_switch_fraction,Simulated,0.0
branch_switch_fraction,Simulated,0.0
branch_switch_fraction,Simulated,0.0
branch_switch_fraction,Simulated,0.0
branch_switch_fraction,Simulated,0.0
branch_switch_fraction,Simulated,0.0
branch_switch_fraction,Simulated,0.0
branch_switch_fraction,Simulated,0.0
branch_switch_fraction,Simulated,0.0
branch_switch_fraction,Simulated,0.0
branch_switch_fraction,Simulated,0.0
branch_switch_fraction,Simulated,0.0
branch_switch_fraction,Simulated,0.0
branch_switch_fraction,Simulated,0.0
branch_switch_fraction,Simulated,0.0
branch_switch_fraction,Simulated,0.0
branch_switch_fraction,Simulated,0.0
branch_switch_fraction,Simulated,0.0
branch_switch_fraction,Simulated,0.0
branch_switch_fraction,Simulated,0.0
branch_switch_fraction,Simulated,0.0
branch_switch_fraction,Simulated,0.0
branch_switch_fraction,Simulated,1.0
branch_switch_fraction,Simulated,0.0
branch_switch_fraction,Simulated,0.0
branch_switch_fraction,Simulated,1.0
branch_switch_fraction,Simulated,0.0
branch_switch_fraction,Simulated,0.0
branch_switch_fraction,Simulated,1.0
branch_switch_fraction,Simulated,0.0
branch_switch_fraction,Simulated,0.0
branch_switch_fraction,Simulated,0.0
branch_switch_fraction,Simulated,0.0
branch_switch_fraction,Simulated,0.0
branch_switch_fraction,Simulated,1.0
branch_switch_fraction,Simulated,0.0
branch_switch_fraction,Simulated,0.0
branch_switch_fraction,Simulated,1.0
branch_switch_fraction,Simulated,0.0
branch_switch_fraction,Simulated,0.0
branch_switch_fraction,Simulated,0.0
branch_switch_fraction,Simulated,0.0
branch_switch_fraction,Simulated,0.0
branch_switch_fraction,Simulated,0.0
branch_switch_fraction,Simulated,0.0
branch_switch_fraction,Simulated,0.0
branch_switch_fraction,Simulated,0.0
branch_switch_fraction,Simulated,0.0
branch_switch_fraction,Simulated,0.0
branch_switch_fraction,Simulated,0.0
branch_switch_fraction,Simulated,0.0
branch_switch_fraction,Simulated,0.0
branch_switch_fraction,Simulated,0.0
branch_switch_fraction,Simulated,0.0
branch_switch_fraction,Simulated,0.0
branch_switch_fraction,Simulated,1.0
branch_switch_fraction,Simulated,0.0
branch_switch_fraction,Simulated,0.0
branch_switch_fraction,Simulated,1.0
branch_switch_fraction,Simulated,0.0
branch_switch_fraction,Simulated,0.0
branch_switch_fraction,Simulated,1.0
branch_switch_fraction,Simulated,0.0
branch_switch_fraction,Simulated,0.0
branch_switch_fraction,Simulated,0.0
branch_switch_fraction,Simulated,0.0
branch_switch_fraction,Simulated,0.0
branch_switch_fraction,Simulated,0.0
branch_switch_fraction,Simulated,0.0
branch_switch_fraction,Simulated,0.0
branch_switch_fraction,Simulated,0.0
branch_switch_fraction,Simulated,0.0
branch_switch_fraction,Simulated,0.0
branch_switch_fraction,Simulated,0.0
branch_switch_fraction,Simulated,0.0
branch_switch_fraction,Simulated,0.0
branch_switch_fraction,Simulated,0.0
branch_switch_fraction,Simulated,0.0
branch_switch_fraction,Simulated,0.0
branch_switch_fraction,Simulated,1.0
branch_switch_fraction,Simulated,0.0
branch_switch_fraction,Simulated,0.0
branch_switch_fraction,Simulated,1.0
branch_switch_fraction,Simulated,0.0
branch_switch_fraction,Simulated,0.0
branch_switch_fraction,Simulated,1.0
branch_switch_fraction,Simulated,0.0
branch_switch_fraction,Simulated,0.0
branch_switch_fraction,Simulated,1.0
branch_switch_fraction,Simulated,0.0
branch_switch_fraction,Simulated,0.0
branch_switch_fraction,Simulated,0.0
branch_switch_fraction,Simulated,0.0
branch_switch_fraction,Simulated,0.0
branch_switch_fraction,Simulated,1.0
branch_switch_fraction,Simulated,0.0
branch_switch_fraction,Simulated,0.0
branch_switch_fraction,Simulated,0.0
branch_switch_fraction,Simulated,0.0
branch_switch_fraction,Simulated,0.0
branch_switch_fraction,Simulated,1.0
branch_switch_fraction,Simulated,0.0
branch_switch_fraction,Simulated,0.0
branch_switch_fraction,Simulated,0.0
branch_switch_fraction,Simulated,0.0
branch_switch_fraction,Simulated,0.0
branch_switch_fraction,Simulated,1.0
branch_switch_fraction,Simulated,0.0
branch_switch_fraction,Simulated,0.0
branch_switch_fraction,Simulated,1.0
branch_switch_fraction,Simulated,0.0
branch_switch_fraction,Simulated,0.0
branch_switch_fraction,Simulated,1.0
branch_switch_fraction,Simulated,0.0
branch_switch_fraction,Simulated,0.0
branch_switch_fraction,Simulated,1.0
branch_switch_fraction,Simulated,0.0
branch_switch_fraction,Simulated,0.0
branch_switch_fraction,Simulated,0.0
branch_switch_fraction,Simulated,0.0
branch_switch_fraction,Simulated,0.0
branch_switch_fraction,Simulated,1.0
branch_switch_fraction,Simulated,0.0
branch_switch_fraction,Simulated,0.0
branch_switch_fraction,Simulated,0.0
branch_switch_fraction,Simulated,0.0
branch_switch_fraction,Simulated,0.0
branch_switch_fraction,Simulated,0.0
branch_switch_fraction,Simulated,0.0
branch_switch_fraction,Simulated,0.0
branch_switch_fraction,Simulated,0.0
branch_switch_fraction,Simulated,0.0
branch_switch_fraction,Simulated,0.0
branch_switch_fraction,Simulated,0.0
branch_switch_fraction,Simulated,0.0
branch_switch_fraction,Simulated,0.0
branch_switch_fraction,Simulated,0.0
branch_switch_fraction,Simulated,0.0
branch_switch_fraction,Simulated,0.0
branch_switch_fraction,Simulated,0.0
branch_switch_fraction,Simulated,0.0
branch_switch_fraction,Simulated,0.0
branch_switch_fraction,Simulated,0.0
branch_switch_fraction,Simulated,0.0
branch_switch_fraction,Simulated,0.0
branch_switch_fraction,Simulated,0.0
branch_switch_fraction,Simulated,0.0
branch_switch_fraction,Simulated,0.0
branch_switch_fraction,Simulated,0.0
branch_switch_fraction,Simulated,0.0
branch_switch_fraction,Simulated,0.0
branch_switch_fraction,Simulated,0.0
branch_switch_fraction,Simulated,0.0
branch_switch_fraction,Simulated,0.0
branch_switch_fraction,Simulated,1.0
branch_switch_fraction,Simulated,0.0
branch_switch_fraction,Simulated,0.0
branch_switch_fraction,Simulated,1.0
branch_switch_fraction,Simulated,0.0
branch_switch_fraction,Simulated,0.0
branch_switch_fraction,Simulated,0.0
branch_switch_fraction,Simulated,0.0
branch_switch_fraction,Simulated,0.0
branch_switch_fraction,Simulated,0.0
branch_switch_fraction,Simulated,0.0
branch_switch_fraction,Simulated,0.0
branch_switch_fraction,Simulated,1.0
branch_switch_fraction,Simulated,0.0
branch_switch_fraction,Simulated,0.0
branch_switch_fraction,Simulated,1.0
branch_switch_fraction,Simulated,0.0
branch_switch_fraction,Simulated,0.0
branch_switch_fraction,Simulated,1.0
branch_switch_fraction,Simulated,0.0
branch_switch_fraction,Simulated,0.0
branch_switch_fraction,Simulated,1.0
branch_switch_fraction,Simulated,0.0
branch_switch_fraction,Simulated,0.0
branch_switch_fraction,Simulated,0.0
branch_switch_fraction,Simulated,0.0
branch_switch_fraction,Simulated,0.0
branch_switch_fraction,Simulated,1.0
branch_switch_fraction,Simulated,0.0
branch_switch_fraction,Simulated,0.0
branch_switch_fraction,Simulated,1.0
branch_switch_fraction,Simulated,0.0
branch_switch_fraction,Simulated,0.0
branch_switch_fraction,Simulated,1.0
branch_switch_fraction,Simulated,0.0
branch_switch_fraction,Simulated,0.0
branch_switch_fraction,Simulated,0.0
branch_switch_fraction,Simulated,0.0
branch_switch_fraction,Simulated,0.0
branch_switch_fraction,Simulated,0.0
branch_switch_fraction,Simulated,0.0
branch_switch_fraction,Simulated,0.0
branch_switch_fraction,Simulated,0.0
branch_switch_fraction,Simulated,0.0
branch_switch_fraction,Simulated,0.0
branch_switch_fraction,Simulated,0.0
branch_switch_fraction,Simulated,0.0
branch_switch_fraction,Simulated,0.0
branch_switch_fraction,Simulated,0.0
branch_switch_fraction,Simulated,0.0
branch_switch_fraction,Simulated,0.0
branch_switch_fraction,Simulated,0.0
branch_switch_fraction,Simulated,0.0
branch_switch_fraction,Simulated,0.0
branch_switch_fraction,Simulated,0.0
branch_switch_fraction,Simulated,0.0
branch_switch_fraction,Simulated,0.0
branch_switch_fraction,Simulated,0.0
branch_switch_fraction,Simulated,0.0
branch_switch_fraction,Simulated,0.0
branch_switch_fraction,Simulated,0.0
branch_switch_fraction,Simulated,0.0
branch_switch_fraction,Simulated,0.0
branch_switch_fraction,Simulated,0.0
branch_switch_fraction,Simulated,0.0
branch_switch_fraction,Simulated,0.0
branch_switch_fraction,Simulated,1.0
branch_switch_fraction,Simulated,0.0
branch_switch_fraction,Simulated,0.0
branch_switch_fraction,Simulated,1.0
branch_switch_fraction,Simulated,0.0
branch_switch_fraction,Simulated,0.0
branch_switch_fraction,Simulated,0.0
branch_switch_fraction,Simulated,0.0
branch_switch_fraction,Simulated,0.0
branch_switch_fraction,Simulated,1.0
branch_switch_fraction,Simulated,0.0
branch_switch_fraction,Simulated,0.0
branch_switch_fraction,Simulated,0.6666666666666666
branch_switch_fraction,Simulated,0.0
branch_switch_fraction,Simulated,0.0
branch_switch_fraction,Simulated,0.0
branch_switch_fraction,Simulated,0.0
branch_switch_fraction,Simulated,0.0
branch_switch_fraction,Simulated,0.0
branch_switch_fraction,Simulated,0.0
branch_switch_fraction,Simulated,0.0
branch_switch_fraction,Simulated,0.0
branch_switch_fraction,Simulated,0.0
branch_switch_fraction,Simulated,0.0
branch_switch_fraction,Simulated,1.0
branch_switch_fraction,Simulated,0.0
branch_switch_fraction,Simulated,0.0
branch_switch_fraction,Simulated,1.0
branch_switch_fraction,Simulated,0.0
branch_switch_fraction,Simulated,0.0
branch_switch_fraction,Simulated,0.0
branch_switch_fraction,Simulated,0.0
branch_switch_fraction,Simulated,0.0
branch_switch_fraction,Simulated,0.0
branch_switch_fraction,Simulated,0.0
branch_switch_fraction,Simulated,0.0
branch_switch_fraction,Observed,0.5714285714285714
