replicate,scenario,seed,time,latent_state,observed_state,branch_state,attractor
0,retention,1133030900,0.0,0.0,0.02437007780379894,0,-0.3395622360152768
0,retention,1133030900,0.05555555555555555,0.04829234433651147,,0,-0.3395622360152768
0,retention,1133030900,0.1111111111111111,0.11304552101396059,,0,-0.3395622360152768
0,retention,1133030900,0.16666666666666666,0.16809933556182682,,0,-0.3395622360152768
0,retention,1133030900,0.2222222222222222,0.19626335832178116,,0,-0.3395622360152768
0,retention,1133030900,0.2777777777777778,0.24911818575595926,,0,-0.3395622360152768
0,retention,1133030900,0.3333333333333333,0.13548360966020204,,0,-0.3395622360152768
0,retention,1133030900,0.38888888888888884,0.1339264267785951,,0,-0.3395622360152768
0,retention,1133030900,0.4444444444444444,0.06227576219734038,,0,-0.3395622360152768
0,retention,1133030900,0.5,0.0857757538489676,,0,-0.3395622360152768
0,retention,1133030900,0.5555555555555556,0.018541945089509737,,0,-0.3395622360152768
0,retention,1133030900,0.611111111111111,0.049192117173830915,,0,-0.3395622360152768
0,retention,1133030900,0.6666666666666666,0.07922872265743842,,0,-0.3395622360152768
0,retention,1133030900,0.7222222222222222,0.06241258445389639,,0,-0.3395622360152768
0,retention,1133030900,0.7777777777777777,0.04995249643261,,0,-0.3395622360152768
0,retention,1133030900,0.8333333333333333,0.04135054398441112,,0,-0.3395622360152768
0,retention,1133030900,0.8888888888888888,0.016142481344649854,,0,-0.3395622360152768
0,retention,1133030900,0.9444444444444444,0.09211176465733455,,0,-0.3395622360152768
0,retention,1133030900,1.0,0.08973419772402264,0.11854877081771314,0,-0.3395622360152768
1,jump,1754836345,0.0,0.0,-0.06720302677794937,0,-0.3395622360152768
1,jump,1754836345,0.05555555555555555,0.016827376589486322,,0,-0.3395622360152768
1,jump,1754836345,0.1111111111111111,0.03409905776324264,,0,-0.3395622360152768
1,jump,1754836345,0.16666666666666666,0.09488606887103185,,0,-0.3395622360152768
1,jump,1754836345,0.2222222222222222,0.06319818635579524,,0,-0.3395622360152768
1,jump,1754836345,0.2777777777777778,-0.016200241303432228,,0,-0.3395622360152768
1,jump,1754836345,0.3333333333333333,-0.006075461594452528,,0,-0.3395622360152768
1,jump,1754836345,0.38888888888888884,0.05476288874184103,,0,-0.3395622360152768
1,jump,1754836345,0.4444444444444444,0.047896277716376175,,0,-0.3395622360152768
1,jump,1754836345,0.5,0.09471232416582577,,0,-0.3395622360152768
1,jump,1754836345,0.5555555555555556,0.11754082247892657,,0,-0.3395622360152768
1,jump,1754836345,0.611111111111111,0.04454279688147211,,0,-0.3395622360152768
1,jump,1754836345,0.6666666666666666,0.058898318343778726,,0,-0.3395622360152768
1,jump,1754836345,0.7222222222222222,-0.023654852230273325,,0,-0.3395622360152768
1,jump,1754836345,0.7777777777777777,-0.06850453475253188,,0,-0.3395622360152768
1,jump,1754836345,0.8333333333333333,-0.0037903550289533003,,0,-0.3395622360152768
1,jump,1754836345,0.8888888888888888,-0.07515995499888312,,0,-0.3395622360152768
1,jump,1754836345,0.9444444444444444,-0.07700882896980261,,0,-0.3395622360152768
1,jump,1754836345,1.0,-0.059454620712589,0.0067009152885145196,0,-0.3395622360152768
2,branch_reorganization,1753465823,0.0,-0.3395622360152768,-0.3544068022622883,0,-0.3395622360152768
2,branch_reorganization,1753465823,0.05555555555555555,-0.40084416886513574,,0,-0.3395622360152768
2,branch_reorganization,1753465823,0.1111111111111111,-0.3996998124402573,,0,-0.3395622360152768
2,branch_reorganization,1753465823,0.16666666666666666,-0.39496613944215964,,0,-0.3395622360152768
2,branch_reorganization,1753465823,0.2222222222222222,-0.4274039117002808,,0,-0.3395622360152768
2,branch_reorganization,1753465823,0.2777777777777778,-0.45545077818255525,,0,-0.3395622360152768
2,branch_reorganization,1753465823,0.3333333333333333,-0.5150500088004504,,0,-0.3395622360152768
2,branch_reorganization,1753465823,0.38888888888888884,-0.5315977515073088,,0,-0.3395622360152768
2,branch_reorganization,1753465823,0.4444444444444444,-0.49582816568892163,,0,-0.3395622360152768
2,branch_reorganization,1753465823,0.5,-0.5361892480674597,,0,-0.3395622360152768
2,branch_reorganization,1753465823,0.5555555555555556,-0.49634266708048846,,0,-0.3395622360152768
2,branch_reorganization,1753465823,0.611111111111111,-0.43694443329466,,0,-0.3395622360152768
2,branch_reorganization,1753465823,0.6666666666666666,-0.4479892149776002,,0,-0.3395622360152768
2,branch_reorganization,1753465823,0.7222222222222222,-0.3649133752225812,,0,-0.3395622360152768
2,branch_reorganization,1753465823,0.7777777777777777,-0.2786429573397707,,0,-0.3395622360152768
2,branch_reorganization,1753465823,0.8333333333333333,-0.328548098264696,,0,-0.3395622360152768
2,branch_reorganization,1753465823,0.8888888888888888,-0.2852218180295763,,0,-0.3395622360152768
2,branch_reorganization,1753465823,0.9444444444444444,-0.30229364621783755,,0,-0.3395622360152768
2,branch_reorganization,1753465823,1.0,-0.2510139457163261,-0.2721324405389043,0,-0.3395622360152768
3,retention,1316464052,0.0,0.0,-0.07291976371030326,0,-0.3395622360152768
3,retention,1316464052,0.05555555555555555,-0.10339947865129985,,0,-0.3395622360152768
3,retention,1316464052,0.1111111111111111,-0.06424616124140343,,0,-0.3395622360152768
3,retention,1316464052,0.16666666666666666,-0.10018270245156358,,0,-0.3395622360152768
3,retention,1316464052,0.2222222222222222,-0.0419497682276115,,0,-0.3395622360152768
3,retention,1316464052,0.2777777777777778,-0.01316768740462958,,0,-0.3395622360152768
3,retention,1316464052,0.3333333333333333,-0.045883190406209966,,0,-0.3395622360152768
3,retention,1316464052,0.38888888888888884,-0.10500852123260021,,0,-0.3395622360152768
3,retention,1316464052,0.4444444444444444,-0.09097797756158327,,0,-0.3395622360152768
3,retention,1316464052,0.5,-0.1948638042678144,,0,-0.3395622360152768
3,retention,1316464052,0.5555555555555556,-0.17025302347785548,,0,-0.3395622360152768
3,retention,1316464052,0.611111111111111,-0.11154349766424168,,0,-0.3395622360152768
3,retention,1316464052,0.6666666666666666,-0.12290477071060385,,0,-0.3395622360152768
3,retention,1316464052,0.7222222222222222,-0.07593876632375306,,0,-0.3395622360152768
3,retention,1316464052,0.7777777777777777,-0.0145067318720657,,0,-0.3395622360152768
3,retention,1316464052,0.8333333333333333,0.053857264989632725,,0,-0.3395622360152768
3,retention,1316464052,0.8888888888888888,0.0367205651320282,,0,-0.3395622360152768
3,retention,1316464052,0.9444444444444444,-0.06856882341977011,,0,-0.3395622360152768
3,retention,1316464052,1.0,-0.09125794953355466,-0.055579292099369376,0,-0.3395622360152768
4,jump,2070550240,0.0,0.0,0.03386185694870587,0,-0.3395622360152768
4,jump,2070550240,0.05555555555555555,0.12738181204060897,,0,-0.3395622360152768
4,jump,2070550240,0.1111111111111111,0.08879384214234395,,0,-0.3395622360152768
4,jump,2070550240,0.16666666666666666,0.09317364603477918,,0,-0.3395622360152768
4,jump,2070550240,0.2222222222222222,0.061068845971667896,,0,-0.3395622360152768
4,jump,2070550240,0.2777777777777778,0.06373682273289555,,0,-0.3395622360152768
4,jump,2070550240,0.3333333333333333,0.08079749342118592,,0,-0.3395622360152768
4,jump,2070550240,0.38888888888888884,0.043594713841895776,,0,-0.3395622360152768
4,jump,2070550240,0.4444444444444444,0.025882197257365628,,0,-0.3395622360152768
4,jump,2070550240,0.5,0.003152758473991161,,0,-0.3395622360152768
4,jump,2070550240,0.5555555555555556,0.013154132206201107,,0,-0.3395622360152768
4,jump,2070550240,0.611111111111111,0.020640291337019338,,0,-0.3395622360152768
4,jump,2070550240,0.6666666666666666,0.06035743188974415,,0,-0.3395622360152768
4,jump,2070550240,0.7222222222222222,0.13044966044783105,,0,-0.3395622360152768
4,jump,2070550240,0.7777777777777777,0.19063120090783683,,0,-0.3395622360152768
4,jump,2070550240,0.8333333333333333,0.15009315852821012,,0,-0.3395622360152768
4,jump,2070550240,0.8888888888888888,0.14683138834598766,,0,-0.3395622360152768
4,jump,2070550240,0.9444444444444444,0.23287322123905757,,0,-0.3395622360152768
4,jump,2070550240,1.0,0.24279916223424622,0.2771781275514522,0,-0.3395622360152768
5,branch_reorganization,1931445513,0.0,-0.3395622360152768,-0.4052642406567166,0,-0.3395622360152768
5,branch_reorganization,1931445513,0.05555555555555555,-0.3397920906735201,,0,-0.3395622360152768
5,branch_reorganization,1931445513,0.1111111111111111,-0.33475668542451137,,0,-0.3395622360152768
5,branch_reorganization,1931445513,0.16666666666666666,-0.39683152856153603,,0,-0.3395622360152768
5,branch_reorganization,1931445513,0.2222222222222222,-0.31071016842358967,,0,-0.3395622360152768
5,branch_reorganization,1931445513,0.2777777777777778,-0.30790029378422246,,0,-0.3395622360152768
5,branch_reorganization,1931445513,0.3333333333333333,-0.35072974406846574,,0,-0.3395622360152768
5,branch_reorganization,1931445513,0.38888888888888884,-0.3013927687440245,,0,-0.3395622360152768
5,branch_reorganization,1931445513,0.4444444444444444,-0.30556464775695935,,0,-0.3395622360152768
5,branch_reorganization,1931445513,0.5,-0.292254989023457,,0,-0.3395622360152768
5,branch_reorganization,1931445513,0.5555555555555556,-0.35185908511642056,,0,-0.3395622360152768
5,branch_reorganization,1931445513,0.611111111111111,-0.366446494153954,,0,-0.3395622360152768
5,branch_reorganization,1931445513,0.6666666666666666,-0.37488283396405525,,0,-0.3395622360152768
5,branch_reorganization,1931445513,0.7222222222222222,-0.3672026965038472,,0,-0.3395622360152768
5,branch_reorganization,1931445513,0.7777777777777777,-0.3372891101340072,,0,-0.3395622360152768
5,branch_reorganization,1931445513,0.8333333333333333,-0.3931318024324855,,0,-0.3395622360152768
5,branch_reorganization,1931445513,0.8888888888888888,-0.2589033027027608,,0,-0.3395622360152768
5,branch_reorganization,1931445513,0.9444444444444444,-0.29793377826811607,,0,-0.3395622360152768
5,branch_reorganization,1931445513,1.0,-0.3022508626984686,-0.23602968490860685,0,-0.3395622360152768
6,retention,140005966,0.0,0.0,-0.03994820416890592,0,-0.3395622360152768
6,retention,140005966,0.05555555555555555,-0.012082330006398617,,0,-0.3395622360152768
6,retention,140005966,0.1111111111111111,-0.04668689407021991,,0,-0.3395622360152768
6,retention,140005966,0.16666666666666666,-0.02653485546011781,,0,-0.3395622360152768
6,retention,140005966,0.2222222222222222,-0.002925506561635441,,0,-0.3395622360152768
6,retention,140005966,0.2777777777777778,-0.025133292191466074,,0,-0.3395622360152768
6,retention,140005966,0.3333333333333333,-0.002689748688569995,,0,-0.3395622360152768
6,retention,140005966,0.38888888888888884,-0.1305972662344132,,0,-0.3395622360152768
6,retention,140005966,0.4444444444444444,-0.09192910631536665,,0,-0.3395622360152768
6,retention,140005966,0.5,-0.05917468988833366,,0,-0.3395622360152768
6,retention,140005966,0.5555555555555556,-0.12740171296473074,,0,-0.3395622360152768
6,retention,140005966,0.611111111111111,-0.16294203986634298,,0,-0.3395622360152768
6,retention,140005966,0.6666666666666666,-0.125893701472541,,0,-0.3395622360152768
6,retention,140005966,0.7222222222222222,-0.0772729936119812,,0,-0.3395622360152768
6,retention,140005966,0.7777777777777777,-0.12934035191822335,,0,-0.3395622360152768
6,retention,140005966,0.8333333333333333,-0.11671714319486441,,0,-0.3395622360152768
6,retention,140005966,0.8888888888888888,-0.11395496401801776,,0,-0.3395622360152768
6,retention,140005966,0.9444444444444444,-0.07870471354899235,,0,-0.3395622360152768
6,retention,140005966,1.0,-0.06487847392217155,-0.12135361477783042,0,-0.3395622360152768
7,jump,605697402,0.0,0.0,0.014160350112774769,0,-0.3395622360152768
7,jump,605697402,0.05555555555555555,-0.019212480003790375,,0,-0.3395622360152768
7,jump,605697402,0.1111111111111111,0.0010574422861239566,,0,-0.3395622360152768
7,jump,605697402,0.16666666666666666,0.006619416328209008,,0,-0.3395622360152768
7,jump,605697402,0.2222222222222222,0.04401238682000424,,0,-0.3395622360152768
7,jump,605697402,0.2777777777777778,-0.020408076687034836,,0,-0.3395622360152768
7,jump,605697402,0.3333333333333333,-0.0047639803304192,,0,-0.3395622360152768
7,jump,605697402,0.38888888888888884,0.09518367048373057,,0,-0.3395622360152768
7,jump,605697402,0.4444444444444444,0.03591842661412264,,0,-0.3395622360152768
7,jump,605697402,0.5,0.003431904993303425,,0,-0.3395622360152768
7,jump,605697402,0.5555555555555556,-0.06320635436163695,,0,-0.3395622360152768
7,jump,605697402,0.611111111111111,0.004590104890807412,,0,-0.3395622360152768
7,jump,605697402,0.6666666666666666,0.11305511704732167,,0,-0.3395622360152768
7,jump,605697402,0.7222222222222222,0.038655725972036994,,0,-0.3395622360152768
7,jump,605697402,0.7777777777777777,0.06868909315239485,,0,-0.3395622360152768
7,jump,605697402,0.8333333333333333,0.07076466317092232,,0,-0.3395622360152768
7,jump,605697402,0.8888888888888888,0.05811360681686172,,0,-0.3395622360152768
7,jump,605697402,0.9444444444444444,0.1356354835010354,,0,-0.3395622360152768
7,jump,605697402,1.0,0.04366621848165089,0.03064341383428587,0,-0.3395622360152768
7,jump,605697402,1.0555555555555556,0.12252895956365652,,0,-0.3395622360152768
7,jump,605697402,1.1111111111111112,0.07023420133930233,,0,-0.3395622360152768
7,jump,605697402,1.1666666666666667,0.07371577496044396,,0,-0.3395622360152768
7,jump,605697402,1.2222222222222223,-0.01769575805819719,,0,-0.3395622360152768
7,jump,605697402,1.2777777777777777,-0.05217172893054287,,0,-0.3395622360152768
7,jump,605697402,1.3333333333333333,-0.027915110320260218,,0,-0.3395622360152768
7,jump,605697402,1.3888888888888888,0.021546751387622298,,0,-0.3395622360152768
7,jump,605697402,1.4444444444444444,-0.05478941854184101,,0,-0.3395622360152768
7,jump,605697402,1.5,-0.01253385643195424,,0,-0.3395622360152768
7,jump,605697402,1.5555555555555556,0.0035675583707918176,,0,-0.3395622360152768
7,jump,605697402,1.6111111111111112,0.06245084324330085,,0,-0.3395622360152768
7,jump,605697402,1.6666666666666665,0.10217764499396004,,0,-0.3395622360152768
7,jump,605697402,1.7222222222222223,0.14235726092518422,,0,-0.3395622360152768
7,jump,605697402,1.7777777777777777,0.20153690034110072,,0,-0.3395622360152768
7,jump,605697402,1.8333333333333333,0.18111022011673952,,0,-0.3395622360152768
7,jump,605697402,1.8888888888888888,0.1885113293858183,,0,-0.3395622360152768
7,jump,605697402,1.9444444444444444,0.18912055869503458,,0,-0.3395622360152768
7,jump,605697402,2.0,0.20068571519818018,0.174505955083736,0,-0.3395622360152768
7,jump,605697402,2.0555555555555554,0.2735832571287515,,0,-0.3395622360152768
7,jump,605697402,2.111111111111111,0.31102393174614884,,0,-0.3395622360152768
7,jump,605697402,2.1666666666666665,0.29893193755664293,,0,-0.3395622360152768
7,jump,605697402,2.2222222222222223,0.29686344899635786,,0,-0.3395622360152768
7,jump,605697402,2.2777777777777777,0.2787135842541281,,0,-0.3395622360152768
7,jump,605697402,2.3333333333333335,0.22130273380268867,,0,-0.3395622360152768
7,jump,605697402,2.388888888888889,0.21783728039389058,,0,-0.3395622360152768
7,jump,605697402,2.4444444444444446,0.18415540814143339,,0,-0.3395622360152768
7,jump,605697402,2.5,0.1676980084703987,,0,-0.3395622360152768
7,jump,605697402,2.5555555555555554,0.17958239376376856,,0,-0.3395622360152768
7,jump,605697402,2.611111111111111,0.17141961091422392,,0,-0.3395622360152768
7,jump,605697402,2.6666666666666665,0.1733603695535286,,0,-0.3395622360152768
7,jump,605697402,2.7222222222222223,0.16842700950700096,,0,-0.3395622360152768
7,jump,605697402,2.7777777777777777,0.2738377491948346,,0,-0.3395622360152768
7,jump,605697402,2.833333333333333,0.366530712071534,,0,-0.3395622360152768
7,jump,605697402,2.888888888888889,0.31107194873268834,,0,-0.3395622360152768
7,jump,605697402,2.9444444444444446,0.2743480456967524,,0,-0.3395622360152768
7,jump,605697402,3.0,0.2955755214012422,0.28825229953910914,0,-0.3395622360152768
8,branch_reorganization,1392542527,0.0,-0.3395622360152768,-0.41456471698675046,0,-0.3395622360152768
8,branch_reorganization,1392542527,0.05555555555555555,-0.34586808320603146,,0,-0.3395622360152768
8,branch_reorganization,1392542527,0.1111111111111111,-0.39976115206449286,,0,-0.3395622360152768
8,branch_reorganization,1392542527,0.16666666666666666,-0.4325451110113285,,0,-0.3395622360152768
8,branch_reorganization,1392542527,0.2222222222222222,-0.47996885740678497,,0,-0.3395622360152768
8,branch_reorganization,1392542527,0.2777777777777778,-0.48668804695495615,,0,-0.3395622360152768
8,branch_reorganization,1392542527,0.3333333333333333,-0.49484929183166626,,0,-0.3395622360152768
8,branch_reorganization,1392542527,0.38888888888888884,-0.43336814688730546,,0,-0.3395622360152768
8,branch_reorganization,1392542527,0.4444444444444444,-0.42691217260558684,,0,-0.3395622360152768
8,branch_reorganization,1392542527,0.5,-0.3758380210897611,,0,-0.3395622360152768
8,branch_reorganization,1392542527,0.5555555555555556,-0.38295873713807116,,0,-0.3395622360152768
8,branch_reorganization,1392542527,0.611111111111111,-0.38282119209751736,,0,-0.3395622360152768
8,branch_reorganization,1392542527,0.6666666666666666,-0.39211404973899716,,0,-0.3395622360152768
8,branch_reorganization,1392542527,0.7222222222222222,-0.505071899662094,,0,-0.3395622360152768
8,branch_reorganization,1392542527,0.7777777777777777,-0.5121162894041885,,0,-0.3395622360152768
8,branch_reorganization,1392542527,0.8333333333333333,-0.4673301723291332,,0,-0.3395622360152768
8,branch_reorganization,1392542527,0.8888888888888888,-0.5042529235617844,,0,-0.3395622360152768
8,branch_reorganization,1392542527,0.9444444444444444,-0.38624943656306016,,0,-0.3395622360152768
8,branch_reorganization,1392542527,1.0,-0.3783204417466936,-0.3342519658676188,0,-0.3395622360152768
9,retention,1298896181,0.0,0.0,-0.040184729789455115,0,-0.3395622360152768
9,retention,1298896181,0.05555555555555555,-0.017267813669839645,,0,-0.3395622360152768
9,retention,1298896181,0.1111111111111111,-0.04041982198743571,,0,-0.3395622360152768
9,retention,1298896181,0.16666666666666666,-0.12100710753543052,,0,-0.3395622360152768
9,retention,1298896181,0.2222222222222222,0.0011501672210397912,,0,-0.3395622360152768
9,retention,1298896181,0.2777777777777778,-0.00719426618821275,,0,-0.3395622360152768
9,retention,1298896181,0.3333333333333333,0.01636285276072,,0,-0.3395622360152768
9,retention,1298896181,0.38888888888888884,0.05474533625239088,,0,-0.3395622360152768
9,retention,1298896181,0.4444444444444444,0.0713034695973414,,0,-0.3395622360152768
9,retention,1298896181,0.5,-0.021443548011007965,,0,-0.3395622360152768
9,retention,1298896181,0.5555555555555556,0.06412819212701772,,0,-0.3395622360152768
9,retention,1298896181,0.611111111111111,0.09538871307508037,,0,-0.3395622360152768
9,retention,1298896181,0.6666666666666666,0.11904621988596362,,0,-0.3395622360152768
9,retention,1298896181,0.7222222222222222,0.1523372373350407,,0,-0.3395622360152768
9,retention,1298896181,0.7777777777777777,0.23742676076468588,,0,-0.3395622360152768
9,retention,1298896181,0.8333333333333333,0.2777802635795398,,0,-0.3395622360152768
9,retention,1298896181,0.8888888888888888,0.2777659448578722,,0,-0.3395622360152768
9,retention,1298896181,0.9444444444444444,0.27458042087884366,,0,-0.3395622360152768
9,retention,1298896181,1.0,0.27078199941073666,0.3295925844806652,0,-0.3395622360152768
10,jump,1068644682,0.0,0.0,-0.007153527656030739,0,-0.3395622360152768
10,jump,1068644682,0.05555555555555555,-0.13329489175753612,,0,-0.3395622360152768
10,jump,1068644682,0.1111111111111111,-0.12747100998819533,,0,-0.3395622360152768
10,jump,1068644682,0.16666666666666666,-0.12226462585129427,,0,-0.3395622360152768
10,jump,1068644682,0.2222222222222222,0.00016328500820110559,,0,-0.3395622360152768
10,jump,1068644682,0.2777777777777778,-0.022222462989392438,,0,-0.3395622360152768
10,jump,1068644682,0.3333333333333333,-0.036985651204533516,,0,-0.3395622360152768
10,jump,1068644682,0.38888888888888884,0.027861360086976268,,0,-0.3395622360152768
10,jump,1068644682,0.4444444444444444,0.10422012960152238,,0,-0.3395622360152768
10,jump,1068644682,0.5,0.0824120012670914,,0,-0.3395622360152768
10,jump,1068644682,0.5555555555555556,0.08323468336579277,,0,-0.3395622360152768
10,jump,1068644682,0.611111111111111,0.09884409578637475,,0,-0.3395622360152768
10,jump,1068644682,0.6666666666666666,0.04723628918408086,,0,-0.3395622360152768
10,jump,1068644682,0.7222222222222222,-0.07751247840932707,,0,-0.3395622360152768
10,jump,1068644682,0.7777777777777777,-0.10959609687515726,,0,-0.3395622360152768
10,jump,1068644682,0.8333333333333333,-0.08299153164998027,,0,-0.3395622360152768
10,jump,1068644682,0.8888888888888888,-0.06946171659275242,,0,-0.3395622360152768
10,jump,1068644682,0.9444444444444444,-0.08774762729883342,,0,-0.3395622360152768
10,jump,1068644682,1.0,-0.06705024506690764,-0.07107088174148125,0,-0.3395622360152768
11,branch_reorganization,89534896,0.0,-0.3395622360152768,-0.28335732546860165,0,-0.3395622360152768
11,branch_reorganization,89534896,0.05555555555555555,-0.2913723963934891,,0,-0.3395622360152768
11,branch_reorganization,89534896,0.1111111111111111,-0.2209729792163771,,0,-0.3395622360152768
11,branch_reorganization,89534896,0.16666666666666666,-0.20242026194933593,,0,-0.3395622360152768
11,branch_reorganization,89534896,0.2222222222222222,-0.22081366517714954,,0,-0.3395622360152768
11,branch_reorganization,89534896,0.2777777777777778,-0.2581006613146809,,0,-0.3395622360152768
11,branch_reorganization,89534896,0.3333333333333333,-0.18451191769550848,,0,-0.3395622360152768
11,branch_reorganization,89534896,0.38888888888888884,-0.23049692015337975,,0,-0.3395622360152768
11,branch_reorganization,89534896,0.4444444444444444,-0.21345270963539179,,0,-0.3395622360152768
11,branch_reorganization,89534896,0.5,-0.13329525076393572,,1,0.3395622360152768
11,branch_reorganization,89534896,0.5555555555555556,-0.11252580801130106,,1,0.3395622360152768
11,branch_reorganization,89534896,0.611111111111111,-0.09281118665890846,,1,0.3395622360152768
11,branch_reorganization,89534896,0.6666666666666666,-0.05749373875457292,,1,0.3395622360152768
11,branch_reorganization,89534896,0.7222222222222222,-0.08604476753181159,,1,0.3395622360152768
11,branch_reorganization,89534896,0.7777777777777777,-0.001544236534539889,,0,-0.3395622360152768
11,branch_reorganization,89534896,0.8333333333333333,-0.027272408530138802,,0,-0.3395622360152768
11,branch_reorganization,89534896,0.8888888888888888,-0.0700637507810665,,0,-0.3395622360152768
11,branch_reorganization,89534896,0.9444444444444444,-0.04166904727653011,,1,0.3395622360152768
11,branch_reorganization,89534896,1.0,-0.017846632601491642,0.024964551012018853,1,0.3395622360152768
11,branch_reorganization,89534896,1.0555555555555556,0.02998560692884491,,1,0.3395622360152768
11,branch_reorganization,89534896,1.1111111111111112,0.09347354572743512,,1,0.3395622360152768
11,branch_reorganization,89534896,1.1666666666666667,0.14694761625353192,,1,0.3395622360152768
11,branch_reorganization,89534896,1.2222222222222223,0.13194445684913664,,1,0.3395622360152768
11,branch_reorganization,89534896,1.2777777777777777,0.12553608008139958,,1,0.3395622360152768
11,branch_reorganization,89534896,1.3333333333333333,0.09360296941385655,,1,0.3395622360152768
11,branch_reorganization,89534896,1.3888888888888888,0.1088233424455593,,1,0.3395622360152768
11,branch_reorganization,89534896,1.4444444444444444,0.1492032661834297,,1,0.3395622360152768
11,branch_reorganization,89534896,1.5,0.24998890580895367,,1,0.3395622360152768
11,branch_reorganization,89534896,1.5555555555555556,0.19313849752202011,,1,0.3395622360152768
11,branch_reorganization,89534896,1.6111111111111112,0.21028532220896914,,1,0.3395622360152768
11,branch_reorganization,89534896,1.6666666666666665,0.1474120317940396,,1,0.3395622360152768
11,branch_reorganization,89534896,1.7222222222222223,0.23473462330715056,,1,0.3395622360152768
11,branch_reorganization,89534896,1.7777777777777777,0.318642766665806,,1,0.3395622360152768
11,branch_reorganization,89534896,1.8333333333333333,0.37942601523216113,,1,0.3395622360152768
11,branch_reorganization,89534896,1.8888888888888888,0.3483151314630558,,1,0.3395622360152768
11,branch_reorganization,89534896,1.9444444444444444,0.3554963032478912,,1,0.3395622360152768
11,branch_reorganization,89534896,2.0,0.3290947741887919,0.35352802002442507,1,0.3395622360152768
11,branch_reorganization,89534896,2.0555555555555554,0.3285383527976427,,1,0.3395622360152768
11,branch_reorganization,89534896,2.111111111111111,0.35926935066872606,,1,0.3395622360152768
11,branch_reorganization,89534896,2.1666666666666665,0.3884150961745407,,1,0.3395622360152768
11,branch_reorganization,89534896,2.2222222222222223,0.3894980465431594,,1,0.3395622360152768
11,branch_reorganization,89534896,2.2777777777777777,0.45212813666712165,,1,0.3395622360152768
11,branch_reorganization,89534896,2.3333333333333335,0.4169003776816736,,1,0.3395622360152768
11,branch_reorganization,89534896,2.388888888888889,0.40205610531265656,,1,0.3395622360152768
11,branch_reorganization,89534896,2.4444444444444446,0.43031365932973586,,1,0.3395622360152768
11,branch_reorganization,89534896,2.5,0.4687103145942399,,1,0.3395622360152768
11,branch_reorganization,89534896,2.5555555555555554,0.41972058862037115,,1,0.3395622360152768
11,branch_reorganization,89534896,2.611111111111111,0.3580829312896116,,1,0.3395622360152768
11,branch_reorganization,89534896,2.6666666666666665,0.3707561951212748,,1,0.3395622360152768
11,branch_reorganization,89534896,2.7222222222222223,0.44687608856055605,,1,0.3395622360152768
11,branch_reorganization,89534896,2.7777777777777777,0.3737954702044828,,1,0.3395622360152768
11,branch_reorganization,89534896,2.833333333333333,0.39441526756835016,,1,0.3395622360152768
11,branch_reorganization,89534896,2.888888888888889,0.36992689690439545,,1,0.3395622360152768
11,branch_reorganization,89534896,2.9444444444444446,0.4313056104871545,,1,0.3395622360152768
11,branch_reorganization,89534896,3.0,0.4722618466446226,0.48269370562682107,1,0.3395622360152768
12,retention,1201610436,0.0,0.0,0.11791061005503839,0,-0.3395622360152768
12,retention,1201610436,0.05555555555555555,-0.011635908548905425,,0,-0.3395622360152768
12,retention,1201610436,0.1111111111111111,0.06330076153185231,,0,-0.3395622360152768
12,retention,1201610436,0.16666666666666666,0.05565601424276528,,0,-0.3395622360152768
12,retention,1201610436,0.2222222222222222,0.11839826609006185,,0,-0.3395622360152768
12,retention,1201610436,0.2777777777777778,0.0653841727605954,,0,-0.3395622360152768
12,retention,1201610436,0.3333333333333333,-0.024213623739139753,,0,-0.3395622360152768
12,retention,1201610436,0.38888888888888884,-0.0662988581203407,,0,-0.3395622360152768
12,retention,1201610436,0.4444444444444444,0.007015973500854075,,0,-0.3395622360152768
12,retention,1201610436,0.5,0.01385216188262104,,0,-0.3395622360152768
12,retention,1201610436,0.5555555555555556,-0.09994969042628218,,0,-0.3395622360152768
12,retention,1201610436,0.611111111111111,-0.16968933308234452,,0,-0.3395622360152768
12,retention,1201610436,0.6666666666666666,-0.23263196255440627,,0,-0.3395622360152768
12,retention,1201610436,0.7222222222222222,-0.2337371394762088,,0,-0.3395622360152768
12,retention,1201610436,0.7777777777777777,-0.16595935950042348,,0,-0.3395622360152768
12,retention,1201610436,0.8333333333333333,-0.2640092367897119,,0,-0.3395622360152768
12,retention,1201610436,0.8888888888888888,-0.22183627633889802,,0,-0.3395622360152768
12,retention,1201610436,0.9444444444444444,-0.2104951911555341,,0,-0.3395622360152768
12,retention,1201610436,1.0,-0.16970655315399932,-0.1759013319034491,0,-0.3395622360152768
13,jump,540200231,0.0,0.0,-0.017712803450893915,0,-0.3395622360152768
13,jump,540200231,0.05555555555555555,0.028607625027866762,,0,-0.3395622360152768
13,jump,540200231,0.1111111111111111,0.06592925924112415,,0,-0.3395622360152768
13,jump,540200231,0.16666666666666666,0.09619236025226985,,0,-0.3395622360152768
13,jump,540200231,0.2222222222222222,0.06347617587912963,,0,-0.3395622360152768
13,jump,540200231,0.2777777777777778,0.033854362676702617,,0,-0.3395622360152768
13,jump,540200231,0.3333333333333333,0.004998008204874449,,0,-0.3395622360152768
13,jump,540200231,0.38888888888888884,-0.021641582397362726,,0,-0.3395622360152768
13,jump,540200231,0.4444444444444444,-0.009019121309690266,,0,-0.3395622360152768
13,jump,540200231,0.5,-0.04264641189768091,,0,-0.3395622360152768
13,jump,540200231,0.5555555555555556,-0.119472332761812,,0,-0.3395622360152768
13,jump,540200231,0.611111111111111,-0.12482313864109115,,0,-0.3395622360152768
13,jump,540200231,0.6666666666666666,-0.06202515532949498,,0,-0.3395622360152768
13,jump,540200231,0.7222222222222222,-0.04258103780086958,,0,-0.3395622360152768
13,jump,540200231,0.7777777777777777,-0.05935374989195248,,0,-0.3395622360152768
13,jump,540200231,0.8333333333333333,-0.0456454787048738,,0,-0.3395622360152768
13,jump,540200231,0.8888888888888888,-0.13702457555960523,,0,-0.3395622360152768
13,jump,540200231,0.9444444444444444,-0.09539776272178196,,0,-0.3395622360152768
13,jump,540200231,1.0,-0.11801318047036932,-0.025354478730315794,0,-0.3395622360152768
14,branch_reorganization,834310510,0.0,-0.3395622360152768,-0.4164934780420624,0,-0.3395622360152768
14,branch_reorganization,834310510,0.05555555555555555,-0.35180827506395174,,0,-0.3395622360152768
14,branch_reorganization,834310510,0.1111111111111111,-0.2688127743295974,,0,-0.3395622360152768
14,branch_reorganization,834310510,0.16666666666666666,-0.27290753918022104,,0,-0.3395622360152768
14,branch_reorganization,834310510,0.2222222222222222,-0.2576121279413257,,0,-0.3395622360152768
14,branch_reorganization,834310510,0.2777777777777778,-0.21107442792971082,,0,-0.3395622360152768
14,branch_reorganization,834310510,0.3333333333333333,-0.2925308961793014,,0,-0.3395622360152768
14,branch_reorganization,834310510,0.38888888888888884,-0.29015158417927556,,0,-0.3395622360152768
14,branch_reorganization,834310510,0.4444444444444444,-0.3444901901125968,,0,-0.3395622360152768
14,branch_reorganization,834310510,0.5,-0.35189844122492775,,0,-0.3395622360152768
14,branch_reorganization,834310510,0.5555555555555556,-0.3655943152785602,,0,-0.3395622360152768
14,branch_reorganization,834310510,0.611111111111111,-0.4491978805699894,,0,-0.3395622360152768
14,branch_reorganization,834310510,0.6666666666666666,-0.3618943765686017,,0,-0.3395622360152768
14,branch_reorganization,834310510,0.7222222222222222,-0.3048781893766998,,0,-0.3395622360152768
14,branch_reorganization,834310510,0.7777777777777777,-0.2459901717684973,,0,-0.3395622360152768
14,branch_reorganization,834310510,0.8333333333333333,-0.26789562202995065,,0,-0.3395622360152768
14,branch_reorganization,834310510,0.8888888888888888,-0.29094383238414046,,0,-0.3395622360152768
14,branch_reorganization,834310510,0.9444444444444444,-0.20933045642620995,,1,0.3395622360152768
14,branch_reorganization,834310510,1.0,-0.15745941965886834,-0.10782719648041594,1,0.3395622360152768
15,retention,1987142029,0.0,0.0,0.03835080967339104,0,-0.3395622360152768
15,retention,1987142029,0.05555555555555555,-0.011616540920152593,,0,-0.3395622360152768
15,retention,1987142029,0.1111111111111111,0.044494282215035624,,0,-0.3395622360152768
15,retention,1987142029,0.16666666666666666,0.10613916655885752,,0,-0.3395622360152768
15,retention,1987142029,0.2222222222222222,0.10997603703218221,,0,-0.3395622360152768
15,retention,1987142029,0.2777777777777778,0.1115833552715559,,0,-0.3395622360152768
15,retention,1987142029,0.3333333333333333,0.09778324259688934,,0,-0.3395622360152768
15,retention,1987142029,0.38888888888888884,0.1469063154172495,,0,-0.3395622360152768
15,retention,1987142029,0.4444444444444444,0.11375486176293065,,0,-0.3395622360152768
15,retention,1987142029,0.5,0.07213923617834511,,0,-0.3395622360152768
15,retention,1987142029,0.5555555555555556,0.06342969178719747,,0,-0.3395622360152768
15,retention,1987142029,0.611111111111111,0.11568101705217046,,0,-0.3395622360152768
15,retention,1987142029,0.6666666666666666,0.12344738172313223,,0,-0.3395622360152768
15,retention,1987142029,0.7222222222222222,0.09298206871076573,,0,-0.3395622360152768
15,retention,1987142029,0.7777777777777777,0.20909097018752645,,0,-0.3395622360152768
15,retention,1987142029,0.8333333333333333,0.2413305186474074,,0,-0.3395622360152768
15,retention,1987142029,0.8888888888888888,0.22379124624513058,,0,-0.3395622360152768
15,retention,1987142029,0.9444444444444444,0.08338437230980314,,0,-0.3395622360152768
15,retention,1987142029,1.0,0.06603861010992738,0.08416702132947423,0,-0.3395622360152768
16,jump,238991222,0.0,0.0,0.022684290435942025,0,-0.3395622360152768
16,jump,238991222,0.05555555555555555,-0.04415695251457857,,0,-0.3395622360152768
16,jump,238991222,0.1111111111111111,-0.013219188627349089,,0,-0.3395622360152768
16,jump,238991222,0.16666666666666666,-0.050681907529914534,,0,-0.3395622360152768
16,jump,238991222,0.2222222222222222,-0.057052038518231235,,0,-0.3395622360152768
16,jump,238991222,0.2777777777777778,-0.025533093656114822,,0,-0.3395622360152768
16,jump,238991222,0.3333333333333333,0.0003920895597024944,,0,-0.3395622360152768
16,jump,238991222,0.38888888888888884,0.060742737055649046,,0,-0.3395622360152768
16,jump,238991222,0.4444444444444444,0.04529680917001504,,0,-0.3395622360152768
16,jump,238991222,0.5,0.04488282645554624,,0,-0.3395622360152768
16,jump,238991222,0.5555555555555556,0.013929656008636538,,0,-0.3395622360152768
16,jump,238991222,0.611111111111111,-0.04694555030087845,,0,-0.3395622360152768
16,jump,238991222,0.6666666666666666,-0.06909255944088212,,0,-0.3395622360152768
16,jump,238991222,0.7222222222222222,-0.052460805858424414,,0,-0.3395622360152768
16,jump,238991222,0.7777777777777777,-0.0355929273258337,,0,-0.3395622360152768
16,jump,238991222,0.8333333333333333,-0.045443343812139464,,0,-0.3395622360152768
16,jump,238991222,0.8888888888888888,-0.06930236142658353,,0,-0.3395622360152768
16,jump,238991222,0.9444444444444444,-0.0767830314714777,,0,-0.3395622360152768
16,jump,238991222,1.0,-0.15122007250904793,-0.13202636524686734,0,-0.3395622360152768
17,branch_reorganization,979961948,0.0,-0.3395622360152768,-0.3777354350598665,0,-0.3395622360152768
17,branch_reorganization,979961948,0.05555555555555555,-0.42329787986689577,,0,-0.3395622360152768
17,branch_reorganization,979961948,0.1111111111111111,-0.4463084278426645,,0,-0.3395622360152768
17,branch_reorganization,979961948,0.16666666666666666,-0.40086729748666367,,0,-0.3395622360152768
17,branch_reorganization,979961948,0.2222222222222222,-0.4038322418741057,,0,-0.3395622360152768
17,branch_reorganization,979961948,0.2777777777777778,-0.47560508284373876,,0,-0.3395622360152768
17,branch_reorganization,979961948,0.3333333333333333,-0.42195630890118685,,0,-0.3395622360152768
17,branch_reorganization,979961948,0.38888888888888884,-0.4601907191658532,,0,-0.3395622360152768
17,branch_reorganization,979961948,0.4444444444444444,-0.4349912447821124,,0,-0.3395622360152768
17,branch_reorganization,979961948,0.5,-0.4341172914927456,,0,-0.3395622360152768
17,branch_reorganization,979961948,0.5555555555555556,-0.3855270340911341,,0,-0.3395622360152768
17,branch_reorganization,979961948,0.611111111111111,-0.3986915658602869,,0,-0.3395622360152768
17,branch_reorganization,979961948,0.6666666666666666,-0.40942760731836997,,0,-0.3395622360152768
17,branch_reorganization,979961948,0.7222222222222222,-0.3744132540986028,,0,-0.3395622360152768
17,branch_reorganization,979961948,0.7777777777777777,-0.3648049450121718,,0,-0.3395622360152768
17,branch_reorganization,979961948,0.8333333333333333,-0.3406298394811969,,0,-0.3395622360152768
17,branch_reorganization,979961948,0.8888888888888888,-0.3078647933340461,,0,-0.3395622360152768
17,branch_reorganization,979961948,0.9444444444444444,-0.1806306181788034,,0,-0.3395622360152768
17,branch_reorganization,979961948,1.0,-0.17009535478959328,-0.17132327108039777,0,-0.3395622360152768
18,retention,1860849947,0.0,0.0,-0.043283844055631994,0,-0.3395622360152768
18,retention,1860849947,0.05555555555555555,0.1678458547852143,,0,-0.3395622360152768
18,retention,1860849947,0.1111111111111111,0.18289420285982713,,0,-0.3395622360152768
18,retention,1860849947,0.16666666666666666,0.15506173830738137,,0,-0.3395622360152768
18,retention,1860849947,0.2222222222222222,0.20955360723089395,,0,-0.3395622360152768
18,retention,1860849947,0.2777777777777778,0.26307137820765336,,0,-0.3395622360152768
18,retention,1860849947,0.3333333333333333,0.24020595859092686,,0,-0.3395622360152768
18,retention,1860849947,0.38888888888888884,0.21703783616438196,,0,-0.3395622360152768
18,retention,1860849947,0.4444444444444444,0.2500056511394717,,0,-0.3395622360152768
18,retention,1860849947,0.5,0.27842654406841405,,0,-0.3395622360152768
18,retention,1860849947,0.5555555555555556,0.26860927649901956,,0,-0.3395622360152768
18,retention,1860849947,0.611111111111111,0.3007949406444474,,0,-0.3395622360152768
18,retention,1860849947,0.6666666666666666,0.3085531174243123,,0,-0.3395622360152768
18,retention,1860849947,0.7222222222222222,0.30774187795403535,,0,-0.3395622360152768
18,retention,1860849947,0.7777777777777777,0.29262873361598524,,0,-0.3395622360152768
18,retention,1860849947,0.8333333333333333,0.2417723898179875,,0,-0.3395622360152768
18,retention,1860849947,0.8888888888888888,0.22965649579872127,,0,-0.3395622360152768
18,retention,1860849947,0.9444444444444444,0.11216535388594638,,0,-0.3395622360152768
18,retention,1860849947,1.0,0.21556863749873845,0.2696304084804733,0,-0.3395622360152768
19,jump,1796730105,0.0,0.0,-0.03435773725901185,0,-0.3395622360152768
19,jump,1796730105,0.05555555555555555,-0.0005899078258697265,,0,-0.3395622360152768
19,jump,1796730105,0.1111111111111111,-0.05010049200529824,,0,-0.3395622360152768
19,jump,1796730105,0.16666666666666666,0.04474589263896991,,0,-0.3395622360152768
19,jump,1796730105,0.2222222222222222,0.09340646335214887,,0,-0.3395622360152768
19,jump,1796730105,0.2777777777777778,0.08832144845273734,,0,-0.3395622360152768
19,jump,1796730105,0.3333333333333333,0.0488193031042312,,0,-0.3395622360152768
19,jump,1796730105,0.38888888888888884,0.06414706036916566,,0,-0.3395622360152768
19,jump,1796730105,0.4444444444444444,0.03270679307351626,,0,-0.3395622360152768
19,jump,1796730105,0.5,0.02608706488949766,,0,-0.3395622360152768
19,jump,1796730105,0.5555555555555556,0.019428872069285764,,0,-0.3395622360152768
19,jump,1796730105,0.611111111111111,0.10162184743939232,,0,-0.3395622360152768
19,jump,1796730105,0.6666666666666666,0.05973564815240757,,0,-0.3395622360152768
19,jump,1796730105,0.7222222222222222,-0.02917582209442781,,0,-0.3395622360152768
19,jump,1796730105,0.7777777777777777,0.044672197494208345,,0,-0.3395622360152768
19,jump,1796730105,0.8333333333333333,0.04682510630305554,,0,-0.3395622360152768
19,jump,1796730105,0.8888888888888888,-0.009117416227161577,,0,-0.3395622360152768
19,jump,1796730105,0.9444444444444444,0.023619334660179705,,0,-0.3395622360152768
19,jump,1796730105,1.0,-0.04271656531283687,-0.04503794780333953,0,-0.3395622360152768
20,branch_reorganization,716843696,0.0,-0.3395622360152768,-0.33906078131771317,0,-0.3395622360152768
20,branch_reorganization,716843696,0.05555555555555555,-0.3282355022498188,,0,-0.3395622360152768
20,branch_reorganization,716843696,0.1111111111111111,-0.24652830786977353,,0,-0.3395622360152768
20,branch_reorganization,716843696,0.16666666666666666,-0.3204143485552831,,0,-0.3395622360152768
20,branch_reorganization,716843696,0.2222222222222222,-0.36296996902005335,,0,-0.3395622360152768
20,branch_reorganization,716843696,0.2777777777777778,-0.40911097469735364,,0,-0.3395622360152768
20,branch_reorganization,716843696,0.3333333333333333,-0.31918290700941343,,0,-0.3395622360152768
20,branch_reorganization,716843696,0.38888888888888884,-0.3392232387279934,,0,-0.3395622360152768
20,branch_reorganization,716843696,0.4444444444444444,-0.34759700247220193,,0,-0.3395622360152768
20,branch_reorganization,716843696,0.5,-0.3773708487153284,,0,-0.3395622360152768
20,branch_reorganization,716843696,0.5555555555555556,-0.39565358252317967,,0,-0.3395622360152768
20,branch_reorganization,716843696,0.611111111111111,-0.4144613779527218,,0,-0.3395622360152768
20,branch_reorganization,716843696,0.6666666666666666,-0.48438590396175457,,0,-0.3395622360152768
20,branch_reorganization,716843696,0.7222222222222222,-0.4869024125527325,,0,-0.3395622360152768
20,branch_reorganization,716843696,0.7777777777777777,-0.4371310005013847,,0,-0.3395622360152768
20,branch_reorganization,716843696,0.8333333333333333,-0.3551252426421822,,0,-0.3395622360152768
20,branch_reorganization,716843696,0.8888888888888888,-0.28723125261153754,,1,0.3395622360152768
20,branch_reorganization,716843696,0.9444444444444444,-0.22751191210043387,,1,0.3395622360152768
20,branch_reorganization,716843696,1.0,-0.20160702630899122,-0.12901011112477645,1,0.3395622360152768
21,retention,1879137312,0.0,0.0,0.04063647681477678,0,-0.3395622360152768
21,retention,1879137312,0.05555555555555555,0.018156233059396138,,0,-0.3395622360152768
21,retention,1879137312,0.1111111111111111,0.02399978152573287,,0,-0.3395622360152768
21,retention,1879137312,0.16666666666666666,0.12512512191772723,,0,-0.3395622360152768
21,retention,1879137312,0.2222222222222222,0.1561381023104032,,0,-0.3395622360152768
21,retention,1879137312,0.2777777777777778,0.15303123561308143,,0,-0.3395622360152768
21,retention,1879137312,0.3333333333333333,0.0705451080310373,,0,-0.3395622360152768
21,retention,1879137312,0.38888888888888884,-0.002334128669810351,,0,-0.3395622360152768
21,retention,1879137312,0.4444444444444444,-0.09572371832242611,,0,-0.3395622360152768
21,retention,1879137312,0.5,-0.04636434990269676,,0,-0.3395622360152768
21,retention,1879137312,0.5555555555555556,-0.062081462499763665,,0,-0.3395622360152768
21,retention,1879137312,0.611111111111111,-0.060108264162843546,,0,-0.3395622360152768
21,retention,1879137312,0.6666666666666666,-0.12089304879337442,,0,-0.3395622360152768
21,retention,1879137312,0.7222222222222222,-0.16183879413097105,,0,-0.3395622360152768
21,retention,1879137312,0.7777777777777777,-0.07655032834439632,,0,-0.3395622360152768
21,retention,1879137312,0.8333333333333333,-0.08209386508727994,,0,-0.3395622360152768
21,retention,1879137312,0.8888888888888888,-0.023063480521227128,,0,-0.3395622360152768
21,retention,1879137312,0.9444444444444444,-0.03539705471324214,,0,-0.3395622360152768
21,retention,1879137312,1.0,0.04214256401027097,0.008101902210811758,0,-0.3395622360152768
22,jump,1016354699,0.0,0.0,0.04745763476218127,0,-0.3395622360152768
22,jump,1016354699,0.05555555555555555,-0.08271536388352979,,0,-0.3395622360152768
22,jump,1016354699,0.1111111111111111,-0.11150933389482481,,0,-0.3395622360152768
22,jump,1016354699,0.16666666666666666,-0.07018146216756282,,0,-0.3395622360152768
22,jump,1016354699,0.2222222222222222,-0.08107445254392777,,0,-0.3395622360152768
22,jump,1016354699,0.2777777777777778,-0.07157189550149241,,0,-0.3395622360152768
22,jump,1016354699,0.3333333333333333,0.050590322265516546,,0,-0.3395622360152768
22,jump,1016354699,0.38888888888888884,-0.018313931227560892,,0,-0.3395622360152768
22,jump,1016354699,0.4444444444444444,-0.014007136842839614,,0,-0.3395622360152768
22,jump,1016354699,0.5,0.03714159353500905,,0,-0.3395622360152768
22,jump,1016354699,0.5555555555555556,0.0836730281903176,,0,-0.3395622360152768
22,jump,1016354699,0.611111111111111,0.06582314629213472,,0,-0.3395622360152768
22,jump,1016354699,0.6666666666666666,0.017540633712013726,,0,-0.3395622360152768
22,jump,1016354699,0.7222222222222222,0.04404171060529524,,0,-0.3395622360152768
22,jump,1016354699,0.7777777777777777,-0.009957091966623803,,0,-0.3395622360152768
22,jump,1016354699,0.8333333333333333,-0.03830646468447306,,0,-0.3395622360152768
22,jump,1016354699,0.8888888888888888,-0.11340219890922579,,0,-0.3395622360152768
22,jump,1016354699,0.9444444444444444,-0.08744152742119805,,0,-0.3395622360152768
22,jump,1016354699,1.0,-0.1339324287403547,-0.1685830027054361,0,-0.3395622360152768
23,branch_reorganization,214932213,0.0,-0.3395622360152768,-0.31510343806255986,0,-0.3395622360152768
23,branch_reorganization,214932213,0.05555555555555555,-0.2837199442684284,,0,-0.3395622360152768
23,branch_reorganization,214932213,0.1111111111111111,-0.28050128943000247,,0,-0.3395622360152768
23,branch_reorganization,214932213,0.16666666666666666,-0.24585699076371836,,0,-0.3395622360152768
23,branch_reorganization,214932213,0.2222222222222222,-0.29048281528327424,,0,-0.3395622360152768
23,branch_reorganization,214932213,0.2777777777777778,-0.4981778084926256,,0,-0.3395622360152768
23,branch_reorganization,214932213,0.3333333333333333,-0.4770210067390658,,0,-0.3395622360152768
23,branch_reorganization,214932213,0.38888888888888884,-0.4847216873342246,,0,-0.3395622360152768
23,branch_reorganization,214932213,0.4444444444444444,-0.5500317738700706,,0,-0.3395622360152768
23,branch_reorganization,214932213,0.5,-0.5379760117186808,,0,-0.3395622360152768
23,branch_reorganization,214932213,0.5555555555555556,-0.53589109844247,,0,-0.3395622360152768
23,branch_reorganization,214932213,0.611111111111111,-0.6186182477187175,,0,-0.3395622360152768
23,branch_reorganization,214932213,0.6666666666666666,-0.5978030859223172,,0,-0.3395622360152768
23,branch_reorganization,214932213,0.7222222222222222,-0.5943628148151279,,0,-0.3395622360152768
23,branch_reorganization,214932213,0.7777777777777777,-0.6506536145993493,,0,-0.3395622360152768
23,branch_reorganization,214932213,0.8333333333333333,-0.512088099856812,,0,-0.3395622360152768
23,branch_reorganization,214932213,0.8888888888888888,-0.46660273217904447,,0,-0.3395622360152768
23,branch_reorganization,214932213,0.9444444444444444,-0.4784696736670742,,1,0.3395622360152768
23,branch_reorganization,214932213,1.0,-0.4165130234732223,-0.44103623629724,1,0.3395622360152768
24,retention,1945076337,0.0,0.0,-0.03516172076529583,0,-0.3395622360152768
24,retention,1945076337,0.05555555555555555,0.018960135540228212,,0,-0.3395622360152768
24,retention,1945076337,0.1111111111111111,-0.04976276629550229,,0,-0.3395622360152768
24,retention,1945076337,0.16666666666666666,-0.058383624937509815,,0,-0.3395622360152768
24,retention,1945076337,0.2222222222222222,-0.023145194108067264,,0,-0.3395622360152768
24,retention,1945076337,0.2777777777777778,-0.014777462668248219,,0,-0.3395622360152768
24,retention,1945076337,0.3333333333333333,-0.0746456098850407,,0,-0.3395622360152768
24,retention,1945076337,0.38888888888888884,-0.15507522610820867,,0,-0.3395622360152768
24,retention,1945076337,0.4444444444444444,-0.1988695797565986,,0,-0.3395622360152768
24,retention,1945076337,0.5,-0.18610827222068946,,0,-0.3395622360152768
24,retention,1945076337,0.5555555555555556,-0.1365771156629436,,0,-0.3395622360152768
24,retention,1945076337,0.611111111111111,-0.08057611721335448,,0,-0.3395622360152768
24,retention,1945076337,0.6666666666666666,0.04088838101428223,,0,-0.3395622360152768
24,retention,1945076337,0.7222222222222222,0.04807903510256068,,0,-0.3395622360152768
24,retention,1945076337,0.7777777777777777,0.06601198872296375,,0,-0.3395622360152768
24,retention,1945076337,0.8333333333333333,0.03557634598849304,,0,-0.3395622360152768
24,retention,1945076337,0.8888888888888888,0.03368243275479521,,0,-0.3395622360152768
24,retention,1945076337,0.9444444444444444,0.06640313967028438,,0,-0.3395622360152768
24,retention,1945076337,1.0,0.1393499275543515,0.0582787074419871,0,-0.3395622360152768
25,jump,406613499,0.0,0.0,-0.05507073111149814,0,-0.3395622360152768
25,jump,406613499,0.05555555555555555,-0.027357839499350455,,0,-0.3395622360152768
25,jump,406613499,0.1111111111111111,-0.02364770877057349,,0,-0.3395622360152768
25,jump,406613499,0.16666666666666666,-0.07482258447681481,,0,-0.3395622360152768
25,jump,406613499,0.2222222222222222,-0.10874188930660014,,0,-0.3395622360152768
25,jump,406613499,0.2777777777777778,-0.11649626517178188,,0,-0.3395622360152768
25,jump,406613499,0.3333333333333333,-0.06710227208409622,,0,-0.3395622360152768
25,jump,406613499,0.38888888888888884,0.09890914358305797,,0,-0.3395622360152768
25,jump,406613499,0.4444444444444444,0.11658489969829647,,0,-0.3395622360152768
25,jump,406613499,0.5,0.14632688534465624,,0,-0.3395622360152768
25,jump,406613499,0.5555555555555556,0.13529965840457672,,0,-0.3395622360152768
25,jump,406613499,0.611111111111111,0.08091470973284182,,0,-0.3395622360152768
25,jump,406613499,0.6666666666666666,0.10017575061791958,,0,-0.3395622360152768
25,jump,406613499,0.7222222222222222,0.09113863957593293,,0,-0.3395622360152768
25,jump,406613499,0.7777777777777777,0.08063445829053234,,0,-0.3395622360152768
25,jump,406613499,0.8333333333333333,0.0047483509850783645,,0,-0.3395622360152768
25,jump,406613499,0.8888888888888888,0.06429050998797835,,0,-0.3395622360152768
25,jump,406613499,0.9444444444444444,0.10106801876185131,,0,-0.3395622360152768
25,jump,406613499,1.0,0.1546274541889913,0.1529840880249648,0,-0.3395622360152768
26,branch_reorganization,1312311479,0.0,-0.3395622360152768,-0.33070185904795885,0,-0.3395622360152768
26,branch_reorganization,1312311479,0.05555555555555555,-0.3789238719444392,,0,-0.3395622360152768
26,branch_reorganization,1312311479,0.1111111111111111,-0.3289309921451542,,0,-0.3395622360152768
26,branch_reorganization,1312311479,0.16666666666666666,-0.27150397396131143,,0,-0.3395622360152768
26,branch_reorganization,1312311479,0.2222222222222222,-0.1742914271900823,,0,-0.3395622360152768
26,branch_reorganization,1312311479,0.2777777777777778,-0.21991778333976414,,0,-0.3395622360152768
26,branch_reorganization,1312311479,0.3333333333333333,-0.18101894366197013,,0,-0.3395622360152768
26,branch_reorganization,1312311479,0.38888888888888884,-0.19197709498947133,,0,-0.3395622360152768
26,branch_reorganization,1312311479,0.4444444444444444,-0.20547241743632486,,0,-0.3395622360152768
26,branch_reorganization,1312311479,0.5,-0.23987138397944582,,1,0.3395622360152768
26,branch_reorganization,1312311479,0.5555555555555556,-0.25369977498419116,,1,0.3395622360152768
26,branch_reorganization,1312311479,0.611111111111111,-0.17398545009643673,,1,0.3395622360152768
26,branch_reorganization,1312311479,0.6666666666666666,-0.18479822195937703,,1,0.3395622360152768
26,branch_reorganization,1312311479,0.7222222222222222,-0.1770538691026477,,1,0.3395622360152768
26,branch_reorganization,1312311479,0.7777777777777777,-0.2857651179841276,,1,0.3395622360152768
26,branch_reorganization,1312311479,0.8333333333333333,-0.2572190772592591,,1,0.3395622360152768
26,branch_reorganization,1312311479,0.8888888888888888,-0.27833893761842526,,1,0.3395622360152768
26,branch_reorganization,1312311479,0.9444444444444444,-0.1817705480471294,,1,0.3395622360152768
26,branch_reorganization,1312311479,1.0,-0.24471345114755044,-0.24429743328479445,1,0.3395622360152768
27,retention,1355005118,0.0,0.0,-0.08511356792447342,0,-0.3395622360152768
27,retention,1355005118,0.05555555555555555,-0.020832860109377745,,0,-0.3395622360152768
27,retention,1355005118,0.1111111111111111,0.06732821487115213,,0,-0.3395622360152768
27,retention,1355005118,0.16666666666666666,0.08146721337916225,,0,-0.3395622360152768
27,retention,1355005118,0.2222222222222222,0.0774321480470033,,0,-0.3395622360152768
27,retention,1355005118,0.2777777777777778,0.08993122383003141,,0,-0.3395622360152768
27,retention,1355005118,0.3333333333333333,0.080919820983324,,0,-0.3395622360152768
27,retention,1355005118,0.38888888888888884,0.028452211179981014,,0,-0.3395622360152768
27,retention,1355005118,0.4444444444444444,0.06335975196765295,,0,-0.3395622360152768
27,retention,1355005118,0.5,0.054667457484631976,,0,-0.3395622360152768
27,retention,1355005118,0.5555555555555556,0.054558508057532595,,0,-0.3395622360152768
27,retention,1355005118,0.611111111111111,-0.01845440324531534,,0,-0.3395622360152768
27,retention,1355005118,0.6666666666666666,-0.10795607909263533,,0,-0.3395622360152768
27,retention,1355005118,0.7222222222222222,-0.10902433984517951,,0,-0.3395622360152768
27,retention,1355005118,0.7777777777777777,-0.09774955435295073,,0,-0.3395622360152768
27,retention,1355005118,0.8333333333333333,-0.11025023960915453,,0,-0.3395622360152768
27,retention,1355005118,0.8888888888888888,-0.181641777284174,,0,-0.3395622360152768
27,retention,1355005118,0.9444444444444444,-0.17222760287763156,,0,-0.3395622360152768
27,retention,1355005118,1.0,-0.22970804451744814,-0.14832700294570256,0,-0.3395622360152768
28,jump,1382722396,0.0,0.0,0.08517936390216771,0,-0.3395622360152768
28,jump,1382722396,0.05555555555555555,-0.020441323901096126,,0,-0.3395622360152768
28,jump,1382722396,0.1111111111111111,0.027638791802885875,,0,-0.3395622360152768
28,jump,1382722396,0.16666666666666666,0.02813192319016972,,0,-0.3395622360152768
28,jump,1382722396,0.2222222222222222,-0.022213939623561624,,0,-0.3395622360152768
28,jump,1382722396,0.2777777777777778,0.04208723386167824,,0,-0.3395622360152768
28,jump,1382722396,0.3333333333333333,0.15531039602623745,,0,-0.3395622360152768
28,jump,1382722396,0.38888888888888884,0.21439496467501834,,0,-0.3395622360152768
28,jump,1382722396,0.4444444444444444,0.25236526115158386,,0,-0.3395622360152768
28,jump,1382722396,0.5,0.23768849929453612,,0,-0.3395622360152768
28,jump,1382722396,0.5555555555555556,0.19854326796751526,,0,-0.3395622360152768
28,jump,1382722396,0.611111111111111,0.22596533709614824,,0,-0.3395622360152768
28,jump,1382722396,0.6666666666666666,0.175180768832884,,0,-0.3395622360152768
28,jump,1382722396,0.7222222222222222,0.21304910518586945,,0,-0.3395622360152768
28,jump,1382722396,0.7777777777777777,0.23332400441811393,,0,-0.3395622360152768
28,jump,1382722396,0.8333333333333333,0.1832133342632018,,0,-0.3395622360152768
28,jump,1382722396,0.8888888888888888,0.1171417072215587,,0,-0.3395622360152768
28,jump,1382722396,0.9444444444444444,0.08293877055559035,,0,-0.3395622360152768
28,jump,1382722396,1.0,0.1403849817865837,0.09368149587010999,0,-0.3395622360152768
29,branch_reorganization,610072254,0.0,-0.3395622360152768,-0.3889372377592014,0,-0.3395622360152768
29,branch_reorganization,610072254,0.05555555555555555,-0.3676998781474088,,0,-0.3395622360152768
29,branch_reorganization,610072254,0.1111111111111111,-0.38856853578119877,,0,-0.3395622360152768
29,branch_reorganization,610072254,0.16666666666666666,-0.5120512595316647,,0,-0.3395622360152768
29,branch_reorganization,610072254,0.2222222222222222,-0.4124367800443913,,1,0.3395622360152768
29,branch_reorganization,610072254,0.2777777777777778,-0.3654600246839465,,1,0.3395622360152768
29,branch_reorganization,610072254,0.3333333333333333,-0.4067275143483106,,1,0.3395622360152768
29,branch_reorganization,610072254,0.38888888888888884,-0.4454371825729094,,1,0.3395622360152768
29,branch_reorganization,610072254,0.4444444444444444,-0.4142401527668334,,1,0.3395622360152768
29,branch_reorganization,610072254,0.5,-0.3533526788656499,,1,0.3395622360152768
29,branch_reorganization,610072254,0.5555555555555556,-0.25205827299238853,,1,0.3395622360152768
29,branch_reorganization,610072254,0.611111111111111,-0.2585150450013917,,1,0.3395622360152768
29,branch_reorganization,610072254,0.6666666666666666,-0.20060150873761462,,1,0.3395622360152768
29,branch_reorganization,610072254,0.7222222222222222,-0.12913258147113207,,1,0.3395622360152768
29,branch_reorganization,610072254,0.7777777777777777,-0.09333704283554123,,0,-0.3395622360152768
29,branch_reorganization,610072254,0.8333333333333333,-0.1543118069042717,,0,-0.3395622360152768
29,branch_reorganization,610072254,0.8888888888888888,-0.17614558470774677,,0,-0.3395622360152768
29,branch_reorganization,610072254,0.9444444444444444,-0.2503134640748728,,0,-0.3395622360152768
29,branch_reorganization,610072254,1.0,-0.28047290504759476,-0.24492594754680347,0,-0.3395622360152768
30,retention,1379273427,0.0,0.0,-0.07244613928452147,0,-0.3395622360152768
30,retention,1379273427,0.05555555555555555,0.006943283365143678,,0,-0.3395622360152768
30,retention,1379273427,0.1111111111111111,-0.006712777148589949,,0,-0.3395622360152768
30,retention,1379273427,0.16666666666666666,0.014831671838660933,,0,-0.3395622360152768
30,retention,1379273427,0.2222222222222222,0.036742390189162547,,0,-0.3395622360152768
30,retention,1379273427,0.2777777777777778,0.06813113984615952,,0,-0.3395622360152768
30,retention,1379273427,0.3333333333333333,0.045550928382040695,,0,-0.3395622360152768
30,retention,1379273427,0.38888888888888884,0.13662303768550077,,0,-0.3395622360152768
30,retention,1379273427,0.4444444444444444,0.11450973376167418,,0,-0.3395622360152768
30,retention,1379273427,0.5,0.04719404373306568,,0,-0.3395622360152768
30,retention,1379273427,0.5555555555555556,0.019782204373403858,,0,-0.3395622360152768
30,retention,1379273427,0.611111111111111,-0.01036832162234631,,0,-0.3395622360152768
30,retention,1379273427,0.6666666666666666,-0.11037317510708637,,0,-0.3395622360152768
30,retention,1379273427,0.7222222222222222,-0.15543081302418812,,0,-0.3395622360152768
30,retention,1379273427,0.7777777777777777,-0.10294452891942477,,0,-0.3395622360152768
30,retention,1379273427,0.8333333333333333,-0.06734840973183887,,0,-0.3395622360152768
30,retention,1379273427,0.8888888888888888,-0.023514036280263162,,0,-0.3395622360152768
30,retention,1379273427,0.9444444444444444,-0.07207097742908239,,0,-0.3395622360152768
30,retention,1379273427,1.0,-0.043893495495234844,-0.03449414069431358,0,-0.3395622360152768
30,retention,1379273427,1.0555555555555556,0.025338166080168742,,0,-0.3395622360152768
30,retention,1379273427,1.1111111111111112,-0.030367043231786614,,0,-0.3395622360152768
30,retention,1379273427,1.1666666666666667,-0.04865466700200322,,0,-0.3395622360152768
30,retention,1379273427,1.2222222222222223,-0.021555318652666706,,0,-0.3395622360152768
30,retention,1379273427,1.2777777777777777,-0.031246035048052775,,0,-0.3395622360152768
30,retention,1379273427,1.3333333333333333,0.004396481546897972,,0,-0.3395622360152768
30,retention,1379273427,1.3888888888888888,0.039447652988966464,,0,-0.3395622360152768
30,retention,1379273427,1.4444444444444444,0.055326209196250496,,0,-0.3395622360152768
30,retention,1379273427,1.5,0.038588210291602844,,0,-0.3395622360152768
30,retention,1379273427,1.5555555555555556,-0.04009298919421412,,0,-0.3395622360152768
30,retention,1379273427,1.6111111111111112,0.09485075202475184,,0,-0.3395622360152768
30,retention,1379273427,1.6666666666666665,0.1266252097663177,,0,-0.3395622360152768
30,retention,1379273427,1.7222222222222223,0.111016971568628,,0,-0.3395622360152768
30,retention,1379273427,1.7777777777777777,0.03393372734483015,,0,-0.3395622360152768
30,retention,1379273427,1.8333333333333333,-0.05304385092683878,,0,-0.3395622360152768
30,retention,1379273427,1.8888888888888888,-0.04982444502759483,,0,-0.3395622360152768
30,retention,1379273427,1.9444444444444444,-0.03492045498391041,,0,-0.3395622360152768
30,retention,1379273427,2.0,-0.0904461210094066,-0.07212476845210246,0,-0.3395622360152768
30,retention,1379273427,2.0555555555555554,-0.1344505745151469,,0,-0.3395622360152768
30,retention,1379273427,2.111111111111111,-0.20144820992669518,,0,-0.3395622360152768
30,retention,1379273427,2.1666666666666665,-0.12771988597021894,,0,-0.3395622360152768
30,retention,1379273427,2.2222222222222223,-0.09161742254175635,,0,-0.3395622360152768
30,retention,1379273427,2.2777777777777777,-0.05294157235645857,,0,-0.3395622360152768
30,retention,1379273427,2.3333333333333335,-0.10194924864372748,,0,-0.3395622360152768
30,retention,1379273427,2.388888888888889,-0.13473662658336283,,0,-0.3395622360152768
30,retention,1379273427,2.4444444444444446,-0.14444065368414782,,0,-0.3395622360152768
30,retention,1379273427,2.5,-0.18754511159939363,,0,-0.3395622360152768
30,retention,1379273427,2.5555555555555554,-0.18656615214352176,,0,-0.3395622360152768
30,retention,1379273427,2.611111111111111,-0.2494652341326274,,0,-0.3395622360152768
30,retention,1379273427,2.6666666666666665,-0.2304603709170352,,0,-0.3395622360152768
30,retention,1379273427,2.7222222222222223,-0.23536943592252957,,0,-0.3395622360152768
30,retention,1379273427,2.7777777777777777,-0.24665953421111686,,0,-0.3395622360152768
30,retention,1379273427,2.833333333333333,-0.16571304430217917,,0,-0.3395622360152768
30,retention,1379273427,2.888888888888889,-0.20232644011592443,,0,-0.3395622360152768
30,retention,1379273427,2.9444444444444446,-0.12872654281971502,,0,-0.3395622360152768
30,retention,1379273427,3.0,-0.11016565672552896,0.026007781981827807,0,-0.3395622360152768
31,jump,1595022389,0.0,0.0,-0.037184461932800374,0,-0.3395622360152768
31,jump,1595022389,0.05555555555555555,0.04445361842490105,,0,-0.3395622360152768
31,jump,1595022389,0.1111111111111111,0.12151519250828055,,0,-0.3395622360152768
31,jump,1595022389,0.16666666666666666,0.1258410709337343,,0,-0.3395622360152768
31,jump,1595022389,0.2222222222222222,0.0752218767697327,,0,-0.3395622360152768
31,jump,1595022389,0.2777777777777778,0.10217286143485405,,0,-0.3395622360152768
31,jump,1595022389,0.3333333333333333,0.1150131951107914,,0,-0.3395622360152768
31,jump,1595022389,0.38888888888888884,0.045905297651282886,,0,-0.3395622360152768
31,jump,1595022389,0.4444444444444444,0.03841345066124134,,0,-0.3395622360152768
31,jump,1595022389,0.5,0.05986472424111258,,0,-0.3395622360152768
31,jump,1595022389,0.5555555555555556,0.08995482748723592,,0,-0.3395622360152768
31,jump,1595022389,0.611111111111111,0.059506684276691334,,0,-0.3395622360152768
31,jump,1595022389,0.6666666666666666,0.07196267244629671,,0,-0.3395622360152768
31,jump,1595022389,0.7222222222222222,0.054854343521568844,,0,-0.3395622360152768
31,jump,1595022389,0.7777777777777777,0.05145847440460844,,0,-0.3395622360152768
31,jump,1595022389,0.8333333333333333,0.08034799435510817,,0,-0.3395622360152768
31,jump,1595022389,0.8888888888888888,0.08348925271603912,,0,-0.3395622360152768
31,jump,1595022389,0.9444444444444444,0.033096269450727106,,0,-0.3395622360152768
31,jump,1595022389,1.0,0.08765002138366992,0.028952737824761106,0,-0.3395622360152768
32,branch_reorganization,1481634171,0.0,-0.3395622360152768,-0.3761938371284776,0,-0.3395622360152768
32,branch_reorganization,1481634171,0.05555555555555555,-0.29708577097725064,,0,-0.3395622360152768
32,branch_reorganization,1481634171,0.1111111111111111,-0.29152936079118097,,1,0.3395622360152768
32,branch_reorganization,1481634171,0.16666666666666666,-0.2303883841581736,,1,0.3395622360152768
32,branch_reorganization,1481634171,0.2222222222222222,-0.26929482478784283,,0,-0.3395622360152768
32,branch_reorganization,1481634171,0.2777777777777778,-0.2177444117619394,,0,-0.3395622360152768
32,branch_reorganization,1481634171,0.3333333333333333,-0.25988620349676256,,0,-0.3395622360152768
32,branch_reorganization,1481634171,0.38888888888888884,-0.3112136984484355,,0,-0.3395622360152768
32,branch_reorganization,1481634171,0.4444444444444444,-0.2130306029185142,,0,-0.3395622360152768
32,branch_reorganization,1481634171,0.5,-0.19460890826515803,,0,-0.3395622360152768
32,branch_reorganization,1481634171,0.5555555555555556,-0.23064176963089236,,0,-0.3395622360152768
32,branch_reorganization,1481634171,0.611111111111111,-0.21217177984525995,,0,-0.3395622360152768
32,branch_reorganization,1481634171,0.6666666666666666,-0.2226372668525184,,0,-0.3395622360152768
32,branch_reorganization,1481634171,0.7222222222222222,-0.28167179239545137,,0,-0.3395622360152768
32,branch_reorganization,1481634171,0.7777777777777777,-0.2864950125568679,,0,-0.3395622360152768
32,branch_reorganization,1481634171,0.8333333333333333,-0.24917515090372336,,0,-0.3395622360152768
32,branch_reorganization,1481634171,0.8888888888888888,-0.26837913902212907,,0,-0.3395622360152768
32,branch_reorganization,1481634171,0.9444444444444444,-0.19345532237993332,,0,-0.3395622360152768
32,branch_reorganization,1481634171,1.0,-0.2361919206788609,-0.26590186980908537,0,-0.3395622360152768
33,retention,1231750939,0.0,0.0,-0.007915061262556968,0,-0.3395622360152768
33,retention,1231750939,0.05555555555555555,-0.10418090573683678,,0,-0.3395622360152768
33,retention,1231750939,0.1111111111111111,0.0496393669494013,,0,-0.3395622360152768
33,retention,1231750939,0.16666666666666666,0.012594022985464963,,0,-0.3395622360152768
33,retention,1231750939,0.2222222222222222,0.05644001556385923,,0,-0.3395622360152768
33,retention,1231750939,0.2777777777777778,0.14569453185721926,,0,-0.3395622360152768
33,retention,1231750939,0.3333333333333333,0.11758531634212989,,0,-0.3395622360152768
33,retention,1231750939,0.38888888888888884,0.10932036203150663,,0,-0.3395622360152768
33,retention,1231750939,0.4444444444444444,0.10446952201931282,,0,-0.3395622360152768
33,retention,1231750939,0.5,0.15244868656755575,,0,-0.3395622360152768
33,retention,1231750939,0.5555555555555556,0.07320652805135693,,0,-0.3395622360152768
33,retention,1231750939,0.611111111111111,-0.012008796196112906,,0,-0.3395622360152768
33,retention,1231750939,0.6666666666666666,0.02220269927519239,,0,-0.3395622360152768
33,retention,1231750939,0.7222222222222222,-0.038591253768678654,,0,-0.3395622360152768
33,retention,1231750939,0.7777777777777777,-0.011929249351458171,,0,-0.3395622360152768
33,retention,1231750939,0.8333333333333333,-0.050063044328147926,,0,-0.3395622360152768
33,retention,1231750939,0.8888888888888888,0.022907104100925904,,0,-0.3395622360152768
33,retention,1231750939,0.9444444444444444,0.03995893848687128,,0,-0.3395622360152768
33,retention,1231750939,1.0,0.04393841864428852,0.00974884247505877,0,-0.3395622360152768
34,jump,649446072,0.0,0.0,0.03595710749702746,0,-0.3395622360152768
34,jump,649446072,0.05555555555555555,-0.009302173703830916,,0,-0.3395622360152768
34,jump,649446072,0.1111111111111111,0.045285569260544715,,0,-0.3395622360152768
34,jump,649446072,0.16666666666666666,-0.02994917776250581,,0,-0.3395622360152768
34,jump,649446072,0.2222222222222222,-0.07291310212149855,,0,-0.3395622360152768
34,jump,649446072,0.2777777777777778,-0.08993047996123793,,0,-0.3395622360152768
34,jump,649446072,0.3333333333333333,-0.033922026426624466,,0,-0.3395622360152768
34,jump,649446072,0.38888888888888884,-0.005008105621300406,,0,-0.3395622360152768
34,jump,649446072,0.4444444444444444,-0.0004550055452090373,,0,-0.3395622360152768
34,jump,649446072,0.5,-0.03008941255172063,,0,-0.3395622360152768
34,jump,649446072,0.5555555555555556,0.022799149913445168,,0,-0.3395622360152768
34,jump,649446072,0.611111111111111,-0.017114595856174593,,0,-0.3395622360152768
34,jump,649446072,0.6666666666666666,-0.008083791511700706,,0,-0.3395622360152768
34,jump,649446072,0.7222222222222222,-0.055358690372240685,,0,-0.3395622360152768
34,jump,649446072,0.7777777777777777,-0.06967475803936432,,0,-0.3395622360152768
34,jump,649446072,0.8333333333333333,-0.027675628531035362,,0,-0.3395622360152768
34,jump,649446072,0.8888888888888888,-0.05097228536601976,,0,-0.3395622360152768
34,jump,649446072,0.9444444444444444,-0.004751709485016818,,0,-0.3395622360152768
34,jump,649446072,1.0,0.05447817278214088,0.0941590926659443,0,-0.3395622360152768
35,branch_reorganization,1358926787,0.0,-0.3395622360152768,-0.36592661971412943,0,-0.3395622360152768
35,branch_reorganization,1358926787,0.05555555555555555,-0.24041427540771587,,0,-0.3395622360152768
35,branch_reorganization,1358926787,0.1111111111111111,-0.15344636281219348,,0,-0.3395622360152768
35,branch_reorganization,1358926787,0.16666666666666666,-0.1703933366303201,,0,-0.3395622360152768
35,branch_reorganization,1358926787,0.2222222222222222,-0.2628466541237626,,0,-0.3395622360152768
35,branch_reorganization,1358926787,0.2777777777777778,-0.2781023235608417,,0,-0.3395622360152768
35,branch_reorganization,1358926787,0.3333333333333333,-0.2803923815771931,,0,-0.3395622360152768
35,branch_reorganization,1358926787,0.38888888888888884,-0.3004886770960324,,1,0.3395622360152768
35,branch_reorganization,1358926787,0.4444444444444444,-0.3115530461547227,,1,0.3395622360152768
35,branch_reorganization,1358926787,0.5,-0.24147834169374038,,1,0.3395622360152768
35,branch_reorganization,1358926787,0.5555555555555556,-0.19807324746947214,,1,0.3395622360152768
35,branch_reorganization,1358926787,0.611111111111111,-0.13192067424233334,,1,0.3395622360152768
35,branch_reorganization,1358926787,0.6666666666666666,-0.1103112758376068,,1,0.3395622360152768
35,branch_reorganization,1358926787,0.7222222222222222,-0.12761337277699691,,1,0.3395622360152768
35,branch_reorganization,1358926787,0.7777777777777777,-0.14945161597556,,1,0.3395622360152768
35,branch_reorganization,1358926787,0.8333333333333333,-0.09474153940576649,,1,0.3395622360152768
35,branch_reorganization,1358926787,0.8888888888888888,-0.05183108113738692,,1,0.3395622360152768
35,branch_reorganization,1358926787,0.9444444444444444,-0.048406824664941325,,1,0.3395622360152768
35,branch_reorganization,1358926787,1.0,0.061033301504470935,0.06486013622574524,1,0.3395622360152768
36,retention,1327881601,0.0,0.0,0.0541708596180949,0,-0.3395622360152768
36,retention,1327881601,0.05555555555555555,-0.004758388649652709,,0,-0.3395622360152768
36,retention,1327881601,0.1111111111111111,0.044454404781730204,,0,-0.3395622360152768
36,retention,1327881601,0.16666666666666666,0.061200473232125095,,0,-0.3395622360152768
36,retention,1327881601,0.2222222222222222,0.030812255281414992,,0,-0.3395622360152768
36,retention,1327881601,0.2777777777777778,0.042177926072441585,,0,-0.3395622360152768
36,retention,1327881601,0.3333333333333333,0.0634797917129305,,0,-0.3395622360152768
36,retention,1327881601,0.38888888888888884,-0.0007186883658829024,,0,-0.3395622360152768
36,retention,1327881601,0.4444444444444444,0.03803323028689928,,0,-0.3395622360152768
36,retention,1327881601,0.5,-0.030835221128103697,,0,-0.3395622360152768
36,retention,1327881601,0.5555555555555556,-0.09419210105459283,,0,-0.3395622360152768
36,retention,1327881601,0.611111111111111,-0.06865944160930239,,0,-0.3395622360152768
36,retention,1327881601,0.6666666666666666,-0.021122892312014155,,0,-0.3395622360152768
36,retention,1327881601,0.7222222222222222,0.014474288366567084,,0,-0.3395622360152768
36,retention,1327881601,0.7777777777777777,0.042153908874936766,,0,-0.3395622360152768
36,retention,1327881601,0.8333333333333333,0.051792085026554496,,0,-0.3395622360152768
36,retention,1327881601,0.8888888888888888,0.10189450025616129,,0,-0.3395622360152768
36,retention,1327881601,0.9444444444444444,0.07042315683372619,,0,-0.3395622360152768
36,retention,1327881601,1.0,0.006496959764661317,0.01009222744014405,0,-0.3395622360152768
37,jump,1530397978,0.0,0.0,0.033780670716027146,0,-0.3395622360152768
37,jump,1530397978,0.05555555555555555,-0.02097601419181496,,0,-0.3395622360152768
37,jump,1530397978,0.1111111111111111,-0.046052893934924344,,0,-0.3395622360152768
37,jump,1530397978,0.16666666666666666,-0.0523764817420508,,0,-0.3395622360152768
37,jump,1530397978,0.2222222222222222,0.005899573905465055,,0,-0.3395622360152768
37,jump,1530397978,0.2777777777777778,-0.016354829407342546,,0,-0.3395622360152768
37,jump,1530397978,0.3333333333333333,-0.06091710742346594,,0,-0.3395622360152768
37,jump,1530397978,0.38888888888888884,-0.09559755467729814,,0,-0.3395622360152768
37,jump,1530397978,0.4444444444444444,-0.09005510440768673,,0,-0.3395622360152768
37,jump,1530397978,0.5,-0.09876718107762518,,0,-0.3395622360152768
37,jump,1530397978,0.5555555555555556,-0.0540344981377517,,0,-0.3395622360152768
37,jump,1530397978,0.611111111111111,-0.08405391323335915,,0,-0.3395622360152768
37,jump,1530397978,0.6666666666666666,-0.14865604860081663,,0,-0.3395622360152768
37,jump,1530397978,0.7222222222222222,-0.21660133108159782,,0,-0.3395622360152768
37,jump,1530397978,0.7777777777777777,-0.24981215713011656,,0,-0.3395622360152768
37,jump,1530397978,0.8333333333333333,-0.20928545770463244,,0,-0.3395622360152768
37,jump,1530397978,0.8888888888888888,-0.17952916121688603,,0,-0.3395622360152768
37,jump,1530397978,0.9444444444444444,-0.1667271780448861,,0,-0.3395622360152768
37,jump,1530397978,1.0,-0.06642934748859394,-0.05061196281327269,0,-0.3395622360152768
38,branch_reorganization,2092896311,0.0,-0.3395622360152768,-0.3645296840158049,0,-0.3395622360152768
38,branch_reorganization,2092896311,0.05555555555555555,-0.39010353582725465,,0,-0.3395622360152768
38,branch_reorganization,2092896311,0.1111111111111111,-0.3547949637810152,,0,-0.3395622360152768
38,branch_reorganization,2092896311,0.16666666666666666,-0.3713433815739344,,0,-0.3395622360152768
38,branch_reorganization,2092896311,0.2222222222222222,-0.35527773183707545,,0,-0.3395622360152768
38,branch_reorganization,2092896311,0.2777777777777778,-0.35266433009206255,,0,-0.3395622360152768
38,branch_reorganization,2092896311,0.3333333333333333,-0.36965758976510943,,0,-0.3395622360152768
38,branch_reorganization,2092896311,0.38888888888888884,-0.4441987844029226,,0,-0.3395622360152768
38,branch_reorganization,2092896311,0.4444444444444444,-0.35682715317158625,,1,0.3395622360152768
38,branch_reorganization,2092896311,0.5,-0.2651113577359095,,1,0.3395622360152768
38,branch_reorganization,2092896311,0.5555555555555556,-0.18386346623226013,,1,0.3395622360152768
38,branch_reorganization,2092896311,0.611111111111111,-0.1417069306672677,,1,0.3395622360152768
38,branch_reorganization,2092896311,0.6666666666666666,-0.13525843503797916,,1,0.3395622360152768
38,branch_reorganization,2092896311,0.7222222222222222,-0.10508148037189624,,1,0.3395622360152768
38,branch_reorganization,2092896311,0.7777777777777777,-0.13216534851794498,,1,0.3395622360152768
38,branch_reorganization,2092896311,0.8333333333333333,-0.0844728061916965,,1,0.3395622360152768
38,branch_reorganization,2092896311,0.8888888888888888,-0.03615879425851664,,1,0.3395622360152768
38,branch_reorganization,2092896311,0.9444444444444444,-0.05336635642422967,,1,0.3395622360152768
38,branch_reorganization,2092896311,1.0,-0.006993852992097271,0.02099763628850524,1,0.3395622360152768
39,retention,795942358,0.0,0.0,-0.057077924960277096,0,-0.3395622360152768
39,retention,795942358,0.05555555555555555,-0.025722039619897788,,0,-0.3395622360152768
39,retention,795942358,0.1111111111111111,-0.009289189542724004,,0,-0.3395622360152768
39,retention,795942358,0.16666666666666666,0.03374856354226789,,0,-0.3395622360152768
39,retention,795942358,0.2222222222222222,0.025120011605477183,,0,-0.3395622360152768
39,retention,795942358,0.2777777777777778,0.04747867739153941,,0,-0.3395622360152768
39,retention,795942358,0.3333333333333333,0.10864774714624406,,0,-0.3395622360152768
39,retention,795942358,0.38888888888888884,0.10563611529805081,,0,-0.3395622360152768
39,retention,795942358,0.4444444444444444,0.10873568642011394,,0,-0.3395622360152768
39,retention,795942358,0.5,0.000514192877000122,,0,-0.3395622360152768
39,retention,795942358,0.5555555555555556,0.05087713610499741,,0,-0.3395622360152768
39,retention,795942358,0.611111111111111,0.05205719048248964,,0,-0.3395622360152768
39,retention,795942358,0.6666666666666666,0.11725963920705579,,0,-0.3395622360152768
39,retention,795942358,0.7222222222222222,0.029764093402334213,,0,-0.3395622360152768
39,retention,795942358,0.7777777777777777,0.014975937265096328,,0,-0.3395622360152768
39,retention,795942358,0.8333333333333333,-0.043937018839308915,,0,-0.3395622360152768
39,retention,795942358,0.8888888888888888,-0.032842201270768576,,0,-0.3395622360152768
39,retention,795942358,0.9444444444444444,-0.06356688690876494,,0,-0.3395622360152768
39,retention,795942358,1.0,-0.14018834832734567,-0.19561528110662887,0,-0.3395622360152768
40,jump,1936144758,0.0,0.0,0.011707962115065617,0,-0.3395622360152768
40,jump,1936144758,0.05555555555555555,-0.04629992102434492,,0,-0.3395622360152768
40,jump,1936144758,0.1111111111111111,-0.06383666320619931,,0,-0.3395622360152768
40,jump,1936144758,0.16666666666666666,-0.09294125462570577,,0,-0.3395622360152768
40,jump,1936144758,0.2222222222222222,-0.16544246851365063,,0,-0.3395622360152768
40,jump,1936144758,0.2777777777777778,-0.1287729311798472,,0,-0.3395622360152768
40,jump,1936144758,0.3333333333333333,-0.11734429176065352,,0,-0.3395622360152768
40,jump,1936144758,0.38888888888888884,-0.20628810077406085,,0,-0.3395622360152768
40,jump,1936144758,0.4444444444444444,-0.16301417802444462,,0,-0.3395622360152768
40,jump,1936144758,0.5,-0.1250032770275061,,0,-0.3395622360152768
40,jump,1936144758,0.5555555555555556,-0.09057676506313979,,0,-0.3395622360152768
40,jump,1936144758,0.611111111111111,-0.08954452800504399,,0,-0.3395622360152768
40,jump,1936144758,0.6666666666666666,-0.05135646689016896,,0,-0.3395622360152768
40,jump,1936144758,0.7222222222222222,-0.06970315212747372,,0,-0.3395622360152768
40,jump,1936144758,0.7777777777777777,-0.06734974201838788,,0,-0.3395622360152768
40,jump,1936144758,0.8333333333333333,-0.03584629868262536,,0,-0.3395622360152768
40,jump,1936144758,0.8888888888888888,-0.09169554165793913,,0,-0.3395622360152768
40,jump,1936144758,0.9444444444444444,-0.08392758262006582,,0,-0.3395622360152768
40,jump,1936144758,1.0,-0.0493275910691376,0.04989737924874571,0,-0.3395622360152768
41,branch_reorganization,433705087,0.0,-0.3395622360152768,-0.29338977687358764,0,-0.3395622360152768
41,branch_reorganization,433705087,0.05555555555555555,-0.3360704486168653,,0,-0.3395622360152768
41,branch_reorganization,433705087,0.1111111111111111,-0.3102398304309417,,0,-0.3395622360152768
41,branch_reorganization,433705087,0.16666666666666666,-0.41847828764468964,,0,-0.3395622360152768
41,branch_reorganization,433705087,0.2222222222222222,-0.37491164883202666,,0,-0.3395622360152768
41,branch_reorganization,433705087,0.2777777777777778,-0.3940995056155018,,0,-0.3395622360152768
41,branch_reorganization,433705087,0.3333333333333333,-0.4442585189885593,,0,-0.3395622360152768
41,branch_reorganization,433705087,0.38888888888888884,-0.4673852494580837,,0,-0.3395622360152768
41,branch_reorganization,433705087,0.4444444444444444,-0.4695402221310803,,0,-0.3395622360152768
41,branch_reorganization,433705087,0.5,-0.36410427315379074,,0,-0.3395622360152768
41,branch_reorganization,433705087,0.5555555555555556,-0.29791999026505533,,0,-0.3395622360152768
41,branch_reorganization,433705087,0.611111111111111,-0.39482023202948047,,0,-0.3395622360152768
41,branch_reorganization,433705087,0.6666666666666666,-0.5024051167862273,,0,-0.3395622360152768
41,branch_reorganization,433705087,0.7222222222222222,-0.5128269015710988,,0,-0.3395622360152768
41,branch_reorganization,433705087,0.7777777777777777,-0.4294119424012916,,0,-0.3395622360152768
41,branch_reorganization,433705087,0.8333333333333333,-0.44434804304172554,,0,-0.3395622360152768
41,branch_reorganization,433705087,0.8888888888888888,-0.4117952534838523,,0,-0.3395622360152768
41,branch_reorganization,433705087,0.9444444444444444,-0.5255373573064319,,0,-0.3395622360152768
41,branch_reorganization,433705087,1.0,-0.6774395947119585,-0.6989516062749387,0,-0.3395622360152768
42,retention,1289174767,0.0,0.0,-0.027854533941525286,0,-0.3395622360152768
42,retention,1289174767,0.05555555555555555,0.0022316938761488157,,0,-0.3395622360152768
42,retention,1289174767,0.1111111111111111,0.03679885762118356,,0,-0.3395622360152768
42,retention,1289174767,0.16666666666666666,0.09143857481993466,,0,-0.3395622360152768
42,retention,1289174767,0.2222222222222222,0.09043181121301233,,0,-0.3395622360152768
42,retention,1289174767,0.2777777777777778,0.11536262131277294,,0,-0.3395622360152768
42,retention,1289174767,0.3333333333333333,0.19997704980415898,,0,-0.3395622360152768
42,retention,1289174767,0.38888888888888884,0.14620237267035863,,0,-0.3395622360152768
42,retention,1289174767,0.4444444444444444,0.06475500250099635,,0,-0.3395622360152768
42,retention,1289174767,0.5,-0.009339371583118504,,0,-0.3395622360152768
42,retention,1289174767,0.5555555555555556,0.0014006554467604036,,0,-0.3395622360152768
42,retention,1289174767,0.611111111111111,0.018988885781336375,,0,-0.3395622360152768
42,retention,1289174767,0.6666666666666666,0.03760609091185005,,0,-0.3395622360152768
42,retention,1289174767,0.7222222222222222,0.04646094536899732,,0,-0.3395622360152768
42,retention,1289174767,0.7777777777777777,0.052233243169860416,,0,-0.3395622360152768
42,retention,1289174767,0.8333333333333333,0.03972606624155021,,0,-0.3395622360152768
42,retention,1289174767,0.8888888888888888,0.08560496770093691,,0,-0.3395622360152768
42,retention,1289174767,0.9444444444444444,0.09805426845575582,,0,-0.3395622360152768
42,retention,1289174767,1.0,0.053232202396131516,-0.006384117403567778,0,-0.3395622360152768
43,jump,423129574,0.0,0.0,0.002549383779067477,0,-0.3395622360152768
43,jump,423129574,0.05555555555555555,0.027562848453484994,,0,-0.3395622360152768
43,jump,423129574,0.1111111111111111,-0.058474640208560774,,0,-0.3395622360152768
43,jump,423129574,0.16666666666666666,-0.08246049622314905,,0,-0.3395622360152768
43,jump,423129574,0.2222222222222222,0.006856615869233404,,0,-0.3395622360152768
43,jump,423129574,0.2777777777777778,0.03300454725181481,,0,-0.3395622360152768
43,jump,423129574,0.3333333333333333,0.013835254056276017,,0,-0.3395622360152768
43,jump,423129574,0.38888888888888884,-0.01457443243749303,,0,-0.3395622360152768
43,jump,423129574,0.4444444444444444,0.07231283542784744,,0,-0.3395622360152768
43,jump,423129574,0.5,0.14073864154926294,,0,-0.3395622360152768
43,jump,423129574,0.5555555555555556,0.1950959998790551,,0,-0.3395622360152768
43,jump,423129574,0.611111111111111,0.15528689288812947,,0,-0.3395622360152768
43,jump,423129574,0.6666666666666666,0.211514504727302,,0,-0.3395622360152768
43,jump,423129574,0.7222222222222222,0.26065048994684115,,0,-0.3395622360152768
43,jump,423129574,0.7777777777777777,0.21740560886876473,,0,-0.3395622360152768
43,jump,423129574,0.8333333333333333,0.1802466445388788,,0,-0.3395622360152768
43,jump,423129574,0.8888888888888888,0.1654071552878304,,0,-0.3395622360152768
43,jump,423129574,0.9444444444444444,0.1247317185417226,,0,-0.3395622360152768
43,jump,423129574,1.0,0.16590536560997968,0.08990130491743359,0,-0.3395622360152768
44,branch_reorganization,776766417,0.0,-0.3395622360152768,-0.31403290299521014,0,-0.3395622360152768
44,branch_reorganization,776766417,0.05555555555555555,-0.35357662079662033,,0,-0.3395622360152768
44,branch_reorganization,776766417,0.1111111111111111,-0.30722879146021,,0,-0.3395622360152768
44,branch_reorganization,776766417,0.16666666666666666,-0.3358914183457023,,0,-0.3395622360152768
44,branch_reorganization,776766417,0.2222222222222222,-0.3490888020020451,,0,-0.3395622360152768
44,branch_reorganization,776766417,0.2777777777777778,-0.250506955806718,,0,-0.3395622360152768
44,branch_reorganization,776766417,0.3333333333333333,-0.28265570060485984,,0,-0.3395622360152768
44,branch_reorganization,776766417,0.38888888888888884,-0.2586883624848878,,0,-0.3395622360152768
44,branch_reorganization,776766417,0.4444444444444444,-0.23593889485963526,,0,-0.3395622360152768
44,branch_reorganization,776766417,0.5,-0.2594780502272153,,0,-0.3395622360152768
44,branch_reorganization,776766417,0.5555555555555556,-0.2051327926506435,,0,-0.3395622360152768
44,branch_reorganization,776766417,0.611111111111111,-0.24215656478271905,,0,-0.3395622360152768
44,branch_reorganization,776766417,0.6666666666666666,-0.301383524763032,,0,-0.3395622360152768
44,branch_reorganization,776766417,0.7222222222222222,-0.3308573255899232,,0,-0.3395622360152768
44,branch_reorganization,776766417,0.7777777777777777,-0.3314065884581076,,0,-0.3395622360152768
44,branch_reorganization,776766417,0.8333333333333333,-0.29587780426500865,,0,-0.3395622360152768
44,branch_reorganization,776766417,0.8888888888888888,-0.2113563991850122,,0,-0.3395622360152768
44,branch_reorganization,776766417,0.9444444444444444,-0.16831896761633083,,0,-0.3395622360152768
44,branch_reorganization,776766417,1.0,-0.1835721006722544,-0.17991982954092464,0,-0.3395622360152768
44,branch_reorganization,776766417,1.0555555555555556,-0.20403967346519233,,0,-0.3395622360152768
44,branch_reorganization,776766417,1.1111111111111112,-0.23330149926080102,,0,-0.3395622360152768
44,branch_reorganization,776766417,1.1666666666666667,-0.22963695699713865,,0,-0.3395622360152768
44,branch_reorganization,776766417,1.2222222222222223,-0.1985706904947905,,0,-0.3395622360152768
44,branch_reorganization,776766417,1.2777777777777777,-0.15976618260797473,,0,-0.3395622360152768
44,branch_reorganization,776766417,1.3333333333333333,-0.20924369348678742,,0,-0.3395622360152768
44,branch_reorganization,776766417,1.3888888888888888,-0.2415813012013594,,1,0.3395622360152768
44,branch_reorganization,776766417,1.4444444444444444,-0.26779476589828866,,0,-0.3395622360152768
44,branch_reorganization,776766417,1.5,-0.29148204798568345,,0,-0.3395622360152768
44,branch_reorganization,776766417,1.5555555555555556,-0.24731393213596412,,0,-0.3395622360152768
44,branch_reorganization,776766417,1.6111111111111112,-0.2288669181062174,,0,-0.3395622360152768
44,branch_reorganization,776766417,1.6666666666666665,-0.2864953943749719,,0,-0.3395622360152768
44,branch_reorganization,776766417,1.7222222222222223,-0.2900037669166244,,0,-0.3395622360152768
44,branch_reorganization,776766417,1.7777777777777777,-0.347728473053896,,0,-0.3395622360152768
44,branch_reorganization,776766417,1.8333333333333333,-0.19324961315234046,,1,0.3395622360152768
44,branch_reorganization,776766417,1.8888888888888888,-0.17367365248724376,,1,0.3395622360152768
44,branch_reorganization,776766417,1.9444444444444444,-0.235937953017944,,0,-0.3395622360152768
44,branch_reorganization,776766417,2.0,-0.21695580348718219,-0.21000241586214102,0,-0.3395622360152768
44,branch_reorganization,776766417,2.0555555555555554,-0.17917014425421163,,0,-0.3395622360152768
44,branch_reorganization,776766417,2.111111111111111,-0.24409412056602944,,0,-0.3395622360152768
44,branch_reorganization,776766417,2.1666666666666665,-0.1648449796474152,,0,-0.3395622360152768
44,branch_reorganization,776766417,2.2222222222222223,-0.1865517518637251,,0,-0.3395622360152768
44,branch_reorganization,776766417,2.2777777777777777,-0.23973017873407934,,0,-0.3395622360152768
44,branch_reorganization,776766417,2.3333333333333335,-0.14938701305863394,,0,-0.3395622360152768
44,branch_reorganization,776766417,2.388888888888889,-0.09392976986632692,,0,-0.3395622360152768
44,branch_reorganization,776766417,2.4444444444444446,-0.12521727900875354,,0,-0.3395622360152768
44,branch_reorganization,776766417,2.5,-0.08981101356546098,,0,-0.3395622360152768
44,branch_reorganization,776766417,2.5555555555555554,-0.010012715076504142,,0,-0.3395622360152768
44,branch_reorganization,776766417,2.611111111111111,-0.06426804054372084,,0,-0.3395622360152768
44,branch_reorganization,776766417,2.6666666666666665,-0.01027182571949152,,0,-0.3395622360152768
44,branch_reorganization,776766417,2.7222222222222223,-0.03667753969219689,,0,-0.3395622360152768
44,branch_reorganization,776766417,2.7777777777777777,-0.06976552580251452,,0,-0.3395622360152768
44,branch_reorganization,776766417,2.833333333333333,0.011719415502216696,,0,-0.3395622360152768
44,branch_reorganization,776766417,2.888888888888889,-0.01970633236522799,,0,-0.3395622360152768
44,branch_reorganization,776766417,2.9444444444444446,-0.1073063926793507,,0,-0.3395622360152768
44,branch_reorganization,776766417,3.0,-0.09237993645476292,-0.12244179589551386,0,-0.3395622360152768
45,retention,1050039061,0.0,0.0,0.023523544218674537,0,-0.3395622360152768
45,retention,1050039061,0.05555555555555555,-0.010224604766371945,,0,-0.3395622360152768
45,retention,1050039061,0.1111111111111111,0.033035151291602866,,0,-0.3395622360152768
45,retention,1050039061,0.16666666666666666,0.07362357653549573,,0,-0.3395622360152768
45,retention,1050039061,0.2222222222222222,0.06377416876393892,,0,-0.3395622360152768
45,retention,1050039061,0.2777777777777778,0.1121006040872768,,0,-0.3395622360152768
45,retention,1050039061,0.3333333333333333,0.09205771753102684,,0,-0.3395622360152768
45,retention,1050039061,0.38888888888888884,0.029432196930422018,,0,-0.3395622360152768
45,retention,1050039061,0.4444444444444444,0.0263611715263813,,0,-0.3395622360152768
45,retention,1050039061,0.5,-0.026332682227022054,,0,-0.3395622360152768
45,retention,1050039061,0.5555555555555556,0.009169632940257706,,0,-0.3395622360152768
45,retention,1050039061,0.611111111111111,0.056242077667322816,,0,-0.3395622360152768
45,retention,1050039061,0.6666666666666666,0.02531158502171865,,0,-0.3395622360152768
45,retention,1050039061,0.7222222222222222,-0.034870552083639136,,0,-0.3395622360152768
45,retention,1050039061,0.7777777777777777,0.017050746946838335,,0,-0.3395622360152768
45,retention,1050039061,0.8333333333333333,-0.007751494925080173,,0,-0.3395622360152768
45,retention,1050039061,0.8888888888888888,-0.0015993663356512287,,0,-0.3395622360152768
45,retention,1050039061,0.9444444444444444,0.022870840949711792,,0,-0.3395622360152768
45,retention,1050039061,1.0,0.10688842673967817,0.08584228540444838,0,-0.3395622360152768
46,jump,584583210,0.0,0.0,0.06121953029885276,0,-0.3395622360152768
46,jump,584583210,0.05555555555555555,-0.01767964845031093,,0,-0.3395622360152768
46,jump,584583210,0.1111111111111111,0.01952297773156866,,0,-0.3395622360152768
46,jump,584583210,0.16666666666666666,0.03651632522072917,,0,-0.3395622360152768
46,jump,584583210,0.2222222222222222,0.07501948745317924,,0,-0.3395622360152768
46,jump,584583210,0.2777777777777778,0.21001815762138343,,0,-0.3395622360152768
46,jump,584583210,0.3333333333333333,0.0990825931937998,,0,-0.3395622360152768
46,jump,584583210,0.38888888888888884,0.037086507935530144,,0,-0.3395622360152768
46,jump,584583210,0.4444444444444444,0.057544049296249844,,0,-0.3395622360152768
46,jump,584583210,0.5,0.08008124728766944,,0,-0.3395622360152768
46,jump,584583210,0.5555555555555556,0.04925976871889239,,0,-0.3395622360152768
46,jump,584583210,0.611111111111111,-0.037698405141516796,,0,-0.3395622360152768
46,jump,584583210,0.6666666666666666,-0.03958021986443909,,0,-0.3395622360152768
46,jump,584583210,0.7222222222222222,-0.0712070478892674,,0,-0.3395622360152768
46,jump,584583210,0.7777777777777777,-0.03348704133530089,,0,-0.3395622360152768
46,jump,584583210,0.8333333333333333,-0.03188308579187413,,0,-0.3395622360152768
46,jump,584583210,0.8888888888888888,-0.06846720697463156,,0,-0.3395622360152768
46,jump,584583210,0.9444444444444444,-0.10650688811100355,,0,-0.3395622360152768
46,jump,584583210,1.0,-0.13086418142790104,-0.10722431261041782,0,-0.3395622360152768
47,branch_reorganization,507407251,0.0,-0.3395622360152768,-0.34059841861588863,0,-0.3395622360152768
47,branch_reorganization,507407251,0.05555555555555555,-0.32391320487306696,,0,-0.3395622360152768
47,branch_reorganization,507407251,0.1111111111111111,-0.27931847693051043,,0,-0.3395622360152768
47,branch_reorganization,507407251,0.16666666666666666,-0.3232038774705664,,0,-0.3395622360152768
47,branch_reorganization,507407251,0.2222222222222222,-0.3149011777167286,,0,-0.3395622360152768
47,branch_reorganization,507407251,0.2777777777777778,-0.2949309087273016,,0,-0.3395622360152768
47,branch_reorganization,507407251,0.3333333333333333,-0.2766054432435591,,0,-0.3395622360152768
47,branch_reorganization,507407251,0.38888888888888884,-0.26956514793127184,,1,0.3395622360152768
47,branch_reorganization,507407251,0.4444444444444444,-0.20519330273548786,,1,0.3395622360152768
47,branch_reorganization,507407251,0.5,-0.10783277206661109,,1,0.3395622360152768
47,branch_reorganization,507407251,0.5555555555555556,-0.1116033119438631,,1,0.3395622360152768
47,branch_reorganization,507407251,0.611111111111111,-0.10124063108024975,,1,0.3395622360152768
47,branch_reorganization,507407251,0.6666666666666666,-0.12194191594625714,,1,0.3395622360152768
47,branch_reorganization,507407251,0.7222222222222222,-0.11843626278253028,,1,0.3395622360152768
47,branch_reorganization,507407251,0.7777777777777777,-0.08781894945960972,,1,0.3395622360152768
47,branch_reorganization,507407251,0.8333333333333333,-0.11992846573069635,,1,0.3395622360152768
47,branch_reorganization,507407251,0.8888888888888888,-0.1588553739718282,,1,0.3395622360152768
47,branch_reorganization,507407251,0.9444444444444444,-0.25032904040243886,,1,0.3395622360152768
47,branch_reorganization,507407251,1.0,-0.26758941012319215,-0.22924097377744837,1,0.3395622360152768
48,retention,447700257,0.0,0.0,-0.061611188578763784,0,-0.3395622360152768
48,retention,447700257,0.05555555555555555,-0.03712035656664095,,0,-0.3395622360152768
48,retention,447700257,0.1111111111111111,0.07268710046825515,,0,-0.3395622360152768
48,retention,447700257,0.16666666666666666,0.005322888884537372,,0,-0.3395622360152768
48,retention,447700257,0.2222222222222222,0.11024034498951871,,0,-0.3395622360152768
48,retention,447700257,0.2777777777777778,0.19144894588704975,,0,-0.3395622360152768
48,retention,447700257,0.3333333333333333,0.1448114883196152,,0,-0.3395622360152768
48,retention,447700257,0.38888888888888884,0.11762101686904679,,0,-0.3395622360152768
48,retention,447700257,0.4444444444444444,0.09094816918824873,,0,-0.3395622360152768
48,retention,447700257,0.5,0.02156399512705097,,0,-0.3395622360152768
48,retention,447700257,0.5555555555555556,-0.04785505506722841,,0,-0.3395622360152768
48,retention,447700257,0.611111111111111,-0.0441558339083457,,0,-0.3395622360152768
48,retention,447700257,0.6666666666666666,-0.15716197716338268,,0,-0.3395622360152768
48,retention,447700257,0.7222222222222222,-0.09928185609685528,,0,-0.3395622360152768
48,retention,447700257,0.7777777777777777,-0.09389211564197765,,0,-0.3395622360152768
48,retention,447700257,0.8333333333333333,-0.0510778072370055,,0,-0.3395622360152768
48,retention,447700257,0.8888888888888888,-0.11253990651190801,,0,-0.3395622360152768
48,retention,447700257,0.9444444444444444,-0.13088205841551082,,0,-0.3395622360152768
48,retention,447700257,1.0,-0.10801915867080342,-0.023919855593415654,0,-0.3395622360152768
49,jump,1313060463,0.0,0.0,-0.06425957183687286,0,-0.3395622360152768
49,jump,1313060463,0.05555555555555555,0.08680667137650962,,0,-0.3395622360152768
49,jump,1313060463,0.1111111111111111,0.11600603234054188,,0,-0.3395622360152768
49,jump,1313060463,0.16666666666666666,0.10716004629384243,,0,-0.3395622360152768
49,jump,1313060463,0.2222222222222222,-0.022783002598893362,,0,-0.3395622360152768
49,jump,1313060463,0.2777777777777778,0.03235905458570362,,0,-0.3395622360152768
49,jump,1313060463,0.3333333333333333,0.004056291829839579,,0,-0.3395622360152768
49,jump,1313060463,0.38888888888888884,0.011427767044097568,,0,-0.3395622360152768
49,jump,1313060463,0.4444444444444444,0.15923140343024972,,0,-0.3395622360152768
49,jump,1313060463,0.5,0.16296706129048888,,0,-0.3395622360152768
49,jump,1313060463,0.5555555555555556,0.1969185143610786,,0,-0.3395622360152768
49,jump,1313060463,0.611111111111111,0.19832650667172996,,0,-0.3395622360152768
49,jump,1313060463,0.6666666666666666,0.35844853941588395,,0,-0.3395622360152768
49,jump,1313060463,0.7222222222222222,0.3218907360196599,,0,-0.3395622360152768
49,jump,1313060463,0.7777777777777777,0.22186200971389228,,0,-0.3395622360152768
49,jump,1313060463,0.8333333333333333,0.21088753267537144,,0,-0.3395622360152768
49,jump,1313060463,0.8888888888888888,0.19667842784587955,,0,-0.3395622360152768
49,jump,1313060463,0.9444444444444444,0.18544974541102355,,0,-0.3395622360152768
49,jump,1313060463,1.0,0.1805948457223068,0.16866874125246864,0,-0.3395622360152768
50,branch_reorganization,688859262,0.0,-0.3395622360152768,-0.38803083157134066,0,-0.3395622360152768
50,branch_reorganization,688859262,0.05555555555555555,-0.4106370111126644,,0,-0.3395622360152768
50,branch_reorganization,688859262,0.1111111111111111,-0.39197649592883627,,0,-0.3395622360152768
50,branch_reorganization,688859262,0.16666666666666666,-0.42639326423358037,,0,-0.3395622360152768
50,branch_reorganization,688859262,0.2222222222222222,-0.47720196259420533,,0,-0.3395622360152768
50,branch_reorganization,688859262,0.2777777777777778,-0.42983667986263724,,0,-0.3395622360152768
50,branch_reorganization,688859262,0.3333333333333333,-0.40810610799664754,,0,-0.3395622360152768
50,branch_reorganization,688859262,0.38888888888888884,-0.3940608681841866,,0,-0.3395622360152768
50,branch_reorganization,688859262,0.4444444444444444,-0.4046814387971137,,0,-0.3395622360152768
50,branch_reorganization,688859262,0.5,-0.35005864595336955,,1,0.3395622360152768
50,branch_reorganization,688859262,0.5555555555555556,-0.28563129794267056,,1,0.3395622360152768
50,branch_reorganization,688859262,0.611111111111111,-0.28719281404660174,,1,0.3395622360152768
50,branch_reorganization,688859262,0.6666666666666666,-0.28524799750691665,,1,0.3395622360152768
50,branch_reorganization,688859262,0.7222222222222222,-0.3075185342853577,,1,0.3395622360152768
50,branch_reorganization,688859262,0.7777777777777777,-0.3050148035985405,,0,-0.3395622360152768
50,branch_reorganization,688859262,0.8333333333333333,-0.2733042790495366,,0,-0.3395622360152768
50,branch_reorganization,688859262,0.8888888888888888,-0.1858163963156314,,0,-0.3395622360152768
50,branch_reorganization,688859262,0.9444444444444444,-0.19185654887807616,,0,-0.3395622360152768
50,branch_reorganization,688859262,1.0,-0.14982067518331457,-0.1866371137225662,0,-0.3395622360152768
51,retention,309681879,0.0,0.0,0.012437905873902685,0,-0.3395622360152768
51,retention,309681879,0.05555555555555555,-0.047319377738219905,,0,-0.3395622360152768
51,retention,309681879,0.1111111111111111,0.06845563060506264,,0,-0.3395622360152768
51,retention,309681879,0.16666666666666666,0.02882828139133154,,0,-0.3395622360152768
51,retention,309681879,0.2222222222222222,-0.015458490844468008,,0,-0.3395622360152768
51,retention,309681879,0.2777777777777778,0.06377397967000878,,0,-0.3395622360152768
51,retention,309681879,0.3333333333333333,0.10680729129762234,,0,-0.3395622360152768
51,retention,309681879,0.38888888888888884,0.19264341284185668,,0,-0.3395622360152768
51,retention,309681879,0.4444444444444444,0.22053549060094887,,0,-0.3395622360152768
51,retention,309681879,0.5,0.1937890693942193,,0,-0.3395622360152768
51,retention,309681879,0.5555555555555556,0.09765926979355034,,0,-0.3395622360152768
51,retention,309681879,0.611111111111111,0.06666435566296047,,0,-0.3395622360152768
51,retention,309681879,0.6666666666666666,0.15964922750170046,,0,-0.3395622360152768
51,retention,309681879,0.7222222222222222,0.1806820798156488,,0,-0.3395622360152768
51,retention,309681879,0.7777777777777777,0.15630035029591047,,0,-0.3395622360152768
51,retention,309681879,0.8333333333333333,0.08139403175284848,,0,-0.3395622360152768
51,retention,309681879,0.8888888888888888,0.060633192199008944,,0,-0.3395622360152768
51,retention,309681879,0.9444444444444444,0.04264601732199899,,0,-0.3395622360152768
51,retention,309681879,1.0,0.11293804261504684,0.06455358251582037,0,-0.3395622360152768
52,jump,206054061,0.0,0.0,-0.032559118015994516,0,-0.3395622360152768
52,jump,206054061,0.05555555555555555,0.027316306658518974,,0,-0.3395622360152768
52,jump,206054061,0.1111111111111111,0.09914339118079249,,0,-0.3395622360152768
52,jump,206054061,0.16666666666666666,0.09047873796349615,,0,-0.3395622360152768
52,jump,206054061,0.2222222222222222,0.13485605202213374,,0,-0.3395622360152768
52,jump,206054061,0.2777777777777778,0.1073985962000778,,0,-0.3395622360152768
52,jump,206054061,0.3333333333333333,0.13008277859590628,,0,-0.3395622360152768
52,jump,206054061,0.38888888888888884,0.2262371579064861,,0,-0.3395622360152768
52,jump,206054061,0.4444444444444444,0.24230196297460568,,0,-0.3395622360152768
52,jump,206054061,0.5,0.24941504619652896,,0,-0.3395622360152768
52,jump,206054061,0.5555555555555556,0.21498875622431954,,0,-0.3395622360152768
52,jump,206054061,0.611111111111111,0.22166934363087532,,0,-0.3395622360152768
52,jump,206054061,0.6666666666666666,0.3209203513345395,,0,-0.3395622360152768
52,jump,206054061,0.7222222222222222,0.26828712052608167,,0,-0.3395622360152768
52,jump,206054061,0.7777777777777777,0.25300837577033314,,0,-0.3395622360152768
52,jump,206054061,0.8333333333333333,0.29295942584643986,,0,-0.3395622360152768
52,jump,206054061,0.8888888888888888,0.3285883437255197,,0,-0.3395622360152768
52,jump,206054061,0.9444444444444444,0.3782345081433417,,0,-0.3395622360152768
52,jump,206054061,1.0,0.3327303237574991,0.4311758154836583,0,-0.3395622360152768
53,branch_reorganization,1104857992,0.0,-0.3395622360152768,-0.32999272336911667,0,-0.3395622360152768
53,branch_reorganization,1104857992,0.05555555555555555,-0.42479738873426176,,0,-0.3395622360152768
53,branch_reorganization,1104857992,0.1111111111111111,-0.3646958216025734,,0,-0.3395622360152768
53,branch_reorganization,1104857992,0.16666666666666666,-0.36598761229711235,,0,-0.3395622360152768
53,branch_reorganization,1104857992,0.2222222222222222,-0.3728397846634096,,0,-0.3395622360152768
53,branch_reorganization,1104857992,0.2777777777777778,-0.3580371106961436,,0,-0.3395622360152768
53,branch_reorganization,1104857992,0.3333333333333333,-0.377914858486899,,0,-0.3395622360152768
53,branch_reorganization,1104857992,0.38888888888888884,-0.4438370450975564,,0,-0.3395622360152768
53,branch_reorganization,1104857992,0.4444444444444444,-0.337051668388722,,0,-0.3395622360152768
53,branch_reorganization,1104857992,0.5,-0.38195862903854744,,0,-0.3395622360152768
53,branch_reorganization,1104857992,0.5555555555555556,-0.3807693496927466,,0,-0.3395622360152768
53,branch_reorganization,1104857992,0.611111111111111,-0.3635986747228418,,0,-0.3395622360152768
53,branch_reorganization,1104857992,0.6666666666666666,-0.3455681908147947,,0,-0.3395622360152768
53,branch_reorganization,1104857992,0.7222222222222222,-0.3358195362875752,,0,-0.3395622360152768
53,branch_reorganization,1104857992,0.7777777777777777,-0.44624360088171205,,0,-0.3395622360152768
53,branch_reorganization,1104857992,0.8333333333333333,-0.4752867943360982,,0,-0.3395622360152768
53,branch_reorganization,1104857992,0.8888888888888888,-0.3670981071554699,,0,-0.3395622360152768
53,branch_reorganization,1104857992,0.9444444444444444,-0.48779481725649965,,0,-0.3395622360152768
53,branch_reorganization,1104857992,1.0,-0.47180077051261887,-0.45864983479206733,0,-0.3395622360152768
54,retention,446940004,0.0,0.0,0.002859799135040374,0,-0.3395622360152768
54,retention,446940004,0.05555555555555555,-0.030156910560591332,,0,-0.3395622360152768
54,retention,446940004,0.1111111111111111,0.005112190502489917,,0,-0.3395622360152768
54,retention,446940004,0.16666666666666666,0.051923247721371066,,0,-0.3395622360152768
54,retention,446940004,0.2222222222222222,0.01688162851551911,,0,-0.3395622360152768
54,retention,446940004,0.2777777777777778,0.021014546252116673,,0,-0.3395622360152768
54,retention,446940004,0.3333333333333333,-0.05066519320271552,,0,-0.3395622360152768
54,retention,446940004,0.38888888888888884,0.006204980889366045,,0,-0.3395622360152768
54,retention,446940004,0.4444444444444444,0.05046632347842763,,0,-0.3395622360152768
54,retention,446940004,0.5,0.047494308279019196,,0,-0.3395622360152768
54,retention,446940004,0.5555555555555556,-0.055218228605845014,,0,-0.3395622360152768
54,retention,446940004,0.611111111111111,-0.03530529051873549,,0,-0.3395622360152768
54,retention,446940004,0.6666666666666666,-0.0034747374159384697,,0,-0.3395622360152768
54,retention,446940004,0.7222222222222222,-0.05892342742639617,,0,-0.3395622360152768
54,retention,446940004,0.7777777777777777,-0.05525747788076823,,0,-0.3395622360152768
54,retention,446940004,0.8333333333333333,0.06668554008923336,,0,-0.3395622360152768
54,retention,446940004,0.8888888888888888,0.07413977006314895,,0,-0.3395622360152768
54,retention,446940004,0.9444444444444444,0.0037118167740465557,,0,-0.3395622360152768
54,retention,446940004,1.0,0.04379851749795874,0.022932826057696736,0,-0.3395622360152768
55,jump,1473441921,0.0,0.0,-0.009305777468689045,0,-0.3395622360152768
55,jump,1473441921,0.05555555555555555,-0.07855565632088349,,0,-0.3395622360152768
55,jump,1473441921,0.1111111111111111,-0.06641455843885176,,0,-0.3395622360152768
55,jump,1473441921,0.16666666666666666,-0.08125833760605518,,0,-0.3395622360152768
55,jump,1473441921,0.2222222222222222,-0.0773308239430429,,0,-0.3395622360152768
55,jump,1473441921,0.2777777777777778,-0.03531816543671462,,0,-0.3395622360152768
55,jump,1473441921,0.3333333333333333,-0.050608170653554996,,0,-0.3395622360152768
55,jump,1473441921,0.38888888888888884,-0.1381775348779362,,0,-0.3395622360152768
55,jump,1473441921,0.4444444444444444,-0.1396743945860144,,0,-0.3395622360152768
55,jump,1473441921,0.5,-0.14003952345531293,,0,-0.3395622360152768
55,jump,1473441921,0.5555555555555556,-0.13624918865493435,,0,-0.3395622360152768
55,jump,1473441921,0.611111111111111,-0.17583410425565682,,0,-0.3395622360152768
55,jump,1473441921,0.6666666666666666,-0.18188174216627087,,0,-0.3395622360152768
55,jump,1473441921,0.7222222222222222,-0.14901971725473812,,0,-0.3395622360152768
55,jump,1473441921,0.7777777777777777,-0.15083355302697077,,0,-0.3395622360152768
55,jump,1473441921,0.8333333333333333,-0.18104918800345124,,0,-0.3395622360152768
55,jump,1473441921,0.8888888888888888,-0.2413394162793062,,0,-0.3395622360152768
55,jump,1473441921,0.9444444444444444,-0.180505614463636,,0,-0.3395622360152768
55,jump,1473441921,1.0,-0.23128383354916554,-0.24450269069981037,0,-0.3395622360152768
56,branch_reorganization,802597396,0.0,-0.3395622360152768,-0.3512054771231955,0,-0.3395622360152768
56,branch_reorganization,802597396,0.05555555555555555,-0.2813864693532811,,0,-0.3395622360152768
56,branch_reorganization,802597396,0.1111111111111111,-0.2414198169077817,,0,-0.3395622360152768
56,branch_reorganization,802597396,0.16666666666666666,-0.21509495794006586,,0,-0.3395622360152768
56,branch_reorganization,802597396,0.2222222222222222,-0.1754855595165464,,0,-0.3395622360152768
56,branch_reorganization,802597396,0.2777777777777778,-0.16679236839973713,,0,-0.3395622360152768
56,branch_reorganization,802597396,0.3333333333333333,-0.1879825116467605,,0,-0.3395622360152768
56,branch_reorganization,802597396,0.38888888888888884,-0.20873470833794214,,0,-0.3395622360152768
56,branch_reorganization,802597396,0.4444444444444444,-0.23563331845832244,,0,-0.3395622360152768
56,branch_reorganization,802597396,0.5,-0.2392819756922348,,0,-0.3395622360152768
56,branch_reorganization,802597396,0.5555555555555556,-0.18379450598927455,,0,-0.3395622360152768
56,branch_reorganization,802597396,0.611111111111111,-0.13576187015626504,,1,0.3395622360152768
56,branch_reorganization,802597396,0.6666666666666666,-0.12731600573236143,,1,0.3395622360152768
56,branch_reorganization,802597396,0.7222222222222222,-0.015021245291797686,,1,0.3395622360152768
56,branch_reorganization,802597396,0.7777777777777777,0.045852581920408336,,1,0.3395622360152768
56,branch_reorganization,802597396,0.8333333333333333,0.031969686059826266,,1,0.3395622360152768
56,branch_reorganization,802597396,0.8888888888888888,0.0033128165577243976,,1,0.3395622360152768
56,branch_reorganization,802597396,0.9444444444444444,0.0514288832493085,,1,0.3395622360152768
56,branch_reorganization,802597396,1.0,0.11334607306422873,0.05990425284510801,1,0.3395622360152768
57,retention,1213304667,0.0,0.0,0.007136744545353889,0,-0.3395622360152768
57,retention,1213304667,0.05555555555555555,0.05927018250053772,,0,-0.3395622360152768
57,retention,1213304667,0.1111111111111111,0.054992284868474135,,0,-0.3395622360152768
57,retention,1213304667,0.16666666666666666,0.03537834090614318,,0,-0.3395622360152768
57,retention,1213304667,0.2222222222222222,0.01193843407881403,,0,-0.3395622360152768
57,retention,1213304667,0.2777777777777778,0.11769467656282327,,0,-0.3395622360152768
57,retention,1213304667,0.3333333333333333,0.10727092254205059,,0,-0.3395622360152768
57,retention,1213304667,0.38888888888888884,0.10115399806965887,,0,-0.3395622360152768
57,retention,1213304667,0.4444444444444444,0.1063975692995807,,0,-0.3395622360152768
57,retention,1213304667,0.5,0.05776120881251456,,0,-0.3395622360152768
57,retention,1213304667,0.5555555555555556,-0.0692988132598331,,0,-0.3395622360152768
57,retention,1213304667,0.611111111111111,-0.09370679963914696,,0,-0.3395622360152768
57,retention,1213304667,0.6666666666666666,-0.1479952528501838,,0,-0.3395622360152768
57,retention,1213304667,0.7222222222222222,-0.19527647331985767,,0,-0.3395622360152768
57,retention,1213304667,0.7777777777777777,-0.20996331682517147,,0,-0.3395622360152768
57,retention,1213304667,0.8333333333333333,-0.2456379198794679,,0,-0.3395622360152768
57,retention,1213304667,0.8888888888888888,-0.2940547296256496,,0,-0.3395622360152768
57,retention,1213304667,0.9444444444444444,-0.28045588701155927,,0,-0.3395622360152768
57,retention,1213304667,1.0,-0.20884113007042393,-0.25208214514126853,0,-0.3395622360152768
58,jump,536610063,0.0,0.0,-0.01068902521590244,0,-0.3395622360152768
58,jump,536610063,0.05555555555555555,-0.10903519067174895,,0,-0.3395622360152768
58,jump,536610063,0.1111111111111111,-0.05486106690481135,,0,-0.3395622360152768
58,jump,536610063,0.16666666666666666,-0.01645157658531693,,0,-0.3395622360152768
58,jump,536610063,0.2222222222222222,0.048377322148338286,,0,-0.3395622360152768
58,jump,536610063,0.2777777777777778,0.008880172310045356,,0,-0.3395622360152768
58,jump,536610063,0.3333333333333333,-0.013149965917753461,,0,-0.3395622360152768
58,jump,536610063,0.38888888888888884,-0.012695970374770946,,0,-0.3395622360152768
58,jump,536610063,0.4444444444444444,0.08280649559384264,,0,-0.3395622360152768
58,jump,536610063,0.5,-0.03571721831069749,,0,-0.3395622360152768
58,jump,536610063,0.5555555555555556,-0.08434763130166403,,0,-0.3395622360152768
58,jump,536610063,0.611111111111111,0.000621530443620899,,0,-0.3395622360152768
58,jump,536610063,0.6666666666666666,0.04820812906242709,,0,-0.3395622360152768
58,jump,536610063,0.7222222222222222,-0.005296945544465685,,0,-0.3395622360152768
58,jump,536610063,0.7777777777777777,0.006889606002991233,,0,-0.3395622360152768
58,jump,536610063,0.8333333333333333,0.0669047582497635,,0,-0.3395622360152768
58,jump,536610063,0.8888888888888888,0.14502771857301305,,0,-0.3395622360152768
58,jump,536610063,0.9444444444444444,0.09891292334841895,,0,-0.3395622360152768
58,jump,536610063,1.0,0.01188705741109658,-0.056524598334484186,0,-0.3395622360152768
59,branch_reorganization,22085846,0.0,-0.3395622360152768,-0.3345906372328345,0,-0.3395622360152768
59,branch_reorganization,22085846,0.05555555555555555,-0.3397207289902355,,0,-0.3395622360152768
59,branch_reorganization,22085846,0.1111111111111111,-0.3724421282603424,,0,-0.3395622360152768
59,branch_reorganization,22085846,0.16666666666666666,-0.3426733535783288,,0,-0.3395622360152768
59,branch_reorganization,22085846,0.2222222222222222,-0.4107166887938844,,0,-0.3395622360152768
59,branch_reorganization,22085846,0.2777777777777778,-0.42491801525089756,,0,-0.3395622360152768
59,branch_reorganization,22085846,0.3333333333333333,-0.3844387737372528,,0,-0.3395622360152768
59,branch_reorganization,22085846,0.38888888888888884,-0.3351323822233956,,0,-0.3395622360152768
59,branch_reorganization,22085846,0.4444444444444444,-0.33612068130078954,,0,-0.3395622360152768
59,branch_reorganization,22085846,0.5,-0.33798633708788844,,0,-0.3395622360152768
59,branch_reorganization,22085846,0.5555555555555556,-0.2832884949470225,,1,0.3395622360152768
59,branch_reorganization,22085846,0.611111111111111,-0.31012616382461,,1,0.3395622360152768
59,branch_reorganization,22085846,0.6666666666666666,-0.32265985721982005,,1,0.3395622360152768
59,branch_reorganization,22085846,0.7222222222222222,-0.3309151552188613,,1,0.3395622360152768
59,branch_reorganization,22085846,0.7777777777777777,-0.265053538544624,,1,0.3395622360152768
59,branch_reorganization,22085846,0.8333333333333333,-0.35956658684106335,,0,-0.3395622360152768
59,branch_reorganization,22085846,0.8888888888888888,-0.393543402748532,,0,-0.3395622360152768
59,branch_reorganization,22085846,0.9444444444444444,-0.37318633597634443,,1,0.3395622360152768
59,branch_reorganization,22085846,1.0,-0.4102315764908605,-0.38570822239843183,1,0.3395622360152768
60,retention,1263088672,0.0,0.0,-0.04356501332204675,0,-0.3395622360152768
60,retention,1263088672,0.05555555555555555,-0.016663503405367694,,0,-0.3395622360152768
60,retention,1263088672,0.1111111111111111,0.029969750454463425,,0,-0.3395622360152768
60,retention,1263088672,0.16666666666666666,-0.017262473134417363,,0,-0.3395622360152768
60,retention,1263088672,0.2222222222222222,0.07193284209013934,,0,-0.3395622360152768
60,retention,1263088672,0.2777777777777778,0.1057715786177443,,0,-0.3395622360152768
60,retention,1263088672,0.3333333333333333,0.13531488870825448,,0,-0.3395622360152768
60,retention,1263088672,0.38888888888888884,0.11123439445005157,,0,-0.3395622360152768
60,retention,1263088672,0.4444444444444444,0.10931076089731205,,0,-0.3395622360152768
60,retention,1263088672,0.5,0.20011044268939243,,0,-0.3395622360152768
60,retention,1263088672,0.5555555555555556,0.14317784543203432,,0,-0.3395622360152768
60,retention,1263088672,0.611111111111111,0.14435860524308985,,0,-0.3395622360152768
60,retention,1263088672,0.6666666666666666,0.19227964464601952,,0,-0.3395622360152768
60,retention,1263088672,0.7222222222222222,0.19156977630935412,,0,-0.3395622360152768
60,retention,1263088672,0.7777777777777777,0.2091239003784311,,0,-0.3395622360152768
60,retention,1263088672,0.8333333333333333,0.24522817297312655,,0,-0.3395622360152768
60,retention,1263088672,0.8888888888888888,0.23031190268740526,,0,-0.3395622360152768
60,retention,1263088672,0.9444444444444444,0.13280417280266837,,0,-0.3395622360152768
60,retention,1263088672,1.0,0.11354214696709447,0.21323512165295977,0,-0.3395622360152768
61,jump,824756555,0.0,0.0,-0.03261132099809426,0,-0.3395622360152768
61,jump,824756555,0.05555555555555555,-0.06007202616166097,,0,-0.3395622360152768
61,jump,824756555,0.1111111111111111,0.004216364098786125,,0,-0.3395622360152768
61,jump,824756555,0.16666666666666666,0.020663272343104652,,0,-0.3395622360152768
61,jump,824756555,0.2222222222222222,-0.062352063203675555,,0,-0.3395622360152768
61,jump,824756555,0.2777777777777778,-0.08534812331415594,,0,-0.3395622360152768
61,jump,824756555,0.3333333333333333,-0.1103805997977427,,0,-0.3395622360152768
61,jump,824756555,0.38888888888888884,-0.04954543706138892,,0,-0.3395622360152768
61,jump,824756555,0.4444444444444444,-0.0025407045263417874,,0,-0.3395622360152768
61,jump,824756555,0.5,-0.06416108613894686,,0,-0.3395622360152768
61,jump,824756555,0.5555555555555556,0.02382074631624532,,0,-0.3395622360152768
61,jump,824756555,0.611111111111111,-0.03922780131334602,,0,-0.3395622360152768
61,jump,824756555,0.6666666666666666,-0.014469551050527562,,0,-0.3395622360152768
61,jump,824756555,0.7222222222222222,-0.09328541821784553,,0,-0.3395622360152768
61,jump,824756555,0.7777777777777777,-0.10821591259909297,,0,-0.3395622360152768
61,jump,824756555,0.8333333333333333,-0.12925636734449877,,0,-0.3395622360152768
61,jump,824756555,0.8888888888888888,-0.12962018980355877,,0,-0.3395622360152768
61,jump,824756555,0.9444444444444444,-0.08085233222375046,,0,-0.3395622360152768
61,jump,824756555,1.0,-0.14400576737292392,-0.18507193480943127,0,-0.3395622360152768
62,branch_reorganization,2086526530,0.0,-0.3395622360152768,-0.28726842808247827,0,-0.3395622360152768
62,branch_reorganization,2086526530,0.05555555555555555,-0.3469540058362989,,0,-0.3395622360152768
62,branch_reorganization,2086526530,0.1111111111111111,-0.3327818155722432,,0,-0.3395622360152768
62,branch_reorganization,2086526530,0.16666666666666666,-0.38759971769674967,,0,-0.3395622360152768
62,branch_reorganization,2086526530,0.2222222222222222,-0.3156675534477601,,0,-0.3395622360152768
62,branch_reorganization,2086526530,0.2777777777777778,-0.31953160621884347,,0,-0.3395622360152768
62,branch_reorganization,2086526530,0.3333333333333333,-0.3390644595669283,,0,-0.3395622360152768
62,branch_reorganization,2086526530,0.38888888888888884,-0.3035954765252771,,0,-0.3395622360152768
62,branch_reorganization,2086526530,0.4444444444444444,-0.3495169009817006,,0,-0.3395622360152768
62,branch_reorganization,2086526530,0.5,-0.29384143960953907,,0,-0.3395622360152768
62,branch_reorganization,2086526530,0.5555555555555556,-0.25320250396279653,,0,-0.3395622360152768
62,branch_reorganization,2086526530,0.611111111111111,-0.26603140121914415,,1,0.3395622360152768
62,branch_reorganization,2086526530,0.6666666666666666,-0.2939636455659034,,1,0.3395622360152768
62,branch_reorganization,2086526530,0.7222222222222222,-0.23985688870640406,,1,0.3395622360152768
62,branch_reorganization,2086526530,0.7777777777777777,-0.21256491683886117,,1,0.3395622360152768
62,branch_reorganization,2086526530,0.8333333333333333,-0.05701631005687782,,1,0.3395622360152768
62,branch_reorganization,2086526530,0.8888888888888888,-0.10555408430614406,,1,0.3395622360152768
62,branch_reorganization,2086526530,0.9444444444444444,-0.08165060894266243,,1,0.3395622360152768
62,branch_reorganization,2086526530,1.0,-0.08452570645557123,0.00291322473315013,1,0.3395622360152768
62,branch_reorganization,2086526530,1.0555555555555556,-0.03564882247974702,,1,0.3395622360152768
62,branch_reorganization,2086526530,1.1111111111111112,-0.009218347943506365,,1,0.3395622360152768
62,branch_reorganization,2086526530,1.1666666666666667,0.04993295314162446,,1,0.3395622360152768
62,branch_reorganization,2086526530,1.2222222222222223,0.007863972959594748,,1,0.3395622360152768
62,branch_reorganization,2086526530,1.2777777777777777,-0.06277680947291367,,1,0.3395622360152768
62,branch_reorganization,2086526530,1.3333333333333333,-0.0221045941137328,,1,0.3395622360152768
62,branch_reorganization,2086526530,1.3888888888888888,-0.056338871484711416,,1,0.3395622360152768
62,branch_reorganization,2086526530,1.4444444444444444,-0.031110856508915936,,1,0.3395622360152768
62,branch_reorganization,2086526530,1.5,0.028021975745557065,,1,0.3395622360152768
62,branch_reorganization,2086526530,1.5555555555555556,0.08114771931604026,,1,0.3395622360152768
62,branch_reorganization,2086526530,1.6111111111111112,0.23192405162123422,,1,0.3395622360152768
62,branch_reorganization,2086526530,1.6666666666666665,0.3344884864087287,,1,0.3395622360152768
62,branch_reorganization,2086526530,1.7222222222222223,0.35374043783725023,,1,0.3395622360152768
62,branch_reorganization,2086526530,1.7777777777777777,0.49831644396826025,,1,0.3395622360152768
62,branch_reorganization,2086526530,1.8333333333333333,0.4958631170823921,,1,0.3395622360152768
62,branch_reorganization,2086526530,1.8888888888888888,0.600720073169419,,1,0.3395622360152768
62,branch_reorganization,2086526530,1.9444444444444444,0.5145957187355092,,1,0.3395622360152768
62,branch_reorganization,2086526530,2.0,0.48113870046107965,0.48856576295196563,0,-0.3395622360152768
62,branch_reorganization,2086526530,2.0555555555555554,0.4567335506566384,,0,-0.3395622360152768
62,branch_reorganization,2086526530,2.111111111111111,0.3440759480456297,,0,-0.3395622360152768
62,branch_reorganization,2086526530,2.1666666666666665,0.31851373519347675,,0,-0.3395622360152768
62,branch_reorganization,2086526530,2.2222222222222223,0.40624601106894676,,1,0.3395622360152768
62,branch_reorganization,2086526530,2.2777777777777777,0.43851586689744754,,1,0.3395622360152768
62,branch_reorganization,2086526530,2.3333333333333335,0.4929339838200649,,0,-0.3395622360152768
62,branch_reorganization,2086526530,2.388888888888889,0.4492437280118407,,0,-0.3395622360152768
62,branch_reorganization,2086526530,2.4444444444444446,0.5319382103493896,,0,-0.3395622360152768
62,branch_reorganization,2086526530,2.5,0.5344134033925959,,0,-0.3395622360152768
62,branch_reorganization,2086526530,2.5555555555555554,0.42024147414742763,,0,-0.3395622360152768
62,branch_reorganization,2086526530,2.611111111111111,0.42218582627376855,,0,-0.3395622360152768
62,branch_reorganization,2086526530,2.6666666666666665,0.4011677762220338,,0,-0.3395622360152768
62,branch_reorganization,2086526530,2.7222222222222223,0.4242876474324526,,0,-0.3395622360152768
62,branch_reorganization,2086526530,2.7777777777777777,0.394721304727467,,0,-0.3395622360152768
62,branch_reorganization,2086526530,2.833333333333333,0.41858398183649226,,1,0.3395622360152768
62,branch_reorganization,2086526530,2.888888888888889,0.4367338169375479,,1,0.3395622360152768
62,branch_reorganization,2086526530,2.9444444444444446,0.41597255537144384,,1,0.3395622360152768
62,branch_reorganization,2086526530,3.0,0.3282457495269036,0.3356399679555232,1,0.3395622360152768
63,retention,739275039,0.0,0.0,0.06079121622115813,0,-0.3395622360152768
63,retention,739275039,0.05555555555555555,0.0011487242475616,,0,-0.3395622360152768
63,retention,739275039,0.1111111111111111,-0.0819382586379925,,0,-0.3395622360152768
63,retention,739275039,0.16666666666666666,-0.19683091410566822,,0,-0.3395622360152768
63,retention,739275039,0.2222222222222222,-0.14759001221728502,,0,-0.3395622360152768
63,retention,739275039,0.2777777777777778,-0.16624680739432418,,0,-0.3395622360152768
63,retention,739275039,0.3333333333333333,-0.24844356528693184,,0,-0.3395622360152768
63,retention,739275039,0.38888888888888884,-0.2855866074167971,,0,-0.3395622360152768
63,retention,739275039,0.4444444444444444,-0.3597344748618545,,0,-0.3395622360152768
63,retention,739275039,0.5,-0.3352879188947842,,0,-0.3395622360152768
63,retention,739275039,0.5555555555555556,-0.40206387986895425,,0,-0.3395622360152768
63,retention,739275039,0.611111111111111,-0.398748659305995,,0,-0.3395622360152768
63,retention,739275039,0.6666666666666666,-0.358171055677741,,0,-0.3395622360152768
63,retention,739275039,0.7222222222222222,-0.3194067160271174,,0,-0.3395622360152768
63,retention,739275039,0.7777777777777777,-0.2788076598978877,,0,-0.3395622360152768
63,retention,739275039,0.8333333333333333,-0.20314325873726263,,0,-0.3395622360152768
63,retention,739275039,0.8888888888888888,-0.17617281888080383,,0,-0.3395622360152768
63,retention,739275039,0.9444444444444444,-0.2442120458297835,,0,-0.3395622360152768
63,retention,739275039,1.0,-0.16524219227917022,-0.18354125171866476,0,-0.3395622360152768
64,jump,750893658,0.0,0.0,-0.01149544169791727,0,-0.3395622360152768
64,jump,750893658,0.05555555555555555,-0.050323705295707316,,0,-0.3395622360152768
64,jump,750893658,0.1111111111111111,-0.10714065177207205,,0,-0.3395622360152768
64,jump,750893658,0.16666666666666666,-0.05879121965325314,,0,-0.3395622360152768
64,jump,750893658,0.2222222222222222,-0.04919733625995166,,0,-0.3395622360152768
64,jump,750893658,0.2777777777777778,-0.03801982560666421,,0,-0.3395622360152768
64,jump,750893658,0.3333333333333333,-0.07195885454366677,,0,-0.3395622360152768
64,jump,750893658,0.38888888888888884,-0.012697285484087918,,0,-0.3395622360152768
64,jump,750893658,0.4444444444444444,-0.08961520102461414,,0,-0.3395622360152768
64,jump,750893658,0.5,-0.07471255517670869,,0,-0.3395622360152768
64,jump,750893658,0.5555555555555556,-0.050651122091884423,,0,-0.3395622360152768
64,jump,750893658,0.611111111111111,-0.05099451396424011,,0,-0.3395622360152768
64,jump,750893658,0.6666666666666666,-0.026609770154823784,,0,-0.3395622360152768
64,jump,750893658,0.7222222222222222,-0.06611771400555923,,0,-0.3395622360152768
64,jump,750893658,0.7777777777777777,-0.06217009523809865,,0,-0.3395622360152768
64,jump,750893658,0.8333333333333333,0.006416201357464499,,0,-0.3395622360152768
64,jump,750893658,0.8888888888888888,0.014863077062058376,,0,-0.3395622360152768
64,jump,750893658,0.9444444444444444,-0.015095958508608112,,0,-0.3395622360152768
64,jump,750893658,1.0,-0.00036653655375763587,-0.011299622581792226,0,-0.3395622360152768
65,branch_reorganization,1034777612,0.0,-0.3395622360152768,-0.2573912888784893,0,-0.3395622360152768
65,branch_reorganization,1034777612,0.05555555555555555,-0.27575452410330975,,0,-0.3395622360152768
65,branch_reorganization,1034777612,0.1111111111111111,-0.3406445495908606,,0,-0.3395622360152768
65,branch_reorganization,1034777612,0.16666666666666666,-0.2628438115571152,,0,-0.3395622360152768
65,branch_reorganization,1034777612,0.2222222222222222,-0.2390910042083914,,0,-0.3395622360152768
65,branch_reorganization,1034777612,0.2777777777777778,-0.18108194764091728,,0,-0.3395622360152768
65,branch_reorganization,1034777612,0.3333333333333333,-0.21441628998530404,,0,-0.3395622360152768
65,branch_reorganization,1034777612,0.38888888888888884,-0.3102150379850538,,0,-0.3395622360152768
65,branch_reorganization,1034777612,0.4444444444444444,-0.33015327614646445,,0,-0.3395622360152768
65,branch_reorganization,1034777612,0.5,-0.32325165340515827,,0,-0.3395622360152768
65,branch_reorganization,1034777612,0.5555555555555556,-0.3332121030421357,,0,-0.3395622360152768
65,branch_reorganization,1034777612,0.611111111111111,-0.36085019630679815,,0,-0.3395622360152768
65,branch_reorganization,1034777612,0.6666666666666666,-0.43529234205002704,,0,-0.3395622360152768
65,branch_reorganization,1034777612,0.7222222222222222,-0.3911820450387013,,0,-0.3395622360152768
65,branch_reorganization,1034777612,0.7777777777777777,-0.44500371450506315,,0,-0.3395622360152768
65,branch_reorganization,1034777612,0.8333333333333333,-0.47185796210694697,,0,-0.3395622360152768
65,branch_reorganization,1034777612,0.8888888888888888,-0.3666546528767794,,0,-0.3395622360152768
65,branch_reorganization,1034777612,0.9444444444444444,-0.43242961206623076,,0,-0.3395622360152768
65,branch_reorganization,1034777612,1.0,-0.4277848256308557,-0.43646251257152724,0,-0.3395622360152768
66,retention,1242050148,0.0,0.0,0.018161972624052305,0,-0.3395622360152768
66,retention,1242050148,0.05555555555555555,-0.010403789138788675,,0,-0.3395622360152768
66,retention,1242050148,0.1111111111111111,-0.0031823629813004786,,0,-0.3395622360152768
66,retention,1242050148,0.16666666666666666,-0.04989836912882639,,0,-0.3395622360152768
66,retention,1242050148,0.2222222222222222,-0.11074824250186142,,0,-0.3395622360152768
66,retention,1242050148,0.2777777777777778,-0.13062440837444406,,0,-0.3395622360152768
66,retention,1242050148,0.3333333333333333,-0.08132620093083001,,0,-0.3395622360152768
66,retention,1242050148,0.38888888888888884,-0.10821453787607727,,0,-0.3395622360152768
66,retention,1242050148,0.4444444444444444,-0.08116615860958647,,0,-0.3395622360152768
66,retention,1242050148,0.5,-0.030200654416192532,,0,-0.3395622360152768
66,retention,1242050148,0.5555555555555556,-0.03369067800400243,,0,-0.3395622360152768
66,retention,1242050148,0.611111111111111,-0.004166551359716327,,0,-0.3395622360152768
66,retention,1242050148,0.6666666666666666,0.11607378760674698,,0,-0.3395622360152768
66,retention,1242050148,0.7222222222222222,0.10617197332371275,,0,-0.3395622360152768
66,retention,1242050148,0.7777777777777777,0.0812837872963584,,0,-0.3395622360152768
66,retention,1242050148,0.8333333333333333,0.11819457345765673,,0,-0.3395622360152768
66,retention,1242050148,0.8888888888888888,0.24027839156207115,,0,-0.3395622360152768
66,retention,1242050148,0.9444444444444444,0.20444633283066696,,0,-0.3395622360152768
66,retention,1242050148,1.0,0.1533355830701057,0.15032189288290915,0,-0.3395622360152768
67,jump,1028904700,0.0,0.0,-0.015019326556905332,0,-0.3395622360152768
67,jump,1028904700,0.05555555555555555,0.03564672516733334,,0,-0.3395622360152768
67,jump,1028904700,0.1111111111111111,-0.027733678905172705,,0,-0.3395622360152768
67,jump,1028904700,0.16666666666666666,-0.08181360211233361,,0,-0.3395622360152768
67,jump,1028904700,0.2222222222222222,-0.17086811579994082,,0,-0.3395622360152768
67,jump,1028904700,0.2777777777777778,-0.12273990899372594,,0,-0.3395622360152768
67,jump,1028904700,0.3333333333333333,-0.14166289057027168,,0,-0.3395622360152768
67,jump,1028904700,0.38888888888888884,-0.19489169345317828,,0,-0.3395622360152768
67,jump,1028904700,0.4444444444444444,-0.18872120136930673,,0,-0.3395622360152768
67,jump,1028904700,0.5,-0.07584376183383693,,0,-0.3395622360152768
67,jump,1028904700,0.5555555555555556,0.05140441988410946,,0,-0.3395622360152768
67,jump,1028904700,0.611111111111111,0.026980515115790714,,0,-0.3395622360152768
67,jump,1028904700,0.6666666666666666,-0.00039074488795664414,,0,-0.3395622360152768
67,jump,1028904700,0.7222222222222222,0.01690565329933182,,0,-0.3395622360152768
67,jump,1028904700,0.7777777777777777,0.019335726236821178,,0,-0.3395622360152768
67,jump,1028904700,0.8333333333333333,-0.08477092620153812,,0,-0.3395622360152768
67,jump,1028904700,0.8888888888888888,-0.08188275901971771,,0,-0.3395622360152768
67,jump,1028904700,0.9444444444444444,-0.09534190139535656,,0,-0.3395622360152768
67,jump,1028904700,1.0,-0.07795448455115278,-0.06963222900690466,0,-0.3395622360152768
68,branch_reorganization,794179609,0.0,-0.3395622360152768,-0.3386389011323997,0,-0.3395622360152768
68,branch_reorganization,794179609,0.05555555555555555,-0.26737627626563865,,0,-0.3395622360152768
68,branch_reorganization,794179609,0.1111111111111111,-0.18882448534399066,,1,0.3395622360152768
68,branch_reorganization,794179609,0.16666666666666666,-0.09761937848825375,,1,0.3395622360152768
68,branch_reorganization,794179609,0.2222222222222222,-0.0723423798804695,,1,0.3395622360152768
68,branch_reorganization,794179609,0.2777777777777778,-0.07260157130523977,,0,-0.3395622360152768
68,branch_reorganization,794179609,0.3333333333333333,-0.08192863758471516,,1,0.3395622360152768
68,branch_reorganization,794179609,0.38888888888888884,-0.0052349745292690625,,1,0.3395622360152768
68,branch_reorganization,794179609,0.4444444444444444,-0.04247892329142919,,1,0.3395622360152768
68,branch_reorganization,794179609,0.5,-0.03692147966003892,,1,0.3395622360152768
68,branch_reorganization,794179609,0.5555555555555556,-0.10543925473467627,,0,-0.3395622360152768
68,branch_reorganization,794179609,0.611111111111111,-0.11584100245615674,,0,-0.3395622360152768
68,branch_reorganization,794179609,0.6666666666666666,-0.15424271349152208,,0,-0.3395622360152768
68,branch_reorganization,794179609,0.7222222222222222,-0.13984777204613283,,0,-0.3395622360152768
68,branch_reorganization,794179609,0.7777777777777777,-0.1715344268103195,,0,-0.3395622360152768
68,branch_reorganization,794179609,0.8333333333333333,-0.17530475551348113,,0,-0.3395622360152768
68,branch_reorganization,794179609,0.8888888888888888,-0.16410378327686417,,0,-0.3395622360152768
68,branch_reorganization,794179609,0.9444444444444444,-0.07059300311206404,,0,-0.3395622360152768
68,branch_reorganization,794179609,1.0,-0.08381790272738106,-0.0586372851004539,0,-0.3395622360152768
69,retention,1108024385,0.0,0.0,-0.05126005894765751,0,-0.3395622360152768
69,retention,1108024385,0.05555555555555555,-0.030324054707289626,,0,-0.3395622360152768
69,retention,1108024385,0.1111111111111111,-0.02080987904781749,,0,-0.3395622360152768
69,retention,1108024385,0.16666666666666666,0.04596038800131751,,0,-0.3395622360152768
69,retention,1108024385,0.2222222222222222,0.06649735830947767,,0,-0.3395622360152768
69,retention,1108024385,0.2777777777777778,0.08796323039480497,,0,-0.3395622360152768
69,retention,1108024385,0.3333333333333333,0.05549474417790288,,0,-0.3395622360152768
69,retention,1108024385,0.38888888888888884,0.03898685452953644,,0,-0.3395622360152768
69,retention,1108024385,0.4444444444444444,0.024481058085504524,,0,-0.3395622360152768
69,retention,1108024385,0.5,-0.08137015816936402,,0,-0.3395622360152768
69,retention,1108024385,0.5555555555555556,-0.05640362714798608,,0,-0.3395622360152768
69,retention,1108024385,0.611111111111111,-0.03275152549110212,,0,-0.3395622360152768
69,retention,1108024385,0.6666666666666666,-0.04614951919008415,,0,-0.3395622360152768
69,retention,1108024385,0.7222222222222222,-0.09838063854490932,,0,-0.3395622360152768
69,retention,1108024385,0.7777777777777777,-0.08302132245489235,,0,-0.3395622360152768
69,retention,1108024385,0.8333333333333333,-0.041609146560739184,,0,-0.3395622360152768
69,retention,1108024385,0.8888888888888888,0.03921618811575507,,0,-0.3395622360152768
69,retention,1108024385,0.9444444444444444,0.0614955712476004,,0,-0.3395622360152768
69,retention,1108024385,1.0,0.01510273666355856,0.016630784732550242,0,-0.3395622360152768
69,retention,1108024385,1.0555555555555556,-0.02058692612383516,,0,-0.3395622360152768
69,retention,1108024385,1.1111111111111112,0.07446785415866927,,0,-0.3395622360152768
69,retention,1108024385,1.1666666666666667,0.12633007715858846,,0,-0.3395622360152768
69,retention,1108024385,1.2222222222222223,0.0663065290770108,,0,-0.3395622360152768
69,retention,1108024385,1.2777777777777777,0.09481328737742001,,0,-0.3395622360152768
69,retention,1108024385,1.3333333333333333,0.2428731626866476,,0,-0.3395622360152768
69,retention,1108024385,1.3888888888888888,0.2330450322713965,,0,-0.3395622360152768
69,retention,1108024385,1.4444444444444444,0.15507453074469818,,0,-0.3395622360152768
69,retention,1108024385,1.5,0.06855484968487197,,0,-0.3395622360152768
69,retention,1108024385,1.5555555555555556,0.08438997946041944,,0,-0.3395622360152768
69,retention,1108024385,1.6111111111111112,0.10605381009208073,,0,-0.3395622360152768
69,retention,1108024385,1.6666666666666665,0.10142859734469865,,0,-0.3395622360152768
69,retention,1108024385,1.7222222222222223,0.10676465043197257,,0,-0.3395622360152768
69,retention,1108024385,1.7777777777777777,0.10803575625443161,,0,-0.3395622360152768
69,retention,1108024385,1.8333333333333333,0.04656153623892806,,0,-0.3395622360152768
69,retention,1108024385,1.8888888888888888,0.07117107425621763,,0,-0.3395622360152768
69,retention,1108024385,1.9444444444444444,0.0960318792116755,,0,-0.3395622360152768
69,retention,1108024385,2.0,0.11295048143377302,0.11913237085397053,0,-0.3395622360152768
69,retention,1108024385,2.0555555555555554,0.25320260829176167,,0,-0.3395622360152768
69,retention,1108024385,2.111111111111111,0.2536733709655775,,0,-0.3395622360152768
69,retention,1108024385,2.1666666666666665,0.26652166490781987,,0,-0.3395622360152768
69,retention,1108024385,2.2222222222222223,0.2543298233575864,,0,-0.3395622360152768
69,retention,1108024385,2.2777777777777777,0.20770132739748595,,0,-0.3395622360152768
69,retention,1108024385,2.3333333333333335,0.2508932142145799,,0,-0.3395622360152768
69,retention,1108024385,2.388888888888889,0.18553719195484655,,0,-0.3395622360152768
69,retention,1108024385,2.4444444444444446,0.0988076503642756,,0,-0.3395622360152768
69,retention,1108024385,2.5,0.1132769273161407,,0,-0.3395622360152768
69,retention,1108024385,2.5555555555555554,0.07753399587008097,,0,-0.3395622360152768
69,retention,1108024385,2.611111111111111,0.04757366263131887,,0,-0.3395622360152768
69,retention,1108024385,2.6666666666666665,-0.050836455678729825,,0,-0.3395622360152768
69,retention,1108024385,2.7222222222222223,-0.1152052846850066,,0,-0.3395622360152768
69,retention,1108024385,2.7777777777777777,-0.13290401522875261,,0,-0.3395622360152768
69,retention,1108024385,2.833333333333333,-0.10707477040282587,,0,-0.3395622360152768
69,retention,1108024385,2.888888888888889,-0.146613439753492,,0,-0.3395622360152768
69,retention,1108024385,2.9444444444444446,-0.1666904270026117,,0,-0.3395622360152768
69,retention,1108024385,3.0,-0.1805774431489117,-0.23633381030500017,0,-0.3395622360152768
70,jump,1653141224,0.0,0.0,0.01742728762854075,0,-0.3395622360152768
70,jump,1653141224,0.05555555555555555,-0.06346532376464316,,0,-0.3395622360152768
70,jump,1653141224,0.1111111111111111,-0.08410065481011486,,0,-0.3395622360152768
70,jump,1653141224,0.16666666666666666,-0.09813305764912271,,0,-0.3395622360152768
70,jump,1653141224,0.2222222222222222,-0.06448547241509463,,0,-0.3395622360152768
70,jump,1653141224,0.2777777777777778,-0.1049746858514353,,0,-0.3395622360152768
70,jump,1653141224,0.3333333333333333,-0.10698482335529798,,0,-0.3395622360152768
70,jump,1653141224,0.38888888888888884,-0.16865415091815333,,0,-0.3395622360152768
70,jump,1653141224,0.4444444444444444,-0.23603969446274525,,0,-0.3395622360152768
70,jump,1653141224,0.5,-1.1500569983818436,,0,-0.3395622360152768
70,jump,1653141224,0.5555555555555556,-1.1422412033519984,,0,-0.3395622360152768
70,jump,1653141224,0.611111111111111,-1.1269162107780093,,0,-0.3395622360152768
70,jump,1653141224,0.6666666666666666,-1.1173617989746152,,0,-0.3395622360152768
70,jump,1653141224,0.7222222222222222,-1.068057258888234,,0,-0.3395622360152768
70,jump,1653141224,0.7777777777777777,-1.0382695379233966,,0,-0.3395622360152768
70,jump,1653141224,0.8333333333333333,-0.9762865293426124,,0,-0.3395622360152768
70,jump,1653141224,0.8888888888888888,-0.8893677085492667,,0,-0.3395622360152768
70,jump,1653141224,0.9444444444444444,-0.8171080161356983,,0,-0.3395622360152768
70,jump,1653141224,1.0,-0.8284546670495699,-0.858078558670279,0,-0.3395622360152768
71,branch_reorganization,1093619380,0.0,-0.3395622360152768,-0.3381995950016073,0,-0.3395622360152768
71,branch_reorganization,1093619380,0.05555555555555555,-0.29628277951055776,,0,-0.3395622360152768
71,branch_reorganization,1093619380,0.1111111111111111,-0.3919101390764666,,0,-0.3395622360152768
71,branch_reorganization,1093619380,0.16666666666666666,-0.36069265821415036,,0,-0.3395622360152768
71,branch_reorganization,1093619380,0.2222222222222222,-0.4252085700258925,,0,-0.3395622360152768
71,branch_reorganization,1093619380,0.2777777777777778,-0.33524565892824404,,0,-0.3395622360152768
71,branch_reorganization,1093619380,0.3333333333333333,-0.3967048733271527,,0,-0.3395622360152768
71,branch_reorganization,1093619380,0.38888888888888884,-0.2841714465231827,,1,0.3395622360152768
71,branch_reorganization,1093619380,0.4444444444444444,-0.2858936797542627,,1,0.3395622360152768
71,branch_reorganization,1093619380,0.5,-0.27892176945361646,,1,0.3395622360152768
71,branch_reorganization,1093619380,0.5555555555555556,-0.3084346790045567,,0,-0.3395622360152768
71,branch_reorganization,1093619380,0.611111111111111,-0.3210100790231486,,0,-0.3395622360152768
71,branch_reorganization,1093619380,0.6666666666666666,-0.33366866392434075,,0,-0.3395622360152768
71,branch_reorganization,1093619380,0.7222222222222222,-0.380583558966363,,0,-0.3395622360152768
71,branch_reorganization,1093619380,0.7777777777777777,-0.3794500610146174,,0,-0.3395622360152768
71,branch_reorganization,1093619380,0.8333333333333333,-0.41237931559141533,,0,-0.3395622360152768
71,branch_reorganization,1093619380,0.8888888888888888,-0.3992493511450006,,0,-0.3395622360152768
71,branch_reorganization,1093619380,0.9444444444444444,-0.4218667504107584,,0,-0.3395622360152768
71,branch_reorganization,1093619380,1.0,-0.3570498186077527,-0.34889046886802727,0,-0.3395622360152768
72,retention,1817230578,0.0,0.0,-0.00783375528649802,0,-0.3395622360152768
72,retention,1817230578,0.05555555555555555,0.07103906665983946,,0,-0.3395622360152768
72,retention,1817230578,0.1111111111111111,0.09948362465330872,,0,-0.3395622360152768
72,retention,1817230578,0.16666666666666666,0.11730986271415106,,0,-0.3395622360152768
72,retention,1817230578,0.2222222222222222,0.15030603694137779,,0,-0.3395622360152768
72,retention,1817230578,0.2777777777777778,0.1504767208677697,,0,-0.3395622360152768
72,retention,1817230578,0.3333333333333333,0.20938242327870862,,0,-0.3395622360152768
72,retention,1817230578,0.38888888888888884,0.22705107935330343,,0,-0.3395622360152768
72,retention,1817230578,0.4444444444444444,0.20734880895615165,,0,-0.3395622360152768
72,retention,1817230578,0.5,0.223955378185767,,0,-0.3395622360152768
72,retention,1817230578,0.5555555555555556,0.20086796615112104,,0,-0.3395622360152768
72,retention,1817230578,0.611111111111111,0.2509250900693005,,0,-0.3395622360152768
72,retention,1817230578,0.6666666666666666,0.1557776572215184,,0,-0.3395622360152768
72,retention,1817230578,0.7222222222222222,0.13532109430852088,,0,-0.3395622360152768
72,retention,1817230578,0.7777777777777777,-0.035729855577230046,,0,-0.3395622360152768
72,retention,1817230578,0.8333333333333333,-0.006954434637886267,,0,-0.3395622360152768
72,retention,1817230578,0.8888888888888888,-0.042782855110610085,,0,-0.3395622360152768
72,retention,1817230578,0.9444444444444444,-0.014243866954149469,,0,-0.3395622360152768
72,retention,1817230578,1.0,-0.0054647828118156196,-0.02193381576469657,0,-0.3395622360152768
73,jump,1928806809,0.0,0.0,0.03651185007057108,0,-0.3395622360152768
73,jump,1928806809,0.05555555555555555,0.04310269614728966,,0,-0.3395622360152768
73,jump,1928806809,0.1111111111111111,0.05446545936984204,,0,-0.3395622360152768
73,jump,1928806809,0.16666666666666666,0.1010817665650667,,0,-0.3395622360152768
73,jump,1928806809,0.2222222222222222,0.10585019275169459,,0,-0.3395622360152768
73,jump,1928806809,0.2777777777777778,0.2143582345892867,,0,-0.3395622360152768
73,jump,1928806809,0.3333333333333333,0.2207895556574637,,0,-0.3395622360152768
73,jump,1928806809,0.38888888888888884,0.1613476213088328,,0,-0.3395622360152768
73,jump,1928806809,0.4444444444444444,0.08138747409661301,,0,-0.3395622360152768
73,jump,1928806809,0.5,0.11662220627794816,,0,-0.3395622360152768
73,jump,1928806809,0.5555555555555556,0.12043822548735646,,0,-0.3395622360152768
73,jump,1928806809,0.611111111111111,0.10596635583123576,,0,-0.3395622360152768
73,jump,1928806809,0.6666666666666666,0.05643777761672899,,0,-0.3395622360152768
73,jump,1928806809,0.7222222222222222,0.8580849650131692,,0,-0.3395622360152768
73,jump,1928806809,0.7777777777777777,0.7975965832994991,,0,-0.3395622360152768
73,jump,1928806809,0.8333333333333333,0.7592966147688378,,0,-0.3395622360152768
73,jump,1928806809,0.8888888888888888,0.7270913985916017,,0,-0.3395622360152768
73,jump,1928806809,0.9444444444444444,0.7194078559727007,,0,-0.3395622360152768
73,jump,1928806809,1.0,0.6360080312571416,0.5618047737292782,0,-0.3395622360152768
74,branch_reorganization,812798381,0.0,-0.3395622360152768,-0.3853623671450103,0,-0.3395622360152768
74,branch_reorganization,812798381,0.05555555555555555,-0.33853617306188133,,0,-0.3395622360152768
74,branch_reorganization,812798381,0.1111111111111111,-0.28918029035352716,,0,-0.3395622360152768
74,branch_reorganization,812798381,0.16666666666666666,-0.3469761430383995,,0,-0.3395622360152768
74,branch_reorganization,812798381,0.2222222222222222,-0.2671035906000529,,0,-0.3395622360152768
74,branch_reorganization,812798381,0.2777777777777778,-0.3057519114494639,,0,-0.3395622360152768
74,branch_reorganization,812798381,0.3333333333333333,-0.2487551558479114,,0,-0.3395622360152768
74,branch_reorganization,812798381,0.38888888888888884,-0.23595210492140856,,0,-0.3395622360152768
74,branch_reorganization,812798381,0.4444444444444444,-0.23086027377638554,,0,-0.3395622360152768
74,branch_reorganization,812798381,0.5,-0.21625705840553575,,0,-0.3395622360152768
74,branch_reorganization,812798381,0.5555555555555556,-0.10070500326689419,,0,-0.3395622360152768
74,branch_reorganization,812798381,0.611111111111111,-0.13491993143872683,,0,-0.3395622360152768
74,branch_reorganization,812798381,0.6666666666666666,-0.15855472525254377,,0,-0.3395622360152768
74,branch_reorganization,812798381,0.7222222222222222,-0.1721507845446768,,0,-0.3395622360152768
74,branch_reorganization,812798381,0.7777777777777777,-0.19786095971903528,,0,-0.3395622360152768
74,branch_reorganization,812798381,0.8333333333333333,-0.2018260151868829,,0,-0.3395622360152768
74,branch_reorganization,812798381,0.8888888888888888,-0.19586938173717297,,0,-0.3395622360152768
74,branch_reorganization,812798381,0.9444444444444444,-0.2863507191993883,,0,-0.3395622360152768
74,branch_reorganization,812798381,1.0,-0.33483669661201637,-0.3297839065383558,0,-0.3395622360152768
75,retention,234956715,0.0,0.0,0.0006160150457753845,0,-0.3395622360152768
75,retention,234956715,0.05555555555555555,-0.03615781493721467,,0,-0.3395622360152768
75,retention,234956715,0.1111111111111111,-0.11534449753895465,,0,-0.3395622360152768
75,retention,234956715,0.16666666666666666,-0.11538392358631602,,0,-0.3395622360152768
75,retention,234956715,0.2222222222222222,-0.14709825853794029,,0,-0.3395622360152768
75,retention,234956715,0.2777777777777778,-0.07969317366673953,,0,-0.3395622360152768
75,retention,234956715,0.3333333333333333,-0.040638151473306856,,0,-0.3395622360152768
75,retention,234956715,0.38888888888888884,-0.04775330932618915,,0,-0.3395622360152768
75,retention,234956715,0.4444444444444444,-0.047258838726670374,,0,-0.3395622360152768
75,retention,234956715,0.5,-0.0355626246379169,,0,-0.3395622360152768
75,retention,234956715,0.5555555555555556,-0.06365182678122422,,0,-0.3395622360152768
75,retention,234956715,0.611111111111111,-0.0381331931318243,,0,-0.3395622360152768
75,retention,234956715,0.6666666666666666,-0.1079863356018006,,0,-0.3395622360152768
75,retention,234956715,0.7222222222222222,-0.10938386397724917,,0,-0.3395622360152768
75,retention,234956715,0.7777777777777777,-0.04933918041782755,,0,-0.3395622360152768
75,retention,234956715,0.8333333333333333,-0.019646657924827303,,0,-0.3395622360152768
75,retention,234956715,0.8888888888888888,-0.02780670563487125,,0,-0.3395622360152768
75,retention,234956715,0.9444444444444444,-0.09975369291961898,,0,-0.3395622360152768
75,retention,234956715,1.0,-0.16248087666678232,-0.12291325646136572,0,-0.3395622360152768
76,jump,533809874,0.0,0.0,-0.0438416892679623,0,-0.3395622360152768
76,jump,533809874,0.05555555555555555,-0.027401882240206173,,0,-0.3395622360152768
76,jump,533809874,0.1111111111111111,-0.030510377055520236,,0,-0.3395622360152768
76,jump,533809874,0.16666666666666666,-0.04380729973581687,,0,-0.3395622360152768
76,jump,533809874,0.2222222222222222,-0.0007705729373737591,,0,-0.3395622360152768
76,jump,533809874,0.2777777777777778,0.0008856834599216242,,0,-0.3395622360152768
76,jump,533809874,0.3333333333333333,-0.044386849546880075,,0,-0.3395622360152768
76,jump,533809874,0.38888888888888884,-0.06191040973570834,,0,-0.3395622360152768
76,jump,533809874,0.4444444444444444,-0.06473089167171385,,0,-0.3395622360152768
76,jump,533809874,0.5,-0.12809155431187613,,0,-0.3395622360152768
76,jump,533809874,0.5555555555555556,-0.059934974335147495,,0,-0.3395622360152768
76,jump,533809874,0.611111111111111,-0.14829747090468445,,0,-0.3395622360152768
76,jump,533809874,0.6666666666666666,-0.15616584972112008,,0,-0.3395622360152768
76,jump,533809874,0.7222222222222222,-0.10238992529228413,,0,-0.3395622360152768
76,jump,533809874,0.7777777777777777,-0.06426630352625377,,0,-0.3395622360152768
76,jump,533809874,0.8333333333333333,-0.06396124226157501,,0,-0.3395622360152768
76,jump,533809874,0.8888888888888888,-0.11665750388941658,,0,-0.3395622360152768
76,jump,533809874,0.9444444444444444,-0.11381601267662551,,0,-0.3395622360152768
76,jump,533809874,1.0,-0.07791751017704228,-0.12006041336213986,0,-0.3395622360152768
77,branch_reorganization,915401310,0.0,-0.3395622360152768,-0.35443365521325565,0,-0.3395622360152768
77,branch_reorganization,915401310,0.05555555555555555,-0.3731130292748725,,1,0.3395622360152768
77,branch_reorganization,915401310,0.1111111111111111,-0.2654716971792871,,1,0.3395622360152768
77,branch_reorganization,915401310,0.16666666666666666,-0.176949819575424,,1,0.3395622360152768
77,branch_reorganization,915401310,0.2222222222222222,-0.06321155442581564,,1,0.3395622360152768
77,branch_reorganization,915401310,0.2777777777777778,-0.09149416970644302,,1,0.3395622360152768
77,branch_reorganization,915401310,0.3333333333333333,-0.03243182489666217,,1,0.3395622360152768
77,branch_reorganization,915401310,0.38888888888888884,0.008004000077230698,,1,0.3395622360152768
77,branch_reorganization,915401310,0.4444444444444444,-0.07387565730265577,,1,0.3395622360152768
77,branch_reorganization,915401310,0.5,-0.11032255995710444,,1,0.3395622360152768
77,branch_reorganization,915401310,0.5555555555555556,-0.053565882063598726,,1,0.3395622360152768
77,branch_reorganization,915401310,0.611111111111111,-0.02431647796108517,,1,0.3395622360152768
77,branch_reorganization,915401310,0.6666666666666666,0.016010132850459775,,1,0.3395622360152768
77,branch_reorganization,915401310,0.7222222222222222,0.09639766126449721,,1,0.3395622360152768
77,branch_reorganization,915401310,0.7777777777777777,0.09305465497247485,,1,0.3395622360152768
77,branch_reorganization,915401310,0.8333333333333333,0.11504867101088742,,1,0.3395622360152768
77,branch_reorganization,915401310,0.8888888888888888,0.12342283745409721,,1,0.3395622360152768
77,branch_reorganization,915401310,0.9444444444444444,0.19418777354344685,,1,0.3395622360152768
77,branch_reorganization,915401310,1.0,0.19545072673420336,0.25436967909372243,1,0.3395622360152768
78,retention,911409138,0.0,0.0,0.008819481884366999,0,-0.3395622360152768
78,retention,911409138,0.05555555555555555,-0.007462904916829563,,0,-0.3395622360152768
78,retention,911409138,0.1111111111111111,-0.03597669887415031,,0,-0.3395622360152768
78,retention,911409138,0.16666666666666666,0.029578927272484755,,0,-0.3395622360152768
78,retention,911409138,0.2222222222222222,0.05915660722212783,,0,-0.3395622360152768
78,retention,911409138,0.2777777777777778,0.15016953215288875,,0,-0.3395622360152768
78,retention,911409138,0.3333333333333333,0.1987258493665015,,0,-0.3395622360152768
78,retention,911409138,0.38888888888888884,0.08050178135447059,,0,-0.3395622360152768
78,retention,911409138,0.4444444444444444,0.0006386926590393055,,0,-0.3395622360152768
78,retention,911409138,0.5,0.017308347897105624,,0,-0.3395622360152768
78,retention,911409138,0.5555555555555556,0.07885858508494017,,0,-0.3395622360152768
78,retention,911409138,0.611111111111111,-0.017111501220343564,,0,-0.3395622360152768
78,retention,911409138,0.6666666666666666,-0.059003826917652935,,0,-0.3395622360152768
78,retention,911409138,0.7222222222222222,-0.10697086076091114,,0,-0.3395622360152768
78,retention,911409138,0.7777777777777777,-0.10150036448139768,,0,-0.3395622360152768
78,retention,911409138,0.8333333333333333,-0.05603674164738651,,0,-0.3395622360152768
78,retention,911409138,0.8888888888888888,-0.046218892297017714,,0,-0.3395622360152768
78,retention,911409138,0.9444444444444444,-0.04134961080971648,,0,-0.3395622360152768
78,retention,911409138,1.0,-0.015259279189969492,-0.002547897247029446,0,-0.3395622360152768
79,jump,856823061,0.0,0.0,-0.03975285117009545,0,-0.3395622360152768
79,jump,856823061,0.05555555555555555,0.029538651516395485,,0,-0.3395622360152768
79,jump,856823061,0.1111111111111111,0.005757079914479959,,0,-0.3395622360152768
79,jump,856823061,0.16666666666666666,-0.0008231144098331108,,0,-0.3395622360152768
79,jump,856823061,0.2222222222222222,0.03263691677753711,,0,-0.3395622360152768
79,jump,856823061,0.2777777777777778,0.06418221066263341,,0,-0.3395622360152768
79,jump,856823061,0.3333333333333333,0.12870934697849945,,0,-0.3395622360152768
79,jump,856823061,0.38888888888888884,0.1417418950397394,,0,-0.3395622360152768
79,jump,856823061,0.4444444444444444,0.06845875625897989,,0,-0.3395622360152768
79,jump,856823061,0.5,0.031127335318801304,,0,-0.3395622360152768
79,jump,856823061,0.5555555555555556,0.07949697182100746,,0,-0.3395622360152768
79,jump,856823061,0.611111111111111,0.14496890997013254,,0,-0.3395622360152768
79,jump,856823061,0.6666666666666666,0.16257800637880468,,0,-0.3395622360152768
79,jump,856823061,0.7222222222222222,0.11878314851408003,,0,-0.3395622360152768
79,jump,856823061,0.7777777777777777,0.15336524039351868,,0,-0.3395622360152768
79,jump,856823061,0.8333333333333333,0.13129150162910166,,0,-0.3395622360152768
79,jump,856823061,0.8888888888888888,0.1742379925637804,,0,-0.3395622360152768
79,jump,856823061,0.9444444444444444,0.17527543335745221,,0,-0.3395622360152768
79,jump,856823061,1.0,0.24197477197837391,0.280362391756618,0,-0.3395622360152768
79,jump,856823061,1.0555555555555556,0.26380009260344267,,0,-0.3395622360152768
79,jump,856823061,1.1111111111111112,0.23500283717364892,,0,-0.3395622360152768
79,jump,856823061,1.1666666666666667,0.2260522624057138,,0,-0.3395622360152768
79,jump,856823061,1.2222222222222223,0.1796343730050325,,0,-0.3395622360152768
79,jump,856823061,1.2777777777777777,0.2089151182350939,,0,-0.3395622360152768
79,jump,856823061,1.3333333333333333,0.1585541613122787,,0,-0.3395622360152768
79,jump,856823061,1.3888888888888888,0.1328422295458884,,0,-0.3395622360152768
79,jump,856823061,1.4444444444444444,0.08214218399645257,,0,-0.3395622360152768
79,jump,856823061,1.5,0.08447679408957764,,0,-0.3395622360152768
79,jump,856823061,1.5555555555555556,0.13592517757108857,,0,-0.3395622360152768
79,jump,856823061,1.6111111111111112,0.13231352784527053,,0,-0.3395622360152768
79,jump,856823061,1.6666666666666665,0.21797285629818008,,0,-0.3395622360152768
79,jump,856823061,1.7222222222222223,0.16429101941806587,,0,-0.3395622360152768
79,jump,856823061,1.7777777777777777,0.19044278994427355,,0,-0.3395622360152768
79,jump,856823061,1.8333333333333333,0.19486752910666014,,0,-0.3395622360152768
79,jump,856823061,1.8888888888888888,0.14392174377147865,,0,-0.3395622360152768
79,jump,856823061,1.9444444444444444,0.12384822841786351,,0,-0.3395622360152768
79,jump,856823061,2.0,0.1441609556579848,0.10511236697145446,0,-0.3395622360152768
79,jump,856823061,2.0555555555555554,0.16392855369031598,,0,-0.3395622360152768
79,jump,856823061,2.111111111111111,0.12174344934284073,,0,-0.3395622360152768
79,jump,856823061,2.1666666666666665,0.05771446275028647,,0,-0.3395622360152768
79,jump,856823061,2.2222222222222223,0.10134788853531779,,0,-0.3395622360152768
79,jump,856823061,2.2777777777777777,0.17609458186891952,,0,-0.3395622360152768
79,jump,856823061,2.3333333333333335,0.17322437655898457,,0,-0.3395622360152768
79,jump,856823061,2.388888888888889,0.17319307588208574,,0,-0.3395622360152768
79,jump,856823061,2.4444444444444446,0.05277937195819693,,0,-0.3395622360152768
79,jump,856823061,2.5,0.03908166492084088,,0,-0.3395622360152768
79,jump,856823061,2.5555555555555554,-0.021226913522997888,,0,-0.3395622360152768
79,jump,856823061,2.611111111111111,0.13541195853138713,,0,-0.3395622360152768
79,jump,856823061,2.6666666666666665,0.011592320463445702,,0,-0.3395622360152768
79,jump,856823061,2.7222222222222223,0.10994437881981522,,0,-0.3395622360152768
79,jump,856823061,2.7777777777777777,0.08884928647819011,,0,-0.3395622360152768
79,jump,856823061,2.833333333333333,0.03645403881598835,,0,-0.3395622360152768
79,jump,856823061,2.888888888888889,0.05415257894806022,,0,-0.3395622360152768
79,jump,856823061,2.9444444444444446,0.013926433239887633,,0,-0.3395622360152768
79,jump,856823061,3.0,-0.039788705316275035,-0.03488877879950139,0,-0.3395622360152768
80,branch_reorganization,1401776851,0.0,-0.3395622360152768,-0.41801814424408357,0,-0.3395622360152768
80,branch_reorganization,1401776851,0.05555555555555555,-0.3890933694090712,,0,-0.3395622360152768
80,branch_reorganization,1401776851,0.1111111111111111,-0.30420675229541516,,0,-0.3395622360152768
80,branch_reorganization,1401776851,0.16666666666666666,-0.21059844158892715,,0,-0.3395622360152768
80,branch_reorganization,1401776851,0.2222222222222222,-0.16571898539236438,,0,-0.3395622360152768
80,branch_reorganization,1401776851,0.2777777777777778,-0.33027149641350206,,0,-0.3395622360152768
80,branch_reorganization,1401776851,0.3333333333333333,-0.34644363246185655,,0,-0.3395622360152768
80,branch_reorganization,1401776851,0.38888888888888884,-0.32964282832630076,,0,-0.3395622360152768
80,branch_reorganization,1401776851,0.4444444444444444,-0.4098960314977325,,0,-0.3395622360152768
80,branch_reorganization,1401776851,0.5,-0.3938358676260318,,0,-0.3395622360152768
80,branch_reorganization,1401776851,0.5555555555555556,-0.46041202502079354,,0,-0.3395622360152768
80,branch_reorganization,1401776851,0.611111111111111,-0.4626233620271892,,0,-0.3395622360152768
80,branch_reorganization,1401776851,0.6666666666666666,-0.46894804877655877,,0,-0.3395622360152768
80,branch_reorganization,1401776851,0.7222222222222222,-0.4470481882914814,,0,-0.3395622360152768
80,branch_reorganization,1401776851,0.7777777777777777,-0.3547154597616001,,0,-0.3395622360152768
80,branch_reorganization,1401776851,0.8333333333333333,-0.3248260529928576,,0,-0.3395622360152768
80,branch_reorganization,1401776851,0.8888888888888888,-0.36797675695551524,,0,-0.3395622360152768
80,branch_reorganization,1401776851,0.9444444444444444,-0.4063972805944541,,0,-0.3395622360152768
80,branch_reorganization,1401776851,1.0,-0.33378628645350633,-0.362415969129679,0,-0.3395622360152768
81,retention,541380616,0.0,0.0,0.03850746154775814,0,-0.3395622360152768
81,retention,541380616,0.05555555555555555,-0.06070606565048051,,0,-0.3395622360152768
81,retention,541380616,0.1111111111111111,-0.04428965560173473,,0,-0.3395622360152768
81,retention,541380616,0.16666666666666666,0.0688974336825812,,0,-0.3395622360152768
81,retention,541380616,0.2222222222222222,0.1078548935199132,,0,-0.3395622360152768
81,retention,541380616,0.2777777777777778,0.08051531802959846,,0,-0.3395622360152768
81,retention,541380616,0.3333333333333333,0.006536244377433553,,0,-0.3395622360152768
81,retention,541380616,0.38888888888888884,-0.006288241882429042,,0,-0.3395622360152768
81,retention,541380616,0.4444444444444444,0.1280059247021658,,0,-0.3395622360152768
81,retention,541380616,0.5,0.16114891979893495,,0,-0.3395622360152768
81,retention,541380616,0.5555555555555556,0.16691772606218713,,0,-0.3395622360152768
81,retention,541380616,0.611111111111111,0.12548141831723572,,0,-0.3395622360152768
81,retention,541380616,0.6666666666666666,0.13247110293194933,,0,-0.3395622360152768
81,retention,541380616,0.7222222222222222,0.10309744012817193,,0,-0.3395622360152768
81,retention,541380616,0.7777777777777777,0.21637128448898307,,0,-0.3395622360152768
81,retention,541380616,0.8333333333333333,0.24371613460953134,,0,-0.3395622360152768
81,retention,541380616,0.8888888888888888,0.32368700685488316,,0,-0.3395622360152768
81,retention,541380616,0.9444444444444444,0.31161410498760955,,0,-0.3395622360152768
81,retention,541380616,1.0,0.18406522621434251,0.12102575403316924,0,-0.3395622360152768
82,jump,1595836844,0.0,0.0,-0.036701949171916756,0,-0.3395622360152768
82,jump,1595836844,0.05555555555555555,-0.07666420728556074,,0,-0.3395622360152768
82,jump,1595836844,0.1111111111111111,-0.08543451168844732,,0,-0.3395622360152768
82,jump,1595836844,0.16666666666666666,-0.046406610061195064,,0,-0.3395622360152768
82,jump,1595836844,0.2222222222222222,-0.046972173890308985,,0,-0.3395622360152768
82,jump,1595836844,0.2777777777777778,0.03351099607846057,,0,-0.3395622360152768
82,jump,1595836844,0.3333333333333333,0.07544040011843711,,0,-0.3395622360152768
82,jump,1595836844,0.38888888888888884,0.128860063967688,,0,-0.3395622360152768
82,jump,1595836844,0.4444444444444444,0.18126213525942825,,0,-0.3395622360152768
82,jump,1595836844,0.5,0.2236484113419716,,0,-0.3395622360152768
82,jump,1595836844,0.5555555555555556,0.15552692125445944,,0,-0.3395622360152768
82,jump,1595836844,0.611111111111111,0.18281622709262507,,0,-0.3395622360152768
82,jump,1595836844,0.6666666666666666,0.1876972106794524,,0,-0.3395622360152768
82,jump,1595836844,0.7222222222222222,0.17982678748374412,,0,-0.3395622360152768
82,jump,1595836844,0.7777777777777777,0.2357739185105403,,0,-0.3395622360152768
82,jump,1595836844,0.8333333333333333,0.24900746228431983,,0,-0.3395622360152768
82,jump,1595836844,0.8888888888888888,0.3020273547614566,,0,-0.3395622360152768
82,jump,1595836844,0.9444444444444444,0.2777855231177307,,0,-0.3395622360152768
82,jump,1595836844,1.0,0.25070276294560595,0.24319461131136427,0,-0.3395622360152768
83,branch_reorganization,1952081252,0.0,-0.3395622360152768,-0.3562626525141333,0,-0.3395622360152768
83,branch_reorganization,1952081252,0.05555555555555555,-0.3504633394399103,,0,-0.3395622360152768
83,branch_reorganization,1952081252,0.1111111111111111,-0.3555149062790199,,0,-0.3395622360152768
83,branch_reorganization,1952081252,0.16666666666666666,-0.42405463378810215,,0,-0.3395622360152768
83,branch_reorganization,1952081252,0.2222222222222222,-0.46104743901758755,,0,-0.3395622360152768
83,branch_reorganization,1952081252,0.2777777777777778,-0.4542079517477642,,0,-0.3395622360152768
83,branch_reorganization,1952081252,0.3333333333333333,-0.477710128074721,,0,-0.3395622360152768
83,branch_reorganization,1952081252,0.38888888888888884,-0.3573465005775008,,0,-0.3395622360152768
83,branch_reorganization,1952081252,0.4444444444444444,-0.371974507710533,,1,0.3395622360152768
83,branch_reorganization,1952081252,0.5,-0.41308148851974097,,1,0.3395622360152768
83,branch_reorganization,1952081252,0.5555555555555556,-0.4131311929153687,,1,0.3395622360152768
83,branch_reorganization,1952081252,0.611111111111111,-0.35112530654550966,,1,0.3395622360152768
83,branch_reorganization,1952081252,0.6666666666666666,-0.3489814115244013,,1,0.3395622360152768
83,branch_reorganization,1952081252,0.7222222222222222,-0.29806638514074063,,1,0.3395622360152768
83,branch_reorganization,1952081252,0.7777777777777777,-0.26820059835084953,,1,0.3395622360152768
83,branch_reorganization,1952081252,0.8333333333333333,-0.13177821385258104,,1,0.3395622360152768
83,branch_reorganization,1952081252,0.8888888888888888,-0.12046690019331477,,1,0.3395622360152768
83,branch_reorganization,1952081252,0.9444444444444444,-0.12178990604360493,,1,0.3395622360152768
83,branch_reorganization,1952081252,1.0,-0.1697590172051088,-0.21000747230733782,1,0.3395622360152768
84,retention,1812242475,0.0,0.0,0.01984714615130504,0,-0.3395622360152768
84,retention,1812242475,0.05555555555555555,0.01844604193809834,,0,-0.3395622360152768
84,retention,1812242475,0.1111111111111111,-0.0533271240344895,,0,-0.3395622360152768
84,retention,1812242475,0.16666666666666666,-0.03872171200027906,,0,-0.3395622360152768
84,retention,1812242475,0.2222222222222222,-0.15283280226234452,,0,-0.3395622360152768
84,retention,1812242475,0.2777777777777778,-0.09665665306206139,,0,-0.3395622360152768
84,retention,1812242475,0.3333333333333333,-0.09080887763956119,,0,-0.3395622360152768
84,retention,1812242475,0.38888888888888884,-0.09639146580052824,,0,-0.3395622360152768
84,retention,1812242475,0.4444444444444444,-0.10369961938415977,,0,-0.3395622360152768
84,retention,1812242475,0.5,-0.09888891188149011,,0,-0.3395622360152768
84,retention,1812242475,0.5555555555555556,-0.09507739361377816,,0,-0.3395622360152768
84,retention,1812242475,0.611111111111111,-0.07807008003871892,,0,-0.3395622360152768
84,retention,1812242475,0.6666666666666666,-0.1477248241475676,,0,-0.3395622360152768
84,retention,1812242475,0.7222222222222222,-0.13594788599427582,,0,-0.3395622360152768
84,retention,1812242475,0.7777777777777777,-0.15542922988301214,,0,-0.3395622360152768
84,retention,1812242475,0.8333333333333333,-0.08444469609874812,,0,-0.3395622360152768
84,retention,1812242475,0.8888888888888888,-0.05990573586859704,,0,-0.3395622360152768
84,retention,1812242475,0.9444444444444444,-0.1380671795057678,,0,-0.3395622360152768
84,retention,1812242475,1.0,-0.2291686161089223,-0.17631885594759295,0,-0.3395622360152768
85,jump,789518951,0.0,0.0,0.11683566524576557,0,-0.3395622360152768
85,jump,789518951,0.05555555555555555,0.03127884277409555,,0,-0.3395622360152768
85,jump,789518951,0.1111111111111111,-0.018449937286360494,,0,-0.3395622360152768
85,jump,789518951,0.16666666666666666,0.018577453829452955,,0,-0.3395622360152768
85,jump,789518951,0.2222222222222222,-0.0742172680623778,,0,-0.3395622360152768
85,jump,789518951,0.2777777777777778,-0.02269072026275374,,0,-0.3395622360152768
85,jump,789518951,0.3333333333333333,-0.05557450598726293,,0,-0.3395622360152768
85,jump,789518951,0.38888888888888884,-0.047274734187901464,,0,-0.3395622360152768
85,jump,789518951,0.4444444444444444,-0.03140636767977426,,0,-0.3395622360152768
85,jump,789518951,0.5,-0.021085852454058505,,0,-0.3395622360152768
85,jump,789518951,0.5555555555555556,-0.06262721660016184,,0,-0.3395622360152768
85,jump,789518951,0.611111111111111,-0.15263498363002667,,0,-0.3395622360152768
85,jump,789518951,0.6666666666666666,-0.18936698839941932,,0,-0.3395622360152768
85,jump,789518951,0.7222222222222222,-0.22805668192641673,,0,-0.3395622360152768
85,jump,789518951,0.7777777777777777,-0.12213690795590591,,0,-0.3395622360152768
85,jump,789518951,0.8333333333333333,-0.0382025336944769,,0,-0.3395622360152768
85,jump,789518951,0.8888888888888888,-0.0840494556686891,,0,-0.3395622360152768
85,jump,789518951,0.9444444444444444,-0.09131463240130848,,0,-0.3395622360152768
85,jump,789518951,1.0,0.11856605446524923,0.07991082220876106,0,-0.3395622360152768
86,branch_reorganization,852886217,0.0,-0.3395622360152768,-0.3433337892039302,0,-0.3395622360152768
86,branch_reorganization,852886217,0.05555555555555555,-0.3302066763736588,,0,-0.3395622360152768
86,branch_reorganization,852886217,0.1111111111111111,-0.3118235718934234,,0,-0.3395622360152768
86,branch_reorganization,852886217,0.16666666666666666,-0.28363210877430584,,0,-0.3395622360152768
86,branch_reorganization,852886217,0.2222222222222222,-0.28792338680560003,,0,-0.3395622360152768
86,branch_reorganization,852886217,0.2777777777777778,-0.3380648914461714,,0,-0.3395622360152768
86,branch_reorganization,852886217,0.3333333333333333,-0.35112569913862346,,0,-0.3395622360152768
86,branch_reorganization,852886217,0.38888888888888884,-0.2855212063519066,,0,-0.3395622360152768
86,branch_reorganization,852886217,0.4444444444444444,-0.3163870162143656,,0,-0.3395622360152768
86,branch_reorganization,852886217,0.5,-0.35010702701380547,,0,-0.3395622360152768
86,branch_reorganization,852886217,0.5555555555555556,-0.36394488524229046,,0,-0.3395622360152768
86,branch_reorganization,852886217,0.611111111111111,-0.37752986508021774,,0,-0.3395622360152768
86,branch_reorganization,852886217,0.6666666666666666,-0.31960510556391125,,0,-0.3395622360152768
86,branch_reorganization,852886217,0.7222222222222222,-0.26824019689509315,,0,-0.3395622360152768
86,branch_reorganization,852886217,0.7777777777777777,-0.22168473747127368,,0,-0.3395622360152768
86,branch_reorganization,852886217,0.8333333333333333,-0.16030295624714336,,0,-0.3395622360152768
86,branch_reorganization,852886217,0.8888888888888888,-0.0614708931922177,,0,-0.3395622360152768
86,branch_reorganization,852886217,0.9444444444444444,0.0006239107412317063,,0,-0.3395622360152768
86,branch_reorganization,852886217,1.0,0.040119500969879665,-0.014217671826680385,0,-0.3395622360152768
87,retention,1696149118,0.0,0.0,-0.09207394749182653,0,-0.3395622360152768
87,retention,1696149118,0.05555555555555555,0.011619084087013416,,0,-0.3395622360152768
87,retention,1696149118,0.1111111111111111,-0.0406178849004678,,0,-0.3395622360152768
87,retention,1696149118,0.16666666666666666,-0.05275895588840301,,0,-0.3395622360152768
87,retention,1696149118,0.2222222222222222,-0.05296907826084499,,0,-0.3395622360152768
87,retention,1696149118,0.2777777777777778,-0.19376960223710796,,0,-0.3395622360152768
87,retention,1696149118,0.3333333333333333,-0.11500685232792757,,0,-0.3395622360152768
87,retention,1696149118,0.38888888888888884,-0.10321402842500525,,0,-0.3395622360152768
87,retention,1696149118,0.4444444444444444,-0.07381627358369068,,0,-0.3395622360152768
87,retention,1696149118,0.5,-0.03784921125534527,,0,-0.3395622360152768
87,retention,1696149118,0.5555555555555556,-0.09703054679850487,,0,-0.3395622360152768
87,retention,1696149118,0.611111111111111,-0.037508643394011235,,0,-0.3395622360152768
87,retention,1696149118,0.6666666666666666,0.09236058423068719,,0,-0.3395622360152768
87,retention,1696149118,0.7222222222222222,0.07221195606931177,,0,-0.3395622360152768
87,retention,1696149118,0.7777777777777777,0.1557123790303319,,0,-0.3395622360152768
87,retention,1696149118,0.8333333333333333,0.07319341043681554,,0,-0.3395622360152768
87,retention,1696149118,0.8888888888888888,0.047681623586701895,,0,-0.3395622360152768
87,retention,1696149118,0.9444444444444444,0.055935157884432804,,0,-0.3395622360152768
87,retention,1696149118,1.0,0.13800565447444954,0.18419289625890545,0,-0.3395622360152768
88,jump,2098909553,0.0,0.0,-0.09710306508858185,0,-0.3395622360152768
88,jump,2098909553,0.05555555555555555,-0.11544040942362574,,0,-0.3395622360152768
88,jump,2098909553,0.1111111111111111,-0.0767744292077395,,0,-0.3395622360152768
88,jump,2098909553,0.16666666666666666,-0.060410695404240086,,0,-0.3395622360152768
88,jump,2098909553,0.2222222222222222,-0.12547045572890098,,0,-0.3395622360152768
88,jump,2098909553,0.2777777777777778,-0.09925633148699811,,0,-0.3395622360152768
88,jump,2098909553,0.3333333333333333,-0.09012534198216922,,0,-0.3395622360152768
88,jump,2098909553,0.38888888888888884,-0.19912444459541348,,0,-0.3395622360152768
88,jump,2098909553,0.4444444444444444,-0.23108450432891897,,0,-0.3395622360152768
88,jump,2098909553,0.5,-0.26216448425001804,,0,-0.3395622360152768
88,jump,2098909553,0.5555555555555556,-0.30183759113994185,,0,-0.3395622360152768
88,jump,2098909553,0.611111111111111,-0.261988290566348,,0,-0.3395622360152768
88,jump,2098909553,0.6666666666666666,-0.19249236314467025,,0,-0.3395622360152768
88,jump,2098909553,0.7222222222222222,-0.11302367985309769,,0,-0.3395622360152768
88,jump,2098909553,0.7777777777777777,-0.17515825312455977,,0,-0.3395622360152768
88,jump,2098909553,0.8333333333333333,-0.11936472729631456,,0,-0.3395622360152768
88,jump,2098909553,0.8888888888888888,-0.15008446629455519,,0,-0.3395622360152768
88,jump,2098909553,0.9444444444444444,-0.12501288411226452,,0,-0.3395622360152768
88,jump,2098909553,1.0,-0.12425746856921292,-0.17402216528147602,0,-0.3395622360152768
89,branch_reorganization,48183182,0.0,-0.3395622360152768,-0.24841296632749105,0,-0.3395622360152768
89,branch_reorganization,48183182,0.05555555555555555,-0.31402841573101825,,0,-0.3395622360152768
89,branch_reorganization,48183182,0.1111111111111111,-0.2502943774167862,,0,-0.3395622360152768
89,branch_reorganization,48183182,0.16666666666666666,-0.24844784381533191,,0,-0.3395622360152768
89,branch_reorganization,48183182,0.2222222222222222,-0.34913699949937277,,0,-0.3395622360152768
89,branch_reorganization,48183182,0.2777777777777778,-0.3584667875449472,,0,-0.3395622360152768
89,branch_reorganization,48183182,0.3333333333333333,-0.3491896267177517,,0,-0.3395622360152768
89,branch_reorganization,48183182,0.38888888888888884,-0.3705378707800657,,0,-0.3395622360152768
89,branch_reorganization,48183182,0.4444444444444444,-0.38039928080344615,,0,-0.3395622360152768
89,branch_reorganization,48183182,0.5,-0.4240636517132809,,0,-0.3395622360152768
89,branch_reorganization,48183182,0.5555555555555556,-0.5383754627200121,,0,-0.3395622360152768
89,branch_reorganization,48183182,0.611111111111111,-0.6571232141996297,,0,-0.3395622360152768
89,branch_reorganization,48183182,0.6666666666666666,-0.6575149109164051,,0,-0.3395622360152768
89,branch_reorganization,48183182,0.7222222222222222,-0.5899989423003468,,0,-0.3395622360152768
89,branch_reorganization,48183182,0.7777777777777777,-0.5168802258667293,,0,-0.3395622360152768
89,branch_reorganization,48183182,0.8333333333333333,-0.4977323316614814,,0,-0.3395622360152768
89,branch_reorganization,48183182,0.8888888888888888,-0.5324391946516025,,0,-0.3395622360152768
89,branch_reorganization,48183182,0.9444444444444444,-0.5512389914578648,,0,-0.3395622360152768
89,branch_reorganization,48183182,1.0,-0.5521199468733116,-0.5742654886901598,0,-0.3395622360152768
90,retention,1066735585,0.0,0.0,-0.004591126586371104,0,-0.3395622360152768
90,retention,1066735585,0.05555555555555555,0.053231966600589396,,0,-0.3395622360152768
90,retention,1066735585,0.1111111111111111,0.07490379759885646,,0,-0.3395622360152768
90,retention,1066735585,0.16666666666666666,-0.007312964326096516,,0,-0.3395622360152768
90,retention,1066735585,0.2222222222222222,0.004004790678265663,,0,-0.3395622360152768
90,retention,1066735585,0.2777777777777778,-0.04520596620135564,,0,-0.3395622360152768
90,retention,1066735585,0.3333333333333333,-0.057924569377439096,,0,-0.3395622360152768
90,retention,1066735585,0.38888888888888884,-0.06755619719053922,,0,-0.3395622360152768
90,retention,1066735585,0.4444444444444444,0.00446580699892464,,0,-0.3395622360152768
90,retention,1066735585,0.5,0.05226336123548254,,0,-0.3395622360152768
90,retention,1066735585,0.5555555555555556,-0.06590814456619534,,0,-0.3395622360152768
90,retention,1066735585,0.611111111111111,-0.024744909047971532,,0,-0.3395622360152768
90,retention,1066735585,0.6666666666666666,0.016587215323295785,,0,-0.3395622360152768
90,retention,1066735585,0.7222222222222222,-0.011597433004903374,,0,-0.3395622360152768
90,retention,1066735585,0.7777777777777777,0.051072420796141015,,0,-0.3395622360152768
90,retention,1066735585,0.8333333333333333,0.06111566340772921,,0,-0.3395622360152768
90,retention,1066735585,0.8888888888888888,0.07000766170981705,,0,-0.3395622360152768
90,retention,1066735585,0.9444444444444444,0.14804387375876918,,0,-0.3395622360152768
90,retention,1066735585,1.0,0.15282524174657888,0.2156519046618515,0,-0.3395622360152768
91,jump,407108007,0.0,0.0,-0.018144710409421227,0,-0.3395622360152768
91,jump,407108007,0.05555555555555555,-0.021195797203133943,,0,-0.3395622360152768
91,jump,407108007,0.1111111111111111,-0.02511921587646912,,0,-0.3395622360152768
91,jump,407108007,0.16666666666666666,-0.041228205511817724,,0,-0.3395622360152768
91,jump,407108007,0.2222222222222222,-0.0705904282501652,,0,-0.3395622360152768
91,jump,407108007,0.2777777777777778,-0.10948638421220436,,0,-0.3395622360152768
91,jump,407108007,0.3333333333333333,-0.22991479154867417,,0,-0.3395622360152768
91,jump,407108007,0.38888888888888884,-0.22844957995711968,,0,-0.3395622360152768
91,jump,407108007,0.4444444444444444,-0.15908170901085744,,0,-0.3395622360152768
91,jump,407108007,0.5,-0.2296008681267025,,0,-0.3395622360152768
91,jump,407108007,0.5555555555555556,-0.24647310259465133,,0,-0.3395622360152768
91,jump,407108007,0.611111111111111,-0.2170145642155667,,0,-0.3395622360152768
91,jump,407108007,0.6666666666666666,-0.2972213539171795,,0,-0.3395622360152768
91,jump,407108007,0.7222222222222222,-0.28554985227144153,,0,-0.3395622360152768
91,jump,407108007,0.7777777777777777,-0.2705497396293632,,0,-0.3395622360152768
91,jump,407108007,0.8333333333333333,-0.24345487218993697,,0,-0.3395622360152768
91,jump,407108007,0.8888888888888888,-0.23392248818724723,,0,-0.3395622360152768
91,jump,407108007,0.9444444444444444,-0.2803132891609537,,0,-0.3395622360152768
91,jump,407108007,1.0,-0.1311610769848053,-0.15079000425603503,0,-0.3395622360152768
92,branch_reorganization,1534058957,0.0,-0.3395622360152768,-0.3405418934135288,0,-0.3395622360152768
92,branch_reorganization,1534058957,0.05555555555555555,-0.39583432729675766,,0,-0.3395622360152768
92,branch_reorganization,1534058957,0.1111111111111111,-0.4023568302902829,,0,-0.3395622360152768
92,branch_reorganization,1534058957,0.16666666666666666,-0.31815685609584965,,0,-0.3395622360152768
92,branch_reorganization,1534058957,0.2222222222222222,-0.2930108574170144,,0,-0.3395622360152768
92,branch_reorganization,1534058957,0.2777777777777778,-0.34005165897756817,,0,-0.3395622360152768
92,branch_reorganization,1534058957,0.3333333333333333,-0.3570926432391481,,0,-0.3395622360152768
92,branch_reorganization,1534058957,0.38888888888888884,-0.2594353408136598,,1,0.3395622360152768
92,branch_reorganization,1534058957,0.4444444444444444,-0.28690833307863645,,1,0.3395622360152768
92,branch_reorganization,1534058957,0.5,-0.23232136772412618,,1,0.3395622360152768
92,branch_reorganization,1534058957,0.5555555555555556,-0.27612618922187904,,1,0.3395622360152768
92,branch_reorganization,1534058957,0.611111111111111,-0.16671496322015997,,1,0.3395622360152768
92,branch_reorganization,1534058957,0.6666666666666666,-0.24180007180360102,,1,0.3395622360152768
92,branch_reorganization,1534058957,0.7222222222222222,-0.26987865985383086,,1,0.3395622360152768
92,branch_reorganization,1534058957,0.7777777777777777,-0.26205324750323805,,1,0.3395622360152768
92,branch_reorganization,1534058957,0.8333333333333333,-0.26958627678636443,,1,0.3395622360152768
92,branch_reorganization,1534058957,0.8888888888888888,-0.1359407596559407,,1,0.3395622360152768
92,branch_reorganization,1534058957,0.9444444444444444,0.00507151670789005,,1,0.3395622360152768
92,branch_reorganization,1534058957,1.0,-0.005874995261084592,-0.009854300736300725,1,0.3395622360152768
93,retention,1256655142,0.0,0.0,-0.014076288384518488,0,-0.3395622360152768
93,retention,1256655142,0.05555555555555555,-0.003592957998844476,,0,-0.3395622360152768
93,retention,1256655142,0.1111111111111111,-0.018164025251743755,,0,-0.3395622360152768
93,retention,1256655142,0.16666666666666666,-0.09507187810754882,,0,-0.3395622360152768
93,retention,1256655142,0.2222222222222222,-0.13038746214605956,,0,-0.3395622360152768
93,retention,1256655142,0.2777777777777778,-0.16894352292075282,,0,-0.3395622360152768
93,retention,1256655142,0.3333333333333333,-0.13096776801266097,,0,-0.3395622360152768
93,retention,1256655142,0.38888888888888884,-0.14346145240817207,,0,-0.3395622360152768
93,retention,1256655142,0.4444444444444444,-0.04606140643465202,,0,-0.3395622360152768
93,retention,1256655142,0.5,-0.1334653991976615,,0,-0.3395622360152768
93,retention,1256655142,0.5555555555555556,-0.06411357976163105,,0,-0.3395622360152768
93,retention,1256655142,0.611111111111111,-0.12793056731505192,,0,-0.3395622360152768
93,retention,1256655142,0.6666666666666666,-0.08828080358758375,,0,-0.3395622360152768
93,retention,1256655142,0.7222222222222222,0.02239253868638466,,0,-0.3395622360152768
93,retention,1256655142,0.7777777777777777,-0.05962885588267232,,0,-0.3395622360152768
93,retention,1256655142,0.8333333333333333,0.044590415585935524,,0,-0.3395622360152768
93,retention,1256655142,0.8888888888888888,0.11781966007631574,,0,-0.3395622360152768
93,retention,1256655142,0.9444444444444444,0.06919426343212351,,0,-0.3395622360152768
93,retention,1256655142,1.0,0.052267915317894986,-0.005490106677253574,0,-0.3395622360152768
94,jump,629149934,0.0,0.0,-0.04913354817172761,0,-0.3395622360152768
94,jump,629149934,0.05555555555555555,0.07379495843750357,,0,-0.3395622360152768
94,jump,629149934,0.1111111111111111,-0.05155528468036018,,0,-0.3395622360152768
94,jump,629149934,0.16666666666666666,-0.034787050884328236,,0,-0.3395622360152768
94,jump,629149934,0.2222222222222222,0.02376765529681777,,0,-0.3395622360152768
94,jump,629149934,0.2777777777777778,0.017511337911574002,,0,-0.3395622360152768
94,jump,629149934,0.3333333333333333,-0.042435805599418036,,0,-0.3395622360152768
94,jump,629149934,0.38888888888888884,0.03401995111795462,,0,-0.3395622360152768
94,jump,629149934,0.4444444444444444,0.007378027450608109,,0,-0.3395622360152768
94,jump,629149934,0.5,0.04525318527500562,,0,-0.3395622360152768
94,jump,629149934,0.5555555555555556,0.04763167090439564,,0,-0.3395622360152768
94,jump,629149934,0.611111111111111,0.036752948125468345,,0,-0.3395622360152768
94,jump,629149934,0.6666666666666666,0.0984468665283193,,0,-0.3395622360152768
94,jump,629149934,0.7222222222222222,0.07737719796207149,,0,-0.3395622360152768
94,jump,629149934,0.7777777777777777,0.11345284815856951,,0,-0.3395622360152768
94,jump,629149934,0.8333333333333333,0.1938092152177233,,0,-0.3395622360152768
94,jump,629149934,0.8888888888888888,0.1855604925671269,,0,-0.3395622360152768
94,jump,629149934,0.9444444444444444,0.06719822557838939,,0,-0.3395622360152768
94,jump,629149934,1.0,0.13884583612011683,0.09287641780405058,0,-0.3395622360152768
95,branch_reorganization,76518302,0.0,-0.3395622360152768,-0.35286451107446015,0,-0.3395622360152768
95,branch_reorganization,76518302,0.05555555555555555,-0.44021220949429263,,0,-0.3395622360152768
95,branch_reorganization,76518302,0.1111111111111111,-0.29626061562360684,,1,0.3395622360152768
95,branch_reorganization,76518302,0.16666666666666666,-0.3107727150590454,,1,0.3395622360152768
95,branch_reorganization,76518302,0.2222222222222222,-0.2979971977080059,,1,0.3395622360152768
95,branch_reorganization,76518302,0.2777777777777778,-0.2869602839069464,,1,0.3395622360152768
95,branch_reorganization,76518302,0.3333333333333333,-0.30067157813828344,,1,0.3395622360152768
95,branch_reorganization,76518302,0.38888888888888884,-0.22956137498220175,,1,0.3395622360152768
95,branch_reorganization,76518302,0.4444444444444444,-0.2792613095153249,,1,0.3395622360152768
95,branch_reorganization,76518302,0.5,-0.1951071468529642,,1,0.3395622360152768
95,branch_reorganization,76518302,0.5555555555555556,-0.19124668138609682,,1,0.3395622360152768
95,branch_reorganization,76518302,0.611111111111111,-0.2556314044173663,,1,0.3395622360152768
95,branch_reorganization,76518302,0.6666666666666666,-0.2969198763260723,,1,0.3395622360152768
95,branch_reorganization,76518302,0.7222222222222222,-0.33413985632951243,,1,0.3395622360152768
95,branch_reorganization,76518302,0.7777777777777777,-0.22895117127157727,,1,0.3395622360152768
95,branch_reorganization,76518302,0.8333333333333333,-0.23719844995533723,,1,0.3395622360152768
95,branch_reorganization,76518302,0.8888888888888888,-0.2473750116800422,,1,0.3395622360152768
95,branch_reorganization,76518302,0.9444444444444444,-0.12252053850494067,,1,0.3395622360152768
95,branch_reorganization,76518302,1.0,-0.14194964008568417,-0.19842372533653052,1,0.3395622360152768
96,retention,315227033,0.0,0.0,-0.06380459270040138,0,-0.3395622360152768
96,retention,315227033,0.05555555555555555,-0.03817356744548867,,0,-0.3395622360152768
96,retention,315227033,0.1111111111111111,0.018334002537637922,,0,-0.3395622360152768
96,retention,315227033,0.16666666666666666,-0.0013796982142581966,,0,-0.3395622360152768
96,retention,315227033,0.2222222222222222,0.014930943655654765,,0,-0.3395622360152768
96,retention,315227033,0.2777777777777778,0.025272872637608267,,0,-0.3395622360152768
96,retention,315227033,0.3333333333333333,0.028090452181416394,,0,-0.3395622360152768
96,retention,315227033,0.38888888888888884,0.09056122604789056,,0,-0.3395622360152768
96,retention,315227033,0.4444444444444444,0.08744525013054806,,0,-0.3395622360152768
96,retention,315227033,0.5,-0.008377547692310763,,0,-0.3395622360152768
96,retention,315227033,0.5555555555555556,0.013375330405382253,,0,-0.3395622360152768
96,retention,315227033,0.611111111111111,0.03617729963952304,,0,-0.3395622360152768
96,retention,315227033,0.6666666666666666,0.050280652557574426,,0,-0.3395622360152768
96,retention,315227033,0.7222222222222222,-0.04927703448428118,,0,-0.3395622360152768
96,retention,315227033,0.7777777777777777,-0.12187320716565621,,0,-0.3395622360152768
96,retention,315227033,0.8333333333333333,-0.190483643667619,,0,-0.3395622360152768
96,retention,315227033,0.8888888888888888,-0.17034152145981205,,0,-0.3395622360152768
96,retention,315227033,0.9444444444444444,-0.2370321501260519,,0,-0.3395622360152768
96,retention,315227033,1.0,-0.1816631662146746,-0.1607842825262974,0,-0.3395622360152768
97,jump,1650245397,0.0,0.0,-0.009655924134538587,0,-0.3395622360152768
97,jump,1650245397,0.05555555555555555,0.12028665580555013,,0,-0.3395622360152768
97,jump,1650245397,0.1111111111111111,0.10024125190267537,,0,-0.3395622360152768
97,jump,1650245397,0.16666666666666666,0.15874193844831058,,0,-0.3395622360152768
97,jump,1650245397,0.2222222222222222,0.2216852785122711,,0,-0.3395622360152768
97,jump,1650245397,0.2777777777777778,0.2427695317942309,,0,-0.3395622360152768
97,jump,1650245397,0.3333333333333333,0.2538645200375833,,0,-0.3395622360152768
97,jump,1650245397,0.38888888888888884,0.23735195359216296,,0,-0.3395622360152768
97,jump,1650245397,0.4444444444444444,0.15314921619919164,,0,-0.3395622360152768
97,jump,1650245397,0.5,0.1956008134812537,,0,-0.3395622360152768
97,jump,1650245397,0.5555555555555556,0.20847862355322908,,0,-0.3395622360152768
97,jump,1650245397,0.611111111111111,0.25562764773163893,,0,-0.3395622360152768
97,jump,1650245397,0.6666666666666666,0.3444168211688286,,0,-0.3395622360152768
97,jump,1650245397,0.7222222222222222,0.3352881270536035,,0,-0.3395622360152768
97,jump,1650245397,0.7777777777777777,0.3456235331598652,,0,-0.3395622360152768
97,jump,1650245397,0.8333333333333333,0.28906820440127856,,0,-0.3395622360152768
97,jump,1650245397,0.8888888888888888,0.3519902935009773,,0,-0.3395622360152768
97,jump,1650245397,0.9444444444444444,0.26035924108932473,,0,-0.3395622360152768
97,jump,1650245397,1.0,0.2323310167810979,0.2075535084664847,0,-0.3395622360152768
98,branch_reorganization,568354406,0.0,-0.3395622360152768,-0.2685655290713756,0,-0.3395622360152768
98,branch_reorganization,568354406,0.05555555555555555,-0.3176413506310157,,0,-0.3395622360152768
98,branch_reorganization,568354406,0.1111111111111111,-0.28260850560033235,,1,0.3395622360152768
98,branch_reorganization,568354406,0.16666666666666666,-0.2837821645622507,,1,0.3395622360152768
98,branch_reorganization,568354406,0.2222222222222222,-0.16652020135758905,,1,0.3395622360152768
98,branch_reorganization,568354406,0.2777777777777778,-0.14011385778479848,,1,0.3395622360152768
98,branch_reorganization,568354406,0.3333333333333333,-0.12266517120449397,,1,0.3395622360152768
98,branch_reorganization,568354406,0.38888888888888884,-0.11454424363943493,,1,0.3395622360152768
98,branch_reorganization,568354406,0.4444444444444444,-0.14252187480286688,,1,0.3395622360152768
98,branch_reorganization,568354406,0.5,-0.1187557223762781,,1,0.3395622360152768
98,branch_reorganization,568354406,0.5555555555555556,0.026379602841598265,,1,0.3395622360152768
98,branch_reorganization,568354406,0.611111111111111,0.04011754392846543,,1,0.3395622360152768
98,branch_reorganization,568354406,0.6666666666666666,0.11381532760176884,,1,0.3395622360152768
98,branch_reorganization,568354406,0.7222222222222222,0.1331675272978921,,1,0.3395622360152768
98,branch_reorganization,568354406,0.7777777777777777,0.13861641704135402,,1,0.3395622360152768
98,branch_reorganization,568354406,0.8333333333333333,0.1325763746188836,,1,0.3395622360152768
98,branch_reorganization,568354406,0.8888888888888888,0.12726770791341058,,1,0.3395622360152768
98,branch_reorganization,568354406,0.9444444444444444,0.11414733654269311,,1,0.3395622360152768
98,branch_reorganization,568354406,1.0,0.17846329915839207,0.1875971904504674,1,0.3395622360152768
99,retention,1544004041,0.0,0.0,0.025277119719127106,0,-0.3395622360152768
99,retention,1544004041,0.05555555555555555,0.013040546271274881,,0,-0.3395622360152768
99,retention,1544004041,0.1111111111111111,-0.027981377666342046,,0,-0.3395622360152768
99,retention,1544004041,0.16666666666666666,-0.12537905558468906,,0,-0.3395622360152768
99,retention,1544004041,0.2222222222222222,-0.18152460631660258,,0,-0.3395622360152768
99,retention,1544004041,0.2777777777777778,-0.15310997879615754,,0,-0.3395622360152768
99,retention,1544004041,0.3333333333333333,-0.1663390693974574,,0,-0.3395622360152768
99,retention,1544004041,0.38888888888888884,-0.19586887020135746,,0,-0.3395622360152768
99,retention,1544004041,0.4444444444444444,-0.18690779630788446,,0,-0.3395622360152768
99,retention,1544004041,0.5,-0.07692020576407435,,0,-0.3395622360152768
99,retention,1544004041,0.5555555555555556,-0.09803350494974263,,0,-0.3395622360152768
99,retention,1544004041,0.611111111111111,-0.07691862754615496,,0,-0.3395622360152768
99,retention,1544004041,0.6666666666666666,-0.10491822433193268,,0,-0.3395622360152768
99,retention,1544004041,0.7222222222222222,-0.11606894764626205,,0,-0.3395622360152768
99,retention,1544004041,0.7777777777777777,-0.03986245222722855,,0,-0.3395622360152768
99,retention,1544004041,0.8333333333333333,-0.07491556128832938,,0,-0.3395622360152768
99,retention,1544004041,0.8888888888888888,-0.16875605187336373,,0,-0.3395622360152768
99,retention,1544004041,0.9444444444444444,-0.166562304381761,,0,-0.3395622360152768
99,retention,1544004041,1.0,-0.15471601802047522,-0.17460720475557165,0,-0.3395622360152768
100,jump,1406508928,0.0,0.0,-0.0167812207414234,0,-0.3395622360152768
100,jump,1406508928,0.05555555555555555,0.021714956057608183,,0,-0.3395622360152768
100,jump,1406508928,0.1111111111111111,0.025258502959599374,,0,-0.3395622360152768
100,jump,1406508928,0.16666666666666666,0.070457500139318,,0,-0.3395622360152768
100,jump,1406508928,0.2222222222222222,0.03526838913198134,,0,-0.3395622360152768
100,jump,1406508928,0.2777777777777778,0.023416784887566648,,0,-0.3395622360152768
100,jump,1406508928,0.3333333333333333,0.02184509786595274,,0,-0.3395622360152768
100,jump,1406508928,0.38888888888888884,0.061791304950919355,,0,-0.3395622360152768
100,jump,1406508928,0.4444444444444444,0.09435682885714303,,0,-0.3395622360152768
100,jump,1406508928,0.5,0.031464876515443725,,0,-0.3395622360152768
100,jump,1406508928,0.5555555555555556,-0.042689741143474985,,0,-0.3395622360152768
100,jump,1406508928,0.611111111111111,0.0605294797944513,,0,-0.3395622360152768
100,jump,1406508928,0.6666666666666666,0.025834527025277075,,0,-0.3395622360152768
100,jump,1406508928,0.7222222222222222,0.037636568290831035,,0,-0.3395622360152768
100,jump,1406508928,0.7777777777777777,0.09322422497224435,,0,-0.3395622360152768
100,jump,1406508928,0.8333333333333333,0.11887222398546055,,0,-0.3395622360152768
100,jump,1406508928,0.8888888888888888,0.047201716621018644,,0,-0.3395622360152768
100,jump,1406508928,0.9444444444444444,0.0964334205184791,,0,-0.3395622360152768
100,jump,1406508928,1.0,0.10909615966439543,0.10671080214498116,0,-0.3395622360152768
101,branch_reorganization,55184300,0.0,-0.3395622360152768,-0.34841375559263965,0,-0.3395622360152768
101,branch_reorganization,55184300,0.05555555555555555,-0.33922229605679516,,0,-0.3395622360152768
101,branch_reorganization,55184300,0.1111111111111111,-0.33490665831712746,,0,-0.3395622360152768
101,branch_reorganization,55184300,0.16666666666666666,-0.44765086628633083,,0,-0.3395622360152768
101,branch_reorganization,55184300,0.2222222222222222,-0.420178777777882,,0,-0.3395622360152768
101,branch_reorganization,55184300,0.2777777777777778,-0.3138698905499973,,0,-0.3395622360152768
101,branch_reorganization,55184300,0.3333333333333333,-0.37909291574099757,,0,-0.3395622360152768
101,branch_reorganization,55184300,0.38888888888888884,-0.3595479981795005,,0,-0.3395622360152768
101,branch_reorganization,55184300,0.4444444444444444,-0.3115749957891433,,0,-0.3395622360152768
101,branch_reorganization,55184300,0.5,-0.4068035611915717,,0,-0.3395622360152768
101,branch_reorganization,55184300,0.5555555555555556,-0.48249794948148284,,0,-0.3395622360152768
101,branch_reorganization,55184300,0.611111111111111,-0.41939515058953997,,0,-0.3395622360152768
101,branch_reorganization,55184300,0.6666666666666666,-0.4067016965273097,,0,-0.3395622360152768
101,branch_reorganization,55184300,0.7222222222222222,-0.3586333816871447,,1,0.3395622360152768
101,branch_reorganization,55184300,0.7777777777777777,-0.263994114905165,,1,0.3395622360152768
101,branch_reorganization,55184300,0.8333333333333333,-0.17847034160663053,,1,0.3395622360152768
101,branch_reorganization,55184300,0.8888888888888888,-0.29589672810572487,,1,0.3395622360152768
101,branch_reorganization,55184300,0.9444444444444444,-0.28396618081168407,,1,0.3395622360152768
101,branch_reorganization,55184300,1.0,-0.2847451657940758,-0.29522116954068006,0,-0.3395622360152768
102,retention,521949761,0.0,0.0,0.01872380229209055,0,-0.3395622360152768
102,retention,521949761,0.05555555555555555,-0.09851609902021326,,0,-0.3395622360152768
102,retention,521949761,0.1111111111111111,-0.089697916330848,,0,-0.3395622360152768
102,retention,521949761,0.16666666666666666,-0.12607790439310115,,0,-0.3395622360152768
102,retention,521949761,0.2222222222222222,-0.08228346470634891,,0,-0.3395622360152768
102,retention,521949761,0.2777777777777778,-0.11020844816128011,,0,-0.3395622360152768
102,retention,521949761,0.3333333333333333,-0.11092881976208921,,0,-0.3395622360152768
102,retention,521949761,0.38888888888888884,-0.05209293054904348,,0,-0.3395622360152768
102,retention,521949761,0.4444444444444444,0.03732050323244136,,0,-0.3395622360152768
102,retention,521949761,0.5,0.053889831216482456,,0,-0.3395622360152768
102,retention,521949761,0.5555555555555556,0.0403960490638837,,0,-0.3395622360152768
102,retention,521949761,0.611111111111111,0.07984359094519526,,0,-0.3395622360152768
102,retention,521949761,0.6666666666666666,0.038628986008673094,,0,-0.3395622360152768
102,retention,521949761,0.7222222222222222,0.06294368087406228,,0,-0.3395622360152768
102,retention,521949761,0.7777777777777777,0.11087295298061596,,0,-0.3395622360152768
102,retention,521949761,0.8333333333333333,0.14116154146494178,,0,-0.3395622360152768
102,retention,521949761,0.8888888888888888,0.1765501375314023,,0,-0.3395622360152768
102,retention,521949761,0.9444444444444444,0.23203405080391865,,0,-0.3395622360152768
102,retention,521949761,1.0,0.21480618228153553,0.27168061064588644,0,-0.3395622360152768
103,jump,2024993382,0.0,0.0,-0.07424863689497431,0,-0.3395622360152768
103,jump,2024993382,0.05555555555555555,0.07583116156831121,,0,-0.3395622360152768
103,jump,2024993382,0.1111111111111111,0.06951370524572237,,0,-0.3395622360152768
103,jump,2024993382,0.16666666666666666,0.15901384647309819,,0,-0.3395622360152768
103,jump,2024993382,0.2222222222222222,0.14189342427554663,,0,-0.3395622360152768
103,jump,2024993382,0.2777777777777778,0.2799995897461617,,0,-0.3395622360152768
103,jump,2024993382,0.3333333333333333,0.24925805930357642,,0,-0.3395622360152768
103,jump,2024993382,0.38888888888888884,0.09989974489823586,,0,-0.3395622360152768
103,jump,2024993382,0.4444444444444444,0.11947200773298206,,0,-0.3395622360152768
103,jump,2024993382,0.5,0.03299653160229843,,0,-0.3395622360152768
103,jump,2024993382,0.5555555555555556,0.012717590620676133,,0,-0.3395622360152768
103,jump,2024993382,0.611111111111111,0.0018709218931417231,,0,-0.3395622360152768
103,jump,2024993382,0.6666666666666666,0.027245498728367925,,0,-0.3395622360152768
103,jump,2024993382,0.7222222222222222,-0.034267416439459526,,0,-0.3395622360152768
103,jump,2024993382,0.7777777777777777,-0.062208790618054635,,0,-0.3395622360152768
103,jump,2024993382,0.8333333333333333,-0.2369894427528055,,0,-0.3395622360152768
103,jump,2024993382,0.8888888888888888,-0.20786757084341223,,0,-0.3395622360152768
103,jump,2024993382,0.9444444444444444,-0.21004392225771246,,0,-0.3395622360152768
103,jump,2024993382,1.0,-0.12952923760291576,-0.15212010305593365,0,-0.3395622360152768
104,branch_reorganization,911310033,0.0,-0.3395622360152768,-0.2808485885881245,0,-0.3395622360152768
104,branch_reorganization,911310033,0.05555555555555555,-0.35450348957064104,,0,-0.3395622360152768
104,branch_reorganization,911310033,0.1111111111111111,-0.3530627047425402,,0,-0.3395622360152768
104,branch_reorganization,911310033,0.16666666666666666,-0.32192425284654697,,1,0.3395622360152768
104,branch_reorganization,911310033,0.2222222222222222,-0.3334278953211633,,1,0.3395622360152768
104,branch_reorganization,911310033,0.2777777777777778,-0.3318840150316317,,1,0.3395622360152768
104,branch_reorganization,911310033,0.3333333333333333,-0.40812776374585275,,1,0.3395622360152768
104,branch_reorganization,911310033,0.38888888888888884,-0.4425758793498876,,1,0.3395622360152768
104,branch_reorganization,911310033,0.4444444444444444,-0.3681945073555975,,1,0.3395622360152768
104,branch_reorganization,911310033,0.5,-0.3272219597964988,,1,0.3395622360152768
104,branch_reorganization,911310033,0.5555555555555556,-0.26840361436084836,,1,0.3395622360152768
104,branch_reorganization,911310033,0.611111111111111,-0.22260737084910942,,1,0.3395622360152768
104,branch_reorganization,911310033,0.6666666666666666,-0.1387373828637084,,1,0.3395622360152768
104,branch_reorganization,911310033,0.7222222222222222,-0.1231505740923003,,0,-0.3395622360152768
104,branch_reorganization,911310033,0.7777777777777777,-0.1682577467156077,,0,-0.3395622360152768
104,branch_reorganization,911310033,0.8333333333333333,-0.13307346946864587,,0,-0.3395622360152768
104,branch_reorganization,911310033,0.8888888888888888,-0.15940731844589287,,0,-0.3395622360152768
104,branch_reorganization,911310033,0.9444444444444444,-0.29540283134599477,,0,-0.3395622360152768
104,branch_reorganization,911310033,1.0,-0.2628113919788454,-0.23298136872437183,0,-0.3395622360152768
105,retention,667297479,0.0,0.0,0.008132449015915087,0,-0.3395622360152768
105,retention,667297479,0.05555555555555555,0.04087966738835564,,0,-0.3395622360152768
105,retention,667297479,0.1111111111111111,-0.017764400334260716,,0,-0.3395622360152768
105,retention,667297479,0.16666666666666666,-0.10992519603664117,,0,-0.3395622360152768
105,retention,667297479,0.2222222222222222,-0.13703591210296476,,0,-0.3395622360152768
105,retention,667297479,0.2777777777777778,-0.10851038615369939,,0,-0.3395622360152768
105,retention,667297479,0.3333333333333333,-0.08785957641682153,,0,-0.3395622360152768
105,retention,667297479,0.38888888888888884,-0.16067020314033317,,0,-0.3395622360152768
105,retention,667297479,0.4444444444444444,-0.07330609985185257,,0,-0.3395622360152768
105,retention,667297479,0.5,-0.13149968189367245,,0,-0.3395622360152768
105,retention,667297479,0.5555555555555556,-0.1724594656997619,,0,-0.3395622360152768
105,retention,667297479,0.611111111111111,-0.18892287183753417,,0,-0.3395622360152768
105,retention,667297479,0.6666666666666666,-0.1058806357369674,,0,-0.3395622360152768
105,retention,667297479,0.7222222222222222,-0.06371696296992174,,0,-0.3395622360152768
105,retention,667297479,0.7777777777777777,0.0034478706800782077,,0,-0.3395622360152768
105,retention,667297479,0.8333333333333333,0.042594080056351166,,0,-0.3395622360152768
105,retention,667297479,0.8888888888888888,0.07825843034858519,,0,-0.3395622360152768
105,retention,667297479,0.9444444444444444,0.085970709228777,,0,-0.3395622360152768
105,retention,667297479,1.0,0.022080351335154673,-0.0333168590060696,0,-0.3395622360152768
106,jump,1648332803,0.0,0.0,-0.08883842686687192,0,-0.3395622360152768
106,jump,1648332803,0.05555555555555555,-0.07626521472739682,,0,-0.3395622360152768
106,jump,1648332803,0.1111111111111111,-0.13786227251785577,,0,-0.3395622360152768
106,jump,1648332803,0.16666666666666666,-0.14459784947296025,,0,-0.3395622360152768
106,jump,1648332803,0.2222222222222222,-0.20409086038712487,,0,-0.3395622360152768
106,jump,1648332803,0.2777777777777778,-0.16739220278059685,,0,-0.3395622360152768
106,jump,1648332803,0.3333333333333333,-0.1592458274255677,,0,-0.3395622360152768
106,jump,1648332803,0.38888888888888884,-0.11156670356869983,,0,-0.3395622360152768
106,jump,1648332803,0.4444444444444444,-0.06706945068469047,,0,-0.3395622360152768
106,jump,1648332803,0.5,-0.055775756481432105,,0,-0.3395622360152768
106,jump,1648332803,0.5555555555555556,-0.13916856654405765,,0,-0.3395622360152768
106,jump,1648332803,0.611111111111111,-0.18800894609546126,,0,-0.3395622360152768
106,jump,1648332803,0.6666666666666666,-0.17847655963249195,,0,-0.3395622360152768
106,jump,1648332803,0.7222222222222222,-0.22837519714258472,,0,-0.3395622360152768
106,jump,1648332803,0.7777777777777777,-0.21960161900879718,,0,-0.3395622360152768
106,jump,1648332803,0.8333333333333333,-0.2517737383659467,,0,-0.3395622360152768
106,jump,1648332803,0.8888888888888888,-0.32921580459632016,,0,-0.3395622360152768
106,jump,1648332803,0.9444444444444444,-0.2897406898081318,,0,-0.3395622360152768
106,jump,1648332803,1.0,-0.3354604838362504,-0.31521101807297813,0,-0.3395622360152768
107,branch_reorganization,1943535441,0.0,-0.3395622360152768,-0.2815269834644127,0,-0.3395622360152768
107,branch_reorganization,1943535441,0.05555555555555555,-0.3157101714199014,,0,-0.3395622360152768
107,branch_reorganization,1943535441,0.1111111111111111,-0.3606226306463208,,0,-0.3395622360152768
107,branch_reorganization,1943535441,0.16666666666666666,-0.4415304193455582,,0,-0.3395622360152768
107,branch_reorganization,1943535441,0.2222222222222222,-0.4699072616089803,,0,-0.3395622360152768
107,branch_reorganization,1943535441,0.2777777777777778,-0.47745674784493547,,0,-0.3395622360152768
107,branch_reorganization,1943535441,0.3333333333333333,-0.43828454610757644,,0,-0.3395622360152768
107,branch_reorganization,1943535441,0.38888888888888884,-0.4028705663591369,,0,-0.3395622360152768
107,branch_reorganization,1943535441,0.4444444444444444,-0.5064259982683058,,0,-0.3395622360152768
107,branch_reorganization,1943535441,0.5,-0.5179379460463553,,0,-0.3395622360152768
107,branch_reorganization,1943535441,0.5555555555555556,-0.5038833983100921,,0,-0.3395622360152768
107,branch_reorganization,1943535441,0.611111111111111,-0.5165810736207883,,1,0.3395622360152768
107,branch_reorganization,1943535441,0.6666666666666666,-0.433121988202425,,1,0.3395622360152768
107,branch_reorganization,1943535441,0.7222222222222222,-0.3837248853551912,,1,0.3395622360152768
107,branch_reorganization,1943535441,0.7777777777777777,-0.39659052668946204,,1,0.3395622360152768
107,branch_reorganization,1943535441,0.8333333333333333,-0.2859845289036693,,1,0.3395622360152768
107,branch_reorganization,1943535441,0.8888888888888888,-0.27171820245814565,,1,0.3395622360152768
107,branch_reorganization,1943535441,0.9444444444444444,-0.24441107929678166,,1,0.3395622360152768
107,branch_reorganization,1943535441,1.0,-0.09129901637183607,-0.12722126558857919,1,0.3395622360152768
108,retention,616950,0.0,0.0,-0.06455722663004371,0,-0.3395622360152768
108,retention,616950,0.05555555555555555,-0.0018040069190385414,,0,-0.3395622360152768
108,retention,616950,0.1111111111111111,-0.07323477641909318,,0,-0.3395622360152768
108,retention,616950,0.16666666666666666,-0.041296850559099055,,0,-0.3395622360152768
108,retention,616950,0.2222222222222222,-0.060341918702084975,,0,-0.3395622360152768
108,retention,616950,0.2777777777777778,-0.06874183244195517,,0,-0.3395622360152768
108,retention,616950,0.3333333333333333,-0.07387947448487878,,0,-0.3395622360152768
108,retention,616950,0.38888888888888884,-0.010281657246656091,,0,-0.3395622360152768
108,retention,616950,0.4444444444444444,-0.11895103875654267,,0,-0.3395622360152768
108,retention,616950,0.5,-0.018265921579693367,,0,-0.3395622360152768
108,retention,616950,0.5555555555555556,-0.11483117770890294,,0,-0.3395622360152768
108,retention,616950,0.611111111111111,0.06936153463568487,,0,-0.3395622360152768
108,retention,616950,0.6666666666666666,0.07798145962434043,,0,-0.3395622360152768
108,retention,616950,0.7222222222222222,0.17611557740206868,,0,-0.3395622360152768
108,retention,616950,0.7777777777777777,0.19086805638833254,,0,-0.3395622360152768
108,retention,616950,0.8333333333333333,0.22251993169615084,,0,-0.3395622360152768
108,retention,616950,0.8888888888888888,0.11824201144048047,,0,-0.3395622360152768
108,retention,616950,0.9444444444444444,0.1796858680569488,,0,-0.3395622360152768
108,retention,616950,1.0,0.034333301460655274,0.031871124634038156,0,-0.3395622360152768
109,jump,1006144055,0.0,0.0,-0.07215722903339188,0,-0.3395622360152768
109,jump,1006144055,0.05555555555555555,0.01154904339961794,,0,-0.3395622360152768
109,jump,1006144055,0.1111111111111111,-0.017325735768252394,,0,-0.3395622360152768
109,jump,1006144055,0.16666666666666666,-0.06110951577124253,,0,-0.3395622360152768
109,jump,1006144055,0.2222222222222222,-0.04858435928692696,,0,-0.3395622360152768
109,jump,1006144055,0.2777777777777778,-0.10814349398703219,,0,-0.3395622360152768
109,jump,1006144055,0.3333333333333333,-0.2061774245751621,,0,-0.3395622360152768
109,jump,1006144055,0.38888888888888884,-0.21264792854947995,,0,-0.3395622360152768
109,jump,1006144055,0.4444444444444444,-0.2041225192980835,,0,-0.3395622360152768
109,jump,1006144055,0.5,-0.12333541163894968,,0,-0.3395622360152768
109,jump,1006144055,0.5555555555555556,-0.09386786213865783,,0,-0.3395622360152768
109,jump,1006144055,0.611111111111111,-0.040093018414119004,,0,-0.3395622360152768
109,jump,1006144055,0.6666666666666666,-0.044951651352702834,,0,-0.3395622360152768
109,jump,1006144055,0.7222222222222222,-0.019025386227887894,,0,-0.3395622360152768
109,jump,1006144055,0.7777777777777777,-0.027870773706602705,,0,-0.3395622360152768
109,jump,1006144055,0.8333333333333333,-0.06998859006519839,,0,-0.3395622360152768
109,jump,1006144055,0.8888888888888888,-0.0008174506961190348,,0,-0.3395622360152768
109,jump,1006144055,0.9444444444444444,-0.06491578161302536,,0,-0.3395622360152768
109,jump,1006144055,1.0,-0.011156108070791572,0.01599565022190429,0,-0.3395622360152768
110,branch_reorganization,1306925032,0.0,-0.3395622360152768,-0.3222320469667421,0,-0.3395622360152768
110,branch_reorganization,1306925032,0.05555555555555555,-0.3437835954596411,,0,-0.3395622360152768
110,branch_reorganization,1306925032,0.1111111111111111,-0.3803761659609412,,0,-0.3395622360152768
110,branch_reorganization,1306925032,0.16666666666666666,-0.2864144484658402,,0,-0.3395622360152768
110,branch_reorganization,1306925032,0.2222222222222222,-0.27707397281465346,,0,-0.3395622360152768
110,branch_reorganization,1306925032,0.2777777777777778,-0.2669977456986159,,0,-0.3395622360152768
110,branch_reorganization,1306925032,0.3333333333333333,-0.26117306125275064,,0,-0.3395622360152768
110,branch_reorganization,1306925032,0.38888888888888884,-0.28678034561284405,,0,-0.3395622360152768
110,branch_reorganization,1306925032,0.4444444444444444,-0.2717465014848688,,0,-0.3395622360152768
110,branch_reorganization,1306925032,0.5,-0.3311953679843245,,0,-0.3395622360152768
110,branch_reorganization,1306925032,0.5555555555555556,-0.27909474456970274,,0,-0.3395622360152768
110,branch_reorganization,1306925032,0.611111111111111,-0.3016636991869486,,0,-0.3395622360152768
110,branch_reorganization,1306925032,0.6666666666666666,-0.3145312692850417,,0,-0.3395622360152768
110,branch_reorganization,1306925032,0.7222222222222222,-0.277619906537441,,1,0.3395622360152768
110,branch_reorganization,1306925032,0.7777777777777777,-0.3292291890016472,,1,0.3395622360152768
110,branch_reorganization,1306925032,0.8333333333333333,-0.38339732791189557,,1,0.3395622360152768
110,branch_reorganization,1306925032,0.8888888888888888,-0.31510791982339353,,1,0.3395622360152768
110,branch_reorganization,1306925032,0.9444444444444444,-0.37040089625123895,,1,0.3395622360152768
110,branch_reorganization,1306925032,1.0,-0.3142233480674634,-0.2671621865048137,1,0.3395622360152768
111,retention,243326441,0.0,0.0,-0.008591600855521353,0,-0.3395622360152768
111,retention,243326441,0.05555555555555555,-0.032900003321950186,,0,-0.3395622360152768
111,retention,243326441,0.1111111111111111,-0.03820694267710318,,0,-0.3395622360152768
111,retention,243326441,0.16666666666666666,0.04991759816997836,,0,-0.3395622360152768
111,retention,243326441,0.2222222222222222,-0.022282420339392123,,0,-0.3395622360152768
111,retention,243326441,0.2777777777777778,0.08536475366190985,,0,-0.3395622360152768
111,retention,243326441,0.3333333333333333,0.09698076598744657,,0,-0.3395622360152768
111,retention,243326441,0.38888888888888884,0.1657968066435166,,0,-0.3395622360152768
111,retention,243326441,0.4444444444444444,0.13276085689015144,,0,-0.3395622360152768
111,retention,243326441,0.5,0.11601107611351977,,0,-0.3395622360152768
111,retention,243326441,0.5555555555555556,0.24223015406473408,,0,-0.3395622360152768
111,retention,243326441,0.611111111111111,0.2546615812840436,,0,-0.3395622360152768
111,retention,243326441,0.6666666666666666,0.26081679920238754,,0,-0.3395622360152768
111,retention,243326441,0.7222222222222222,0.22135009402829245,,0,-0.3395622360152768
111,retention,243326441,0.7777777777777777,0.27650899415215113,,0,-0.3395622360152768
111,retention,243326441,0.8333333333333333,0.2879054400608415,,0,-0.3395622360152768
111,retention,243326441,0.8888888888888888,0.3602101590582237,,0,-0.3395622360152768
111,retention,243326441,0.9444444444444444,0.3671363696557759,,0,-0.3395622360152768
111,retention,243326441,1.0,0.3690321556979603,0.3526784408449105,0,-0.3395622360152768
112,jump,1660022565,0.0,0.0,0.016469092761563067,0,-0.3395622360152768
112,jump,1660022565,0.05555555555555555,-0.0028552168951719225,,0,-0.3395622360152768
112,jump,1660022565,0.1111111111111111,-0.001850494166535311,,0,-0.3395622360152768
112,jump,1660022565,0.16666666666666666,-0.011815488802132214,,0,-0.3395622360152768
112,jump,1660022565,0.2222222222222222,-0.010725830902183878,,0,-0.3395622360152768
112,jump,1660022565,0.2777777777777778,-0.07259781762810238,,0,-0.3395622360152768
112,jump,1660022565,0.3333333333333333,0.013870447395798041,,0,-0.3395622360152768
112,jump,1660022565,0.38888888888888884,-0.005590773512953284,,0,-0.3395622360152768
112,jump,1660022565,0.4444444444444444,-0.09267094977169,,0,-0.3395622360152768
112,jump,1660022565,0.5,-0.07999671369968744,,0,-0.3395622360152768
112,jump,1660022565,0.5555555555555556,-0.08300108838446221,,0,-0.3395622360152768
112,jump,1660022565,0.611111111111111,-0.10863787563689094,,0,-0.3395622360152768
112,jump,1660022565,0.6666666666666666,-0.12729557148632317,,0,-0.3395622360152768
112,jump,1660022565,0.7222222222222222,-0.11174745861284704,,0,-0.3395622360152768
112,jump,1660022565,0.7777777777777777,-0.06030595213666976,,0,-0.3395622360152768
112,jump,1660022565,0.8333333333333333,-0.043095296316205005,,0,-0.3395622360152768
112,jump,1660022565,0.8888888888888888,-0.010735409821171361,,0,-0.3395622360152768
112,jump,1660022565,0.9444444444444444,-0.04459640115325923,,0,-0.3395622360152768
112,jump,1660022565,1.0,-0.12046234684452853,-0.13048202843417994,0,-0.3395622360152768
113,branch_reorganization,527261063,0.0,-0.3395622360152768,-0.35144438639167097,0,-0.3395622360152768
113,branch_reorganization,527261063,0.05555555555555555,-0.3348215698564104,,1,0.3395622360152768
113,branch_reorganization,527261063,0.1111111111111111,-0.2718670629698676,,1,0.3395622360152768
113,branch_reorganization,527261063,0.16666666666666666,-0.2005853012365977,,1,0.3395622360152768
113,branch_reorganization,527261063,0.2222222222222222,-0.19674691602783662,,1,0.3395622360152768
113,branch_reorganization,527261063,0.2777777777777778,-0.1767943844760949,,1,0.3395622360152768
113,branch_reorganization,527261063,0.3333333333333333,-0.03206625620588853,,1,0.3395622360152768
113,branch_reorganization,527261063,0.38888888888888884,-0.01760612530213764,,1,0.3395622360152768
113,branch_reorganization,527261063,0.4444444444444444,0.013177407726608432,,1,0.3395622360152768
113,branch_reorganization,527261063,0.5,0.03185777090974992,,1,0.3395622360152768
113,branch_reorganization,527261063,0.5555555555555556,0.09134656972348643,,1,0.3395622360152768
113,branch_reorganization,527261063,0.611111111111111,0.10073759280399001,,1,0.3395622360152768
113,branch_reorganization,527261063,0.6666666666666666,0.11012284520418653,,1,0.3395622360152768
113,branch_reorganization,527261063,0.7222222222222222,0.1623167505305237,,1,0.3395622360152768
113,branch_reorganization,527261063,0.7777777777777777,0.11318132364040118,,1,0.3395622360152768
113,branch_reorganization,527261063,0.8333333333333333,0.06153413231879307,,1,0.3395622360152768
113,branch_reorganization,527261063,0.8888888888888888,0.11384968405029677,,1,0.3395622360152768
113,branch_reorganization,527261063,0.9444444444444444,0.12986865978315576,,1,0.3395622360152768
113,branch_reorganization,527261063,1.0,0.12366214569803856,0.05655641004316389,1,0.3395622360152768
114,retention,1805502598,0.0,0.0,0.028450938085649625,0,-0.3395622360152768
114,retention,1805502598,0.05555555555555555,0.043749036735537164,,0,-0.3395622360152768
114,retention,1805502598,0.1111111111111111,0.10952604564116407,,0,-0.3395622360152768
114,retention,1805502598,0.16666666666666666,0.21287286439814493,,0,-0.3395622360152768
114,retention,1805502598,0.2222222222222222,0.1711525908246475,,0,-0.3395622360152768
114,retention,1805502598,0.2777777777777778,0.09008076689283606,,0,-0.3395622360152768
114,retention,1805502598,0.3333333333333333,0.06200186694786647,,0,-0.3395622360152768
114,retention,1805502598,0.38888888888888884,0.12986020433234455,,0,-0.3395622360152768
114,retention,1805502598,0.4444444444444444,0.11071436079790155,,0,-0.3395622360152768
114,retention,1805502598,0.5,-0.05726504687155519,,0,-0.3395622360152768
114,retention,1805502598,0.5555555555555556,-0.07419802018599383,,0,-0.3395622360152768
114,retention,1805502598,0.611111111111111,-0.023846714530702334,,0,-0.3395622360152768
114,retention,1805502598,0.6666666666666666,0.0746440610117555,,0,-0.3395622360152768
114,retention,1805502598,0.7222222222222222,0.12240923327877341,,0,-0.3395622360152768
114,retention,1805502598,0.7777777777777777,0.06186918144495033,,0,-0.3395622360152768
114,retention,1805502598,0.8333333333333333,0.06600793674149494,,0,-0.3395622360152768
114,retention,1805502598,0.8888888888888888,0.10481107195563986,,0,-0.3395622360152768
114,retention,1805502598,0.9444444444444444,0.043397877746432494,,0,-0.3395622360152768
114,retention,1805502598,1.0,-0.05084988697391486,-0.056818801275909145,0,-0.3395622360152768
115,jump,655207985,0.0,0.0,-0.0280450521664334,0,-0.3395622360152768
115,jump,655207985,0.05555555555555555,0.05681194862879964,,0,-0.3395622360152768
115,jump,655207985,0.1111111111111111,0.022293459178857583,,0,-0.3395622360152768
115,jump,655207985,0.16666666666666666,-0.059328668947554494,,0,-0.3395622360152768
115,jump,655207985,0.2222222222222222,0.029672811180749013,,0,-0.3395622360152768
115,jump,655207985,0.2777777777777778,0.03443517938512501,,0,-0.3395622360152768
115,jump,655207985,0.3333333333333333,0.06756594337067526,,0,-0.3395622360152768
115,jump,655207985,0.38888888888888884,0.09711605507295418,,0,-0.3395622360152768
115,jump,655207985,0.4444444444444444,0.006001772246653089,,0,-0.3395622360152768
115,jump,655207985,0.5,-5.4618080026520334e-05,,0,-0.3395622360152768
115,jump,655207985,0.5555555555555556,-0.02429793586382687,,0,-0.3395622360152768
115,jump,655207985,0.611111111111111,-0.10853696748130726,,0,-0.3395622360152768
115,jump,655207985,0.6666666666666666,-0.19223777996534855,,0,-0.3395622360152768
115,jump,655207985,0.7222222222222222,-0.22291165741777602,,0,-0.3395622360152768
115,jump,655207985,0.7777777777777777,-0.20525929866803302,,0,-0.3395622360152768
115,jump,655207985,0.8333333333333333,-0.17363887764628466,,0,-0.3395622360152768
115,jump,655207985,0.8888888888888888,-0.12444065722326322,,0,-0.3395622360152768
115,jump,655207985,0.9444444444444444,-0.0017635766122858498,,0,-0.3395622360152768
115,jump,655207985,1.0,0.02399017395863868,-0.054116807481429045,0,-0.3395622360152768
116,branch_reorganization,481557531,0.0,-0.3395622360152768,-0.4206642553843576,0,-0.3395622360152768
116,branch_reorganization,481557531,0.05555555555555555,-0.34023864156445516,,0,-0.3395622360152768
116,branch_reorganization,481557531,0.1111111111111111,-0.32459294045933457,,0,-0.3395622360152768
116,branch_reorganization,481557531,0.16666666666666666,-0.33606462559141725,,0,-0.3395622360152768
116,branch_reorganization,481557531,0.2222222222222222,-0.2888414435043131,,0,-0.3395622360152768
116,branch_reorganization,481557531,0.2777777777777778,-0.2777317382681994,,0,-0.3395622360152768
116,branch_reorganization,481557531,0.3333333333333333,-0.25324302163655155,,0,-0.3395622360152768
116,branch_reorganization,481557531,0.38888888888888884,-0.29102865816522777,,0,-0.3395622360152768
116,branch_reorganization,481557531,0.4444444444444444,-0.26097071411929507,,0,-0.3395622360152768
116,branch_reorganization,481557531,0.5,-0.21267053571436279,,0,-0.3395622360152768
116,branch_reorganization,481557531,0.5555555555555556,-0.28980923036335715,,0,-0.3395622360152768
116,branch_reorganization,481557531,0.611111111111111,-0.24863922943254388,,0,-0.3395622360152768
116,branch_reorganization,481557531,0.6666666666666666,-0.2061426333866643,,0,-0.3395622360152768
116,branch_reorganization,481557531,0.7222222222222222,-0.2938952809925587,,0,-0.3395622360152768
116,branch_reorganization,481557531,0.7777777777777777,-0.29959914583257563,,0,-0.3395622360152768
116,branch_reorganization,481557531,0.8333333333333333,-0.23950687770996315,,0,-0.3395622360152768
116,branch_reorganization,481557531,0.8888888888888888,-0.20375744414058755,,0,-0.3395622360152768
116,branch_reorganization,481557531,0.9444444444444444,-0.26078003183481596,,0,-0.3395622360152768
116,branch_reorganization,481557531,1.0,-0.2702503902515015,-0.34202926355902785,0,-0.3395622360152768
117,retention,185612012,0.0,0.0,0.004966133623040468,0,-0.3395622360152768
117,retention,185612012,0.05555555555555555,-0.023749279042219996,,0,-0.3395622360152768
117,retention,185612012,0.1111111111111111,-0.04626983162442541,,0,-0.3395622360152768
117,retention,185612012,0.16666666666666666,-0.06526558727667342,,0,-0.3395622360152768
117,retention,185612012,0.2222222222222222,-0.13434794565118297,,0,-0.3395622360152768
117,retention,185612012,0.2777777777777778,-0.10780799260751157,,0,-0.3395622360152768
117,retention,185612012,0.3333333333333333,-0.1657452733423967,,0,-0.3395622360152768
117,retention,185612012,0.38888888888888884,-0.11474379913922159,,0,-0.3395622360152768
117,retention,185612012,0.4444444444444444,-0.07351032162956081,,0,-0.3395622360152768
117,retention,185612012,0.5,0.01753886467737284,,0,-0.3395622360152768
117,retention,185612012,0.5555555555555556,-0.020522970206670873,,0,-0.3395622360152768
117,retention,185612012,0.611111111111111,-0.0783239549871046,,0,-0.3395622360152768
117,retention,185612012,0.6666666666666666,-0.08121760859504402,,0,-0.3395622360152768
117,retention,185612012,0.7222222222222222,-0.07010388121283205,,0,-0.3395622360152768
117,retention,185612012,0.7777777777777777,-0.10250935150504514,,0,-0.3395622360152768
117,retention,185612012,0.8333333333333333,-0.18409963455269135,,0,-0.3395622360152768
117,retention,185612012,0.8888888888888888,-0.1717855345590211,,0,-0.3395622360152768
117,retention,185612012,0.9444444444444444,-0.29925695079692327,,0,-0.3395622360152768
117,retention,185612012,1.0,-0.3091000758206616,-0.2736683873456593,0,-0.3395622360152768
118,jump,2088036323,0.0,0.0,-0.007150826570472075,0,-0.3395622360152768
118,jump,2088036323,0.05555555555555555,0.05467695641024688,,0,-0.3395622360152768
118,jump,2088036323,0.1111111111111111,0.08544165716090689,,0,-0.3395622360152768
118,jump,2088036323,0.16666666666666666,0.1507897206172248,,0,-0.3395622360152768
118,jump,2088036323,0.2222222222222222,0.09266953193096342,,0,-0.3395622360152768
118,jump,2088036323,0.2777777777777778,0.05094216635334539,,0,-0.3395622360152768
118,jump,2088036323,0.3333333333333333,0.07157447531898166,,0,-0.3395622360152768
118,jump,2088036323,0.38888888888888884,-0.003559813220144925,,0,-0.3395622360152768
118,jump,2088036323,0.4444444444444444,0.03540689424809714,,0,-0.3395622360152768
118,jump,2088036323,0.5,0.00606176040751194,,0,-0.3395622360152768
118,jump,2088036323,0.5555555555555556,-0.005549034907790005,,0,-0.3395622360152768
118,jump,2088036323,0.611111111111111,0.039188976051534194,,0,-0.3395622360152768
118,jump,2088036323,0.6666666666666666,0.041283664531277874,,0,-0.3395622360152768
118,jump,2088036323,0.7222222222222222,0.012614400798814675,,0,-0.3395622360152768
118,jump,2088036323,0.7777777777777777,0.023578127426764656,,0,-0.3395622360152768
118,jump,2088036323,0.8333333333333333,0.046122009874932604,,0,-0.3395622360152768
118,jump,2088036323,0.8888888888888888,0.03329747767217456,,0,-0.3395622360152768
118,jump,2088036323,0.9444444444444444,0.05140739283321874,,0,-0.3395622360152768
118,jump,2088036323,1.0,0.015733786144958996,-0.041056535188774675,0,-0.3395622360152768
119,branch_reorganization,632444554,0.0,-0.3395622360152768,-0.3660307655361065,0,-0.3395622360152768
119,branch_reorganization,632444554,0.05555555555555555,-0.3610108109905334,,0,-0.3395622360152768
119,branch_reorganization,632444554,0.1111111111111111,-0.25830928789098534,,0,-0.3395622360152768
119,branch_reorganization,632444554,0.16666666666666666,-0.18973057162848989,,0,-0.3395622360152768
119,branch_reorganization,632444554,0.2222222222222222,-0.21822226217645704,,0,-0.3395622360152768
119,branch_reorganization,632444554,0.2777777777777778,-0.16219506708454806,,0,-0.3395622360152768
119,branch_reorganization,632444554,0.3333333333333333,-0.19366476834118834,,0,-0.3395622360152768
119,branch_reorganization,632444554,0.38888888888888884,-0.18404450909943534,,0,-0.3395622360152768
119,branch_reorganization,632444554,0.4444444444444444,-0.23138613077328066,,0,-0.3395622360152768
119,branch_reorganization,632444554,0.5,-0.3468166308433377,,0,-0.3395622360152768
119,branch_reorganization,632444554,0.5555555555555556,-0.34695758511685043,,0,-0.3395622360152768
119,branch_reorganization,632444554,0.611111111111111,-0.3345237590464318,,0,-0.3395622360152768
119,branch_reorganization,632444554,0.6666666666666666,-0.23771563757531972,,1,0.3395622360152768
119,branch_reorganization,632444554,0.7222222222222222,-0.21380786940027088,,1,0.3395622360152768
119,branch_reorganization,632444554,0.7777777777777777,-0.18907631313861448,,1,0.3395622360152768
119,branch_reorganization,632444554,0.8333333333333333,-0.1992112044407977,,1,0.3395622360152768
119,branch_reorganization,632444554,0.8888888888888888,-0.14906212690449872,,1,0.3395622360152768
119,branch_reorganization,632444554,0.9444444444444444,-0.17034118722553332,,1,0.3395622360152768
119,branch_reorganization,632444554,1.0,-0.12102023340289879,-0.05945386291350474,1,0.3395622360152768
120,retention,1179174580,0.0,0.0,0.05000051668795749,0,-0.3395622360152768
120,retention,1179174580,0.05555555555555555,-0.005599481317732363,,0,-0.3395622360152768
120,retention,1179174580,0.1111111111111111,-0.03509717779275576,,0,-0.3395622360152768
120,retention,1179174580,0.16666666666666666,0.010391757308778893,,0,-0.3395622360152768
120,retention,1179174580,0.2222222222222222,-0.10717558847770928,,0,-0.3395622360152768
120,retention,1179174580,0.2777777777777778,-0.10964614440099704,,0,-0.3395622360152768
120,retention,1179174580,0.3333333333333333,-0.06033613547866942,,0,-0.3395622360152768
120,retention,1179174580,0.38888888888888884,0.004649075561713803,,0,-0.3395622360152768
120,retention,1179174580,0.4444444444444444,-0.03107983095724178,,0,-0.3395622360152768
120,retention,1179174580,0.5,-0.0580410250828699,,0,-0.3395622360152768
120,retention,1179174580,0.5555555555555556,-0.061651014133322926,,0,-0.3395622360152768
120,retention,1179174580,0.611111111111111,-0.019985281767471073,,0,-0.3395622360152768
120,retention,1179174580,0.6666666666666666,0.014343777702400622,,0,-0.3395622360152768
120,retention,1179174580,0.7222222222222222,0.031092690070763776,,0,-0.3395622360152768
120,retention,1179174580,0.7777777777777777,0.07170484268981367,,0,-0.3395622360152768
120,retention,1179174580,0.8333333333333333,0.12791525871258758,,0,-0.3395622360152768
120,retention,1179174580,0.8888888888888888,0.024447627610842945,,0,-0.3395622360152768
120,retention,1179174580,0.9444444444444444,0.03337180968243981,,0,-0.3395622360152768
120,retention,1179174580,1.0,0.08431864276641766,0.08194570454635419,0,-0.3395622360152768
120,retention,1179174580,1.0555555555555556,0.10514970455158697,,0,-0.3395622360152768
120,retention,1179174580,1.1111111111111112,0.17560702805002437,,0,-0.3395622360152768
120,retention,1179174580,1.1666666666666667,0.1717742085553743,,0,-0.3395622360152768
120,retention,1179174580,1.2222222222222223,0.15548701003880402,,0,-0.3395622360152768
120,retention,1179174580,1.2777777777777777,0.15790967576493048,,0,-0.3395622360152768
120,retention,1179174580,1.3333333333333333,0.2382803696130517,,0,-0.3395622360152768
120,retention,1179174580,1.3888888888888888,0.308320424098263,,0,-0.3395622360152768
120,retention,1179174580,1.4444444444444444,0.31334304209529545,,0,-0.3395622360152768
120,retention,1179174580,1.5,0.2541500687413439,,0,-0.3395622360152768
120,retention,1179174580,1.5555555555555556,0.3175335544781526,,0,-0.3395622360152768
120,retention,1179174580,1.6111111111111112,0.2351978957120563,,0,-0.3395622360152768
120,retention,1179174580,1.6666666666666665,0.12477986733891844,,0,-0.3395622360152768
120,retention,1179174580,1.7222222222222223,0.11835193343133557,,0,-0.3395622360152768
120,retention,1179174580,1.7777777777777777,0.12480466365648589,,0,-0.3395622360152768
120,retention,1179174580,1.8333333333333333,0.14168739262891109,,0,-0.3395622360152768
120,retention,1179174580,1.8888888888888888,0.2055214135250002,,0,-0.3395622360152768
120,retention,1179174580,1.9444444444444444,0.13081753968975124,,0,-0.3395622360152768
120,retention,1179174580,2.0,0.13316762204288873,0.07397627325073954,0,-0.3395622360152768
120,retention,1179174580,2.0555555555555554,0.2567194111604091,,0,-0.3395622360152768
120,retention,1179174580,2.111111111111111,0.35115660689128003,,0,-0.3395622360152768
120,retention,1179174580,2.1666666666666665,0.2594648933448952,,0,-0.3395622360152768
120,retention,1179174580,2.2222222222222223,0.24580373126786256,,0,-0.3395622360152768
120,retention,1179174580,2.2777777777777777,0.1692296549042534,,0,-0.3395622360152768
120,retention,1179174580,2.3333333333333335,0.17811162824516352,,0,-0.3395622360152768
120,retention,1179174580,2.388888888888889,0.11718115995154736,,0,-0.3395622360152768
120,retention,1179174580,2.4444444444444446,0.18322176018559883,,0,-0.3395622360152768
120,retention,1179174580,2.5,0.22728404602713234,,0,-0.3395622360152768
120,retention,1179174580,2.5555555555555554,0.18783524343096283,,0,-0.3395622360152768
120,retention,1179174580,2.611111111111111,0.18213967121238522,,0,-0.3395622360152768
120,retention,1179174580,2.6666666666666665,0.24215688011858436,,0,-0.3395622360152768
120,retention,1179174580,2.7222222222222223,0.20492930954878527,,0,-0.3395622360152768
120,retention,1179174580,2.7777777777777777,0.15188811186137133,,0,-0.3395622360152768
120,retention,1179174580,2.833333333333333,0.2085499476930655,,0,-0.3395622360152768
120,retention,1179174580,2.888888888888889,0.17658693670745126,,0,-0.3395622360152768
120,retention,1179174580,2.9444444444444446,0.19892804298073813,,0,-0.3395622360152768
120,retention,1179174580,3.0,0.20963940589070273,0.1903873501472553,0,-0.3395622360152768
121,jump,1140683322,0.0,0.0,-0.015348231907876158,0,-0.3395622360152768
121,jump,1140683322,0.05555555555555555,-0.07347630705564558,,0,-0.3395622360152768
121,jump,1140683322,0.1111111111111111,-0.11506231347638912,,0,-0.3395622360152768
121,jump,1140683322,0.16666666666666666,-0.12011994299108951,,0,-0.3395622360152768
121,jump,1140683322,0.2222222222222222,-0.09383438699435494,,0,-0.3395622360152768
121,jump,1140683322,0.2777777777777778,-0.06374475685944006,,0,-0.3395622360152768
121,jump,1140683322,0.3333333333333333,-0.15614206502555794,,0,-0.3395622360152768
121,jump,1140683322,0.38888888888888884,-0.1488176188670484,,0,-0.3395622360152768
121,jump,1140683322,0.4444444444444444,-0.13843891418086368,,0,-0.3395622360152768
121,jump,1140683322,0.5,-0.0868853876214165,,0,-0.3395622360152768
121,jump,1140683322,0.5555555555555556,-0.09478248971333544,,0,-0.3395622360152768
121,jump,1140683322,0.611111111111111,-0.06886360337948973,,0,-0.3395622360152768
121,jump,1140683322,0.6666666666666666,-0.0999796538565682,,0,-0.3395622360152768
121,jump,1140683322,0.7222222222222222,-0.08411775836549033,,0,-0.3395622360152768
121,jump,1140683322,0.7777777777777777,-0.07607935398611929,,0,-0.3395622360152768
121,jump,1140683322,0.8333333333333333,-0.0516209141009369,,0,-0.3395622360152768
121,jump,1140683322,0.8888888888888888,-0.09416917296818628,,0,-0.3395622360152768
121,jump,1140683322,0.9444444444444444,-0.05048674314130984,,0,-0.3395622360152768
121,jump,1140683322,1.0,-0.04456808327625595,0.031237719970503168,0,-0.3395622360152768
122,branch_reorganization,146763163,0.0,-0.3395622360152768,-0.37031317000431446,0,-0.3395622360152768
122,branch_reorganization,146763163,0.05555555555555555,-0.2746715311389679,,0,-0.3395622360152768
122,branch_reorganization,146763163,0.1111111111111111,-0.2172223537557943,,0,-0.3395622360152768
122,branch_reorganization,146763163,0.16666666666666666,-0.14952973978872267,,0,-0.3395622360152768
122,branch_reorganization,146763163,0.2222222222222222,-0.12658598024596784,,0,-0.3395622360152768
122,branch_reorganization,146763163,0.2777777777777778,-0.14943329319603682,,0,-0.3395622360152768
122,branch_reorganization,146763163,0.3333333333333333,-0.13094719704826835,,0,-0.3395622360152768
122,branch_reorganization,146763163,0.38888888888888884,-0.13975889509496603,,0,-0.3395622360152768
122,branch_reorganization,146763163,0.4444444444444444,-0.1539789860239461,,0,-0.3395622360152768
122,branch_reorganization,146763163,0.5,-0.2206902362634816,,0,-0.3395622360152768
122,branch_reorganization,146763163,0.5555555555555556,-0.2795311271011072,,0,-0.3395622360152768
122,branch_reorganization,146763163,0.611111111111111,-0.30746277078768447,,1,0.3395622360152768
122,branch_reorganization,146763163,0.6666666666666666,-0.2609317009055798,,1,0.3395622360152768
122,branch_reorganization,146763163,0.7222222222222222,-0.275208243833277,,1,0.3395622360152768
122,branch_reorganization,146763163,0.7777777777777777,-0.18514902024495472,,1,0.3395622360152768
122,branch_reorganization,146763163,0.8333333333333333,-0.2327092795553981,,1,0.3395622360152768
122,branch_reorganization,146763163,0.8888888888888888,-0.15467671824402057,,1,0.3395622360152768
122,branch_reorganization,146763163,0.9444444444444444,-0.14321472846730746,,1,0.3395622360152768
122,branch_reorganization,146763163,1.0,-0.103568448582004,-0.06451399925865127,1,0.3395622360152768
123,retention,2056505219,0.0,0.0,-0.039475612038242694,0,-0.3395622360152768
123,retention,2056505219,0.05555555555555555,-0.046591221912892944,,0,-0.3395622360152768
123,retention,2056505219,0.1111111111111111,-0.005324558677125765,,0,-0.3395622360152768
123,retention,2056505219,0.16666666666666666,-0.059016180600218716,,0,-0.3395622360152768
123,retention,2056505219,0.2222222222222222,-0.03514356477970676,,0,-0.3395622360152768
123,retention,2056505219,0.2777777777777778,-0.10640091246984684,,0,-0.3395622360152768
123,retention,2056505219,0.3333333333333333,-0.13919916204966423,,0,-0.3395622360152768
123,retention,2056505219,0.38888888888888884,-0.1047937922492046,,0,-0.3395622360152768
123,retention,2056505219,0.4444444444444444,-0.1316511741291536,,0,-0.3395622360152768
123,retention,2056505219,0.5,-0.17297272316394074,,0,-0.3395622360152768
123,retention,2056505219,0.5555555555555556,-0.1751757366921654,,0,-0.3395622360152768
123,retention,2056505219,0.611111111111111,-0.17064277153332996,,0,-0.3395622360152768
123,retention,2056505219,0.6666666666666666,-0.11083061897526744,,0,-0.3395622360152768
123,retention,2056505219,0.7222222222222222,-0.05086444543386878,,0,-0.3395622360152768
123,retention,2056505219,0.7777777777777777,-0.09281771995701935,,0,-0.3395622360152768
123,retention,2056505219,0.8333333333333333,-0.037614645066254816,,0,-0.3395622360152768
123,retention,2056505219,0.8888888888888888,0.01360621044706297,,0,-0.3395622360152768
123,retention,2056505219,0.9444444444444444,-0.0035774600047365906,,0,-0.3395622360152768
123,retention,2056505219,1.0,-0.02145896506556302,0.017341977855190583,0,-0.3395622360152768
124,jump,1838332595,0.0,0.0,0.036987722434914515,0,-0.3395622360152768
124,jump,1838332595,0.05555555555555555,-0.0492309407506574,,0,-0.3395622360152768
124,jump,1838332595,0.1111111111111111,-0.05708287433906727,,0,-0.3395622360152768
124,jump,1838332595,0.16666666666666666,-0.17434232898102822,,0,-0.3395622360152768
124,jump,1838332595,0.2222222222222222,-0.14386134901316872,,0,-0.3395622360152768
124,jump,1838332595,0.2777777777777778,-0.08340141706510595,,0,-0.3395622360152768
124,jump,1838332595,0.3333333333333333,-0.043744573713594026,,0,-0.3395622360152768
124,jump,1838332595,0.38888888888888884,0.0024430958714924816,,0,-0.3395622360152768
124,jump,1838332595,0.4444444444444444,-0.10202276428096374,,0,-0.3395622360152768
124,jump,1838332595,0.5,-0.17445082263512657,,0,-0.3395622360152768
124,jump,1838332595,0.5555555555555556,-0.16624603655632492,,0,-0.3395622360152768
124,jump,1838332595,0.611111111111111,-0.17009528319017278,,0,-0.3395622360152768
124,jump,1838332595,0.6666666666666666,-0.2994689317104535,,0,-0.3395622360152768
124,jump,1838332595,0.7222222222222222,-0.3233434927500029,,0,-0.3395622360152768
124,jump,1838332595,0.7777777777777777,-0.3520358107983126,,0,-0.3395622360152768
124,jump,1838332595,0.8333333333333333,-0.4178526115156931,,0,-0.3395622360152768
124,jump,1838332595,0.8888888888888888,-0.41265101506725066,,0,-0.3395622360152768
124,jump,1838332595,0.9444444444444444,-0.3621104150339626,,0,-0.3395622360152768
124,jump,1838332595,1.0,-0.39448784022246114,-0.37799767210200025,0,-0.3395622360152768
125,branch_reorganization,1745239808,0.0,-0.3395622360152768,-0.359892071309636,0,-0.3395622360152768
125,branch_reorganization,1745239808,0.05555555555555555,-0.293787715826852,,0,-0.3395622360152768
125,branch_reorganization,1745239808,0.1111111111111111,-0.3259792576917833,,0,-0.3395622360152768
125,branch_reorganization,1745239808,0.16666666666666666,-0.30335954024586903,,0,-0.3395622360152768
125,branch_reorganization,1745239808,0.2222222222222222,-0.36889435077807065,,0,-0.3395622360152768
125,branch_reorganization,1745239808,0.2777777777777778,-0.46928630547146916,,0,-0.3395622360152768
125,branch_reorganization,1745239808,0.3333333333333333,-0.4463565450398833,,0,-0.3395622360152768
125,branch_reorganization,1745239808,0.38888888888888884,-0.5483879101776493,,0,-0.3395622360152768
125,branch_reorganization,1745239808,0.4444444444444444,-0.506934998752615,,0,-0.3395622360152768
125,branch_reorganization,1745239808,0.5,-0.4595738447714426,,0,-0.3395622360152768
125,branch_reorganization,1745239808,0.5555555555555556,-0.5271617601196793,,0,-0.3395622360152768
125,branch_reorganization,1745239808,0.611111111111111,-0.5562707323753833,,0,-0.3395622360152768
125,branch_reorganization,1745239808,0.6666666666666666,-0.48335092528596557,,0,-0.3395622360152768
125,branch_reorganization,1745239808,0.7222222222222222,-0.4255180289123301,,0,-0.3395622360152768
125,branch_reorganization,1745239808,0.7777777777777777,-0.5056222930413824,,0,-0.3395622360152768
125,branch_reorganization,1745239808,0.8333333333333333,-0.5829091503689489,,0,-0.3395622360152768
125,branch_reorganization,1745239808,0.8888888888888888,-0.5702482877557716,,0,-0.3395622360152768
125,branch_reorganization,1745239808,0.9444444444444444,-0.5492266805494793,,1,0.3395622360152768
125,branch_reorganization,1745239808,1.0,-0.543704527551452,-0.5005812684422469,1,0.3395622360152768
126,retention,1678187593,0.0,0.0,-0.11079700662103999,0,-0.3395622360152768
126,retention,1678187593,0.05555555555555555,-0.008691955731206515,,0,-0.3395622360152768
126,retention,1678187593,0.1111111111111111,-0.07002067725483975,,0,-0.3395622360152768
126,retention,1678187593,0.16666666666666666,-0.17921621152184491,,0,-0.3395622360152768
126,retention,1678187593,0.2222222222222222,-0.19990372299233283,,0,-0.3395622360152768
126,retention,1678187593,0.2777777777777778,-0.23089585260901782,,0,-0.3395622360152768
126,retention,1678187593,0.3333333333333333,-0.2169128057220839,,0,-0.3395622360152768
126,retention,1678187593,0.38888888888888884,-0.18303075568009408,,0,-0.3395622360152768
126,retention,1678187593,0.4444444444444444,-0.16791383728220421,,0,-0.3395622360152768
126,retention,1678187593,0.5,-0.2149756426158749,,0,-0.3395622360152768
126,retention,1678187593,0.5555555555555556,-0.19139637258085007,,0,-0.3395622360152768
126,retention,1678187593,0.611111111111111,-0.20872011780403987,,0,-0.3395622360152768
126,retention,1678187593,0.6666666666666666,-0.18117665123484095,,0,-0.3395622360152768
126,retention,1678187593,0.7222222222222222,-0.12480453916873538,,0,-0.3395622360152768
126,retention,1678187593,0.7777777777777777,-0.06082803034709032,,0,-0.3395622360152768
126,retention,1678187593,0.8333333333333333,-0.039108564477793054,,0,-0.3395622360152768
126,retention,1678187593,0.8888888888888888,0.07871643875697769,,0,-0.3395622360152768
126,retention,1678187593,0.9444444444444444,0.0994836161504302,,0,-0.3395622360152768
126,retention,1678187593,1.0,0.06892782342996479,0.06405692287387671,0,-0.3395622360152768
127,jump,2121419517,0.0,0.0,0.09465873963586272,0,-0.3395622360152768
127,jump,2121419517,0.05555555555555555,0.005485077691123506,,0,-0.3395622360152768
127,jump,2121419517,0.1111111111111111,-0.04196469918513496,,0,-0.3395622360152768
127,jump,2121419517,0.16666666666666666,0.030405318713301113,,0,-0.3395622360152768
127,jump,2121419517,0.2222222222222222,0.0131411634524469,,0,-0.3395622360152768
127,jump,2121419517,0.2777777777777778,-0.15279325401692934,,0,-0.3395622360152768
127,jump,2121419517,0.3333333333333333,-0.1552633910077968,,0,-0.3395622360152768
127,jump,2121419517,0.38888888888888884,-0.15147162779138992,,0,-0.3395622360152768
127,jump,2121419517,0.4444444444444444,-0.14660880609545254,,0,-0.3395622360152768
127,jump,2121419517,0.5,-0.1487445231354303,,0,-0.3395622360152768
127,jump,2121419517,0.5555555555555556,-0.11531960951561006,,0,-0.3395622360152768
127,jump,2121419517,0.611111111111111,-0.07983825626529904,,0,-0.3395622360152768
127,jump,2121419517,0.6666666666666666,-0.09158665700323439,,0,-0.3395622360152768
127,jump,2121419517,0.7222222222222222,-0.01276565879590598,,0,-0.3395622360152768
127,jump,2121419517,0.7777777777777777,0.03804898696510439,,0,-0.3395622360152768
127,jump,2121419517,0.8333333333333333,-0.01078309649758976,,0,-0.3395622360152768
127,jump,2121419517,0.8888888888888888,-0.008015902840659339,,0,-0.3395622360152768
127,jump,2121419517,0.9444444444444444,-0.0008136594100934206,,0,-0.3395622360152768
127,jump,2121419517,1.0,-0.07693980028725278,-0.08578675325939406,0,-0.3395622360152768
128,branch_reorganization,168501094,0.0,-0.3395622360152768,-0.2794336177116267,0,-0.3395622360152768
128,branch_reorganization,168501094,0.05555555555555555,-0.299647252621972,,0,-0.3395622360152768
128,branch_reorganization,168501094,0.1111111111111111,-0.2611036372925972,,0,-0.3395622360152768
128,branch_reorganization,168501094,0.16666666666666666,-0.3017760461935337,,0,-0.3395622360152768
128,branch_reorganization,168501094,0.2222222222222222,-0.3199737583526713,,0,-0.3395622360152768
128,branch_reorganization,168501094,0.2777777777777778,-0.35763058282313676,,0,-0.3395622360152768
128,branch_reorganization,168501094,0.3333333333333333,-0.33462387913964187,,0,-0.3395622360152768
128,branch_reorganization,168501094,0.38888888888888884,-0.38444670856671825,,0,-0.3395622360152768
128,branch_reorganization,168501094,0.4444444444444444,-0.251854511988174,,0,-0.3395622360152768
128,branch_reorganization,168501094,0.5,-0.23445484419671256,,0,-0.3395622360152768
128,branch_reorganization,168501094,0.5555555555555556,-0.34731317369673237,,0,-0.3395622360152768
128,branch_reorganization,168501094,0.611111111111111,-0.29795267394865355,,0,-0.3395622360152768
128,branch_reorganization,168501094,0.6666666666666666,-0.2938126608902133,,0,-0.3395622360152768
128,branch_reorganization,168501094,0.7222222222222222,-0.30472941929250136,,0,-0.3395622360152768
128,branch_reorganization,168501094,0.7777777777777777,-0.37408735030464113,,0,-0.3395622360152768
128,branch_reorganization,168501094,0.8333333333333333,-0.39616018755671223,,0,-0.3395622360152768
128,branch_reorganization,168501094,0.8888888888888888,-0.3903989624650624,,0,-0.3395622360152768
128,branch_reorganization,168501094,0.9444444444444444,-0.4138595245062601,,0,-0.3395622360152768
128,branch_reorganization,168501094,1.0,-0.5033401405627523,-0.4384148776117644,0,-0.3395622360152768
129,retention,1277454599,0.0,0.0,0.04944709778162643,0,-0.3395622360152768
129,retention,1277454599,0.05555555555555555,0.11057903392063649,,0,-0.3395622360152768
129,retention,1277454599,0.1111111111111111,0.12972848313374713,,0,-0.3395622360152768
129,retention,1277454599,0.16666666666666666,0.19495676795223046,,0,-0.3395622360152768
129,retention,1277454599,0.2222222222222222,0.2784685049957115,,0,-0.3395622360152768
129,retention,1277454599,0.2777777777777778,0.3927277047876469,,0,-0.3395622360152768
129,retention,1277454599,0.3333333333333333,0.4464683735464435,,0,-0.3395622360152768
129,retention,1277454599,0.38888888888888884,0.37690215727235404,,0,-0.3395622360152768
129,retention,1277454599,0.4444444444444444,0.3118419625998992,,0,-0.3395622360152768
129,retention,1277454599,0.5,0.34810996779502357,,0,-0.3395622360152768
129,retention,1277454599,0.5555555555555556,0.4114735195691213,,0,-0.3395622360152768
129,retention,1277454599,0.611111111111111,0.4147791911694039,,0,-0.3395622360152768
129,retention,1277454599,0.6666666666666666,0.353042160087346,,0,-0.3395622360152768
129,retention,1277454599,0.7222222222222222,0.41827575730406696,,0,-0.3395622360152768
129,retention,1277454599,0.7777777777777777,0.3338369559980873,,0,-0.3395622360152768
129,retention,1277454599,0.8333333333333333,0.38518858055979954,,0,-0.3395622360152768
129,retention,1277454599,0.8888888888888888,0.4338088544156962,,0,-0.3395622360152768
129,retention,1277454599,0.9444444444444444,0.3343978962643863,,0,-0.3395622360152768
129,retention,1277454599,1.0,0.2840695460050421,0.29610933005180845,0,-0.3395622360152768
130,jump,1092260294,0.0,0.0,0.06435006674092249,0,-0.3395622360152768
130,jump,1092260294,0.05555555555555555,0.0012338785822640283,,0,-0.3395622360152768
130,jump,1092260294,0.1111111111111111,-0.08700453148154344,,0,-0.3395622360152768
130,jump,1092260294,0.16666666666666666,-0.11210971739123146,,0,-0.3395622360152768
130,jump,1092260294,0.2222222222222222,-0.04246920119797887,,0,-0.3395622360152768
130,jump,1092260294,0.2777777777777778,0.09213385556120528,,0,-0.3395622360152768
130,jump,1092260294,0.3333333333333333,0.06327389744008331,,0,-0.3395622360152768
130,jump,1092260294,0.38888888888888884,0.01328207602906048,,0,-0.3395622360152768
130,jump,1092260294,0.4444444444444444,-0.04887645382758883,,0,-0.3395622360152768
130,jump,1092260294,0.5,-0.01928261998969221,,0,-0.3395622360152768
130,jump,1092260294,0.5555555555555556,-0.051299162268167456,,0,-0.3395622360152768
130,jump,1092260294,0.611111111111111,-0.09960534892114764,,0,-0.3395622360152768
130,jump,1092260294,0.6666666666666666,-0.13043362659933086,,0,-0.3395622360152768
130,jump,1092260294,0.7222222222222222,-0.1341421071846805,,0,-0.3395622360152768
130,jump,1092260294,0.7777777777777777,-0.2784336009113829,,0,-0.3395622360152768
130,jump,1092260294,0.8333333333333333,-0.3013676867642955,,0,-0.3395622360152768
130,jump,1092260294,0.8888888888888888,-0.22469237552613913,,0,-0.3395622360152768
130,jump,1092260294,0.9444444444444444,-0.19905073847198487,,0,-0.3395622360152768
130,jump,1092260294,1.0,-0.28112765290731667,-0.21052571789211116,0,-0.3395622360152768
131,branch_reorganization,1530161870,0.0,-0.3395622360152768,-0.29323305698491087,0,-0.3395622360152768
131,branch_reorganization,1530161870,0.05555555555555555,-0.3927259319001874,,0,-0.3395622360152768
131,branch_reorganization,1530161870,0.1111111111111111,-0.4405166015246104,,0,-0.3395622360152768
131,branch_reorganization,1530161870,0.16666666666666666,-0.36030773893318063,,0,-0.3395622360152768
131,branch_reorganization,1530161870,0.2222222222222222,-0.29545052509947234,,0,-0.3395622360152768
131,branch_reorganization,1530161870,0.2777777777777778,-0.2774803319613253,,0,-0.3395622360152768
131,branch_reorganization,1530161870,0.3333333333333333,-0.26396919970902427,,0,-0.3395622360152768
131,branch_reorganization,1530161870,0.38888888888888884,-0.19724689901059272,,0,-0.3395622360152768
131,branch_reorganization,1530161870,0.4444444444444444,-0.26064147081706196,,0,-0.3395622360152768
131,branch_reorganization,1530161870,0.5,-0.23576691517343842,,0,-0.3395622360152768
131,branch_reorganization,1530161870,0.5555555555555556,-0.23012553421751314,,0,-0.3395622360152768
131,branch_reorganization,1530161870,0.611111111111111,-0.262772538966445,,0,-0.3395622360152768
131,branch_reorganization,1530161870,0.6666666666666666,-0.26317828235333574,,0,-0.3395622360152768
131,branch_reorganization,1530161870,0.7222222222222222,-0.15246963164108973,,1,0.3395622360152768
131,branch_reorganization,1530161870,0.7777777777777777,-0.1685492435471993,,0,-0.3395622360152768
131,branch_reorganization,1530161870,0.8333333333333333,-0.20464479817703154,,0,-0.3395622360152768
131,branch_reorganization,1530161870,0.8888888888888888,-0.19025321665157002,,0,-0.3395622360152768
131,branch_reorganization,1530161870,0.9444444444444444,-0.24501991929873554,,0,-0.3395622360152768
131,branch_reorganization,1530161870,1.0,-0.33744999829997796,-0.38817537811363545,0,-0.3395622360152768
132,retention,444789006,0.0,0.0,-0.02335420551037089,0,-0.3395622360152768
132,retention,444789006,0.05555555555555555,0.10937437639973757,,0,-0.3395622360152768
132,retention,444789006,0.1111111111111111,0.13398857222238583,,0,-0.3395622360152768
132,retention,444789006,0.16666666666666666,0.10666847507670459,,0,-0.3395622360152768
132,retention,444789006,0.2222222222222222,0.15856073405204618,,0,-0.3395622360152768
132,retention,444789006,0.2777777777777778,0.16648262794326701,,0,-0.3395622360152768
132,retention,444789006,0.3333333333333333,0.17710769420931038,,0,-0.3395622360152768
132,retention,444789006,0.38888888888888884,0.0755292457909187,,0,-0.3395622360152768
132,retention,444789006,0.4444444444444444,0.027127377862224404,,0,-0.3395622360152768
132,retention,444789006,0.5,0.10779608728223677,,0,-0.3395622360152768
132,retention,444789006,0.5555555555555556,0.15135199142300512,,0,-0.3395622360152768
132,retention,444789006,0.611111111111111,0.15360598544018553,,0,-0.3395622360152768
132,retention,444789006,0.6666666666666666,0.22974813055971324,,0,-0.3395622360152768
132,retention,444789006,0.7222222222222222,0.22499523490358017,,0,-0.3395622360152768
132,retention,444789006,0.7777777777777777,0.1765121812572718,,0,-0.3395622360152768
132,retention,444789006,0.8333333333333333,0.15580837388440774,,0,-0.3395622360152768
132,retention,444789006,0.8888888888888888,0.11947525992296984,,0,-0.3395622360152768
132,retention,444789006,0.9444444444444444,0.04622260783380601,,0,-0.3395622360152768
132,retention,444789006,1.0,0.11106756027614735,0.057799827672883254,0,-0.3395622360152768
133,jump,233147793,0.0,0.0,0.020195566264167877,0,-0.3395622360152768
133,jump,233147793,0.05555555555555555,0.059943418210796386,,0,-0.3395622360152768
133,jump,233147793,0.1111111111111111,0.08210631688478948,,0,-0.3395622360152768
133,jump,233147793,0.16666666666666666,0.10210352302763356,,0,-0.3395622360152768
133,jump,233147793,0.2222222222222222,-0.04863630240114425,,0,-0.3395622360152768
133,jump,233147793,0.2777777777777778,-0.13065918467980006,,0,-0.3395622360152768
133,jump,233147793,0.3333333333333333,-0.13139814509391168,,0,-0.3395622360152768
133,jump,233147793,0.38888888888888884,-0.12521719967716993,,0,-0.3395622360152768
133,jump,233147793,0.4444444444444444,-0.1270206241298301,,0,-0.3395622360152768
133,jump,233147793,0.5,-0.0242928993236627,,0,-0.3395622360152768
133,jump,233147793,0.5555555555555556,-0.0670509410668315,,0,-0.3395622360152768
133,jump,233147793,0.611111111111111,-0.11340757159099593,,0,-0.3395622360152768
133,jump,233147793,0.6666666666666666,-0.14845919550772194,,0,-0.3395622360152768
133,jump,233147793,0.7222222222222222,-0.1016124394379416,,0,-0.3395622360152768
133,jump,233147793,0.7777777777777777,-0.12993582383806396,,0,-0.3395622360152768
133,jump,233147793,0.8333333333333333,-0.003498827080395839,,0,-0.3395622360152768
133,jump,233147793,0.8888888888888888,-0.010655356526081634,,0,-0.3395622360152768
133,jump,233147793,0.9444444444444444,0.059841608485053654,,0,-0.3395622360152768
133,jump,233147793,1.0,0.017265955818410596,0.020230977796225857,0,-0.3395622360152768
134,branch_reorganization,1075456817,0.0,-0.3395622360152768,-0.37326779865901805,0,-0.3395622360152768
134,branch_reorganization,1075456817,0.05555555555555555,-0.20791008537892774,,0,-0.3395622360152768
134,branch_reorganization,1075456817,0.1111111111111111,-0.26407174011681833,,0,-0.3395622360152768
134,branch_reorganization,1075456817,0.16666666666666666,-0.2467031136149898,,0,-0.3395622360152768
134,branch_reorganization,1075456817,0.2222222222222222,-0.2790330652124943,,0,-0.3395622360152768
134,branch_reorganization,1075456817,0.2777777777777778,-0.31978112723926205,,0,-0.3395622360152768
134,branch_reorganization,1075456817,0.3333333333333333,-0.38196838613845674,,0,-0.3395622360152768
134,branch_reorganization,1075456817,0.38888888888888884,-0.3181415754154758,,0,-0.3395622360152768
134,branch_reorganization,1075456817,0.4444444444444444,-0.26081558297124324,,0,-0.3395622360152768
134,branch_reorganization,1075456817,0.5,-0.3290026568784766,,0,-0.3395622360152768
134,branch_reorganization,1075456817,0.5555555555555556,-0.17857452502013532,,0,-0.3395622360152768
134,branch_reorganization,1075456817,0.611111111111111,-0.1304759657898533,,0,-0.3395622360152768
134,branch_reorganization,1075456817,0.6666666666666666,-0.1192195060729189,,0,-0.3395622360152768
134,branch_reorganization,1075456817,0.7222222222222222,-0.09205589624112581,,0,-0.3395622360152768
134,branch_reorganization,1075456817,0.7777777777777777,-0.11179420169457713,,0,-0.3395622360152768
134,branch_reorganization,1075456817,0.8333333333333333,-0.12038355076366732,,0,-0.3395622360152768
134,branch_reorganization,1075456817,0.8888888888888888,-0.05611009731993306,,1,0.3395622360152768
134,branch_reorganization,1075456817,0.9444444444444444,0.00561822212845399,,1,0.3395622360152768
134,branch_reorganization,1075456817,1.0,0.024126825278162737,0.005432679694855658,1,0.3395622360152768
135,retention,699001621,0.0,0.0,-0.06033789382656721,0,-0.3395622360152768
135,retention,699001621,0.05555555555555555,0.019117681773905902,,0,-0.3395622360152768
135,retention,699001621,0.1111111111111111,-0.03727042519895289,,0,-0.3395622360152768
135,retention,699001621,0.16666666666666666,0.004872546912882844,,0,-0.3395622360152768
135,retention,699001621,0.2222222222222222,-0.07558116301430182,,0,-0.3395622360152768
135,retention,699001621,0.2777777777777778,-0.006639621327793638,,0,-0.3395622360152768
135,retention,699001621,0.3333333333333333,-0.06297194822023394,,0,-0.3395622360152768
135,retention,699001621,0.38888888888888884,-0.12250837488701027,,0,-0.3395622360152768
135,retention,699001621,0.4444444444444444,-0.00190330898997218,,0,-0.3395622360152768
135,retention,699001621,0.5,-0.03341128184003369,,0,-0.3395622360152768
135,retention,699001621,0.5555555555555556,-0.10417121029308865,,0,-0.3395622360152768
135,retention,699001621,0.611111111111111,-0.1542997742852741,,0,-0.3395622360152768
135,retention,699001621,0.6666666666666666,-0.21662475514106969,,0,-0.3395622360152768
135,retention,699001621,0.7222222222222222,-0.13110453332032498,,0,-0.3395622360152768
135,retention,699001621,0.7777777777777777,-0.16331323211601032,,0,-0.3395622360152768
135,retention,699001621,0.8333333333333333,-0.15935969640060368,,0,-0.3395622360152768
135,retention,699001621,0.8888888888888888,-0.23203518241684612,,0,-0.3395622360152768
135,retention,699001621,0.9444444444444444,-0.22260165836990933,,0,-0.3395622360152768
135,retention,699001621,1.0,-0.1865607677352967,-0.20876696607129097,0,-0.3395622360152768
136,jump,1189947884,0.0,0.0,0.04968083542157185,0,-0.3395622360152768
136,jump,1189947884,0.05555555555555555,0.08083761658441321,,0,-0.3395622360152768
136,jump,1189947884,0.1111111111111111,0.16247944670310605,,0,-0.3395622360152768
136,jump,1189947884,0.16666666666666666,0.2298305610781361,,0,-0.3395622360152768
136,jump,1189947884,0.2222222222222222,0.1682047369204652,,0,-0.3395622360152768
136,jump,1189947884,0.2777777777777778,0.13435703032481386,,0,-0.3395622360152768
136,jump,1189947884,0.3333333333333333,0.1568515688386763,,0,-0.3395622360152768
136,jump,1189947884,0.38888888888888884,0.21873438819287422,,0,-0.3395622360152768
136,jump,1189947884,0.4444444444444444,0.16736789664512128,,0,-0.3395622360152768
136,jump,1189947884,0.5,0.203815489208391,,0,-0.3395622360152768
136,jump,1189947884,0.5555555555555556,0.17966966040827345,,0,-0.3395622360152768
136,jump,1189947884,0.611111111111111,0.15021437876386912,,0,-0.3395622360152768
136,jump,1189947884,0.6666666666666666,0.1832095163834176,,0,-0.3395622360152768
136,jump,1189947884,0.7222222222222222,0.05126549665724377,,0,-0.3395622360152768
136,jump,1189947884,0.7777777777777777,-0.03019382166143112,,0,-0.3395622360152768
136,jump,1189947884,0.8333333333333333,-0.15205879557445415,,0,-0.3395622360152768
136,jump,1189947884,0.8888888888888888,-0.21499514916474582,,0,-0.3395622360152768
136,jump,1189947884,0.9444444444444444,-0.22222407066336536,,0,-0.3395622360152768
136,jump,1189947884,1.0,-0.21238960810171245,-0.20815700607071727,0,-0.3395622360152768
137,branch_reorganization,1215499286,0.0,-0.3395622360152768,-0.3472924412040993,0,-0.3395622360152768
137,branch_reorganization,1215499286,0.05555555555555555,-0.2620145071770913,,0,-0.3395622360152768
137,branch_reorganization,1215499286,0.1111111111111111,-0.17945099477905946,,0,-0.3395622360152768
137,branch_reorganization,1215499286,0.16666666666666666,-0.15186689348527957,,0,-0.3395622360152768
137,branch_reorganization,1215499286,0.2222222222222222,-0.176683048097203,,0,-0.3395622360152768
137,branch_reorganization,1215499286,0.2777777777777778,-0.10427251372699639,,0,-0.3395622360152768
137,branch_reorganization,1215499286,0.3333333333333333,-0.23221730154692694,,0,-0.3395622360152768
137,branch_reorganization,1215499286,0.38888888888888884,-0.32781768451979904,,0,-0.3395622360152768
137,branch_reorganization,1215499286,0.4444444444444444,-0.3122129595743774,,0,-0.3395622360152768
137,branch_reorganization,1215499286,0.5,-0.3444879307747387,,0,-0.3395622360152768
137,branch_reorganization,1215499286,0.5555555555555556,-0.32462044985287314,,0,-0.3395622360152768
137,branch_reorganization,1215499286,0.611111111111111,-0.22990856617231825,,0,-0.3395622360152768
137,branch_reorganization,1215499286,0.6666666666666666,-0.22766275042508047,,0,-0.3395622360152768
137,branch_reorganization,1215499286,0.7222222222222222,-0.2717857466348499,,0,-0.3395622360152768
137,branch_reorganization,1215499286,0.7777777777777777,-0.2600990141476216,,0,-0.3395622360152768
137,branch_reorganization,1215499286,0.8333333333333333,-0.22286449181472362,,0,-0.3395622360152768
137,branch_reorganization,1215499286,0.8888888888888888,-0.2572090545281049,,0,-0.3395622360152768
137,branch_reorganization,1215499286,0.9444444444444444,-0.26623231536453723,,0,-0.3395622360152768
137,branch_reorganization,1215499286,1.0,-0.20234784101941886,-0.1367698097141344,0,-0.3395622360152768
138,retention,586301993,0.0,0.0,0.014560581410258405,0,-0.3395622360152768
138,retention,586301993,0.05555555555555555,0.042268503789356794,,0,-0.3395622360152768
138,retention,586301993,0.1111111111111111,0.005066231998569627,,0,-0.3395622360152768
138,retention,586301993,0.16666666666666666,0.04252168358031392,,0,-0.3395622360152768
138,retention,586301993,0.2222222222222222,0.019426177394295245,,0,-0.3395622360152768
138,retention,586301993,0.2777777777777778,0.012487934406861955,,0,-0.3395622360152768
138,retention,586301993,0.3333333333333333,-0.0282835369734264,,0,-0.3395622360152768
138,retention,586301993,0.38888888888888884,-0.07071225394907808,,0,-0.3395622360152768
138,retention,586301993,0.4444444444444444,-0.09797950086091212,,0,-0.3395622360152768
138,retention,586301993,0.5,-0.10991370759836713,,0,-0.3395622360152768
138,retention,586301993,0.5555555555555556,-0.061040353930213564,,0,-0.3395622360152768
138,retention,586301993,0.611111111111111,-0.047713302040398156,,0,-0.3395622360152768
138,retention,586301993,0.6666666666666666,0.03721988264911052,,0,-0.3395622360152768
138,retention,586301993,0.7222222222222222,0.011990539322169463,,0,-0.3395622360152768
138,retention,586301993,0.7777777777777777,0.11009233362090681,,0,-0.3395622360152768
138,retention,586301993,0.8333333333333333,0.0871526316346706,,0,-0.3395622360152768
138,retention,586301993,0.8888888888888888,0.1608222654867704,,0,-0.3395622360152768
138,retention,586301993,0.9444444444444444,0.15102848017821577,,0,-0.3395622360152768
138,retention,586301993,1.0,0.10613161907623145,0.11090016606914456,0,-0.3395622360152768
139,jump,1089461471,0.0,0.0,-0.007269422778553602,0,-0.3395622360152768
139,jump,1089461471,0.05555555555555555,0.06700308230277613,,0,-0.3395622360152768
139,jump,1089461471,0.1111111111111111,0.12495058522469321,,0,-0.3395622360152768
139,jump,1089461471,0.16666666666666666,0.18054238873889605,,0,-0.3395622360152768
139,jump,1089461471,0.2222222222222222,0.16656150631753794,,0,-0.3395622360152768
139,jump,1089461471,0.2777777777777778,0.17121701746351822,,0,-0.3395622360152768
139,jump,1089461471,0.3333333333333333,0.14777203508826098,,0,-0.3395622360152768
139,jump,1089461471,0.38888888888888884,0.1223138630204944,,0,-0.3395622360152768
139,jump,1089461471,0.4444444444444444,0.05448831431565461,,0,-0.3395622360152768
139,jump,1089461471,0.5,0.007908875701741085,,0,-0.3395622360152768
139,jump,1089461471,0.5555555555555556,0.0006687909286523892,,0,-0.3395622360152768
139,jump,1089461471,0.611111111111111,0.011697618013176387,,0,-0.3395622360152768
139,jump,1089461471,0.6666666666666666,0.03145734585448897,,0,-0.3395622360152768
139,jump,1089461471,0.7222222222222222,0.02674243976719106,,0,-0.3395622360152768
139,jump,1089461471,0.7777777777777777,0.08835007055923183,,0,-0.3395622360152768
139,jump,1089461471,0.8333333333333333,0.1275674534079127,,0,-0.3395622360152768
139,jump,1089461471,0.8888888888888888,0.051690854152796326,,0,-0.3395622360152768
139,jump,1089461471,0.9444444444444444,0.0885395283095656,,0,-0.3395622360152768
139,jump,1089461471,1.0,0.10168596556891787,0.15380759560314988,0,-0.3395622360152768
140,branch_reorganization,83507866,0.0,-0.3395622360152768,-0.3186167407349651,0,-0.3395622360152768
140,branch_reorganization,83507866,0.05555555555555555,-0.2901264419213685,,0,-0.3395622360152768
140,branch_reorganization,83507866,0.1111111111111111,-0.29686834575817744,,0,-0.3395622360152768
140,branch_reorganization,83507866,0.16666666666666666,-0.40847466459890386,,0,-0.3395622360152768
140,branch_reorganization,83507866,0.2222222222222222,-0.3223174486930971,,0,-0.3395622360152768
140,branch_reorganization,83507866,0.2777777777777778,-0.2908234134055385,,0,-0.3395622360152768
140,branch_reorganization,83507866,0.3333333333333333,-0.3694884446005029,,0,-0.3395622360152768
140,branch_reorganization,83507866,0.38888888888888884,-0.25701802823349196,,0,-0.3395622360152768
140,branch_reorganization,83507866,0.4444444444444444,-0.2698170460367798,,0,-0.3395622360152768
140,branch_reorganization,83507866,0.5,-0.2320304834308492,,0,-0.3395622360152768
140,branch_reorganization,83507866,0.5555555555555556,-0.1841694214780262,,0,-0.3395622360152768
140,branch_reorganization,83507866,0.611111111111111,-0.21446628772739387,,0,-0.3395622360152768
140,branch_reorganization,83507866,0.6666666666666666,-0.2560322635679752,,0,-0.3395622360152768
140,branch_reorganization,83507866,0.7222222222222222,-0.26895628148711487,,0,-0.3395622360152768
140,branch_reorganization,83507866,0.7777777777777777,-0.2622881778497653,,0,-0.3395622360152768
140,branch_reorganization,83507866,0.8333333333333333,-0.18514853471081838,,0,-0.3395622360152768
140,branch_reorganization,83507866,0.8888888888888888,-0.13231547818792436,,0,-0.3395622360152768
140,branch_reorganization,83507866,0.9444444444444444,-0.16268447890026616,,0,-0.3395622360152768
140,branch_reorganization,83507866,1.0,-0.23297679812796812,-0.19120194337812524,0,-0.3395622360152768
141,retention,716144693,0.0,0.0,-0.06445993282493777,0,-0.3395622360152768
141,retention,716144693,0.05555555555555555,0.06476266383574725,,0,-0.3395622360152768
141,retention,716144693,0.1111111111111111,0.07307885951264484,,0,-0.3395622360152768
141,retention,716144693,0.16666666666666666,0.06316609080771676,,0,-0.3395622360152768
141,retention,716144693,0.2222222222222222,0.013765682645003163,,0,-0.3395622360152768
141,retention,716144693,0.2777777777777778,0.12116745407321736,,0,-0.3395622360152768
141,retention,716144693,0.3333333333333333,0.09813086638531586,,0,-0.3395622360152768
141,retention,716144693,0.38888888888888884,0.0023728107857663855,,0,-0.3395622360152768
141,retention,716144693,0.4444444444444444,0.0019355191550483575,,0,-0.3395622360152768
141,retention,716144693,0.5,0.013677919764837693,,0,-0.3395622360152768
141,retention,716144693,0.5555555555555556,0.008508108597319805,,0,-0.3395622360152768
141,retention,716144693,0.611111111111111,0.035893803096943504,,0,-0.3395622360152768
141,retention,716144693,0.6666666666666666,0.06467399202002191,,0,-0.3395622360152768
141,retention,716144693,0.7222222222222222,0.12748559799660641,,0,-0.3395622360152768
141,retention,716144693,0.7777777777777777,0.11686755567012935,,0,-0.3395622360152768
141,retention,716144693,0.8333333333333333,0.08719154593626195,,0,-0.3395622360152768
141,retention,716144693,0.8888888888888888,0.10732268705135434,,0,-0.3395622360152768
141,retention,716144693,0.9444444444444444,0.10847087060766827,,0,-0.3395622360152768
141,retention,716144693,1.0,0.09607012143346133,0.0979244617968154,0,-0.3395622360152768
142,jump,136546829,0.0,0.0,0.045947810419846885,0,-0.3395622360152768
142,jump,136546829,0.05555555555555555,0.028305944918997402,,0,-0.3395622360152768
142,jump,136546829,0.1111111111111111,0.004216831921099486,,0,-0.3395622360152768
142,jump,136546829,0.16666666666666666,-0.04080268266711397,,0,-0.3395622360152768
142,jump,136546829,0.2222222222222222,-0.025847307419514614,,0,-0.3395622360152768
142,jump,136546829,0.2777777777777778,0.007589649079567159,,0,-0.3395622360152768
142,jump,136546829,0.3333333333333333,0.02175583836100934,,0,-0.3395622360152768
142,jump,136546829,0.38888888888888884,-0.007572572041624134,,0,-0.3395622360152768
142,jump,136546829,0.4444444444444444,-0.10978682705549922,,0,-0.3395622360152768
142,jump,136546829,0.5,-0.12851152436201388,,0,-0.3395622360152768
142,jump,136546829,0.5555555555555556,-0.1315943875132529,,0,-0.3395622360152768
142,jump,136546829,0.611111111111111,-0.14853698449551447,,0,-0.3395622360152768
142,jump,136546829,0.6666666666666666,-0.04350679644369983,,0,-0.3395622360152768
142,jump,136546829,0.7222222222222222,-0.007580567287390282,,0,-0.3395622360152768
142,jump,136546829,0.7777777777777777,0.07381901604501757,,0,-0.3395622360152768
142,jump,136546829,0.8333333333333333,0.11647186284614992,,0,-0.3395622360152768
142,jump,136546829,0.8888888888888888,0.13798444439170734,,0,-0.3395622360152768
142,jump,136546829,0.9444444444444444,0.09616177459294134,,0,-0.3395622360152768
142,jump,136546829,1.0,0.11137003932561838,0.169600265737325,0,-0.3395622360152768
143,branch_reorganization,1324962223,0.0,-0.3395622360152768,-0.322651829770774,0,-0.3395622360152768
143,branch_reorganization,1324962223,0.05555555555555555,-0.2837222926797478,,0,-0.3395622360152768
143,branch_reorganization,1324962223,0.1111111111111111,-0.20345983549217064,,0,-0.3395622360152768
143,branch_reorganization,1324962223,0.16666666666666666,-0.16217182304489255,,1,0.3395622360152768
143,branch_reorganization,1324962223,0.2222222222222222,-0.1414854868261092,,1,0.3395622360152768
143,branch_reorganization,1324962223,0.2777777777777778,-0.06502004946221143,,1,0.3395622360152768
143,branch_reorganization,1324962223,0.3333333333333333,-0.01196500246446678,,1,0.3395622360152768
143,branch_reorganization,1324962223,0.38888888888888884,0.013507758942431688,,1,0.3395622360152768
143,branch_reorganization,1324962223,0.4444444444444444,-0.04806243303239108,,0,-0.3395622360152768
143,branch_reorganization,1324962223,0.5,-0.08824577781522427,,0,-0.3395622360152768
143,branch_reorganization,1324962223,0.5555555555555556,-0.09420104824087261,,1,0.3395622360152768
143,branch_reorganization,1324962223,0.611111111111111,-0.15665027024290015,,0,-0.3395622360152768
143,branch_reorganization,1324962223,0.6666666666666666,-0.16570802399490187,,0,-0.3395622360152768
143,branch_reorganization,1324962223,0.7222222222222222,-0.1838367085236421,,0,-0.3395622360152768
143,branch_reorganization,1324962223,0.7777777777777777,-0.10886607233151567,,0,-0.3395622360152768
143,branch_reorganization,1324962223,0.8333333333333333,-0.1667658543906438,,1,0.3395622360152768
143,branch_reorganization,1324962223,0.8888888888888888,-0.04916267667369113,,1,0.3395622360152768
143,branch_reorganization,1324962223,0.9444444444444444,-0.09961635231266788,,1,0.3395622360152768
143,branch_reorganization,1324962223,1.0,-0.12442099702031836,-0.11063199334459184,1,0.3395622360152768
144,retention,1580553667,0.0,0.0,-0.06314887871949533,0,-0.3395622360152768
144,retention,1580553667,0.05555555555555555,0.04535915398191701,,0,-0.3395622360152768
144,retention,1580553667,0.1111111111111111,0.029407423550327206,,0,-0.3395622360152768
144,retention,1580553667,0.16666666666666666,0.016724679842311588,,0,-0.3395622360152768
144,retention,1580553667,0.2222222222222222,-0.010619140752916242,,0,-0.3395622360152768
144,retention,1580553667,0.2777777777777778,-0.0032596247598458044,,0,-0.3395622360152768
144,retention,1580553667,0.3333333333333333,0.015806428055636375,,0,-0.3395622360152768
144,retention,1580553667,0.38888888888888884,-0.08998717563162956,,0,-0.3395622360152768
144,retention,1580553667,0.4444444444444444,-0.13674552172821314,,0,-0.3395622360152768
144,retention,1580553667,0.5,-0.15291974260839175,,0,-0.3395622360152768
144,retention,1580553667,0.5555555555555556,-0.09266949971203911,,0,-0.3395622360152768
144,retention,1580553667,0.611111111111111,-0.09339099622645416,,0,-0.3395622360152768
144,retention,1580553667,0.6666666666666666,-0.06384861328075539,,0,-0.3395622360152768
144,retention,1580553667,0.7222222222222222,-0.005604609972130657,,0,-0.3395622360152768
144,retention,1580553667,0.7777777777777777,0.038487964464267624,,0,-0.3395622360152768
144,retention,1580553667,0.8333333333333333,0.006724913240244056,,0,-0.3395622360152768
144,retention,1580553667,0.8888888888888888,0.0562983267242037,,0,-0.3395622360152768
144,retention,1580553667,0.9444444444444444,0.14671322484573876,,0,-0.3395622360152768
144,retention,1580553667,1.0,-0.020950875091232113,-0.03458498390304105,0,-0.3395622360152768
145,jump,277929625,0.0,0.0,0.006741168315845794,0,-0.3395622360152768
145,jump,277929625,0.05555555555555555,0.023477610315800868,,0,-0.3395622360152768
145,jump,277929625,0.1111111111111111,-0.004944805055179767,,0,-0.3395622360152768
145,jump,277929625,0.16666666666666666,0.06127961353650892,,0,-0.3395622360152768
145,jump,277929625,0.2222222222222222,0.07976378683534428,,0,-0.3395622360152768
145,jump,277929625,0.2777777777777778,0.1629371710235819,,0,-0.3395622360152768
145,jump,277929625,0.3333333333333333,0.08824642779165186,,0,-0.3395622360152768
145,jump,277929625,0.38888888888888884,0.09437804178241745,,0,-0.3395622360152768
145,jump,277929625,0.4444444444444444,0.034395472805544745,,0,-0.3395622360152768
145,jump,277929625,0.5,0.00806504065392017,,0,-0.3395622360152768
145,jump,277929625,0.5555555555555556,0.005671240999447581,,0,-0.3395622360152768
145,jump,277929625,0.611111111111111,-0.041693280377198425,,0,-0.3395622360152768
145,jump,277929625,0.6666666666666666,-0.08152910563881943,,0,-0.3395622360152768
145,jump,277929625,0.7222222222222222,-0.05213098662769932,,0,-0.3395622360152768
145,jump,277929625,0.7777777777777777,-0.0074054502956000245,,0,-0.3395622360152768
145,jump,277929625,0.8333333333333333,-0.05698333874093281,,0,-0.3395622360152768
145,jump,277929625,0.8888888888888888,-0.15547404895839806,,0,-0.3395622360152768
145,jump,277929625,0.9444444444444444,-0.10483394611758927,,0,-0.3395622360152768
145,jump,277929625,1.0,-0.13557904040294097,-0.11800081721961389,0,-0.3395622360152768
146,branch_reorganization,1825071052,0.0,-0.3395622360152768,-0.35907769908204196,0,-0.3395622360152768
146,branch_reorganization,1825071052,0.05555555555555555,-0.29654351804930235,,0,-0.3395622360152768
146,branch_reorganization,1825071052,0.1111111111111111,-0.25081647104068666,,0,-0.3395622360152768
146,branch_reorganization,1825071052,0.16666666666666666,-0.2258997364462909,,0,-0.3395622360152768
146,branch_reorganization,1825071052,0.2222222222222222,-0.1628547229613924,,0,-0.3395622360152768
146,branch_reorganization,1825071052,0.2777777777777778,-0.08656983996655572,,0,-0.3395622360152768
146,branch_reorganization,1825071052,0.3333333333333333,-0.03277491746135673,,0,-0.3395622360152768
146,branch_reorganization,1825071052,0.38888888888888884,-0.10213022874289454,,0,-0.3395622360152768
146,branch_reorganization,1825071052,0.4444444444444444,-0.12261418486406563,,0,-0.3395622360152768
146,branch_reorganization,1825071052,0.5,-0.15810393566805084,,0,-0.3395622360152768
146,branch_reorganization,1825071052,0.5555555555555556,-0.1556016068297613,,0,-0.3395622360152768
146,branch_reorganization,1825071052,0.611111111111111,-0.08886752275721506,,0,-0.3395622360152768
146,branch_reorganization,1825071052,0.6666666666666666,-0.07776162343474692,,0,-0.3395622360152768
146,branch_reorganization,1825071052,0.7222222222222222,-0.14349679711151742,,0,-0.3395622360152768
146,branch_reorganization,1825071052,0.7777777777777777,-0.18925248496128477,,0,-0.3395622360152768
146,branch_reorganization,1825071052,0.8333333333333333,-0.19634402065856854,,0,-0.3395622360152768
146,branch_reorganization,1825071052,0.8888888888888888,-0.25571045272707105,,0,-0.3395622360152768
146,branch_reorganization,1825071052,0.9444444444444444,-0.22148283812348674,,0,-0.3395622360152768
146,branch_reorganization,1825071052,1.0,-0.08462712173025735,-0.029625759783627192,0,-0.3395622360152768
147,retention,2061200655,0.0,0.0,-0.03251371303994992,0,-0.3395622360152768
147,retention,2061200655,0.05555555555555555,0.010137770493388465,,0,-0.3395622360152768
147,retention,2061200655,0.1111111111111111,-0.053548416383814,,0,-0.3395622360152768
147,retention,2061200655,0.16666666666666666,-0.05915284751183687,,0,-0.3395622360152768
147,retention,2061200655,0.2222222222222222,-0.06113960646977684,,0,-0.3395622360152768
147,retention,2061200655,0.2777777777777778,-0.08932267830854644,,0,-0.3395622360152768
147,retention,2061200655,0.3333333333333333,-0.1220074383252264,,0,-0.3395622360152768
147,retention,2061200655,0.38888888888888884,-0.14031713280350516,,0,-0.3395622360152768
147,retention,2061200655,0.4444444444444444,-0.1365204811767376,,0,-0.3395622360152768
147,retention,2061200655,0.5,-0.10640248888920525,,0,-0.3395622360152768
147,retention,2061200655,0.5555555555555556,-0.07167887691108574,,0,-0.3395622360152768
147,retention,2061200655,0.611111111111111,-0.02335974475662643,,0,-0.3395622360152768
147,retention,2061200655,0.6666666666666666,-0.0228581688067204,,0,-0.3395622360152768
147,retention,2061200655,0.7222222222222222,-0.02461970424676227,,0,-0.3395622360152768
147,retention,2061200655,0.7777777777777777,0.056842720988848516,,0,-0.3395622360152768
147,retention,2061200655,0.8333333333333333,-0.024066541000384058,,0,-0.3395622360152768
147,retention,2061200655,0.8888888888888888,0.021384615807013407,,0,-0.3395622360152768
147,retention,2061200655,0.9444444444444444,0.07361050327681995,,0,-0.3395622360152768
147,retention,2061200655,1.0,0.09052550846221818,0.04077002306797546,0,-0.3395622360152768
148,jump,1382749386,0.0,0.0,0.05627762804918519,0,-0.3395622360152768
148,jump,1382749386,0.05555555555555555,-0.05337987547353454,,0,-0.3395622360152768
148,jump,1382749386,0.1111111111111111,0.016751713305285278,,0,-0.3395622360152768
148,jump,1382749386,0.16666666666666666,0.017902850623834735,,0,-0.3395622360152768
148,jump,1382749386,0.2222222222222222,-0.0059047634819276475,,0,-0.3395622360152768
148,jump,1382749386,0.2777777777777778,-0.033167573355611345,,0,-0.3395622360152768
148,jump,1382749386,0.3333333333333333,-0.07136066914750844,,0,-0.3395622360152768
148,jump,1382749386,0.38888888888888884,-0.12070596957153448,,0,-0.3395622360152768
148,jump,1382749386,0.4444444444444444,-0.059249974701039584,,0,-0.3395622360152768
148,jump,1382749386,0.5,-0.08222328790209552,,0,-0.3395622360152768
148,jump,1382749386,0.5555555555555556,-0.21114283777587942,,0,-0.3395622360152768
148,jump,1382749386,0.611111111111111,-0.16230506560076308,,0,-0.3395622360152768
148,jump,1382749386,0.6666666666666666,-0.11242238295115292,,0,-0.3395622360152768
148,jump,1382749386,0.7222222222222222,-0.09121631449677232,,0,-0.3395622360152768
148,jump,1382749386,0.7777777777777777,-0.16799131364177167,,0,-0.3395622360152768
148,jump,1382749386,0.8333333333333333,-0.1576141494606449,,0,-0.3395622360152768
148,jump,1382749386,0.8888888888888888,-0.25788001843052094,,0,-0.3395622360152768
148,jump,1382749386,0.9444444444444444,-0.2924058157551231,,0,-0.3395622360152768
148,jump,1382749386,1.0,-0.21476082563321297,-0.29339049855507393,0,-0.3395622360152768
149,branch_reorganization,2036124542,0.0,-0.3395622360152768,-0.31237593894764104,0,-0.3395622360152768
149,branch_reorganization,2036124542,0.05555555555555555,-0.3413754304866755,,0,-0.3395622360152768
149,branch_reorganization,2036124542,0.1111111111111111,-0.2741044524418814,,0,-0.3395622360152768
149,branch_reorganization,2036124542,0.16666666666666666,-0.34019342966285043,,0,-0.3395622360152768
149,branch_reorganization,2036124542,0.2222222222222222,-0.3214551602817887,,0,-0.3395622360152768
149,branch_reorganization,2036124542,0.2777777777777778,-0.2921507725204917,,0,-0.3395622360152768
149,branch_reorganization,2036124542,0.3333333333333333,-0.27864714238912947,,0,-0.3395622360152768
149,branch_reorganization,2036124542,0.38888888888888884,-0.2914759722984285,,0,-0.3395622360152768
149,branch_reorganization,2036124542,0.4444444444444444,-0.2516241985487524,,1,0.3395622360152768
149,branch_reorganization,2036124542,0.5,-0.21024014682136288,,1,0.3395622360152768
149,branch_reorganization,2036124542,0.5555555555555556,-0.21010691112791155,,1,0.3395622360152768
149,branch_reorganization,2036124542,0.611111111111111,-0.1405015486391012,,1,0.3395622360152768
149,branch_reorganization,2036124542,0.6666666666666666,-0.010932569947449303,,1,0.3395622360152768
149,branch_reorganization,2036124542,0.7222222222222222,0.03937340431926875,,1,0.3395622360152768
149,branch_reorganization,2036124542,0.7777777777777777,0.10085721517671448,,1,0.3395622360152768
149,branch_reorganization,2036124542,0.8333333333333333,0.20248188674532736,,1,0.3395622360152768
149,branch_reorganization,2036124542,0.8888888888888888,0.23275979819810572,,1,0.3395622360152768
149,branch_reorganization,2036124542,0.9444444444444444,0.24043224127110713,,1,0.3395622360152768
149,branch_reorganization,2036124542,1.0,0.24164495276327302,0.2566849981467751,1,0.3395622360152768
150,retention,521564772,0.0,0.0,0.06628905608117344,0,-0.3395622360152768
150,retention,521564772,0.05555555555555555,0.04915723816452399,,0,-0.3395622360152768
150,retention,521564772,0.1111111111111111,0.04429887240184028,,0,-0.3395622360152768
150,retention,521564772,0.16666666666666666,0.03635890858223312,,0,-0.3395622360152768
150,retention,521564772,0.2222222222222222,0.13648896226259025,,0,-0.3395622360152768
150,retention,521564772,0.2777777777777778,0.07490383522464175,,0,-0.3395622360152768
150,retention,521564772,0.3333333333333333,0.08046671996913503,,0,-0.3395622360152768
150,retention,521564772,0.38888888888888884,0.04090647628582108,,0,-0.3395622360152768
150,retention,521564772,0.4444444444444444,-0.01734654247323701,,0,-0.3395622360152768
150,retention,521564772,0.5,-0.0009792233756506456,,0,-0.3395622360152768
150,retention,521564772,0.5555555555555556,-0.06748890506886182,,0,-0.3395622360152768
150,retention,521564772,0.611111111111111,-0.03773385654025359,,0,-0.3395622360152768
150,retention,521564772,0.6666666666666666,-0.1440315592243322,,0,-0.3395622360152768
150,retention,521564772,0.7222222222222222,-0.03432689851101352,,0,-0.3395622360152768
150,retention,521564772,0.7777777777777777,-0.08205278839972008,,0,-0.3395622360152768
150,retention,521564772,0.8333333333333333,-0.04217272214877756,,0,-0.3395622360152768
150,retention,521564772,0.8888888888888888,-0.09806453002432095,,0,-0.3395622360152768
150,retention,521564772,0.9444444444444444,-0.023774905170750774,,0,-0.3395622360152768
150,retention,521564772,1.0,0.10554535237159499,0.11057658896028236,0,-0.3395622360152768
151,jump,787328161,0.0,0.0,-0.04493997173993513,0,-0.3395622360152768
151,jump,787328161,0.05555555555555555,0.041131304690148716,,0,-0.3395622360152768
151,jump,787328161,0.1111111111111111,0.15605844154329845,,0,-0.3395622360152768
151,jump,787328161,0.16666666666666666,0.07816577636832481,,0,-0.3395622360152768
151,jump,787328161,0.2222222222222222,0.10703159905091729,,0,-0.3395622360152768
151,jump,787328161,0.2777777777777778,0.025919273845910668,,0,-0.3395622360152768
151,jump,787328161,0.3333333333333333,-0.004485156934521308,,0,-0.3395622360152768
151,jump,787328161,0.38888888888888884,0.002056112217841661,,0,-0.3395622360152768
151,jump,787328161,0.4444444444444444,0.042386791640697204,,0,-0.3395622360152768
151,jump,787328161,0.5,-0.013096685554609688,,0,-0.3395622360152768
151,jump,787328161,0.5555555555555556,-0.0033681263128974206,,0,-0.3395622360152768
151,jump,787328161,0.611111111111111,-0.012480115569979874,,0,-0.3395622360152768
151,jump,787328161,0.6666666666666666,-0.06226685240486253,,0,-0.3395622360152768
151,jump,787328161,0.7222222222222222,-0.06464732763076984,,0,-0.3395622360152768
151,jump,787328161,0.7777777777777777,-0.06275802649201974,,0,-0.3395622360152768
151,jump,787328161,0.8333333333333333,-0.06950806952120098,,0,-0.3395622360152768
151,jump,787328161,0.8888888888888888,-0.1806577758689087,,0,-0.3395622360152768
151,jump,787328161,0.9444444444444444,-0.2689466377342402,,0,-0.3395622360152768
151,jump,787328161,1.0,-0.22434062258422421,-0.26061915454547546,0,-0.3395622360152768
152,branch_reorganization,560060998,0.0,-0.3395622360152768,-0.31380935116860825,0,-0.3395622360152768
152,branch_reorganization,560060998,0.05555555555555555,-0.3693534115207721,,0,-0.3395622360152768
152,branch_reorganization,560060998,0.1111111111111111,-0.3087180476142967,,1,0.3395622360152768
152,branch_reorganization,560060998,0.16666666666666666,-0.3931243066174257,,1,0.3395622360152768
152,branch_reorganization,560060998,0.2222222222222222,-0.3609294690974368,,0,-0.3395622360152768
152,branch_reorganization,560060998,0.2777777777777778,-0.3091525804496658,,0,-0.3395622360152768
152,branch_reorganization,560060998,0.3333333333333333,-0.34538128016227015,,0,-0.3395622360152768
152,branch_reorganization,560060998,0.38888888888888884,-0.3357402444466667,,0,-0.3395622360152768
152,branch_reorganization,560060998,0.4444444444444444,-0.2918758725294191,,0,-0.3395622360152768
152,branch_reorganization,560060998,0.5,-0.26274494175785973,,0,-0.3395622360152768
152,branch_reorganization,560060998,0.5555555555555556,-0.24911416763780872,,0,-0.3395622360152768
152,branch_reorganization,560060998,0.611111111111111,-0.2841673439696851,,0,-0.3395622360152768
152,branch_reorganization,560060998,0.6666666666666666,-0.26094221312132104,,0,-0.3395622360152768
152,branch_reorganization,560060998,0.7222222222222222,-0.2631617941192105,,0,-0.3395622360152768
152,branch_reorganization,560060998,0.7777777777777777,-0.25140374128218906,,0,-0.3395622360152768
152,branch_reorganization,560060998,0.8333333333333333,-0.27936524213515396,,1,0.3395622360152768
152,branch_reorganization,560060998,0.8888888888888888,-0.2516232488633193,,1,0.3395622360152768
152,branch_reorganization,560060998,0.9444444444444444,-0.17544295538896065,,1,0.3395622360152768
152,branch_reorganization,560060998,1.0,-0.042882706147756175,0.007688787034936147,1,0.3395622360152768
153,retention,1759805273,0.0,0.0,-0.04530495249579874,0,-0.3395622360152768
153,retention,1759805273,0.05555555555555555,-0.09056405018113103,,0,-0.3395622360152768
153,retention,1759805273,0.1111111111111111,-0.05786799581997469,,0,-0.3395622360152768
153,retention,1759805273,0.16666666666666666,0.02311547007337285,,0,-0.3395622360152768
153,retention,1759805273,0.2222222222222222,-0.05439518796885709,,0,-0.3395622360152768
153,retention,1759805273,0.2777777777777778,0.039871079694546105,,0,-0.3395622360152768
153,retention,1759805273,0.3333333333333333,0.06636561021930407,,0,-0.3395622360152768
153,retention,1759805273,0.38888888888888884,0.005960193519762937,,0,-0.3395622360152768
153,retention,1759805273,0.4444444444444444,-0.03449961158609007,,0,-0.3395622360152768
153,retention,1759805273,0.5,-0.011564431216378797,,0,-0.3395622360152768
153,retention,1759805273,0.5555555555555556,-0.09347845163569357,,0,-0.3395622360152768
153,retention,1759805273,0.611111111111111,-0.05700121545481468,,0,-0.3395622360152768
153,retention,1759805273,0.6666666666666666,-0.07473310106335941,,0,-0.3395622360152768
153,retention,1759805273,0.7222222222222222,-0.0504731800297006,,0,-0.3395622360152768
153,retention,1759805273,0.7777777777777777,-0.09070593404571489,,0,-0.3395622360152768
153,retention,1759805273,0.8333333333333333,-0.11320488735042998,,0,-0.3395622360152768
153,retention,1759805273,0.8888888888888888,-0.1557830051778335,,0,-0.3395622360152768
153,retention,1759805273,0.9444444444444444,-0.10452387002922117,,0,-0.3395622360152768
153,retention,1759805273,1.0,-0.16376501839535057,-0.13747185329525347,0,-0.3395622360152768
154,jump,608038457,0.0,0.0,-0.05202826714432819,0,-0.3395622360152768
154,jump,608038457,0.05555555555555555,-0.05562724868443309,,0,-0.3395622360152768
154,jump,608038457,0.1111111111111111,0.013979499207730832,,0,-0.3395622360152768
154,jump,608038457,0.16666666666666666,-0.0498383239037215,,0,-0.3395622360152768
154,jump,608038457,0.2222222222222222,-0.05428610923896858,,0,-0.3395622360152768
154,jump,608038457,0.2777777777777778,-0.014973211101829233,,0,-0.3395622360152768
154,jump,608038457,0.3333333333333333,0.02198905512416725,,0,-0.3395622360152768
154,jump,608038457,0.38888888888888884,0.015477322173765849,,0,-0.3395622360152768
154,jump,608038457,0.4444444444444444,0.013012221983033324,,0,-0.3395622360152768
154,jump,608038457,0.5,0.01972805740222912,,0,-0.3395622360152768
154,jump,608038457,0.5555555555555556,0.059340800328747195,,0,-0.3395622360152768
154,jump,608038457,0.611111111111111,0.15579332786615124,,0,-0.3395622360152768
154,jump,608038457,0.6666666666666666,0.1807190310460309,,0,-0.3395622360152768
154,jump,608038457,0.7222222222222222,0.19927075707903544,,0,-0.3395622360152768
154,jump,608038457,0.7777777777777777,0.23807443237574824,,0,-0.3395622360152768
154,jump,608038457,0.8333333333333333,0.18206982936779564,,0,-0.3395622360152768
154,jump,608038457,0.8888888888888888,0.15734974324882475,,0,-0.3395622360152768
154,jump,608038457,0.9444444444444444,0.18448033664851032,,0,-0.3395622360152768
154,jump,608038457,1.0,0.1850214597797019,0.24598557314214928,0,-0.3395622360152768
155,branch_reorganization,2067158843,0.0,-0.3395622360152768,-0.3412350958699804,0,-0.3395622360152768
155,branch_reorganization,2067158843,0.05555555555555555,-0.3601850279333153,,0,-0.3395622360152768
155,branch_reorganization,2067158843,0.1111111111111111,-0.37451465646786813,,0,-0.3395622360152768
155,branch_reorganization,2067158843,0.16666666666666666,-0.41452909150956274,,0,-0.3395622360152768
155,branch_reorganization,2067158843,0.2222222222222222,-0.40423528663855157,,0,-0.3395622360152768
155,branch_reorganization,2067158843,0.2777777777777778,-0.3073866972154695,,1,0.3395622360152768
155,branch_reorganization,2067158843,0.3333333333333333,-0.26543000049939275,,1,0.3395622360152768
155,branch_reorganization,2067158843,0.38888888888888884,-0.2036372918558735,,1,0.3395622360152768
155,branch_reorganization,2067158843,0.4444444444444444,-0.18608113111633098,,1,0.3395622360152768
155,branch_reorganization,2067158843,0.5,-0.10662664477285783,,1,0.3395622360152768
155,branch_reorganization,2067158843,0.5555555555555556,-0.00874750617220961,,1,0.3395622360152768
155,branch_reorganization,2067158843,0.611111111111111,0.021909384597700317,,1,0.3395622360152768
155,branch_reorganization,2067158843,0.6666666666666666,-0.0031882955835459068,,1,0.3395622360152768
155,branch_reorganization,2067158843,0.7222222222222222,0.05515402000512316,,1,0.3395622360152768
155,branch_reorganization,2067158843,0.7777777777777777,0.1102498447717096,,0,-0.3395622360152768
155,branch_reorganization,2067158843,0.8333333333333333,0.09764648737131074,,0,-0.3395622360152768
155,branch_reorganization,2067158843,0.8888888888888888,0.11159903113006067,,0,-0.3395622360152768
155,branch_reorganization,2067158843,0.9444444444444444,0.17234338898143514,,0,-0.3395622360152768
155,branch_reorganization,2067158843,1.0,0.0854887928618847,0.10363023721714389,0,-0.3395622360152768
156,retention,519712101,0.0,0.0,0.028060389682938922,0,-0.3395622360152768
156,retention,519712101,0.05555555555555555,-0.08067719200878871,,0,-0.3395622360152768
156,retention,519712101,0.1111111111111111,-0.16372281296747082,,0,-0.3395622360152768
156,retention,519712101,0.16666666666666666,-0.1238587383112652,,0,-0.3395622360152768
156,retention,519712101,0.2222222222222222,-0.1748792810604407,,0,-0.3395622360152768
156,retention,519712101,0.2777777777777778,-0.23827493881459502,,0,-0.3395622360152768
156,retention,519712101,0.3333333333333333,-0.2752362580757719,,0,-0.3395622360152768
156,retention,519712101,0.38888888888888884,-0.3548999385780679,,0,-0.3395622360152768
156,retention,519712101,0.4444444444444444,-0.251409338680139,,0,-0.3395622360152768
156,retention,519712101,0.5,-0.25595354156099054,,0,-0.3395622360152768
156,retention,519712101,0.5555555555555556,-0.14146130022779047,,0,-0.3395622360152768
156,retention,519712101,0.611111111111111,-0.10163043362897937,,0,-0.3395622360152768
156,retention,519712101,0.6666666666666666,-0.15499157558909474,,0,-0.3395622360152768
156,retention,519712101,0.7222222222222222,-0.11982178060071186,,0,-0.3395622360152768
156,retention,519712101,0.7777777777777777,-0.0876409781957884,,0,-0.3395622360152768
156,retention,519712101,0.8333333333333333,-0.12690612350163963,,0,-0.3395622360152768
156,retention,519712101,0.8888888888888888,-0.055621851705650066,,0,-0.3395622360152768
156,retention,519712101,0.9444444444444444,-0.03347696447791812,,0,-0.3395622360152768
156,retention,519712101,1.0,-0.058170336586647595,-0.11144748470216455,0,-0.3395622360152768
157,jump,1896272745,0.0,0.0,-0.04075570675609611,0,-0.3395622360152768
157,jump,1896272745,0.05555555555555555,0.03431842872325109,,0,-0.3395622360152768
157,jump,1896272745,0.1111111111111111,0.04480543579810214,,0,-0.3395622360152768
157,jump,1896272745,0.16666666666666666,0.052794157702860264,,0,-0.3395622360152768
157,jump,1896272745,0.2222222222222222,0.12824308551359642,,0,-0.3395622360152768
157,jump,1896272745,0.2777777777777778,0.24059974730933315,,0,-0.3395622360152768
157,jump,1896272745,0.3333333333333333,0.31926609123311017,,0,-0.3395622360152768
157,jump,1896272745,0.38888888888888884,0.3987256633571328,,0,-0.3395622360152768
157,jump,1896272745,0.4444444444444444,0.4789101917450169,,0,-0.3395622360152768
157,jump,1896272745,0.5,0.4007835077987207,,0,-0.3395622360152768
157,jump,1896272745,0.5555555555555556,0.33460902359768846,,0,-0.3395622360152768
157,jump,1896272745,0.611111111111111,0.26474395416238466,,0,-0.3395622360152768
157,jump,1896272745,0.6666666666666666,0.23629643763550187,,0,-0.3395622360152768
157,jump,1896272745,0.7222222222222222,0.2519684550610472,,0,-0.3395622360152768
157,jump,1896272745,0.7777777777777777,0.21261674559480837,,0,-0.3395622360152768
157,jump,1896272745,0.8333333333333333,0.139662042192243,,0,-0.3395622360152768
157,jump,1896272745,0.8888888888888888,0.07356954949224916,,0,-0.3395622360152768
157,jump,1896272745,0.9444444444444444,0.09398097418340973,,0,-0.3395622360152768
157,jump,1896272745,1.0,0.08197702252843067,0.0613224007990716,0,-0.3395622360152768
158,branch_reorganization,492289232,0.0,-0.3395622360152768,-0.4217514859704535,0,-0.3395622360152768
158,branch_reorganization,492289232,0.05555555555555555,-0.38630447075117624,,0,-0.3395622360152768
158,branch_reorganization,492289232,0.1111111111111111,-0.3833131309902541,,0,-0.3395622360152768
158,branch_reorganization,492289232,0.16666666666666666,-0.3177204895904586,,0,-0.3395622360152768
158,branch_reorganization,492289232,0.2222222222222222,-0.4784392308486546,,0,-0.3395622360152768
158,branch_reorganization,492289232,0.2777777777777778,-0.5007398041065809,,0,-0.3395622360152768
158,branch_reorganization,492289232,0.3333333333333333,-0.597217234661605,,0,-0.3395622360152768
158,branch_reorganization,492289232,0.38888888888888884,-0.514971148009211,,0,-0.3395622360152768
158,branch_reorganization,492289232,0.4444444444444444,-0.4261112352626607,,0,-0.3395622360152768
158,branch_reorganization,492289232,0.5,-0.39695342387156235,,0,-0.3395622360152768
158,branch_reorganization,492289232,0.5555555555555556,-0.40111941525590616,,0,-0.3395622360152768
158,branch_reorganization,492289232,0.611111111111111,-0.3594278524355257,,0,-0.3395622360152768
158,branch_reorganization,492289232,0.6666666666666666,-0.41798393913168774,,0,-0.3395622360152768
158,branch_reorganization,492289232,0.7222222222222222,-0.4466721292048531,,0,-0.3395622360152768
158,branch_reorganization,492289232,0.7777777777777777,-0.43159594894651826,,0,-0.3395622360152768
158,branch_reorganization,492289232,0.8333333333333333,-0.37739904944600144,,0,-0.3395622360152768
158,branch_reorganization,492289232,0.8888888888888888,-0.31944469487443944,,0,-0.3395622360152768
158,branch_reorganization,492289232,0.9444444444444444,-0.18585241053148147,,0,-0.3395622360152768
158,branch_reorganization,492289232,1.0,-0.21157685903245638,-0.2172661384699254,0,-0.3395622360152768
159,retention,1268204373,0.0,0.0,0.04277527282942829,0,-0.3395622360152768
159,retention,1268204373,0.05555555555555555,-0.037739682016934846,,0,-0.3395622360152768
159,retention,1268204373,0.1111111111111111,-0.032570420875202795,,0,-0.3395622360152768
159,retention,1268204373,0.16666666666666666,0.028365239534181852,,0,-0.3395622360152768
159,retention,1268204373,0.2222222222222222,-0.032042787415395374,,0,-0.3395622360152768
159,retention,1268204373,0.2777777777777778,0.03484610857332401,,0,-0.3395622360152768
159,retention,1268204373,0.3333333333333333,0.04418574570891816,,0,-0.3395622360152768
159,retention,1268204373,0.38888888888888884,0.055440023786535716,,0,-0.3395622360152768
159,retention,1268204373,0.4444444444444444,-0.03435579014801139,,0,-0.3395622360152768
159,retention,1268204373,0.5,-0.09952814645529018,,0,-0.3395622360152768
159,retention,1268204373,0.5555555555555556,-0.03049847282516749,,0,-0.3395622360152768
159,retention,1268204373,0.611111111111111,-0.1317534385374398,,0,-0.3395622360152768
159,retention,1268204373,0.6666666666666666,-0.0865357399547627,,0,-0.3395622360152768
159,retention,1268204373,0.7222222222222222,-0.03388524495487704,,0,-0.3395622360152768
159,retention,1268204373,0.7777777777777777,0.0001389986846582411,,0,-0.3395622360152768
159,retention,1268204373,0.8333333333333333,0.029859904713761314,,0,-0.3395622360152768
159,retention,1268204373,0.8888888888888888,0.05729239190436056,,0,-0.3395622360152768
159,retention,1268204373,0.9444444444444444,0.024728072412029827,,0,-0.3395622360152768
159,retention,1268204373,1.0,0.07300834617591108,-0.013400980269572677,0,-0.3395622360152768
160,jump,81595782,0.0,0.0,0.03170470486523166,0,-0.3395622360152768
160,jump,81595782,0.05555555555555555,0.01367539857729335,,0,-0.3395622360152768
160,jump,81595782,0.1111111111111111,0.06367166828671028,,0,-0.3395622360152768
160,jump,81595782,0.16666666666666666,0.04323496856104301,,0,-0.3395622360152768
160,jump,81595782,0.2222222222222222,0.0051979235829550455,,0,-0.3395622360152768
160,jump,81595782,0.2777777777777778,-0.010701221603756646,,0,-0.3395622360152768
160,jump,81595782,0.3333333333333333,0.009486275482309188,,0,-0.3395622360152768
160,jump,81595782,0.38888888888888884,0.011949236575380438,,0,-0.3395622360152768
160,jump,81595782,0.4444444444444444,0.023971525218925933,,0,-0.3395622360152768
160,jump,81595782,0.5,-0.06673634355344629,,0,-0.3395622360152768
160,jump,81595782,0.5555555555555556,-0.039559407533945004,,0,-0.3395622360152768
160,jump,81595782,0.611111111111111,-0.11359360094271863,,0,-0.3395622360152768
160,jump,81595782,0.6666666666666666,-0.13255964618613447,,0,-0.3395622360152768
160,jump,81595782,0.7222222222222222,-0.1668316138255697,,0,-0.3395622360152768
160,jump,81595782,0.7777777777777777,-0.11363106583090263,,0,-0.3395622360152768
160,jump,81595782,0.8333333333333333,-0.15281536407579863,,0,-0.3395622360152768
160,jump,81595782,0.8888888888888888,-0.11658364354219772,,0,-0.3395622360152768
160,jump,81595782,0.9444444444444444,-0.1930657060005983,,0,-0.3395622360152768
160,jump,81595782,1.0,-0.18602681030279244,-0.11465012890124841,0,-0.3395622360152768
161,branch_reorganization,1174089747,0.0,-0.3395622360152768,-0.3694598605857398,0,-0.3395622360152768
161,branch_reorganization,1174089747,0.05555555555555555,-0.2850451434812114,,0,-0.3395622360152768
161,branch_reorganization,1174089747,0.1111111111111111,-0.273371205731191,,0,-0.3395622360152768
161,branch_reorganization,1174089747,0.16666666666666666,-0.22611441257275153,,0,-0.3395622360152768
161,branch_reorganization,1174089747,0.2222222222222222,-0.19409400951584613,,0,-0.3395622360152768
161,branch_reorganization,1174089747,0.2777777777777778,-0.2969999346613866,,0,-0.3395622360152768
161,branch_reorganization,1174089747,0.3333333333333333,-0.3644731342078592,,0,-0.3395622360152768
161,branch_reorganization,1174089747,0.38888888888888884,-0.3703319023597752,,0,-0.3395622360152768
161,branch_reorganization,1174089747,0.4444444444444444,-0.3982877511403763,,0,-0.3395622360152768
161,branch_reorganization,1174089747,0.5,-0.37000663490236513,,0,-0.3395622360152768
161,branch_reorganization,1174089747,0.5555555555555556,-0.40067420703329676,,0,-0.3395622360152768
161,branch_reorganization,1174089747,0.611111111111111,-0.3616365583830996,,0,-0.3395622360152768
161,branch_reorganization,1174089747,0.6666666666666666,-0.38212420423367377,,0,-0.3395622360152768
161,branch_reorganization,1174089747,0.7222222222222222,-0.3941900418676634,,0,-0.3395622360152768
161,branch_reorganization,1174089747,0.7777777777777777,-0.3122829474668411,,0,-0.3395622360152768
161,branch_reorganization,1174089747,0.8333333333333333,-0.36437625191757106,,0,-0.3395622360152768
161,branch_reorganization,1174089747,0.8888888888888888,-0.37193379775462504,,0,-0.3395622360152768
161,branch_reorganization,1174089747,0.9444444444444444,-0.32722761782470194,,0,-0.3395622360152768
161,branch_reorganization,1174089747,1.0,-0.29366977902143315,-0.30190894162495735,0,-0.3395622360152768
162,retention,1067045036,0.0,0.0,0.04505296041647105,0,-0.3395622360152768
162,retention,1067045036,0.05555555555555555,-0.0765278539325403,,0,-0.3395622360152768
162,retention,1067045036,0.1111111111111111,-0.010928298338213766,,0,-0.3395622360152768
162,retention,1067045036,0.16666666666666666,-0.042906183118263316,,0,-0.3395622360152768
162,retention,1067045036,0.2222222222222222,-0.09182050188524396,,0,-0.3395622360152768
162,retention,1067045036,0.2777777777777778,-0.05507022176449444,,0,-0.3395622360152768
162,retention,1067045036,0.3333333333333333,-0.04585830343798873,,0,-0.3395622360152768
162,retention,1067045036,0.38888888888888884,-0.053873667272552446,,0,-0.3395622360152768
162,retention,1067045036,0.4444444444444444,-0.04803279717540359,,0,-0.3395622360152768
162,retention,1067045036,0.5,-0.08906044458141088,,0,-0.3395622360152768
162,retention,1067045036,0.5555555555555556,-0.07578857606265443,,0,-0.3395622360152768
162,retention,1067045036,0.611111111111111,-0.011492694657650133,,0,-0.3395622360152768
162,retention,1067045036,0.6666666666666666,0.0033275040026935817,,0,-0.3395622360152768
162,retention,1067045036,0.7222222222222222,0.09510546745291293,,0,-0.3395622360152768
162,retention,1067045036,0.7777777777777777,0.05174654197779879,,0,-0.3395622360152768
162,retention,1067045036,0.8333333333333333,0.05988621656657009,,0,-0.3395622360152768
162,retention,1067045036,0.8888888888888888,-0.016380905223581044,,0,-0.3395622360152768
162,retention,1067045036,0.9444444444444444,-0.012779005744191373,,0,-0.3395622360152768
162,retention,1067045036,1.0,-0.0035775911178576297,-0.02109985639983125,0,-0.3395622360152768
163,jump,115894407,0.0,0.0,0.0017074300346270551,0,-0.3395622360152768
163,jump,115894407,0.05555555555555555,-0.016823287736074843,,0,-0.3395622360152768
163,jump,115894407,0.1111111111111111,-0.05998617817005797,,0,-0.3395622360152768
163,jump,115894407,0.16666666666666666,-0.031254213249317805,,0,-0.3395622360152768
163,jump,115894407,0.2222222222222222,0.0026029776477716204,,0,-0.3395622360152768
163,jump,115894407,0.2777777777777778,-0.014048581109437942,,0,-0.3395622360152768
163,jump,115894407,0.3333333333333333,-0.07129423184256486,,0,-0.3395622360152768
163,jump,115894407,0.38888888888888884,-0.16222944656032495,,0,-0.3395622360152768
163,jump,115894407,0.4444444444444444,-0.056771297532719145,,0,-0.3395622360152768
163,jump,115894407,0.5,-0.10748104518014805,,0,-0.3395622360152768
163,jump,115894407,0.5555555555555556,0.009304896363005938,,0,-0.3395622360152768
163,jump,115894407,0.611111111111111,0.08166250149842944,,0,-0.3395622360152768
163,jump,115894407,0.6666666666666666,0.12231903955708201,,0,-0.3395622360152768
163,jump,115894407,0.7222222222222222,0.12289057015361524,,0,-0.3395622360152768
163,jump,115894407,0.7777777777777777,0.16533295289559416,,0,-0.3395622360152768
163,jump,115894407,0.8333333333333333,0.19646282242819543,,0,-0.3395622360152768
163,jump,115894407,0.8888888888888888,0.321318508532364,,0,-0.3395622360152768
163,jump,115894407,0.9444444444444444,0.4203591053324654,,0,-0.3395622360152768
163,jump,115894407,1.0,0.4250024831777191,0.39736344103713694,0,-0.3395622360152768
164,branch_reorganization,1486798206,0.0,-0.3395622360152768,-0.33146052444862806,0,-0.3395622360152768
164,branch_reorganization,1486798206,0.05555555555555555,-0.2832628708189784,,0,-0.3395622360152768
164,branch_reorganization,1486798206,0.1111111111111111,-0.432383757049917,,0,-0.3395622360152768
164,branch_reorganization,1486798206,0.16666666666666666,-0.5137838440261904,,0,-0.3395622360152768
164,branch_reorganization,1486798206,0.2222222222222222,-0.4531569709354848,,0,-0.3395622360152768
164,branch_reorganization,1486798206,0.2777777777777778,-0.384936619460843,,0,-0.3395622360152768
164,branch_reorganization,1486798206,0.3333333333333333,-0.4080456302348147,,0,-0.3395622360152768
164,branch_reorganization,1486798206,0.38888888888888884,-0.36549522942705753,,0,-0.3395622360152768
164,branch_reorganization,1486798206,0.4444444444444444,-0.42047104426669946,,0,-0.3395622360152768
164,branch_reorganization,1486798206,0.5,-0.43474200064228674,,0,-0.3395622360152768
164,branch_reorganization,1486798206,0.5555555555555556,-0.40220993918086023,,0,-0.3395622360152768
164,branch_reorganization,1486798206,0.611111111111111,-0.38899174712880147,,0,-0.3395622360152768
164,branch_reorganization,1486798206,0.6666666666666666,-0.3594862712259536,,0,-0.3395622360152768
164,branch_reorganization,1486798206,0.7222222222222222,-0.38163464736135355,,0,-0.3395622360152768
164,branch_reorganization,1486798206,0.7777777777777777,-0.3296286032904838,,0,-0.3395622360152768
164,branch_reorganization,1486798206,0.8333333333333333,-0.3090826852677266,,0,-0.3395622360152768
164,branch_reorganization,1486798206,0.8888888888888888,-0.32197052558015693,,0,-0.3395622360152768
164,branch_reorganization,1486798206,0.9444444444444444,-0.38514180938317144,,0,-0.3395622360152768
164,branch_reorganization,1486798206,1.0,-0.3274312670407976,-0.3745344868950986,0,-0.3395622360152768
165,retention,2071190518,0.0,0.0,0.034183230150498393,0,-0.3395622360152768
165,retention,2071190518,0.05555555555555555,-0.0925750111189103,,0,-0.3395622360152768
165,retention,2071190518,0.1111111111111111,-0.08418731508192288,,0,-0.3395622360152768
165,retention,2071190518,0.16666666666666666,-0.1501127683904649,,0,-0.3395622360152768
165,retention,2071190518,0.2222222222222222,-0.18516155337207582,,0,-0.3395622360152768
165,retention,2071190518,0.2777777777777778,-0.16633818068528866,,0,-0.3395622360152768
165,retention,2071190518,0.3333333333333333,-0.2647840124588172,,0,-0.3395622360152768
165,retention,2071190518,0.38888888888888884,-0.19342714447015874,,0,-0.3395622360152768
165,retention,2071190518,0.4444444444444444,-0.173623201080998,,0,-0.3395622360152768
165,retention,2071190518,0.5,-0.13674573531706255,,0,-0.3395622360152768
165,retention,2071190518,0.5555555555555556,-0.07136171666694979,,0,-0.3395622360152768
165,retention,2071190518,0.611111111111111,-0.026317475162458692,,0,-0.3395622360152768
165,retention,2071190518,0.6666666666666666,0.026622678609981344,,0,-0.3395622360152768
165,retention,2071190518,0.7222222222222222,0.044520595824422776,,0,-0.3395622360152768
165,retention,2071190518,0.7777777777777777,0.1618943192091851,,0,-0.3395622360152768
165,retention,2071190518,0.8333333333333333,0.11485498695945406,,0,-0.3395622360152768
165,retention,2071190518,0.8888888888888888,0.18494634177946334,,0,-0.3395622360152768
165,retention,2071190518,0.9444444444444444,0.21153218216953668,,0,-0.3395622360152768
165,retention,2071190518,1.0,0.2250759111888167,0.27017141497583014,0,-0.3395622360152768
166,jump,902018441,0.0,0.0,-0.014761979326024698,0,-0.3395622360152768
166,jump,902018441,0.05555555555555555,-0.09508396608251728,,0,-0.3395622360152768
166,jump,902018441,0.1111111111111111,-0.11673444876003802,,0,-0.3395622360152768
166,jump,902018441,0.16666666666666666,-0.16564710535154265,,0,-0.3395622360152768
166,jump,902018441,0.2222222222222222,-0.10361410898632079,,0,-0.3395622360152768
166,jump,902018441,0.2777777777777778,-0.04350101510677133,,0,-0.3395622360152768
166,jump,902018441,0.3333333333333333,-0.052603983825283876,,0,-0.3395622360152768
166,jump,902018441,0.38888888888888884,0.0862365681638295,,0,-0.3395622360152768
166,jump,902018441,0.4444444444444444,0.13311736932222176,,0,-0.3395622360152768
166,jump,902018441,0.5,0.15372034301774734,,0,-0.3395622360152768
166,jump,902018441,0.5555555555555556,0.07877259725484174,,0,-0.3395622360152768
166,jump,902018441,0.611111111111111,0.18106510681040344,,0,-0.3395622360152768
166,jump,902018441,0.6666666666666666,0.17989755541290084,,0,-0.3395622360152768
166,jump,902018441,0.7222222222222222,0.25073886822606717,,0,-0.3395622360152768
166,jump,902018441,0.7777777777777777,0.2353069734223209,,0,-0.3395622360152768
166,jump,902018441,0.8333333333333333,0.11307238764209278,,0,-0.3395622360152768
166,jump,902018441,0.8888888888888888,0.12707661203121084,,0,-0.3395622360152768
166,jump,902018441,0.9444444444444444,0.13283125138617513,,0,-0.3395622360152768
166,jump,902018441,1.0,0.14392608002124288,0.22239377751513914,0,-0.3395622360152768
167,branch_reorganization,1510996905,0.0,-0.3395622360152768,-0.24736672115517694,0,-0.3395622360152768
167,branch_reorganization,1510996905,0.05555555555555555,-0.40572706883216936,,0,-0.3395622360152768
167,branch_reorganization,1510996905,0.1111111111111111,-0.4286705187372968,,0,-0.3395622360152768
167,branch_reorganization,1510996905,0.16666666666666666,-0.3642367442768553,,0,-0.3395622360152768
167,branch_reorganization,1510996905,0.2222222222222222,-0.3736417096056253,,0,-0.3395622360152768
167,branch_reorganization,1510996905,0.2777777777777778,-0.313402619760285,,0,-0.3395622360152768
167,branch_reorganization,1510996905,0.3333333333333333,-0.32943115329707845,,0,-0.3395622360152768
167,branch_reorganization,1510996905,0.38888888888888884,-0.3666109938749253,,0,-0.3395622360152768
167,branch_reorganization,1510996905,0.4444444444444444,-0.35001308977254936,,0,-0.3395622360152768
167,branch_reorganization,1510996905,0.5,-0.35072016155424407,,0,-0.3395622360152768
167,branch_reorganization,1510996905,0.5555555555555556,-0.33366081845797557,,0,-0.3395622360152768
167,branch_reorganization,1510996905,0.611111111111111,-0.38125252625532147,,0,-0.3395622360152768
167,branch_reorganization,1510996905,0.6666666666666666,-0.3827766170956887,,0,-0.3395622360152768
167,branch_reorganization,1510996905,0.7222222222222222,-0.3795471112758806,,1,0.3395622360152768
167,branch_reorganization,1510996905,0.7777777777777777,-0.3632849384006639,,1,0.3395622360152768
167,branch_reorganization,1510996905,0.8333333333333333,-0.30006151489715405,,1,0.3395622360152768
167,branch_reorganization,1510996905,0.8888888888888888,-0.21613924943186993,,1,0.3395622360152768
167,branch_reorganization,1510996905,0.9444444444444444,-0.2164424894464533,,1,0.3395622360152768
167,branch_reorganization,1510996905,1.0,-0.19552025565357675,-0.18206855336175803,1,0.3395622360152768
168,retention,333280301,0.0,0.0,0.09579843279427377,0,-0.3395622360152768
168,retention,333280301,0.05555555555555555,-0.02070854933264171,,0,-0.3395622360152768
168,retention,333280301,0.1111111111111111,-0.04035748789198097,,0,-0.3395622360152768
168,retention,333280301,0.16666666666666666,-0.18138951976728165,,0,-0.3395622360152768
168,retention,333280301,0.2222222222222222,-0.24337870744981327,,0,-0.3395622360152768
168,retention,333280301,0.2777777777777778,-0.21682573111687614,,0,-0.3395622360152768
168,retention,333280301,0.3333333333333333,-0.26525219372516673,,0,-0.3395622360152768
168,retention,333280301,0.38888888888888884,-0.18544003411178922,,0,-0.3395622360152768
168,retention,333280301,0.4444444444444444,-0.17323188750969262,,0,-0.3395622360152768
168,retention,333280301,0.5,-0.2034941248433109,,0,-0.3395622360152768
168,retention,333280301,0.5555555555555556,-0.2419427944800579,,0,-0.3395622360152768
168,retention,333280301,0.611111111111111,-0.24025346472468515,,0,-0.3395622360152768
168,retention,333280301,0.6666666666666666,-0.19589100344035743,,0,-0.3395622360152768
168,retention,333280301,0.7222222222222222,-0.18305961568908363,,0,-0.3395622360152768
168,retention,333280301,0.7777777777777777,-0.24023075580377826,,0,-0.3395622360152768
168,retention,333280301,0.8333333333333333,-0.25203381759008125,,0,-0.3395622360152768
168,retention,333280301,0.8888888888888888,-0.2924265381699195,,0,-0.3395622360152768
168,retention,333280301,0.9444444444444444,-0.3657114516742218,,0,-0.3395622360152768
168,retention,333280301,1.0,-0.33522160564158604,-0.2680293815815013,0,-0.3395622360152768
169,jump,1317100789,0.0,0.0,0.02059364756603258,0,-0.3395622360152768
169,jump,1317100789,0.05555555555555555,-0.10114246913109454,,0,-0.3395622360152768
169,jump,1317100789,0.1111111111111111,-0.07584510416326022,,0,-0.3395622360152768
169,jump,1317100789,0.16666666666666666,-0.07943555176849976,,0,-0.3395622360152768
169,jump,1317100789,0.2222222222222222,-0.049270068871133124,,0,-0.3395622360152768
169,jump,1317100789,0.2777777777777778,-0.05075653848927588,,0,-0.3395622360152768
169,jump,1317100789,0.3333333333333333,-0.030943894359541816,,0,-0.3395622360152768
169,jump,1317100789,0.38888888888888884,-0.008227894109161443,,0,-0.3395622360152768
169,jump,1317100789,0.4444444444444444,-0.05002199428675544,,0,-0.3395622360152768
169,jump,1317100789,0.5,-0.07833186419051195,,0,-0.3395622360152768
169,jump,1317100789,0.5555555555555556,-0.12385335561170271,,0,-0.3395622360152768
169,jump,1317100789,0.611111111111111,-0.19100469788671334,,0,-0.3395622360152768
169,jump,1317100789,0.6666666666666666,-0.30829387011343456,,0,-0.3395622360152768
169,jump,1317100789,0.7222222222222222,-0.24612965765603848,,0,-0.3395622360152768
169,jump,1317100789,0.7777777777777777,-0.30409666502064375,,0,-0.3395622360152768
169,jump,1317100789,0.8333333333333333,-0.31507041247456813,,0,-0.3395622360152768
169,jump,1317100789,0.8888888888888888,-0.22982855139410513,,0,-0.3395622360152768
169,jump,1317100789,0.9444444444444444,-0.2016195813735701,,0,-0.3395622360152768
169,jump,1317100789,1.0,-0.12198021757272168,-0.150879141860008,0,-0.3395622360152768
170,branch_reorganization,540210843,0.0,-0.3395622360152768,-0.35110283706812245,0,-0.3395622360152768
170,branch_reorganization,540210843,0.05555555555555555,-0.3376396022112992,,0,-0.3395622360152768
170,branch_reorganization,540210843,0.1111111111111111,-0.29295128489496897,,0,-0.3395622360152768
170,branch_reorganization,540210843,0.16666666666666666,-0.3213895319913472,,0,-0.3395622360152768
170,branch_reorganization,540210843,0.2222222222222222,-0.29346063980397413,,0,-0.3395622360152768
170,branch_reorganization,540210843,0.2777777777777778,-0.3140570735311831,,0,-0.3395622360152768
170,branch_reorganization,540210843,0.3333333333333333,-0.3238319863322772,,0,-0.3395622360152768
170,branch_reorganization,540210843,0.38888888888888884,-0.34172587279734157,,0,-0.3395622360152768
170,branch_reorganization,540210843,0.4444444444444444,-0.41524060392185963,,0,-0.3395622360152768
170,branch_reorganization,540210843,0.5,-0.4619455797881079,,0,-0.3395622360152768
170,branch_reorganization,540210843,0.5555555555555556,-0.4364695096389477,,0,-0.3395622360152768
170,branch_reorganization,540210843,0.611111111111111,-0.4407348572084393,,0,-0.3395622360152768
170,branch_reorganization,540210843,0.6666666666666666,-0.45070377603860506,,0,-0.3395622360152768
170,branch_reorganization,540210843,0.7222222222222222,-0.48937877203901403,,0,-0.3395622360152768
170,branch_reorganization,540210843,0.7777777777777777,-0.4745807537465823,,0,-0.3395622360152768
170,branch_reorganization,540210843,0.8333333333333333,-0.45097291362737957,,0,-0.3395622360152768
170,branch_reorganization,540210843,0.8888888888888888,-0.41271421667971186,,0,-0.3395622360152768
170,branch_reorganization,540210843,0.9444444444444444,-0.30141394813194067,,0,-0.3395622360152768
170,branch_reorganization,540210843,1.0,-0.3617225713366671,-0.3483275744436674,0,-0.3395622360152768
171,retention,33311855,0.0,0.0,-0.041458027933310354,0,-0.3395622360152768
171,retention,33311855,0.05555555555555555,0.050130505799023124,,0,-0.3395622360152768
171,retention,33311855,0.1111111111111111,0.14202629913846082,,0,-0.3395622360152768
171,retention,33311855,0.16666666666666666,0.16710336302562828,,0,-0.3395622360152768
171,retention,33311855,0.2222222222222222,0.1145519069454848,,0,-0.3395622360152768
171,retention,33311855,0.2777777777777778,0.13300488042810293,,0,-0.3395622360152768
171,retention,33311855,0.3333333333333333,0.13906802787427058,,0,-0.3395622360152768
171,retention,33311855,0.38888888888888884,0.17148165021689554,,0,-0.3395622360152768
171,retention,33311855,0.4444444444444444,0.17689054860579048,,0,-0.3395622360152768
171,retention,33311855,0.5,0.2202589955932742,,0,-0.3395622360152768
171,retention,33311855,0.5555555555555556,0.24092654956262716,,0,-0.3395622360152768
171,retention,33311855,0.611111111111111,0.209647982541819,,0,-0.3395622360152768
171,retention,33311855,0.6666666666666666,0.22515547908008676,,0,-0.3395622360152768
171,retention,33311855,0.7222222222222222,0.2457750997626846,,0,-0.3395622360152768
171,retention,33311855,0.7777777777777777,0.22294416864720587,,0,-0.3395622360152768
171,retention,33311855,0.8333333333333333,0.22163308550152502,,0,-0.3395622360152768
171,retention,33311855,0.8888888888888888,0.2123068012494588,,0,-0.3395622360152768
171,retention,33311855,0.9444444444444444,0.2406336011405097,,0,-0.3395622360152768
171,retention,33311855,1.0,0.2291154667680924,0.29514778547587733,0,-0.3395622360152768
172,jump,14784147,0.0,0.0,-0.01865412280043586,0,-0.3395622360152768
172,jump,14784147,0.05555555555555555,0.07916104874694269,,0,-0.3395622360152768
172,jump,14784147,0.1111111111111111,0.006795580444101543,,0,-0.3395622360152768
172,jump,14784147,0.16666666666666666,-0.10863826967415706,,0,-0.3395622360152768
172,jump,14784147,0.2222222222222222,-0.08409197918158176,,0,-0.3395622360152768
172,jump,14784147,0.2777777777777778,-0.09541864260319861,,0,-0.3395622360152768
172,jump,14784147,0.3333333333333333,-0.04945998678199612,,0,-0.3395622360152768
172,jump,14784147,0.38888888888888884,0.002788155126291006,,0,-0.3395622360152768
172,jump,14784147,0.4444444444444444,0.04981369266226664,,0,-0.3395622360152768
172,jump,14784147,0.5,-0.05424979496043741,,0,-0.3395622360152768
172,jump,14784147,0.5555555555555556,0.032631999936537204,,0,-0.3395622360152768
172,jump,14784147,0.611111111111111,0.046576789770485065,,0,-0.3395622360152768
172,jump,14784147,0.6666666666666666,0.05954472288749724,,0,-0.3395622360152768
172,jump,14784147,0.7222222222222222,0.05570663875835553,,0,-0.3395622360152768
172,jump,14784147,0.7777777777777777,-0.06303386644543316,,0,-0.3395622360152768
172,jump,14784147,0.8333333333333333,-0.04196750663095961,,0,-0.3395622360152768
172,jump,14784147,0.8888888888888888,-0.06793273801758323,,0,-0.3395622360152768
172,jump,14784147,0.9444444444444444,-0.11232231838166976,,0,-0.3395622360152768
172,jump,14784147,1.0,-0.12257935401890951,-0.1852393038341495,0,-0.3395622360152768
173,branch_reorganization,95510716,0.0,-0.3395622360152768,-0.34259212363630803,0,-0.3395622360152768
173,branch_reorganization,95510716,0.05555555555555555,-0.28157324493463626,,0,-0.3395622360152768
173,branch_reorganization,95510716,0.1111111111111111,-0.3432112677402052,,0,-0.3395622360152768
173,branch_reorganization,95510716,0.16666666666666666,-0.35378632945138017,,0,-0.3395622360152768
173,branch_reorganization,95510716,0.2222222222222222,-0.3511651121455376,,0,-0.3395622360152768
173,branch_reorganization,95510716,0.2777777777777778,-0.4039092772832184,,0,-0.3395622360152768
173,branch_reorganization,95510716,0.3333333333333333,-0.3596571877989728,,0,-0.3395622360152768
173,branch_reorganization,95510716,0.38888888888888884,-0.3661497183439044,,0,-0.3395622360152768
173,branch_reorganization,95510716,0.4444444444444444,-0.37964910710365185,,0,-0.3395622360152768
173,branch_reorganization,95510716,0.5,-0.4235213104159935,,0,-0.3395622360152768
173,branch_reorganization,95510716,0.5555555555555556,-0.42235821896990444,,0,-0.3395622360152768
173,branch_reorganization,95510716,0.611111111111111,-0.49739034944873384,,0,-0.3395622360152768
173,branch_reorganization,95510716,0.6666666666666666,-0.5444031145877267,,0,-0.3395622360152768
173,branch_reorganization,95510716,0.7222222222222222,-0.5039342094078554,,0,-0.3395622360152768
173,branch_reorganization,95510716,0.7777777777777777,-0.42383382829186367,,0,-0.3395622360152768
173,branch_reorganization,95510716,0.8333333333333333,-0.5516930197275587,,0,-0.3395622360152768
173,branch_reorganization,95510716,0.8888888888888888,-0.5625730150666431,,0,-0.3395622360152768
173,branch_reorganization,95510716,0.9444444444444444,-0.5107903366418944,,0,-0.3395622360152768
173,branch_reorganization,95510716,1.0,-0.5598761061675199,-0.5838748451638585,0,-0.3395622360152768
174,retention,101821659,0.0,0.0,0.05910560203604063,0,-0.3395622360152768
174,retention,101821659,0.05555555555555555,0.01255304029777548,,0,-0.3395622360152768
174,retention,101821659,0.1111111111111111,0.03423255781343815,,0,-0.3395622360152768
174,retention,101821659,0.16666666666666666,0.03130784240303685,,0,-0.3395622360152768
174,retention,101821659,0.2222222222222222,0.001278118600133108,,0,-0.3395622360152768
174,retention,101821659,0.2777777777777778,-0.038026781836850904,,0,-0.3395622360152768
174,retention,101821659,0.3333333333333333,-0.1302111488770069,,0,-0.3395622360152768
174,retention,101821659,0.38888888888888884,-0.20594099220209422,,0,-0.3395622360152768
174,retention,101821659,0.4444444444444444,-0.13838344982561318,,0,-0.3395622360152768
174,retention,101821659,0.5,-0.18561527432008723,,0,-0.3395622360152768
174,retention,101821659,0.5555555555555556,-0.235593043817596,,0,-0.3395622360152768
174,retention,101821659,0.611111111111111,-0.2516668880954368,,0,-0.3395622360152768
174,retention,101821659,0.6666666666666666,-0.24324290897353343,,0,-0.3395622360152768
174,retention,101821659,0.7222222222222222,-0.20200991632712684,,0,-0.3395622360152768
174,retention,101821659,0.7777777777777777,-0.23876164307438005,,0,-0.3395622360152768
174,retention,101821659,0.8333333333333333,-0.25852591421261445,,0,-0.3395622360152768
174,retention,101821659,0.8888888888888888,-0.16356896718679104,,0,-0.3395622360152768
174,retention,101821659,0.9444444444444444,-0.17941540451804902,,0,-0.3395622360152768
174,retention,101821659,1.0,-0.3080336387152933,-0.3475511724936655,0,-0.3395622360152768
174,retention,101821659,1.0555555555555556,-0.2836404894720074,,0,-0.3395622360152768
174,retention,101821659,1.1111111111111112,-0.2931080600440743,,0,-0.3395622360152768
174,retention,101821659,1.1666666666666667,-0.3306536381549074,,0,-0.3395622360152768
174,retention,101821659,1.2222222222222223,-0.4047193055619479,,0,-0.3395622360152768
174,retention,101821659,1.2777777777777777,-0.3683826001663221,,0,-0.3395622360152768
174,retention,101821659,1.3333333333333333,-0.3576527744191132,,0,-0.3395622360152768
174,retention,101821659,1.3888888888888888,-0.40426017533100217,,0,-0.3395622360152768
174,retention,101821659,1.4444444444444444,-0.19263668468739623,,0,-0.3395622360152768
174,retention,101821659,1.5,-0.2755973685788284,,0,-0.3395622360152768
174,retention,101821659,1.5555555555555556,-0.3012203427060267,,0,-0.3395622360152768
174,retention,101821659,1.6111111111111112,-0.24114433843875122,,0,-0.3395622360152768
174,retention,101821659,1.6666666666666665,-0.21486508945912206,,0,-0.3395622360152768
174,retention,101821659,1.7222222222222223,-0.10185689067405015,,0,-0.3395622360152768
174,retention,101821659,1.7777777777777777,-0.1257101462616928,,0,-0.3395622360152768
174,retention,101821659,1.8333333333333333,-0.1287871010430165,,0,-0.3395622360152768
174,retention,101821659,1.8888888888888888,-0.09691764736758207,,0,-0.3395622360152768
174,retention,101821659,1.9444444444444444,-0.04281670427613633,,0,-0.3395622360152768
174,retention,101821659,2.0,-0.07963489651615903,-0.012464314408597535,0,-0.3395622360152768
174,retention,101821659,2.0555555555555554,-0.030672462581493726,,0,-0.3395622360152768
174,retention,101821659,2.111111111111111,-0.022438767832892583,,0,-0.3395622360152768
174,retention,101821659,2.1666666666666665,-0.05871821337311398,,0,-0.3395622360152768
174,retention,101821659,2.2222222222222223,-0.08645275262987451,,0,-0.3395622360152768
174,retention,101821659,2.2777777777777777,-0.05284498868083165,,0,-0.3395622360152768
174,retention,101821659,2.3333333333333335,-0.09044309819151872,,0,-0.3395622360152768
174,retention,101821659,2.388888888888889,-0.08988845552388465,,0,-0.3395622360152768
174,retention,101821659,2.4444444444444446,-0.14282732611947527,,0,-0.3395622360152768
174,retention,101821659,2.5,-0.2060672594024481,,0,-0.3395622360152768
174,retention,101821659,2.5555555555555554,-0.2385058163945834,,0,-0.3395622360152768
174,retention,101821659,2.611111111111111,-0.18958878092729972,,0,-0.3395622360152768
174,retention,101821659,2.6666666666666665,-0.10838822709370863,,0,-0.3395622360152768
174,retention,101821659,2.7222222222222223,-0.022897382928053586,,0,-0.3395622360152768
174,retention,101821659,2.7777777777777777,-0.10113036227507206,,0,-0.3395622360152768
174,retention,101821659,2.833333333333333,-0.14044996317937308,,0,-0.3395622360152768
174,retention,101821659,2.888888888888889,-0.13208613525474672,,0,-0.3395622360152768
174,retention,101821659,2.9444444444444446,-0.07603902780643321,,0,-0.3395622360152768
174,retention,101821659,3.0,-0.06189906799773389,-0.03597488882844925,0,-0.3395622360152768
175,jump,1845665862,0.0,0.0,-0.05656288307879455,0,-0.3395622360152768
175,jump,1845665862,0.05555555555555555,-0.09831623091677978,,0,-0.3395622360152768
175,jump,1845665862,0.1111111111111111,-0.13928882816447075,,0,-0.3395622360152768
175,jump,1845665862,0.16666666666666666,-0.07779749361641305,,0,-0.3395622360152768
175,jump,1845665862,0.2222222222222222,-0.0484024661601814,,0,-0.3395622360152768
175,jump,1845665862,0.2777777777777778,-0.025598685536195064,,0,-0.3395622360152768
175,jump,1845665862,0.3333333333333333,-0.134280980602567,,0,-0.3395622360152768
175,jump,1845665862,0.38888888888888884,-0.15781880617357044,,0,-0.3395622360152768
175,jump,1845665862,0.4444444444444444,-0.1180288832274253,,0,-0.3395622360152768
175,jump,1845665862,0.5,-0.09236006031468565,,0,-0.3395622360152768
175,jump,1845665862,0.5555555555555556,-0.1157315199382053,,0,-0.3395622360152768
175,jump,1845665862,0.611111111111111,-0.11751752743018838,,0,-0.3395622360152768
175,jump,1845665862,0.6666666666666666,-0.06265412479974777,,0,-0.3395622360152768
175,jump,1845665862,0.7222222222222222,-0.06399706292532963,,0,-0.3395622360152768
175,jump,1845665862,0.7777777777777777,-0.04774822999824009,,0,-0.3395622360152768
175,jump,1845665862,0.8333333333333333,-0.025939427561906078,,0,-0.3395622360152768
175,jump,1845665862,0.8888888888888888,-0.10321699023375595,,0,-0.3395622360152768
175,jump,1845665862,0.9444444444444444,-4.067717392829129e-05,,0,-0.3395622360152768
175,jump,1845665862,1.0,0.01111309165717204,-0.008599105861173966,0,-0.3395622360152768
176,branch_reorganization,756066781,0.0,-0.3395622360152768,-0.3179485066611702,0,-0.3395622360152768
176,branch_reorganization,756066781,0.05555555555555555,-0.3260769211296071,,0,-0.3395622360152768
176,branch_reorganization,756066781,0.1111111111111111,-0.3787437827201421,,0,-0.3395622360152768
176,branch_reorganization,756066781,0.16666666666666666,-0.4067430577247408,,0,-0.3395622360152768
176,branch_reorganization,756066781,0.2222222222222222,-0.44202797949655703,,0,-0.3395622360152768
176,branch_reorganization,756066781,0.2777777777777778,-0.4038147474740364,,0,-0.3395622360152768
176,branch_reorganization,756066781,0.3333333333333333,-0.4044153155571771,,0,-0.3395622360152768
176,branch_reorganization,756066781,0.38888888888888884,-0.40104946360348354,,0,-0.3395622360152768
176,branch_reorganization,756066781,0.4444444444444444,-0.47580345786269623,,0,-0.3395622360152768
176,branch_reorganization,756066781,0.5,-0.5241942488529807,,0,-0.3395622360152768
176,branch_reorganization,756066781,0.5555555555555556,-0.47260187281538973,,0,-0.3395622360152768
176,branch_reorganization,756066781,0.611111111111111,-0.3987517365643225,,0,-0.3395622360152768
176,branch_reorganization,756066781,0.6666666666666666,-0.24443239830409916,,0,-0.3395622360152768
176,branch_reorganization,756066781,0.7222222222222222,-0.2389289713870982,,0,-0.3395622360152768
176,branch_reorganization,756066781,0.7777777777777777,-0.1635024615211313,,0,-0.3395622360152768
176,branch_reorganization,756066781,0.8333333333333333,-0.16618016645613018,,0,-0.3395622360152768
176,branch_reorganization,756066781,0.8888888888888888,-0.16953470841939433,,0,-0.3395622360152768
176,branch_reorganization,756066781,0.9444444444444444,-0.12998580816416133,,0,-0.3395622360152768
176,branch_reorganization,756066781,1.0,-0.17959815110791882,-0.26303080293018394,0,-0.3395622360152768
177,retention,1026318843,0.0,0.0,0.10602604577745425,0,-0.3395622360152768
177,retention,1026318843,0.05555555555555555,0.029375033412143797,,0,-0.3395622360152768
177,retention,1026318843,0.1111111111111111,0.05335927839478123,,0,-0.3395622360152768
177,retention,1026318843,0.16666666666666666,0.06494648275913947,,0,-0.3395622360152768
177,retention,1026318843,0.2222222222222222,0.1204940845262386,,0,-0.3395622360152768
177,retention,1026318843,0.2777777777777778,0.15658669817236026,,0,-0.3395622360152768
177,retention,1026318843,0.3333333333333333,0.14916116797122492,,0,-0.3395622360152768
177,retention,1026318843,0.38888888888888884,0.09712494027706836,,0,-0.3395622360152768
177,retention,1026318843,0.4444444444444444,0.07738228575138574,,0,-0.3395622360152768
177,retention,1026318843,0.5,0.031377095878488435,,0,-0.3395622360152768
177,retention,1026318843,0.5555555555555556,0.03680177406385725,,0,-0.3395622360152768
177,retention,1026318843,0.611111111111111,0.05227055652275524,,0,-0.3395622360152768
177,retention,1026318843,0.6666666666666666,0.07821897392199607,,0,-0.3395622360152768
177,retention,1026318843,0.7222222222222222,0.20793565067282987,,0,-0.3395622360152768
177,retention,1026318843,0.7777777777777777,0.22117537187705885,,0,-0.3395622360152768
177,retention,1026318843,0.8333333333333333,0.22540927405752245,,0,-0.3395622360152768
177,retention,1026318843,0.8888888888888888,0.21008515287599053,,0,-0.3395622360152768
177,retention,1026318843,0.9444444444444444,0.19252519123834086,,0,-0.3395622360152768
177,retention,1026318843,1.0,0.12214109396186103,0.14452965827350578,0,-0.3395622360152768
178,jump,876401439,0.0,0.0,-0.0006624698434175337,0,-0.3395622360152768
178,jump,876401439,0.05555555555555555,-0.08623883888973971,,0,-0.3395622360152768
178,jump,876401439,0.1111111111111111,-0.10293071785617913,,0,-0.3395622360152768
178,jump,876401439,0.16666666666666666,-0.10674096195994061,,0,-0.3395622360152768
178,jump,876401439,0.2222222222222222,-0.13313443402215586,,0,-0.3395622360152768
178,jump,876401439,0.2777777777777778,-0.11498549264062397,,0,-0.3395622360152768
178,jump,876401439,0.3333333333333333,-0.027866818284978445,,0,-0.3395622360152768
178,jump,876401439,0.38888888888888884,0.02418078253917613,,0,-0.3395622360152768
178,jump,876401439,0.4444444444444444,0.09677404427765783,,0,-0.3395622360152768
178,jump,876401439,0.5,0.1684915606892943,,0,-0.3395622360152768
178,jump,876401439,0.5555555555555556,0.17871105098967932,,0,-0.3395622360152768
178,jump,876401439,0.611111111111111,0.17606260997885573,,0,-0.3395622360152768
178,jump,876401439,0.6666666666666666,0.04703257038588697,,0,-0.3395622360152768
178,jump,876401439,0.7222222222222222,0.14157968955985847,,0,-0.3395622360152768
178,jump,876401439,0.7777777777777777,0.10753317011833391,,0,-0.3395622360152768
178,jump,876401439,0.8333333333333333,0.06947874794113619,,0,-0.3395622360152768
178,jump,876401439,0.8888888888888888,0.14687355227677096,,0,-0.3395622360152768
178,jump,876401439,0.9444444444444444,0.15728571484095064,,0,-0.3395622360152768
178,jump,876401439,1.0,0.06713815380906743,0.09330049443132742,0,-0.3395622360152768
179,branch_reorganization,1657900613,0.0,-0.3395622360152768,-0.39301927491128263,0,-0.3395622360152768
179,branch_reorganization,1657900613,0.05555555555555555,-0.4208427563167417,,0,-0.3395622360152768
179,branch_reorganization,1657900613,0.1111111111111111,-0.47132088420460894,,0,-0.3395622360152768
179,branch_reorganization,1657900613,0.16666666666666666,-0.41687661361015876,,0,-0.3395622360152768
179,branch_reorganization,1657900613,0.2222222222222222,-0.3594298495340378,,0,-0.3395622360152768
179,branch_reorganization,1657900613,0.2777777777777778,-0.352000494812426,,0,-0.3395622360152768
179,branch_reorganization,1657900613,0.3333333333333333,-0.3833784785327603,,0,-0.3395622360152768
179,branch_reorganization,1657900613,0.38888888888888884,-0.41343168791164037,,0,-0.3395622360152768
179,branch_reorganization,1657900613,0.4444444444444444,-0.45068477503897286,,0,-0.3395622360152768
179,branch_reorganization,1657900613,0.5,-0.5087864602389647,,0,-0.3395622360152768
179,branch_reorganization,1657900613,0.5555555555555556,-0.5087513744139871,,0,-0.3395622360152768
179,branch_reorganization,1657900613,0.611111111111111,-0.5284720107954625,,0,-0.3395622360152768
179,branch_reorganization,1657900613,0.6666666666666666,-0.5222661766666822,,0,-0.3395622360152768
179,branch_reorganization,1657900613,0.7222222222222222,-0.5235577425916844,,0,-0.3395622360152768
179,branch_reorganization,1657900613,0.7777777777777777,-0.41808892540049447,,0,-0.3395622360152768
179,branch_reorganization,1657900613,0.8333333333333333,-0.4502382205838807,,0,-0.3395622360152768
179,branch_reorganization,1657900613,0.8888888888888888,-0.47255693344669725,,0,-0.3395622360152768
179,branch_reorganization,1657900613,0.9444444444444444,-0.4234705341471955,,0,-0.3395622360152768
179,branch_reorganization,1657900613,1.0,-0.37377268896012145,-0.3684864824722167,0,-0.3395622360152768
180,retention,1315123486,0.0,0.0,-0.022596189760120587,0,-0.3395622360152768
180,retention,1315123486,0.05555555555555555,-0.01765001902494812,,0,-0.3395622360152768
180,retention,1315123486,0.1111111111111111,0.03215025629870866,,0,-0.3395622360152768
180,retention,1315123486,0.16666666666666666,0.1325358829731179,,0,-0.3395622360152768
180,retention,1315123486,0.2222222222222222,0.07742106499695303,,0,-0.3395622360152768
180,retention,1315123486,0.2777777777777778,0.06804595513354159,,0,-0.3395622360152768
180,retention,1315123486,0.3333333333333333,0.004155494289030101,,0,-0.3395622360152768
180,retention,1315123486,0.38888888888888884,0.015160138381680947,,0,-0.3395622360152768
180,retention,1315123486,0.4444444444444444,0.013979558896977206,,0,-0.3395622360152768
180,retention,1315123486,0.5,-0.020260672794087935,,0,-0.3395622360152768
180,retention,1315123486,0.5555555555555556,-0.0337278285461091,,0,-0.3395622360152768
180,retention,1315123486,0.611111111111111,0.025499763411515768,,0,-0.3395622360152768
180,retention,1315123486,0.6666666666666666,-0.00861482759581689,,0,-0.3395622360152768
180,retention,1315123486,0.7222222222222222,0.011475225247675714,,0,-0.3395622360152768
180,retention,1315123486,0.7777777777777777,0.019312959793624414,,0,-0.3395622360152768
180,retention,1315123486,0.8333333333333333,-0.005970760404677339,,0,-0.3395622360152768
180,retention,1315123486,0.8888888888888888,-0.0246704966490017,,0,-0.3395622360152768
180,retention,1315123486,0.9444444444444444,-0.041698641801685477,,0,-0.3395622360152768
180,retention,1315123486,1.0,0.02299318085231352,-0.01789890681459675,0,-0.3395622360152768
181,jump,2075244132,0.0,0.0,-0.003939775898196789,0,-0.3395622360152768
181,jump,2075244132,0.05555555555555555,0.003786065815574193,,0,-0.3395622360152768
181,jump,2075244132,0.1111111111111111,0.029400573466553132,,0,-0.3395622360152768
181,jump,2075244132,0.16666666666666666,0.055538993496920264,,0,-0.3395622360152768
181,jump,2075244132,0.2222222222222222,0.126310686542255,,0,-0.3395622360152768
181,jump,2075244132,0.2777777777777778,0.17123531893619767,,0,-0.3395622360152768
181,jump,2075244132,0.3333333333333333,0.12120034964861486,,0,-0.3395622360152768
181,jump,2075244132,0.38888888888888884,0.19176041246703196,,0,-0.3395622360152768
181,jump,2075244132,0.4444444444444444,0.19102135144668392,,0,-0.3395622360152768
181,jump,2075244132,0.5,0.20531390286062715,,0,-0.3395622360152768
181,jump,2075244132,0.5555555555555556,0.24027564606744067,,0,-0.3395622360152768
181,jump,2075244132,0.611111111111111,0.34777872393545123,,0,-0.3395622360152768
181,jump,2075244132,0.6666666666666666,0.3521865436306787,,0,-0.3395622360152768
181,jump,2075244132,0.7222222222222222,0.2838313570788691,,0,-0.3395622360152768
181,jump,2075244132,0.7777777777777777,0.27090351663212986,,0,-0.3395622360152768
181,jump,2075244132,0.8333333333333333,0.23270074311355107,,0,-0.3395622360152768
181,jump,2075244132,0.8888888888888888,0.26011598345137743,,0,-0.3395622360152768
181,jump,2075244132,0.9444444444444444,0.3068356783476145,,0,-0.3395622360152768
181,jump,2075244132,1.0,0.23381856376997448,0.23864108889141603,0,-0.3395622360152768
182,branch_reorganization,431112654,0.0,-0.3395622360152768,-0.3255851343814442,0,-0.3395622360152768
182,branch_reorganization,431112654,0.05555555555555555,-0.2179355893356369,,0,-0.3395622360152768
182,branch_reorganization,431112654,0.1111111111111111,-0.2417018349732241,,0,-0.3395622360152768
182,branch_reorganization,431112654,0.16666666666666666,-0.2546926360918005,,0,-0.3395622360152768
182,branch_reorganization,431112654,0.2222222222222222,-0.20841889234559163,,0,-0.3395622360152768
182,branch_reorganization,431112654,0.2777777777777778,-0.20250504002435996,,0,-0.3395622360152768
182,branch_reorganization,431112654,0.3333333333333333,-0.27312032180416007,,0,-0.3395622360152768
182,branch_reorganization,431112654,0.38888888888888884,-0.3399093092945668,,0,-0.3395622360152768
182,branch_reorganization,431112654,0.4444444444444444,-0.29352583156665984,,0,-0.3395622360152768
182,branch_reorganization,431112654,0.5,-0.3285327531109032,,0,-0.3395622360152768
182,branch_reorganization,431112654,0.5555555555555556,-0.269442728215838,,0,-0.3395622360152768
182,branch_reorganization,431112654,0.611111111111111,-0.18532942593388596,,0,-0.3395622360152768
182,branch_reorganization,431112654,0.6666666666666666,-0.2069599402815994,,0,-0.3395622360152768
182,branch_reorganization,431112654,0.7222222222222222,-0.22040362878441414,,0,-0.3395622360152768
182,branch_reorganization,431112654,0.7777777777777777,-0.21657054863303482,,1,0.3395622360152768
182,branch_reorganization,431112654,0.8333333333333333,-0.2001964307018006,,1,0.3395622360152768
182,branch_reorganization,431112654,0.8888888888888888,-0.2549740135196484,,1,0.3395622360152768
182,branch_reorganization,431112654,0.9444444444444444,-0.22569135263372217,,1,0.3395622360152768
182,branch_reorganization,431112654,1.0,-0.2079623047748341,-0.18725150340276137,1,0.3395622360152768
183,retention,1958751757,0.0,0.0,0.001991407373698691,0,-0.3395622360152768
183,retention,1958751757,0.05555555555555555,0.05279231280258834,,0,-0.3395622360152768
183,retention,1958751757,0.1111111111111111,0.018699437084825576,,0,-0.3395622360152768
183,retention,1958751757,0.16666666666666666,0.007091113850800719,,0,-0.3395622360152768
183,retention,1958751757,0.2222222222222222,-0.055287060052314006,,0,-0.3395622360152768
183,retention,1958751757,0.2777777777777778,0.016256252096543966,,0,-0.3395622360152768
183,retention,1958751757,0.3333333333333333,0.08994846229390906,,0,-0.3395622360152768
183,retention,1958751757,0.38888888888888884,0.1037068344864311,,0,-0.3395622360152768
183,retention,1958751757,0.4444444444444444,0.08687452441768367,,0,-0.3395622360152768
183,retention,1958751757,0.5,0.09304073654228197,,0,-0.3395622360152768
183,retention,1958751757,0.5555555555555556,0.1571309402794384,,0,-0.3395622360152768
183,retention,1958751757,0.611111111111111,0.19593560351237388,,0,-0.3395622360152768
183,retention,1958751757,0.6666666666666666,0.17200795015066378,,0,-0.3395622360152768
183,retention,1958751757,0.7222222222222222,0.1220582689615051,,0,-0.3395622360152768
183,retention,1958751757,0.7777777777777777,0.05359490748677474,,0,-0.3395622360152768
183,retention,1958751757,0.8333333333333333,0.11307010632367803,,0,-0.3395622360152768
183,retention,1958751757,0.8888888888888888,0.149940091414406,,0,-0.3395622360152768
183,retention,1958751757,0.9444444444444444,0.1230354727256808,,0,-0.3395622360152768
183,retention,1958751757,1.0,0.13763674471085324,0.1601764553455173,0,-0.3395622360152768
184,jump,1724293045,0.0,0.0,-0.07314475890173013,0,-0.3395622360152768
184,jump,1724293045,0.05555555555555555,-0.005415069048369997,,0,-0.3395622360152768
184,jump,1724293045,0.1111111111111111,-0.002657103717910306,,0,-0.3395622360152768
184,jump,1724293045,0.16666666666666666,0.022008058208872593,,0,-0.3395622360152768
184,jump,1724293045,0.2222222222222222,-0.03382704091738374,,0,-0.3395622360152768
184,jump,1724293045,0.2777777777777778,-0.02141854551920748,,0,-0.3395622360152768
184,jump,1724293045,0.3333333333333333,-0.005277117805920757,,0,-0.3395622360152768
184,jump,1724293045,0.38888888888888884,-0.012869409917358531,,0,-0.3395622360152768
184,jump,1724293045,0.4444444444444444,0.05438810457876002,,0,-0.3395622360152768
184,jump,1724293045,0.5,0.04998359950405126,,0,-0.3395622360152768
184,jump,1724293045,0.5555555555555556,0.041438905070319366,,0,-0.3395622360152768
184,jump,1724293045,0.611111111111111,0.08871976436751894,,0,-0.3395622360152768
184,jump,1724293045,0.6666666666666666,0.12825475074138473,,0,-0.3395622360152768
184,jump,1724293045,0.7222222222222222,0.02903526368294214,,0,-0.3395622360152768
184,jump,1724293045,0.7777777777777777,-0.0024111097103558,,0,-0.3395622360152768
184,jump,1724293045,0.8333333333333333,-0.005059827174416739,,0,-0.3395622360152768
184,jump,1724293045,0.8888888888888888,0.06580935516328483,,0,-0.3395622360152768
184,jump,1724293045,0.9444444444444444,0.077413289459719,,0,-0.3395622360152768
184,jump,1724293045,1.0,0.13669247232635445,0.12769410241771897,0,-0.3395622360152768
185,branch_reorganization,1234284278,0.0,-0.3395622360152768,-0.25530937969391665,0,-0.3395622360152768
185,branch_reorganization,1234284278,0.05555555555555555,-0.4231608173559495,,0,-0.3395622360152768
185,branch_reorganization,1234284278,0.1111111111111111,-0.4416448825882247,,0,-0.3395622360152768
185,branch_reorganization,1234284278,0.16666666666666666,-0.27472213849953103,,0,-0.3395622360152768
185,branch_reorganization,1234284278,0.2222222222222222,-0.2500102772445088,,0,-0.3395622360152768
185,branch_reorganization,1234284278,0.2777777777777778,-0.16658748183880678,,0,-0.3395622360152768
185,branch_reorganization,1234284278,0.3333333333333333,-0.16675266069205344,,1,0.3395622360152768
185,branch_reorganization,1234284278,0.38888888888888884,-0.16042207210643208,,1,0.3395622360152768
185,branch_reorganization,1234284278,0.4444444444444444,-0.19631165239963397,,1,0.3395622360152768
185,branch_reorganization,1234284278,0.5,-0.23092870258013165,,1,0.3395622360152768
185,branch_reorganization,1234284278,0.5555555555555556,-0.218599457233464,,1,0.3395622360152768
185,branch_reorganization,1234284278,0.611111111111111,-0.2748735616674248,,0,-0.3395622360152768
185,branch_reorganization,1234284278,0.6666666666666666,-0.2203732609306373,,0,-0.3395622360152768
185,branch_reorganization,1234284278,0.7222222222222222,-0.22154657542160597,,0,-0.3395622360152768
185,branch_reorganization,1234284278,0.7777777777777777,-0.21539328580562983,,0,-0.3395622360152768
185,branch_reorganization,1234284278,0.8333333333333333,-0.16786598796860716,,0,-0.3395622360152768
185,branch_reorganization,1234284278,0.8888888888888888,-0.07175732111254897,,1,0.3395622360152768
185,branch_reorganization,1234284278,0.9444444444444444,0.08431144365341514,,1,0.3395622360152768
185,branch_reorganization,1234284278,1.0,0.04535820705821632,0.015712225166915995,0,-0.3395622360152768
186,retention,427080528,0.0,0.0,-0.0424918023233872,0,-0.3395622360152768
186,retention,427080528,0.05555555555555555,0.029529363014801965,,0,-0.3395622360152768
186,retention,427080528,0.1111111111111111,-0.046207075348655834,,0,-0.3395622360152768
186,retention,427080528,0.16666666666666666,0.028671799430685332,,0,-0.3395622360152768
186,retention,427080528,0.2222222222222222,0.019729922928279398,,0,-0.3395622360152768
186,retention,427080528,0.2777777777777778,0.11863322593687928,,0,-0.3395622360152768
186,retention,427080528,0.3333333333333333,0.15143801553630182,,0,-0.3395622360152768
186,retention,427080528,0.38888888888888884,0.12894933205764078,,0,-0.3395622360152768
186,retention,427080528,0.4444444444444444,0.12805762606172363,,0,-0.3395622360152768
186,retention,427080528,0.5,0.06605703408170181,,0,-0.3395622360152768
186,retention,427080528,0.5555555555555556,-0.04632155466451293,,0,-0.3395622360152768
186,retention,427080528,0.611111111111111,-0.017275367353242168,,0,-0.3395622360152768
186,retention,427080528,0.6666666666666666,0.03871898907473598,,0,-0.3395622360152768
186,retention,427080528,0.7222222222222222,0.08583854047945565,,0,-0.3395622360152768
186,retention,427080528,0.7777777777777777,0.09863248377933556,,0,-0.3395622360152768
186,retention,427080528,0.8333333333333333,0.0014815392520295678,,0,-0.3395622360152768
186,retention,427080528,0.8888888888888888,-0.018096646806794858,,0,-0.3395622360152768
186,retention,427080528,0.9444444444444444,-0.028674411728957704,,0,-0.3395622360152768
186,retention,427080528,1.0,0.09191468316981642,0.07520088659290515,0,-0.3395622360152768
187,jump,1801781092,0.0,0.0,-0.0360886225336437,0,-0.3395622360152768
187,jump,1801781092,0.05555555555555555,0.02223693237298973,,0,-0.3395622360152768
187,jump,1801781092,0.1111111111111111,0.02594237474620986,,0,-0.3395622360152768
187,jump,1801781092,0.16666666666666666,-0.02203040831681394,,0,-0.3395622360152768
187,jump,1801781092,0.2222222222222222,-0.10155573190980949,,0,-0.3395622360152768
187,jump,1801781092,0.2777777777777778,-0.1651174977879774,,0,-0.3395622360152768
187,jump,1801781092,0.3333333333333333,-0.13604924441096528,,0,-0.3395622360152768
187,jump,1801781092,0.38888888888888884,-0.12420524930672854,,0,-0.3395622360152768
187,jump,1801781092,0.4444444444444444,-0.10155414746266536,,0,-0.3395622360152768
187,jump,1801781092,0.5,-0.1289827459056227,,0,-0.3395622360152768
187,jump,1801781092,0.5555555555555556,-0.0335601750674111,,0,-0.3395622360152768
187,jump,1801781092,0.611111111111111,-0.10377142423270722,,0,-0.3395622360152768
187,jump,1801781092,0.6666666666666666,-0.08115775150815947,,0,-0.3395622360152768
187,jump,1801781092,0.7222222222222222,-0.03670461430258253,,0,-0.3395622360152768
187,jump,1801781092,0.7777777777777777,-0.004780833345228438,,0,-0.3395622360152768
187,jump,1801781092,0.8333333333333333,-0.03258513992453227,,0,-0.3395622360152768
187,jump,1801781092,0.8888888888888888,0.0011816940497101532,,0,-0.3395622360152768
187,jump,1801781092,0.9444444444444444,-0.01709794368926901,,0,-0.3395622360152768
187,jump,1801781092,1.0,-0.030120005554476446,-0.04822227062839211,0,-0.3395622360152768
188,branch_reorganization,764143825,0.0,-0.3395622360152768,-0.3628488357028494,0,-0.3395622360152768
188,branch_reorganization,764143825,0.05555555555555555,-0.38542194133309493,,0,-0.3395622360152768
188,branch_reorganization,764143825,0.1111111111111111,-0.41711249638824194,,0,-0.3395622360152768
188,branch_reorganization,764143825,0.16666666666666666,-0.3835181964179401,,0,-0.3395622360152768
188,branch_reorganization,764143825,0.2222222222222222,-0.405889858002267,,0,-0.3395622360152768
188,branch_reorganization,764143825,0.2777777777777778,-0.3888145295184664,,1,0.3395622360152768
188,branch_reorganization,764143825,0.3333333333333333,-0.3944028323434222,,1,0.3395622360152768
188,branch_reorganization,764143825,0.38888888888888884,-0.39324398187952203,,1,0.3395622360152768
188,branch_reorganization,764143825,0.4444444444444444,-0.4479088649031561,,1,0.3395622360152768
188,branch_reorganization,764143825,0.5,-0.3747934751228428,,1,0.3395622360152768
188,branch_reorganization,764143825,0.5555555555555556,-0.3608466911923513,,1,0.3395622360152768
188,branch_reorganization,764143825,0.611111111111111,-0.26400689072774175,,1,0.3395622360152768
188,branch_reorganization,764143825,0.6666666666666666,-0.16653013696529506,,1,0.3395622360152768
188,branch_reorganization,764143825,0.7222222222222222,-0.16856157004817493,,1,0.3395622360152768
188,branch_reorganization,764143825,0.7777777777777777,-0.04089368904328054,,1,0.3395622360152768
188,branch_reorganization,764143825,0.8333333333333333,0.00031343731898299254,,1,0.3395622360152768
188,branch_reorganization,764143825,0.8888888888888888,-0.07659185226214993,,1,0.3395622360152768
188,branch_reorganization,764143825,0.9444444444444444,-0.07430531966454143,,1,0.3395622360152768
188,branch_reorganization,764143825,1.0,-0.07842186841670203,-0.09823441937593208,1,0.3395622360152768
189,retention,718135019,0.0,0.0,0.01632721629325809,0,-0.3395622360152768
189,retention,718135019,0.05555555555555555,0.06713266419847376,,0,-0.3395622360152768
189,retention,718135019,0.1111111111111111,0.15665898164683528,,0,-0.3395622360152768
189,retention,718135019,0.16666666666666666,0.13656824225950445,,0,-0.3395622360152768
189,retention,718135019,0.2222222222222222,0.16165940433120532,,0,-0.3395622360152768
189,retention,718135019,0.2777777777777778,0.23430935786153945,,0,-0.3395622360152768
189,retention,718135019,0.3333333333333333,0.2102851133569314,,0,-0.3395622360152768
189,retention,718135019,0.38888888888888884,0.2204815968445949,,0,-0.3395622360152768
189,retention,718135019,0.4444444444444444,0.1808993289273295,,0,-0.3395622360152768
189,retention,718135019,0.5,0.15620030978204752,,0,-0.3395622360152768
189,retention,718135019,0.5555555555555556,0.20611981783092373,,0,-0.3395622360152768
189,retention,718135019,0.611111111111111,0.12425156709794118,,0,-0.3395622360152768
189,retention,718135019,0.6666666666666666,0.17431627667808003,,0,-0.3395622360152768
189,retention,718135019,0.7222222222222222,0.202304722948859,,0,-0.3395622360152768
189,retention,718135019,0.7777777777777777,0.21773417109344181,,0,-0.3395622360152768
189,retention,718135019,0.8333333333333333,0.23964700196950608,,0,-0.3395622360152768
189,retention,718135019,0.8888888888888888,0.22137757010508996,,0,-0.3395622360152768
189,retention,718135019,0.9444444444444444,0.28993553744911754,,0,-0.3395622360152768
189,retention,718135019,1.0,0.2372699630623306,0.21200642993374372,0,-0.3395622360152768
190,jump,2127956631,0.0,0.0,-0.02632396501139804,0,-0.3395622360152768
190,jump,2127956631,0.05555555555555555,0.07654668056254134,,0,-0.3395622360152768
190,jump,2127956631,0.1111111111111111,0.013105047680000745,,0,-0.3395622360152768
190,jump,2127956631,0.16666666666666666,0.0448148343075229,,0,-0.3395622360152768
190,jump,2127956631,0.2222222222222222,0.0640596402185578,,0,-0.3395622360152768
190,jump,2127956631,0.2777777777777778,0.03583278142382859,,0,-0.3395622360152768
190,jump,2127956631,0.3333333333333333,0.10745812212816805,,0,-0.3395622360152768
190,jump,2127956631,0.38888888888888884,0.08108595063619888,,0,-0.3395622360152768
190,jump,2127956631,0.4444444444444444,-0.04142242277106779,,0,-0.3395622360152768
190,jump,2127956631,0.5,-0.012881271495691408,,0,-0.3395622360152768
190,jump,2127956631,0.5555555555555556,-0.006988378803843895,,0,-0.3395622360152768
190,jump,2127956631,0.611111111111111,-0.032716794916602565,,0,-0.3395622360152768
190,jump,2127956631,0.6666666666666666,-0.09228211630090938,,0,-0.3395622360152768
190,jump,2127956631,0.7222222222222222,-0.08797426905982873,,0,-0.3395622360152768
190,jump,2127956631,0.7777777777777777,-0.12166479759305121,,0,-0.3395622360152768
190,jump,2127956631,0.8333333333333333,-0.18316600884167017,,0,-0.3395622360152768
190,jump,2127956631,0.8888888888888888,-0.14356501865953342,,0,-0.3395622360152768
190,jump,2127956631,0.9444444444444444,-0.22011675344707365,,0,-0.3395622360152768
190,jump,2127956631,1.0,-0.10511776240045982,-0.05000045106662916,0,-0.3395622360152768
191,branch_reorganization,1369170004,0.0,-0.3395622360152768,-0.39342770710243924,0,-0.3395622360152768
191,branch_reorganization,1369170004,0.05555555555555555,-0.2799911140878823,,0,-0.3395622360152768
191,branch_reorganization,1369170004,0.1111111111111111,-0.2486459656607754,,1,0.3395622360152768
191,branch_reorganization,1369170004,0.16666666666666666,-0.19741850392119714,,1,0.3395622360152768
191,branch_reorganization,1369170004,0.2222222222222222,-0.16888564694166033,,1,0.3395622360152768
191,branch_reorganization,1369170004,0.2777777777777778,-0.11015858795546554,,1,0.3395622360152768
191,branch_reorganization,1369170004,0.3333333333333333,-0.12449562407280447,,1,0.3395622360152768
191,branch_reorganization,1369170004,0.38888888888888884,-0.0551306608615872,,1,0.3395622360152768
191,branch_reorganization,1369170004,0.4444444444444444,-0.07584023232259315,,1,0.3395622360152768
191,branch_reorganization,1369170004,0.5,-0.131787869371715,,1,0.3395622360152768
191,branch_reorganization,1369170004,0.5555555555555556,-0.0294503872915734,,1,0.3395622360152768
191,branch_reorganization,1369170004,0.611111111111111,0.02297875071360566,,1,0.3395622360152768
191,branch_reorganization,1369170004,0.6666666666666666,0.0032399384673964804,,1,0.3395622360152768
191,branch_reorganization,1369170004,0.7222222222222222,0.0343590670088226,,1,0.3395622360152768
191,branch_reorganization,1369170004,0.7777777777777777,0.0992230860529164,,1,0.3395622360152768
191,branch_reorganization,1369170004,0.8333333333333333,0.10978054859205547,,1,0.3395622360152768
191,branch_reorganization,1369170004,0.8888888888888888,0.16001126478357997,,1,0.3395622360152768
191,branch_reorganization,1369170004,0.9444444444444444,0.2376877390251269,,1,0.3395622360152768
191,branch_reorganization,1369170004,1.0,0.30824778191555263,0.2934058119544346,1,0.3395622360152768
192,retention,376470362,0.0,0.0,0.00609395167319324,0,-0.3395622360152768
192,retention,376470362,0.05555555555555555,-0.09652690231022203,,0,-0.3395622360152768
192,retention,376470362,0.1111111111111111,-0.14068441256088604,,0,-0.3395622360152768
192,retention,376470362,0.16666666666666666,-0.10434441513487419,,0,-0.3395622360152768
192,retention,376470362,0.2222222222222222,-0.07383030013561162,,0,-0.3395622360152768
192,retention,376470362,0.2777777777777778,-0.17076240168153187,,0,-0.3395622360152768
192,retention,376470362,0.3333333333333333,-0.16174740726127448,,0,-0.3395622360152768
192,retention,376470362,0.38888888888888884,-0.24478841102763566,,0,-0.3395622360152768
192,retention,376470362,0.4444444444444444,-0.2790589159131978,,0,-0.3395622360152768
192,retention,376470362,0.5,-0.23535389597816422,,0,-0.3395622360152768
192,retention,376470362,0.5555555555555556,-0.27373128177707423,,0,-0.3395622360152768
192,retention,376470362,0.611111111111111,-0.24044212883669108,,0,-0.3395622360152768
192,retention,376470362,0.6666666666666666,-0.2320557051902177,,0,-0.3395622360152768
192,retention,376470362,0.7222222222222222,-0.17410962312870812,,0,-0.3395622360152768
192,retention,376470362,0.7777777777777777,-0.17735298353947543,,0,-0.3395622360152768
192,retention,376470362,0.8333333333333333,-0.1279298008924522,,0,-0.3395622360152768
192,retention,376470362,0.8888888888888888,-0.1689065755169737,,0,-0.3395622360152768
192,retention,376470362,0.9444444444444444,-0.16308586536640995,,0,-0.3395622360152768
192,retention,376470362,1.0,-0.21081633368831282,-0.1770254745553801,0,-0.3395622360152768
193,jump,81779031,0.0,0.0,0.11957742065519796,0,-0.3395622360152768
193,jump,81779031,0.05555555555555555,0.041565196154088865,,0,-0.3395622360152768
193,jump,81779031,0.1111111111111111,0.13307290603658622,,0,-0.3395622360152768
193,jump,81779031,0.16666666666666666,0.23003940673703516,,0,-0.3395622360152768
193,jump,81779031,0.2222222222222222,0.26457449399109967,,0,-0.3395622360152768
193,jump,81779031,0.2777777777777778,0.19456307166575318,,0,-0.3395622360152768
193,jump,81779031,0.3333333333333333,0.1452486459338055,,0,-0.3395622360152768
193,jump,81779031,0.38888888888888884,0.002864253013558027,,0,-0.3395622360152768
193,jump,81779031,0.4444444444444444,0.018887236653276632,,0,-0.3395622360152768
193,jump,81779031,0.5,-0.03523758384227168,,0,-0.3395622360152768
193,jump,81779031,0.5555555555555556,-0.02381281870829996,,0,-0.3395622360152768
193,jump,81779031,0.611111111111111,-0.024532336739143616,,0,-0.3395622360152768
193,jump,81779031,0.6666666666666666,-0.14208649444602073,,0,-0.3395622360152768
193,jump,81779031,0.7222222222222222,-0.21229014825649734,,0,-0.3395622360152768
193,jump,81779031,0.7777777777777777,-0.15127926219348303,,0,-0.3395622360152768
193,jump,81779031,0.8333333333333333,-0.19630235379148858,,0,-0.3395622360152768
193,jump,81779031,0.8888888888888888,-0.087738806482392,,0,-0.3395622360152768
193,jump,81779031,0.9444444444444444,-0.036687404722753406,,0,-0.3395622360152768
193,jump,81779031,1.0,-0.14744142413883812,-0.22853454415916546,0,-0.3395622360152768
194,branch_reorganization,1924978803,0.0,-0.3395622360152768,-0.35614884347033027,0,-0.3395622360152768
194,branch_reorganization,1924978803,0.05555555555555555,-0.296503577481969,,0,-0.3395622360152768
194,branch_reorganization,1924978803,0.1111111111111111,-0.28210826041762277,,0,-0.3395622360152768
194,branch_reorganization,1924978803,0.16666666666666666,-0.26448893056050893,,0,-0.3395622360152768
194,branch_reorganization,1924978803,0.2222222222222222,-0.28410603804805107,,0,-0.3395622360152768
194,branch_reorganization,1924978803,0.2777777777777778,-0.19854964878098122,,0,-0.3395622360152768
194,branch_reorganization,1924978803,0.3333333333333333,-0.15269729718809097,,1,0.3395622360152768
194,branch_reorganization,1924978803,0.38888888888888884,-0.11767661738245325,,1,0.3395622360152768
194,branch_reorganization,1924978803,0.4444444444444444,-0.21018234735693886,,1,0.3395622360152768
194,branch_reorganization,1924978803,0.5,-0.2528985856841538,,1,0.3395622360152768
194,branch_reorganization,1924978803,0.5555555555555556,-0.2260368741951517,,1,0.3395622360152768
194,branch_reorganization,1924978803,0.611111111111111,-0.2348928030962744,,1,0.3395622360152768
194,branch_reorganization,1924978803,0.6666666666666666,-0.27361526071851555,,1,0.3395622360152768
194,branch_reorganization,1924978803,0.7222222222222222,-0.2554272691869778,,1,0.3395622360152768
194,branch_reorganization,1924978803,0.7777777777777777,-0.23274734102612527,,1,0.3395622360152768
194,branch_reorganization,1924978803,0.8333333333333333,-0.12778759533202777,,1,0.3395622360152768
194,branch_reorganization,1924978803,0.8888888888888888,-0.14620666864606394,,1,0.3395622360152768
194,branch_reorganization,1924978803,0.9444444444444444,-0.07430846171916414,,1,0.3395622360152768
194,branch_reorganization,1924978803,1.0,0.006064181848548164,0.033773164239676995,1,0.3395622360152768
195,retention,648665048,0.0,0.0,0.028671038125700234,0,-0.3395622360152768
195,retention,648665048,0.05555555555555555,0.015588209004472855,,0,-0.3395622360152768
195,retention,648665048,0.1111111111111111,0.031095561707762967,,0,-0.3395622360152768
195,retention,648665048,0.16666666666666666,0.04533667416246823,,0,-0.3395622360152768
195,retention,648665048,0.2222222222222222,0.016269292472698232,,0,-0.3395622360152768
195,retention,648665048,0.2777777777777778,0.004736881123786124,,0,-0.3395622360152768
195,retention,648665048,0.3333333333333333,0.0032568423819210766,,0,-0.3395622360152768
195,retention,648665048,0.38888888888888884,0.038394443968391305,,0,-0.3395622360152768
195,retention,648665048,0.4444444444444444,0.02128901655395745,,0,-0.3395622360152768
195,retention,648665048,0.5,0.03758330246654512,,0,-0.3395622360152768
195,retention,648665048,0.5555555555555556,0.035051566760309995,,0,-0.3395622360152768
195,retention,648665048,0.611111111111111,-0.011171817277611178,,0,-0.3395622360152768
195,retention,648665048,0.6666666666666666,-0.0030367504002991944,,0,-0.3395622360152768
195,retention,648665048,0.7222222222222222,-0.0007061333575330564,,0,-0.3395622360152768
195,retention,648665048,0.7777777777777777,-0.01817873636265393,,0,-0.3395622360152768
195,retention,648665048,0.8333333333333333,0.053170111959088294,,0,-0.3395622360152768
195,retention,648665048,0.8888888888888888,0.062097483345111795,,0,-0.3395622360152768
195,retention,648665048,0.9444444444444444,0.11044509657803318,,0,-0.3395622360152768
195,retention,648665048,1.0,0.06949225351053909,0.01925513836396949,0,-0.3395622360152768
195,retention,648665048,1.0555555555555556,0.012338287732990574,,0,-0.3395622360152768
195,retention,648665048,1.1111111111111112,-0.02961735243671755,,0,-0.3395622360152768
195,retention,648665048,1.1666666666666667,-0.08170836137201816,,0,-0.3395622360152768
195,retention,648665048,1.2222222222222223,-0.02302074491481961,,0,-0.3395622360152768
195,retention,648665048,1.2777777777777777,0.08584954835851465,,0,-0.3395622360152768
195,retention,648665048,1.3333333333333333,0.09869017617027995,,0,-0.3395622360152768
195,retention,648665048,1.3888888888888888,0.042642371160038675,,0,-0.3395622360152768
195,retention,648665048,1.4444444444444444,-0.015120358786428742,,0,-0.3395622360152768
195,retention,648665048,1.5,-0.004928217376380219,,0,-0.3395622360152768
195,retention,648665048,1.5555555555555556,0.03649686645683872,,0,-0.3395622360152768
195,retention,648665048,1.6111111111111112,0.015524371475131044,,0,-0.3395622360152768
195,retention,648665048,1.6666666666666665,0.026313741073186802,,0,-0.3395622360152768
195,retention,648665048,1.7222222222222223,0.02423173305592751,,0,-0.3395622360152768
195,retention,648665048,1.7777777777777777,-0.01023211103191653,,0,-0.3395622360152768
195,retention,648665048,1.8333333333333333,0.06572071765146921,,0,-0.3395622360152768
195,retention,648665048,1.8888888888888888,0.11359022161682832,,0,-0.3395622360152768
195,retention,648665048,1.9444444444444444,0.11821934259562217,,0,-0.3395622360152768
195,retention,648665048,2.0,0.14879712067042672,0.08619201982967747,0,-0.3395622360152768
195,retention,648665048,2.0555555555555554,0.17290776501550012,,0,-0.3395622360152768
195,retention,648665048,2.111111111111111,0.25806095132108714,,0,-0.3395622360152768
195,retention,648665048,2.1666666666666665,0.24147409998186511,,0,-0.3395622360152768
195,retention,648665048,2.2222222222222223,0.2842613903540131,,0,-0.3395622360152768
195,retention,648665048,2.2777777777777777,0.23483581680904497,,0,-0.3395622360152768
195,retention,648665048,2.3333333333333335,0.25891602510216033,,0,-0.3395622360152768
195,retention,648665048,2.388888888888889,0.309375916255269,,0,-0.3395622360152768
195,retention,648665048,2.4444444444444446,0.3555318250169442,,0,-0.3395622360152768
195,retention,648665048,2.5,0.4234756997752683,,0,-0.3395622360152768
195,retention,648665048,2.5555555555555554,0.3861036210758005,,0,-0.3395622360152768
195,retention,648665048,2.611111111111111,0.3531496805357576,,0,-0.3395622360152768
195,retention,648665048,2.6666666666666665,0.33287781226378915,,0,-0.3395622360152768
195,retention,648665048,2.7222222222222223,0.36191892231410455,,0,-0.3395622360152768
195,retention,648665048,2.7777777777777777,0.3242481262758083,,0,-0.3395622360152768
195,retention,648665048,2.833333333333333,0.19714632169084134,,0,-0.3395622360152768
195,retention,648665048,2.888888888888889,0.17551098678146007,,0,-0.3395622360152768
195,retention,648665048,2.9444444444444446,0.173411111619619,,0,-0.3395622360152768
195,retention,648665048,3.0,0.1442288723959343,0.2407669124893076,0,-0.3395622360152768
196,jump,1572089060,0.0,0.0,-0.031197217205247683,0,-0.3395622360152768
196,jump,1572089060,0.05555555555555555,0.00891169322967189,,0,-0.3395622360152768
196,jump,1572089060,0.1111111111111111,0.017718597448951753,,0,-0.3395622360152768
196,jump,1572089060,0.16666666666666666,0.0024449108712613025,,0,-0.3395622360152768
196,jump,1572089060,0.2222222222222222,0.002529313822755786,,0,-0.3395622360152768
196,jump,1572089060,0.2777777777777778,-0.03376553182305151,,0,-0.3395622360152768
196,jump,1572089060,0.3333333333333333,-0.1530131329361182,,0,-0.3395622360152768
196,jump,1572089060,0.38888888888888884,-0.027353067042535373,,0,-0.3395622360152768
196,jump,1572089060,0.4444444444444444,-0.07548127168549734,,0,-0.3395622360152768
196,jump,1572089060,0.5,-0.09270169143094643,,0,-0.3395622360152768
196,jump,1572089060,0.5555555555555556,-0.08066373791492878,,0,-0.3395622360152768
196,jump,1572089060,0.611111111111111,0.030747979471412654,,0,-0.3395622360152768
196,jump,1572089060,0.6666666666666666,0.048773722174969225,,0,-0.3395622360152768
196,jump,1572089060,0.7222222222222222,0.0639821262265335,,0,-0.3395622360152768
196,jump,1572089060,0.7777777777777777,0.13199941928772774,,0,-0.3395622360152768
196,jump,1572089060,0.8333333333333333,0.08790125200702921,,0,-0.3395622360152768
196,jump,1572089060,0.8888888888888888,0.09602729047608402,,0,-0.3395622360152768
196,jump,1572089060,0.9444444444444444,0.08621634763534701,,0,-0.3395622360152768
196,jump,1572089060,1.0,0.12853994604294228,0.10462824420212552,0,-0.3395622360152768
197,branch_reorganization,1816996623,0.0,-0.3395622360152768,-0.33561550874990975,0,-0.3395622360152768
197,branch_reorganization,1816996623,0.05555555555555555,-0.3427812983981379,,0,-0.3395622360152768
197,branch_reorganization,1816996623,0.1111111111111111,-0.32312586286100475,,0,-0.3395622360152768
197,branch_reorganization,1816996623,0.16666666666666666,-0.30048322128809474,,0,-0.3395622360152768
197,branch_reorganization,1816996623,0.2222222222222222,-0.2864459762274511,,1,0.3395622360152768
197,branch_reorganization,1816996623,0.2777777777777778,-0.31279093141632464,,1,0.3395622360152768
197,branch_reorganization,1816996623,0.3333333333333333,-0.29937139728926737,,1,0.3395622360152768
197,branch_reorganization,1816996623,0.38888888888888884,-0.26319985637528304,,1,0.3395622360152768
197,branch_reorganization,1816996623,0.4444444444444444,-0.2648216096814796,,1,0.3395622360152768
197,branch_reorganization,1816996623,0.5,-0.3173098479818729,,1,0.3395622360152768
197,branch_reorganization,1816996623,0.5555555555555556,-0.3791929560965316,,1,0.3395622360152768
197,branch_reorganization,1816996623,0.611111111111111,-0.243924325661678,,1,0.3395622360152768
197,branch_reorganization,1816996623,0.6666666666666666,-0.19829491692629084,,1,0.3395622360152768
197,branch_reorganization,1816996623,0.7222222222222222,-0.193646398912942,,0,-0.3395622360152768
197,branch_reorganization,1816996623,0.7777777777777777,-0.13268281653247418,,0,-0.3395622360152768
197,branch_reorganization,1816996623,0.8333333333333333,-0.14007112617995043,,0,-0.3395622360152768
197,branch_reorganization,1816996623,0.8888888888888888,-0.10194275712007432,,0,-0.3395622360152768
197,branch_reorganization,1816996623,0.9444444444444444,-0.12981290311422963,,0,-0.3395622360152768
197,branch_reorganization,1816996623,1.0,-0.13133840963234003,-0.19633686452080312,1,0.3395622360152768
198,retention,435563456,0.0,0.0,0.04074109104836877,0,-0.3395622360152768
198,retention,435563456,0.05555555555555555,0.06327138054747958,,0,-0.3395622360152768
198,retention,435563456,0.1111111111111111,0.04523496463918984,,0,-0.3395622360152768
198,retention,435563456,0.16666666666666666,0.10472070410815834,,0,-0.3395622360152768
198,retention,435563456,0.2222222222222222,0.019344018805578525,,0,-0.3395622360152768
198,retention,435563456,0.2777777777777778,0.006481583464702201,,0,-0.3395622360152768
198,retention,435563456,0.3333333333333333,0.01785092182445123,,0,-0.3395622360152768
198,retention,435563456,0.38888888888888884,0.06929570886474207,,0,-0.3395622360152768
198,retention,435563456,0.4444444444444444,0.08603227346376452,,0,-0.3395622360152768
198,retention,435563456,0.5,0.061225827543976014,,0,-0.3395622360152768
198,retention,435563456,0.5555555555555556,0.007911743491688862,,0,-0.3395622360152768
198,retention,435563456,0.611111111111111,-0.019887889631398523,,0,-0.3395622360152768
198,retention,435563456,0.6666666666666666,-0.04168728713944134,,0,-0.3395622360152768
198,retention,435563456,0.7222222222222222,0.008828963784274682,,0,-0.3395622360152768
198,retention,435563456,0.7777777777777777,-0.06075149960729903,,0,-0.3395622360152768
198,retention,435563456,0.8333333333333333,-0.08380901793057198,,0,-0.3395622360152768
198,retention,435563456,0.8888888888888888,-0.09625282657669168,,0,-0.3395622360152768
198,retention,435563456,0.9444444444444444,-0.11071087656837264,,0,-0.3395622360152768
198,retention,435563456,1.0,-0.0928456240829277,-0.08387546188306604,0,-0.3395622360152768
199,jump,717547966,0.0,0.0,0.1487843183415126,0,-0.3395622360152768
199,jump,717547966,0.05555555555555555,0.012997520897457829,,0,-0.3395622360152768
199,jump,717547966,0.1111111111111111,0.014456990566775227,,0,-0.3395622360152768
199,jump,717547966,0.16666666666666666,-0.03250373184492053,,0,-0.3395622360152768
199,jump,717547966,0.2222222222222222,-0.0192182184819392,,0,-0.3395622360152768
199,jump,717547966,0.2777777777777778,0.012047830353742156,,0,-0.3395622360152768
199,jump,717547966,0.3333333333333333,-0.022175608573362537,,0,-0.3395622360152768
199,jump,717547966,0.38888888888888884,0.002049991106773383,,0,-0.3395622360152768
199,jump,717547966,0.4444444444444444,0.07240891412712697,,0,-0.3395622360152768
199,jump,717547966,0.5,-0.009858212566355995,,0,-0.3395622360152768
199,jump,717547966,0.5555555555555556,-0.0026718213372288625,,0,-0.3395622360152768
199,jump,717547966,0.611111111111111,-0.010486243977578339,,0,-0.3395622360152768
199,jump,717547966,0.6666666666666666,-0.038281250563517194,,0,-0.3395622360152768
199,jump,717547966,0.7222222222222222,0.01789928647304101,,0,-0.3395622360152768
199,jump,717547966,0.7777777777777777,0.008511403924865223,,0,-0.3395622360152768
199,jump,717547966,0.8333333333333333,0.025002176354280883,,0,-0.3395622360152768
199,jump,717547966,0.8888888888888888,0.07337628659895461,,0,-0.3395622360152768
199,jump,717547966,0.9444444444444444,0.08539032223175688,,0,-0.3395622360152768
199,jump,717547966,1.0,0.20842648012992315,0.13184510788186102,0,-0.3395622360152768
200,branch_reorganization,1909480934,0.0,-0.3395622360152768,-0.4259385206050705,0,-0.3395622360152768
200,branch_reorganization,1909480934,0.05555555555555555,-0.326091114471635,,0,-0.3395622360152768
200,branch_reorganization,1909480934,0.1111111111111111,-0.29873022531901083,,0,-0.3395622360152768
200,branch_reorganization,1909480934,0.16666666666666666,-0.31542247393863604,,0,-0.3395622360152768
200,branch_reorganization,1909480934,0.2222222222222222,-0.34877183153253233,,0,-0.3395622360152768
200,branch_reorganization,1909480934,0.2777777777777778,-0.30479459020164473,,0,-0.3395622360152768
200,branch_reorganization,1909480934,0.3333333333333333,-0.4586918657420238,,0,-0.3395622360152768
200,branch_reorganization,1909480934,0.38888888888888884,-0.4603663842858142,,0,-0.3395622360152768
200,branch_reorganization,1909480934,0.4444444444444444,-0.5046671618488724,,0,-0.3395622360152768
200,branch_reorganization,1909480934,0.5,-0.521064422623931,,1,0.3395622360152768
200,branch_reorganization,1909480934,0.5555555555555556,-0.4691109684663188,,1,0.3395622360152768
200,branch_reorganization,1909480934,0.611111111111111,-0.3900158942727437,,1,0.3395622360152768
200,branch_reorganization,1909480934,0.6666666666666666,-0.14193868400946383,,1,0.3395622360152768
200,branch_reorganization,1909480934,0.7222222222222222,-0.157893075851739,,1,0.3395622360152768
200,branch_reorganization,1909480934,0.7777777777777777,-0.06518655849981946,,1,0.3395622360152768
200,branch_reorganization,1909480934,0.8333333333333333,-0.006946131286485954,,1,0.3395622360152768
200,branch_reorganization,1909480934,0.8888888888888888,-0.06790850801457843,,1,0.3395622360152768
200,branch_reorganization,1909480934,0.9444444444444444,-0.12677623969818314,,0,-0.3395622360152768
200,branch_reorganization,1909480934,1.0,-0.12181962132411013,-0.1275763635265024,0,-0.3395622360152768
201,retention,1321345820,0.0,0.0,-0.077121973329605,0,-0.3395622360152768
201,retention,1321345820,0.05555555555555555,-0.015572328704706172,,0,-0.3395622360152768
201,retention,1321345820,0.1111111111111111,0.06655162617358794,,0,-0.3395622360152768
201,retention,1321345820,0.16666666666666666,0.12255311597888485,,0,-0.3395622360152768
201,retention,1321345820,0.2222222222222222,0.10440341780590252,,0,-0.3395622360152768
201,retention,1321345820,0.2777777777777778,0.09606826361739436,,0,-0.3395622360152768
201,retention,1321345820,0.3333333333333333,0.04160998694169256,,0,-0.3395622360152768
201,retention,1321345820,0.38888888888888884,0.16480824361851382,,0,-0.3395622360152768
201,retention,1321345820,0.4444444444444444,0.15615455471247014,,0,-0.3395622360152768
201,retention,1321345820,0.5,0.12172977289558332,,0,-0.3395622360152768
201,retention,1321345820,0.5555555555555556,0.1917030254972536,,0,-0.3395622360152768
201,retention,1321345820,0.611111111111111,0.19322450340711583,,0,-0.3395622360152768
201,retention,1321345820,0.6666666666666666,0.12904598750948792,,0,-0.3395622360152768
201,retention,1321345820,0.7222222222222222,0.11090550486804832,,0,-0.3395622360152768
201,retention,1321345820,0.7777777777777777,0.1109907125677629,,0,-0.3395622360152768
201,retention,1321345820,0.8333333333333333,0.13700061202833458,,0,-0.3395622360152768
201,retention,1321345820,0.8888888888888888,0.11256311624666566,,0,-0.3395622360152768
201,retention,1321345820,0.9444444444444444,0.104524207830412,,0,-0.3395622360152768
201,retention,1321345820,1.0,0.07503475095808608,0.03679077752910281,0,-0.3395622360152768
202,jump,106498178,0.0,0.0,-0.03908511460478447,0,-0.3395622360152768
202,jump,106498178,0.05555555555555555,0.0037790535513832495,,0,-0.3395622360152768
202,jump,106498178,0.1111111111111111,0.007170129582614415,,0,-0.3395622360152768
202,jump,106498178,0.16666666666666666,0.03155393952449538,,0,-0.3395622360152768
202,jump,106498178,0.2222222222222222,0.004928476118347916,,0,-0.3395622360152768
202,jump,106498178,0.2777777777777778,-0.017906576102041234,,0,-0.3395622360152768
202,jump,106498178,0.3333333333333333,-0.08087241668669783,,0,-0.3395622360152768
202,jump,106498178,0.38888888888888884,-0.07135849821166937,,0,-0.3395622360152768
202,jump,106498178,0.4444444444444444,-0.01952692152835314,,0,-0.3395622360152768
202,jump,106498178,0.5,-0.023811264678416856,,0,-0.3395622360152768
202,jump,106498178,0.5555555555555556,-0.0361110047510011,,0,-0.3395622360152768
202,jump,106498178,0.611111111111111,0.01924249197962028,,0,-0.3395622360152768
202,jump,106498178,0.6666666666666666,0.03448556002749942,,0,-0.3395622360152768
202,jump,106498178,0.7222222222222222,0.08577943769523888,,0,-0.3395622360152768
202,jump,106498178,0.7777777777777777,0.009738686971218505,,0,-0.3395622360152768
202,jump,106498178,0.8333333333333333,0.022738129098448925,,0,-0.3395622360152768
202,jump,106498178,0.8888888888888888,0.05443983337830497,,0,-0.3395622360152768
202,jump,106498178,0.9444444444444444,0.03022418136349593,,0,-0.3395622360152768
202,jump,106498178,1.0,0.013550938243602772,0.014096209816638963,0,-0.3395622360152768
203,branch_reorganization,1497579877,0.0,-0.3395622360152768,-0.3580496781126278,0,-0.3395622360152768
203,branch_reorganization,1497579877,0.05555555555555555,-0.3077631535648133,,0,-0.3395622360152768
203,branch_reorganization,1497579877,0.1111111111111111,-0.2374160076959569,,0,-0.3395622360152768
203,branch_reorganization,1497579877,0.16666666666666666,-0.325285061542021,,0,-0.3395622360152768
203,branch_reorganization,1497579877,0.2222222222222222,-0.2665166828670324,,0,-0.3395622360152768
203,branch_reorganization,1497579877,0.2777777777777778,-0.3354782643295825,,0,-0.3395622360152768
203,branch_reorganization,1497579877,0.3333333333333333,-0.30683022006351596,,1,0.3395622360152768
203,branch_reorganization,1497579877,0.38888888888888884,-0.39152158061804204,,0,-0.3395622360152768
203,branch_reorganization,1497579877,0.4444444444444444,-0.3752620006800756,,0,-0.3395622360152768
203,branch_reorganization,1497579877,0.5,-0.4304474212942359,,0,-0.3395622360152768
203,branch_reorganization,1497579877,0.5555555555555556,-0.3948445823371433,,1,0.3395622360152768
203,branch_reorganization,1497579877,0.611111111111111,-0.38669283191832954,,0,-0.3395622360152768
203,branch_reorganization,1497579877,0.6666666666666666,-0.3394073669774047,,0,-0.3395622360152768
203,branch_reorganization,1497579877,0.7222222222222222,-0.4333654320528356,,0,-0.3395622360152768
203,branch_reorganization,1497579877,0.7777777777777777,-0.4570452135987607,,0,-0.3395622360152768
203,branch_reorganization,1497579877,0.8333333333333333,-0.5176351033600912,,0,-0.3395622360152768
203,branch_reorganization,1497579877,0.8888888888888888,-0.6030564238502827,,0,-0.3395622360152768
203,branch_reorganization,1497579877,0.9444444444444444,-0.49216890435379845,,1,0.3395622360152768
203,branch_reorganization,1497579877,1.0,-0.4778430514181131,-0.4476685695081819,1,0.3395622360152768
204,retention,1288210314,0.0,0.0,-0.03984517876192957,0,-0.3395622360152768
204,retention,1288210314,0.05555555555555555,-0.032845601510511524,,0,-0.3395622360152768
204,retention,1288210314,0.1111111111111111,-0.14467915402578851,,0,-0.3395622360152768
204,retention,1288210314,0.16666666666666666,-0.19924764899312558,,0,-0.3395622360152768
204,retention,1288210314,0.2222222222222222,-0.2397867429673628,,0,-0.3395622360152768
204,retention,1288210314,0.2777777777777778,-0.18231397994307533,,0,-0.3395622360152768
204,retention,1288210314,0.3333333333333333,-0.22478262500382729,,0,-0.3395622360152768
204,retention,1288210314,0.38888888888888884,-0.2189611253873185,,0,-0.3395622360152768
204,retention,1288210314,0.4444444444444444,-0.2626166038191987,,0,-0.3395622360152768
204,retention,1288210314,0.5,-0.20966661077019344,,0,-0.3395622360152768
204,retention,1288210314,0.5555555555555556,-0.11783623278764349,,0,-0.3395622360152768
204,retention,1288210314,0.611111111111111,-0.004612014148705962,,0,-0.3395622360152768
204,retention,1288210314,0.6666666666666666,0.04280720166306822,,0,-0.3395622360152768
204,retention,1288210314,0.7222222222222222,0.034916997410128346,,0,-0.3395622360152768
204,retention,1288210314,0.7777777777777777,0.10482001991022899,,0,-0.3395622360152768
204,retention,1288210314,0.8333333333333333,0.06091786571637072,,0,-0.3395622360152768
204,retention,1288210314,0.8888888888888888,0.1186057912898382,,0,-0.3395622360152768
204,retention,1288210314,0.9444444444444444,0.01857767172980762,,0,-0.3395622360152768
204,retention,1288210314,1.0,-0.04114846275918645,-0.05157888777265255,0,-0.3395622360152768
205,jump,35737821,0.0,0.0,0.08291137001013514,0,-0.3395622360152768
205,jump,35737821,0.05555555555555555,-0.01460966853955339,,0,-0.3395622360152768
205,jump,35737821,0.1111111111111111,0.06089498988952768,,0,-0.3395622360152768
205,jump,35737821,0.16666666666666666,0.09347078582859575,,0,-0.3395622360152768
205,jump,35737821,0.2222222222222222,-0.019820851618787702,,0,-0.3395622360152768
205,jump,35737821,0.2777777777777778,0.027401134417301323,,0,-0.3395622360152768
205,jump,35737821,0.3333333333333333,0.0038215426272305737,,0,-0.3395622360152768
205,jump,35737821,0.38888888888888884,-0.010306267022440394,,0,-0.3395622360152768
205,jump,35737821,0.4444444444444444,-0.059603525270335425,,0,-0.3395622360152768
205,jump,35737821,0.5,-0.008914867763257422,,0,-0.3395622360152768
205,jump,35737821,0.5555555555555556,0.03560626648669541,,0,-0.3395622360152768
205,jump,35737821,0.611111111111111,0.11119760799046946,,0,-0.3395622360152768
205,jump,35737821,0.6666666666666666,0.12243732503089122,,0,-0.3395622360152768
205,jump,35737821,0.7222222222222222,0.11026833735073173,,0,-0.3395622360152768
205,jump,35737821,0.7777777777777777,0.108562126113493,,0,-0.3395622360152768
205,jump,35737821,0.8333333333333333,0.07043930691743897,,0,-0.3395622360152768
205,jump,35737821,0.8888888888888888,0.12969329076807784,,0,-0.3395622360152768
205,jump,35737821,0.9444444444444444,0.18163280357123524,,0,-0.3395622360152768
205,jump,35737821,1.0,0.2430052827287589,0.26324657429352505,0,-0.3395622360152768
206,branch_reorganization,597233531,0.0,-0.3395622360152768,-0.383460437208317,0,-0.3395622360152768
206,branch_reorganization,597233531,0.05555555555555555,-0.3409908184179977,,0,-0.3395622360152768
206,branch_reorganization,597233531,0.1111111111111111,-0.2704229138821712,,0,-0.3395622360152768
206,branch_reorganization,597233531,0.16666666666666666,-0.26563295998859315,,1,0.3395622360152768
206,branch_reorganization,597233531,0.2222222222222222,-0.23059534921567487,,1,0.3395622360152768
206,branch_reorganization,597233531,0.2777777777777778,-0.28455234599867607,,1,0.3395622360152768
206,branch_reorganization,597233531,0.3333333333333333,-0.22256775492678268,,1,0.3395622360152768
206,branch_reorganization,597233531,0.38888888888888884,-0.15750984205834495,,1,0.3395622360152768
206,branch_reorganization,597233531,0.4444444444444444,-0.16222117438003272,,1,0.3395622360152768
206,branch_reorganization,597233531,0.5,-0.16438118320019865,,1,0.3395622360152768
206,branch_reorganization,597233531,0.5555555555555556,-0.13534680903805002,,1,0.3395622360152768
206,branch_reorganization,597233531,0.611111111111111,-0.12254089107144885,,1,0.3395622360152768
206,branch_reorganization,597233531,0.6666666666666666,-0.10359989186008092,,1,0.3395622360152768
206,branch_reorganization,597233531,0.7222222222222222,-0.022885613261885637,,0,-0.3395622360152768
206,branch_reorganization,597233531,0.7777777777777777,-0.10924220796389061,,0,-0.3395622360152768
206,branch_reorganization,597233531,0.8333333333333333,-0.13986457838562857,,0,-0.3395622360152768
206,branch_reorganization,597233531,0.8888888888888888,-0.20099526761743386,,0,-0.3395622360152768
206,branch_reorganization,597233531,0.9444444444444444,-0.19149072083833432,,1,0.3395622360152768
206,branch_reorganization,597233531,1.0,-0.22303665692988106,-0.2109939408719599,1,0.3395622360152768
207,retention,354558477,0.0,0.0,-0.07865793056089658,0,-0.3395622360152768
207,retention,354558477,0.05555555555555555,0.008995504579398739,,0,-0.3395622360152768
207,retention,354558477,0.1111111111111111,0.033801409236149306,,0,-0.3395622360152768
207,retention,354558477,0.16666666666666666,0.037433150968160196,,0,-0.3395622360152768
207,retention,354558477,0.2222222222222222,0.0016184194042763514,,0,-0.3395622360152768
207,retention,354558477,0.2777777777777778,-0.02706267080009848,,0,-0.3395622360152768
207,retention,354558477,0.3333333333333333,-0.032038376093123336,,0,-0.3395622360152768
207,retention,354558477,0.38888888888888884,-0.07820290702500829,,0,-0.3395622360152768
207,retention,354558477,0.4444444444444444,-0.02852990806805837,,0,-0.3395622360152768
207,retention,354558477,0.5,0.007531906873868344,,0,-0.3395622360152768
207,retention,354558477,0.5555555555555556,0.014141883202365719,,0,-0.3395622360152768
207,retention,354558477,0.611111111111111,-0.03539871316758757,,0,-0.3395622360152768
207,retention,354558477,0.6666666666666666,-0.0007553248957872238,,0,-0.3395622360152768
207,retention,354558477,0.7222222222222222,0.008251520781248065,,0,-0.3395622360152768
207,retention,354558477,0.7777777777777777,0.005722829772431491,,0,-0.3395622360152768
207,retention,354558477,0.8333333333333333,0.04983314318066467,,0,-0.3395622360152768
207,retention,354558477,0.8888888888888888,0.1144226797920444,,0,-0.3395622360152768
207,retention,354558477,0.9444444444444444,0.1265592215166613,,0,-0.3395622360152768
207,retention,354558477,1.0,0.1558999451699581,0.1696012777903583,0,-0.3395622360152768
208,jump,1036368941,0.0,0.0,-0.0095411059965608,0,-0.3395622360152768
208,jump,1036368941,0.05555555555555555,-0.030723651357529764,,0,-0.3395622360152768
208,jump,1036368941,0.1111111111111111,0.007896207212095031,,0,-0.3395622360152768
208,jump,1036368941,0.16666666666666666,-0.07969048474669924,,0,-0.3395622360152768
208,jump,1036368941,0.2222222222222222,-0.07339349836295692,,0,-0.3395622360152768
208,jump,1036368941,0.2777777777777778,-0.10985457662697849,,0,-0.3395622360152768
208,jump,1036368941,0.3333333333333333,-0.10453419863312798,,0,-0.3395622360152768
208,jump,1036368941,0.38888888888888884,-0.08041886199742619,,0,-0.3395622360152768
208,jump,1036368941,0.4444444444444444,-0.011369674815119787,,0,-0.3395622360152768
208,jump,1036368941,0.5,-0.014455140774777676,,0,-0.3395622360152768
208,jump,1036368941,0.5555555555555556,-0.09054344936314271,,0,-0.3395622360152768
208,jump,1036368941,0.611111111111111,-0.12291840957173651,,0,-0.3395622360152768
208,jump,1036368941,0.6666666666666666,-0.15284848968429515,,0,-0.3395622360152768
208,jump,1036368941,0.7222222222222222,-0.20735347495312206,,0,-0.3395622360152768
208,jump,1036368941,0.7777777777777777,-0.2604702967191327,,0,-0.3395622360152768
208,jump,1036368941,0.8333333333333333,-0.24670078740015913,,0,-0.3395622360152768
208,jump,1036368941,0.8888888888888888,-0.25845390663224044,,0,-0.3395622360152768
208,jump,1036368941,0.9444444444444444,-0.31927486326046206,,0,-0.3395622360152768
208,jump,1036368941,1.0,-0.2717790459563794,-0.3040697527741296,0,-0.3395622360152768
209,branch_reorganization,271795153,0.0,-0.3395622360152768,-0.3573647969746888,0,-0.3395622360152768
209,branch_reorganization,271795153,0.05555555555555555,-0.37280888301964515,,0,-0.3395622360152768
209,branch_reorganization,271795153,0.1111111111111111,-0.37147781748753816,,0,-0.3395622360152768
209,branch_reorganization,271795153,0.16666666666666666,-0.3088786865275035,,0,-0.3395622360152768
209,branch_reorganization,271795153,0.2222222222222222,-0.2915295152471528,,0,-0.3395622360152768
209,branch_reorganization,271795153,0.2777777777777778,-0.37153244953771847,,0,-0.3395622360152768
209,branch_reorganization,271795153,0.3333333333333333,-0.33400776409925675,,0,-0.3395622360152768
209,branch_reorganization,271795153,0.38888888888888884,-0.36484720332887416,,0,-0.3395622360152768
209,branch_reorganization,271795153,0.4444444444444444,-0.339118089468171,,0,-0.3395622360152768
209,branch_reorganization,271795153,0.5,-0.3795018415997632,,0,-0.3395622360152768
209,branch_reorganization,271795153,0.5555555555555556,-0.4265871932116675,,0,-0.3395622360152768
209,branch_reorganization,271795153,0.611111111111111,-0.4304866447367182,,0,-0.3395622360152768
209,branch_reorganization,271795153,0.6666666666666666,-0.33373490965134056,,0,-0.3395622360152768
209,branch_reorganization,271795153,0.7222222222222222,-0.30712286673004924,,0,-0.3395622360152768
209,branch_reorganization,271795153,0.7777777777777777,-0.31071423044807517,,0,-0.3395622360152768
209,branch_reorganization,271795153,0.8333333333333333,-0.28932109074855766,,0,-0.3395622360152768
209,branch_reorganization,271795153,0.8888888888888888,-0.30500834002080957,,0,-0.3395622360152768
209,branch_reorganization,271795153,0.9444444444444444,-0.2661103828990296,,0,-0.3395622360152768
209,branch_reorganization,271795153,1.0,-0.3155795566728905,-0.2482308035797476,0,-0.3395622360152768
210,retention,590177752,0.0,0.0,-0.008404264612851138,0,-0.3395622360152768
210,retention,590177752,0.05555555555555555,-0.05238997323012998,,0,-0.3395622360152768
210,retention,590177752,0.1111111111111111,-0.05945751504575855,,0,-0.3395622360152768
210,retention,590177752,0.16666666666666666,-0.05133822444736125,,0,-0.3395622360152768
210,retention,590177752,0.2222222222222222,0.07514071821539214,,0,-0.3395622360152768
210,retention,590177752,0.2777777777777778,0.14255062672251556,,0,-0.3395622360152768
210,retention,590177752,0.3333333333333333,0.084522299525178,,0,-0.3395622360152768
210,retention,590177752,0.38888888888888884,0.06333195589950588,,0,-0.3395622360152768
210,retention,590177752,0.4444444444444444,0.05140148258192426,,0,-0.3395622360152768
210,retention,590177752,0.5,0.011974525026923151,,0,-0.3395622360152768
210,retention,590177752,0.5555555555555556,0.0849200995099668,,0,-0.3395622360152768
210,retention,590177752,0.611111111111111,0.09351892390391651,,0,-0.3395622360152768
210,retention,590177752,0.6666666666666666,0.12913008769070497,,0,-0.3395622360152768
210,retention,590177752,0.7222222222222222,0.13102869342166412,,0,-0.3395622360152768
210,retention,590177752,0.7777777777777777,0.08910638548662095,,0,-0.3395622360152768
210,retention,590177752,0.8333333333333333,0.1429744748330057,,0,-0.3395622360152768
210,retention,590177752,0.8888888888888888,0.13212799026579378,,0,-0.3395622360152768
210,retention,590177752,0.9444444444444444,0.04329766227315751,,0,-0.3395622360152768
210,retention,590177752,1.0,0.004949503616891254,0.01696790637125608,0,-0.3395622360152768
211,jump,1636069650,0.0,0.0,0.04983977946782189,0,-0.3395622360152768
211,jump,1636069650,0.05555555555555555,-0.05898249430540494,,0,-0.3395622360152768
211,jump,1636069650,0.1111111111111111,-0.05028969453678208,,0,-0.3395622360152768
211,jump,1636069650,0.16666666666666666,-0.02779184232195041,,0,-0.3395622360152768
211,jump,1636069650,0.2222222222222222,-0.04278938285774109,,0,-0.3395622360152768
211,jump,1636069650,0.2777777777777778,-0.10782612604057869,,0,-0.3395622360152768
211,jump,1636069650,0.3333333333333333,-0.0995957917177802,,0,-0.3395622360152768
211,jump,1636069650,0.38888888888888884,0.045412466634730544,,0,-0.3395622360152768
211,jump,1636069650,0.4444444444444444,0.011140495945566938,,0,-0.3395622360152768
211,jump,1636069650,0.5,-0.019806914042682304,,0,-0.3395622360152768
211,jump,1636069650,0.5555555555555556,0.012691920505556224,,0,-0.3395622360152768
211,jump,1636069650,0.611111111111111,0.03577910453760892,,0,-0.3395622360152768
211,jump,1636069650,0.6666666666666666,-0.012795424736994937,,0,-0.3395622360152768
211,jump,1636069650,0.7222222222222222,-0.040438384974988036,,0,-0.3395622360152768
211,jump,1636069650,0.7777777777777777,-0.03525645230792756,,0,-0.3395622360152768
211,jump,1636069650,0.8333333333333333,-0.1461977925130961,,0,-0.3395622360152768
211,jump,1636069650,0.8888888888888888,-0.04865963523683378,,0,-0.3395622360152768
211,jump,1636069650,0.9444444444444444,-0.08161908812069638,,0,-0.3395622360152768
211,jump,1636069650,1.0,-0.02253489864003612,-0.017174787777487432,0,-0.3395622360152768
212,branch_reorganization,1017959051,0.0,-0.3395622360152768,-0.30479150478407047,0,-0.3395622360152768
212,branch_reorganization,1017959051,0.05555555555555555,-0.32831516952230555,,0,-0.3395622360152768
212,branch_reorganization,1017959051,0.1111111111111111,-0.3208713810259727,,0,-0.3395622360152768
212,branch_reorganization,1017959051,0.16666666666666666,-0.26060955980814876,,0,-0.3395622360152768
212,branch_reorganization,1017959051,0.2222222222222222,-0.2346940315659099,,0,-0.3395622360152768
212,branch_reorganization,1017959051,0.2777777777777778,-0.27347226706012,,0,-0.3395622360152768
212,branch_reorganization,1017959051,0.3333333333333333,-0.18377348640917568,,0,-0.3395622360152768
212,branch_reorganization,1017959051,0.38888888888888884,-0.25553817618626457,,0,-0.3395622360152768
212,branch_reorganization,1017959051,0.4444444444444444,-0.3016806574907037,,0,-0.3395622360152768
212,branch_reorganization,1017959051,0.5,-0.26951833345796905,,0,-0.3395622360152768
212,branch_reorganization,1017959051,0.5555555555555556,-0.2895381568058845,,0,-0.3395622360152768
212,branch_reorganization,1017959051,0.611111111111111,-0.31824038529112153,,1,0.3395622360152768
212,branch_reorganization,1017959051,0.6666666666666666,-0.29029918266655796,,1,0.3395622360152768
212,branch_reorganization,1017959051,0.7222222222222222,-0.2569544035305999,,1,0.3395622360152768
212,branch_reorganization,1017959051,0.7777777777777777,-0.31425707093771743,,1,0.3395622360152768
212,branch_reorganization,1017959051,0.8333333333333333,-0.20075873781019096,,1,0.3395622360152768
212,branch_reorganization,1017959051,0.8888888888888888,-0.12089188685634092,,1,0.3395622360152768
212,branch_reorganization,1017959051,0.9444444444444444,-0.01303370206219423,,1,0.3395622360152768
212,branch_reorganization,1017959051,1.0,-0.009059233626686758,0.0042384606535638865,1,0.3395622360152768
213,retention,1738579142,0.0,0.0,-0.06859200492982567,0,-0.3395622360152768
213,retention,1738579142,0.05555555555555555,-0.06415194262485928,,0,-0.3395622360152768
213,retention,1738579142,0.1111111111111111,0.031205860258477734,,0,-0.3395622360152768
213,retention,1738579142,0.16666666666666666,0.10335987492155466,,0,-0.3395622360152768
213,retention,1738579142,0.2222222222222222,0.17985426752898137,,0,-0.3395622360152768
213,retention,1738579142,0.2777777777777778,0.15270441649438354,,0,-0.3395622360152768
213,retention,1738579142,0.3333333333333333,0.13286730789684298,,0,-0.3395622360152768
213,retention,1738579142,0.38888888888888884,0.06986892345762925,,0,-0.3395622360152768
213,retention,1738579142,0.4444444444444444,0.09784712487231068,,0,-0.3395622360152768
213,retention,1738579142,0.5,0.029468368754016636,,0,-0.3395622360152768
213,retention,1738579142,0.5555555555555556,0.07872920859185309,,0,-0.3395622360152768
213,retention,1738579142,0.611111111111111,0.06491298486021002,,0,-0.3395622360152768
213,retention,1738579142,0.6666666666666666,0.07334468533767803,,0,-0.3395622360152768
213,retention,1738579142,0.7222222222222222,0.14782764175071494,,0,-0.3395622360152768
213,retention,1738579142,0.7777777777777777,0.13073531586797044,,0,-0.3395622360152768
213,retention,1738579142,0.8333333333333333,0.07006506043723039,,0,-0.3395622360152768
213,retention,1738579142,0.8888888888888888,0.1028057728748727,,0,-0.3395622360152768
213,retention,1738579142,0.9444444444444444,0.04416462553332584,,0,-0.3395622360152768
213,retention,1738579142,1.0,0.08235049956989346,0.09938720275345994,0,-0.3395622360152768
214,jump,23564560,0.0,0.0,-0.028255955787526064,0,-0.3395622360152768
214,jump,23564560,0.05555555555555555,0.026616810476362676,,0,-0.3395622360152768
214,jump,23564560,0.1111111111111111,-0.0355061547843894,,0,-0.3395622360152768
214,jump,23564560,0.16666666666666666,-0.061781114361111965,,0,-0.3395622360152768
214,jump,23564560,0.2222222222222222,-0.10963955787875067,,0,-0.3395622360152768
214,jump,23564560,0.2777777777777778,-0.13303214429430316,,0,-0.3395622360152768
214,jump,23564560,0.3333333333333333,-0.08063348420202582,,0,-0.3395622360152768
214,jump,23564560,0.38888888888888884,-0.080443037030699,,0,-0.3395622360152768
214,jump,23564560,0.4444444444444444,-0.06589270717684755,,0,-0.3395622360152768
214,jump,23564560,0.5,-0.09976392416231518,,0,-0.3395622360152768
214,jump,23564560,0.5555555555555556,-0.08291229744180512,,0,-0.3395622360152768
214,jump,23564560,0.611111111111111,0.038272671128852076,,0,-0.3395622360152768
214,jump,23564560,0.6666666666666666,0.08704215276334126,,0,-0.3395622360152768
214,jump,23564560,0.7222222222222222,0.1311131430911924,,0,-0.3395622360152768
214,jump,23564560,0.7777777777777777,0.1624582714976702,,0,-0.3395622360152768
214,jump,23564560,0.8333333333333333,0.2310311585423706,,0,-0.3395622360152768
214,jump,23564560,0.8888888888888888,0.21675400926057145,,0,-0.3395622360152768
214,jump,23564560,0.9444444444444444,0.19933093724820986,,0,-0.3395622360152768
214,jump,23564560,1.0,0.15776399131178326,0.09606828151893362,0,-0.3395622360152768
215,branch_reorganization,1717456665,0.0,-0.3395622360152768,-0.4246061159590069,0,-0.3395622360152768
215,branch_reorganization,1717456665,0.05555555555555555,-0.3753751196695614,,0,-0.3395622360152768
215,branch_reorganization,1717456665,0.1111111111111111,-0.38317428779005935,,0,-0.3395622360152768
215,branch_reorganization,1717456665,0.16666666666666666,-0.3564941424080581,,0,-0.3395622360152768
215,branch_reorganization,1717456665,0.2222222222222222,-0.30111962539701587,,0,-0.3395622360152768
215,branch_reorganization,1717456665,0.2777777777777778,-0.33493560748090634,,0,-0.3395622360152768
215,branch_reorganization,1717456665,0.3333333333333333,-0.3705178523455438,,0,-0.3395622360152768
215,branch_reorganization,1717456665,0.38888888888888884,-0.41193005624980933,,0,-0.3395622360152768
215,branch_reorganization,1717456665,0.4444444444444444,-0.4048925174901372,,0,-0.3395622360152768
215,branch_reorganization,1717456665,0.5,-0.41021446465498834,,0,-0.3395622360152768
215,branch_reorganization,1717456665,0.5555555555555556,-0.4560854423327242,,0,-0.3395622360152768
215,branch_reorganization,1717456665,0.611111111111111,-0.5403887360274345,,0,-0.3395622360152768
215,branch_reorganization,1717456665,0.6666666666666666,-0.4685093770692099,,0,-0.3395622360152768
215,branch_reorganization,1717456665,0.7222222222222222,-0.4352555328681002,,0,-0.3395622360152768
215,branch_reorganization,1717456665,0.7777777777777777,-0.5210189206211555,,0,-0.3395622360152768
215,branch_reorganization,1717456665,0.8333333333333333,-0.5754076064556884,,0,-0.3395622360152768
215,branch_reorganization,1717456665,0.8888888888888888,-0.5257965171296063,,0,-0.3395622360152768
215,branch_reorganization,1717456665,0.9444444444444444,-0.5088233381705183,,0,-0.3395622360152768
215,branch_reorganization,1717456665,1.0,-0.493476405449164,-0.5054161463365058,0,-0.3395622360152768
216,retention,1001043498,0.0,0.0,0.03591481933367389,0,-0.3395622360152768
216,retention,1001043498,0.05555555555555555,0.012126987568192691,,0,-0.3395622360152768
216,retention,1001043498,0.1111111111111111,0.0060091747008501305,,0,-0.3395622360152768
216,retention,1001043498,0.16666666666666666,0.031827785419126786,,0,-0.3395622360152768
216,retention,1001043498,0.2222222222222222,0.0775901226035169,,0,-0.3395622360152768
216,retention,1001043498,0.2777777777777778,0.07147692460045423,,0,-0.3395622360152768
216,retention,1001043498,0.3333333333333333,0.0873046218545234,,0,-0.3395622360152768
216,retention,1001043498,0.38888888888888884,0.14878568136194398,,0,-0.3395622360152768
216,retention,1001043498,0.4444444444444444,0.20443048394966987,,0,-0.3395622360152768
216,retention,1001043498,0.5,0.20167033400081924,,0,-0.3395622360152768
216,retention,1001043498,0.5555555555555556,0.20482872734261184,,0,-0.3395622360152768
216,retention,1001043498,0.611111111111111,0.2983321695327942,,0,-0.3395622360152768
216,retention,1001043498,0.6666666666666666,0.3040418449704078,,0,-0.3395622360152768
216,retention,1001043498,0.7222222222222222,0.3489918994906342,,0,-0.3395622360152768
216,retention,1001043498,0.7777777777777777,0.2897758262263741,,0,-0.3395622360152768
216,retention,1001043498,0.8333333333333333,0.252730090629948,,0,-0.3395622360152768
216,retention,1001043498,0.8888888888888888,0.24944444905819205,,0,-0.3395622360152768
216,retention,1001043498,0.9444444444444444,0.23150797250485186,,0,-0.3395622360152768
216,retention,1001043498,1.0,0.1506054894835111,0.09856611499638712,0,-0.3395622360152768
217,jump,474455764,0.0,0.0,0.00444266104805072,0,-0.3395622360152768
217,jump,474455764,0.05555555555555555,0.011325603544401196,,0,-0.3395622360152768
217,jump,474455764,0.1111111111111111,0.015742925066099766,,0,-0.3395622360152768
217,jump,474455764,0.16666666666666666,-0.1734636561489557,,0,-0.3395622360152768
217,jump,474455764,0.2222222222222222,-0.20229687164413154,,0,-0.3395622360152768
217,jump,474455764,0.2777777777777778,-0.1480892259877549,,0,-0.3395622360152768
217,jump,474455764,0.3333333333333333,-0.17300596659794076,,0,-0.3395622360152768
217,jump,474455764,0.38888888888888884,-0.14004755240755995,,0,-0.3395622360152768
217,jump,474455764,0.4444444444444444,-0.14056861431647172,,0,-0.3395622360152768
217,jump,474455764,0.5,-0.17619241197015378,,0,-0.3395622360152768
217,jump,474455764,0.5555555555555556,-0.19132599048493462,,0,-0.3395622360152768
217,jump,474455764,0.611111111111111,-0.17006639284748165,,0,-0.3395622360152768
217,jump,474455764,0.6666666666666666,-0.31680774107849485,,0,-0.3395622360152768
217,jump,474455764,0.7222222222222222,-0.39038187396198215,,0,-0.3395622360152768
217,jump,474455764,0.7777777777777777,-0.38027579120818433,,0,-0.3395622360152768
217,jump,474455764,0.8333333333333333,-0.3695793894529796,,0,-0.3395622360152768
217,jump,474455764,0.8888888888888888,-0.3713938944305638,,0,-0.3395622360152768
217,jump,474455764,0.9444444444444444,-0.43879319726974103,,0,-0.3395622360152768
217,jump,474455764,1.0,-0.3789159521632346,-0.31311513821440096,0,-0.3395622360152768
218,branch_reorganization,1289865696,0.0,-0.3395622360152768,-0.35846291525982205,0,-0.3395622360152768
218,branch_reorganization,1289865696,0.05555555555555555,-0.38306504085167153,,0,-0.3395622360152768
218,branch_reorganization,1289865696,0.1111111111111111,-0.45002211986363105,,0,-0.3395622360152768
218,branch_reorganization,1289865696,0.16666666666666666,-0.46386974737669706,,0,-0.3395622360152768
218,branch_reorganization,1289865696,0.2222222222222222,-0.48421542965974906,,0,-0.3395622360152768
218,branch_reorganization,1289865696,0.2777777777777778,-0.5500478146326344,,0,-0.3395622360152768
218,branch_reorganization,1289865696,0.3333333333333333,-0.517527006330863,,1,0.3395622360152768
218,branch_reorganization,1289865696,0.38888888888888884,-0.443807227336004,,1,0.3395622360152768
218,branch_reorganization,1289865696,0.4444444444444444,-0.4475747327357786,,1,0.3395622360152768
218,branch_reorganization,1289865696,0.5,-0.4620756119165185,,1,0.3395622360152768
218,branch_reorganization,1289865696,0.5555555555555556,-0.432130682654567,,1,0.3395622360152768
218,branch_reorganization,1289865696,0.611111111111111,-0.47030467314760177,,1,0.3395622360152768
218,branch_reorganization,1289865696,0.6666666666666666,-0.4788289573434744,,1,0.3395622360152768
218,branch_reorganization,1289865696,0.7222222222222222,-0.4174380227402673,,1,0.3395622360152768
218,branch_reorganization,1289865696,0.7777777777777777,-0.3472242543545603,,1,0.3395622360152768
218,branch_reorganization,1289865696,0.8333333333333333,-0.27619330390837427,,1,0.3395622360152768
218,branch_reorganization,1289865696,0.8888888888888888,-0.2682787300126976,,1,0.3395622360152768
218,branch_reorganization,1289865696,0.9444444444444444,-0.2047512738248194,,1,0.3395622360152768
218,branch_reorganization,1289865696,1.0,-0.19141332163406719,-0.20540658559817657,1,0.3395622360152768
219,retention,924923084,0.0,0.0,-0.005359820456560235,0,-0.3395622360152768
219,retention,924923084,0.05555555555555555,-0.013558015374217495,,0,-0.3395622360152768
219,retention,924923084,0.1111111111111111,0.046768313274166355,,0,-0.3395622360152768
219,retention,924923084,0.16666666666666666,0.05090993431103223,,0,-0.3395622360152768
219,retention,924923084,0.2222222222222222,0.06435241402198676,,0,-0.3395622360152768
219,retention,924923084,0.2777777777777778,0.1484955301993718,,0,-0.3395622360152768
219,retention,924923084,0.3333333333333333,0.11011468093445578,,0,-0.3395622360152768
219,retention,924923084,0.38888888888888884,0.16174531261308503,,0,-0.3395622360152768
219,retention,924923084,0.4444444444444444,0.09922252011925378,,0,-0.3395622360152768
219,retention,924923084,0.5,0.03580944285104076,,0,-0.3395622360152768
219,retention,924923084,0.5555555555555556,0.048581092083553976,,0,-0.3395622360152768
219,retention,924923084,0.611111111111111,0.051956814619007495,,0,-0.3395622360152768
219,retention,924923084,0.6666666666666666,0.06080422245530112,,0,-0.3395622360152768
219,retention,924923084,0.7222222222222222,0.055271227914154154,,0,-0.3395622360152768
219,retention,924923084,0.7777777777777777,0.0536830793639017,,0,-0.3395622360152768
219,retention,924923084,0.8333333333333333,0.1433245933638443,,0,-0.3395622360152768
219,retention,924923084,0.8888888888888888,0.16273055659655467,,0,-0.3395622360152768
219,retention,924923084,0.9444444444444444,0.18006450440836802,,0,-0.3395622360152768
219,retention,924923084,1.0,0.12159632545403784,0.05459128146481876,0,-0.3395622360152768
220,jump,37434102,0.0,0.0,0.018422068483956753,0,-0.3395622360152768
220,jump,37434102,0.05555555555555555,-0.009888307654111205,,0,-0.3395622360152768
220,jump,37434102,0.1111111111111111,0.015354673400050752,,0,-0.3395622360152768
220,jump,37434102,0.16666666666666666,0.06523172220873219,,0,-0.3395622360152768
220,jump,37434102,0.2222222222222222,0.03710802622432868,,0,-0.3395622360152768
220,jump,37434102,0.2777777777777778,-0.015237186228450703,,0,-0.3395622360152768
220,jump,37434102,0.3333333333333333,0.0870278088067102,,0,-0.3395622360152768
220,jump,37434102,0.38888888888888884,0.15983868867918632,,0,-0.3395622360152768
220,jump,37434102,0.4444444444444444,0.13235808714878686,,0,-0.3395622360152768
220,jump,37434102,0.5,0.05619348342841665,,0,-0.3395622360152768
220,jump,37434102,0.5555555555555556,-0.06552119943985615,,0,-0.3395622360152768
220,jump,37434102,0.611111111111111,-0.12583545669217372,,0,-0.3395622360152768
220,jump,37434102,0.6666666666666666,-0.22718334353733852,,0,-0.3395622360152768
220,jump,37434102,0.7222222222222222,-0.22312792167791562,,0,-0.3395622360152768
220,jump,37434102,0.7777777777777777,-0.22572609981847577,,0,-0.3395622360152768
220,jump,37434102,0.8333333333333333,-0.21138592250862787,,0,-0.3395622360152768
220,jump,37434102,0.8888888888888888,-0.17829915555715914,,0,-0.3395622360152768
220,jump,37434102,0.9444444444444444,-0.1399027889137658,,0,-0.3395622360152768
220,jump,37434102,1.0,-0.16468582756497147,-0.17393632758820457,0,-0.3395622360152768
221,branch_reorganization,1969569811,0.0,-0.3395622360152768,-0.33308427656307227,0,-0.3395622360152768
221,branch_reorganization,1969569811,0.05555555555555555,-0.39514072309635495,,0,-0.3395622360152768
221,branch_reorganization,1969569811,0.1111111111111111,-0.3378977646397683,,0,-0.3395622360152768
221,branch_reorganization,1969569811,0.16666666666666666,-0.3266678733047397,,0,-0.3395622360152768
221,branch_reorganization,1969569811,0.2222222222222222,-0.32554489812858295,,0,-0.3395622360152768
221,branch_reorganization,1969569811,0.2777777777777778,-0.32428749121835343,,0,-0.3395622360152768
221,branch_reorganization,1969569811,0.3333333333333333,-0.2914128010997213,,0,-0.3395622360152768
221,branch_reorganization,1969569811,0.38888888888888884,-0.23366443065656556,,0,-0.3395622360152768
221,branch_reorganization,1969569811,0.4444444444444444,-0.23135553014320906,,0,-0.3395622360152768
221,branch_reorganization,1969569811,0.5,-0.1735140051564279,,0,-0.3395622360152768
221,branch_reorganization,1969569811,0.5555555555555556,-0.2019951304489935,,0,-0.3395622360152768
221,branch_reorganization,1969569811,0.611111111111111,-0.12436259658882381,,0,-0.3395622360152768
221,branch_reorganization,1969569811,0.6666666666666666,-0.1336289842031272,,0,-0.3395622360152768
221,branch_reorganization,1969569811,0.7222222222222222,-0.22924191335900745,,1,0.3395622360152768
221,branch_reorganization,1969569811,0.7777777777777777,-0.21008844968558288,,1,0.3395622360152768
221,branch_reorganization,1969569811,0.8333333333333333,-0.1253194211686557,,1,0.3395622360152768
221,branch_reorganization,1969569811,0.8888888888888888,-0.07997912335200712,,1,0.3395622360152768
221,branch_reorganization,1969569811,0.9444444444444444,-0.11512481014830692,,1,0.3395622360152768
221,branch_reorganization,1969569811,1.0,-0.031736723109036136,-0.041748750791886446,1,0.3395622360152768
222,retention,1044130633,0.0,0.0,-0.0418896671359842,0,-0.3395622360152768
222,retention,1044130633,0.05555555555555555,-0.023414566408586066,,0,-0.3395622360152768
222,retention,1044130633,0.1111111111111111,-0.03693106303996509,,0,-0.3395622360152768
222,retention,1044130633,0.16666666666666666,-0.10254712571052807,,0,-0.3395622360152768
222,retention,1044130633,0.2222222222222222,-0.003158880104439321,,0,-0.3395622360152768
222,retention,1044130633,0.2777777777777778,-0.05202925865721828,,0,-0.3395622360152768
222,retention,1044130633,0.3333333333333333,0.03995830452692972,,0,-0.3395622360152768
222,retention,1044130633,0.38888888888888884,-0.007729903017648393,,0,-0.3395622360152768
222,retention,1044130633,0.4444444444444444,-0.08717128151081315,,0,-0.3395622360152768
222,retention,1044130633,0.5,-0.12651787621807725,,0,-0.3395622360152768
222,retention,1044130633,0.5555555555555556,-0.030991979835414213,,0,-0.3395622360152768
222,retention,1044130633,0.611111111111111,-0.04749610033807282,,0,-0.3395622360152768
222,retention,1044130633,0.6666666666666666,-0.08874229017337773,,0,-0.3395622360152768
222,retention,1044130633,0.7222222222222222,-0.032158122614701856,,0,-0.3395622360152768
222,retention,1044130633,0.7777777777777777,-0.02515334826392017,,0,-0.3395622360152768
222,retention,1044130633,0.8333333333333333,0.002734852059365314,,0,-0.3395622360152768
222,retention,1044130633,0.8888888888888888,-0.02243413701929424,,0,-0.3395622360152768
222,retention,1044130633,0.9444444444444444,-0.013799575274189084,,0,-0.3395622360152768
222,retention,1044130633,1.0,0.020978641055540384,0.03713158123547643,0,-0.3395622360152768
223,jump,636698507,0.0,0.0,0.0007685819336693526,0,-0.3395622360152768
223,jump,636698507,0.05555555555555555,0.00746729594573848,,0,-0.3395622360152768
223,jump,636698507,0.1111111111111111,0.051512421693825,,0,-0.3395622360152768
223,jump,636698507,0.16666666666666666,0.06218534549643527,,0,-0.3395622360152768
223,jump,636698507,0.2222222222222222,0.038685064591453516,,0,-0.3395622360152768
223,jump,636698507,0.2777777777777778,-0.06951013106745552,,0,-0.3395622360152768
223,jump,636698507,0.3333333333333333,-0.06344957316002489,,0,-0.3395622360152768
223,jump,636698507,0.38888888888888884,-0.10286122459721303,,0,-0.3395622360152768
223,jump,636698507,0.4444444444444444,-0.17544310148734182,,0,-0.3395622360152768
223,jump,636698507,0.5,-0.08118316303136333,,0,-0.3395622360152768
223,jump,636698507,0.5555555555555556,-0.013891745582054499,,0,-0.3395622360152768
223,jump,636698507,0.611111111111111,-0.053829895801543334,,0,-0.3395622360152768
223,jump,636698507,0.6666666666666666,-0.11592388404312026,,0,-0.3395622360152768
223,jump,636698507,0.7222222222222222,-0.07355553326953768,,0,-0.3395622360152768
223,jump,636698507,0.7777777777777777,-0.062283249106711625,,0,-0.3395622360152768
223,jump,636698507,0.8333333333333333,-0.11570954817503847,,0,-0.3395622360152768
223,jump,636698507,0.8888888888888888,-0.1419653012289815,,0,-0.3395622360152768
223,jump,636698507,0.9444444444444444,-0.12301710621117665,,0,-0.3395622360152768
223,jump,636698507,1.0,-0.04192874879480228,0.019095300286244322,0,-0.3395622360152768
224,branch_reorganization,1320941865,0.0,-0.3395622360152768,-0.3120454185159193,0,-0.3395622360152768
224,branch_reorganization,1320941865,0.05555555555555555,-0.2415622113096712,,0,-0.3395622360152768
224,branch_reorganization,1320941865,0.1111111111111111,-0.3006592869959545,,0,-0.3395622360152768
224,branch_reorganization,1320941865,0.16666666666666666,-0.381388382315658,,0,-0.3395622360152768
224,branch_reorganization,1320941865,0.2222222222222222,-0.4127131079368487,,0,-0.3395622360152768
224,branch_reorganization,1320941865,0.2777777777777778,-0.41818664666822647,,0,-0.3395622360152768
224,branch_reorganization,1320941865,0.3333333333333333,-0.44685106152849835,,0,-0.3395622360152768
224,branch_reorganization,1320941865,0.38888888888888884,-0.48778123316036376,,0,-0.3395622360152768
224,branch_reorganization,1320941865,0.4444444444444444,-0.6058999079952324,,0,-0.3395622360152768
224,branch_reorganization,1320941865,0.5,-0.5827740358989968,,0,-0.3395622360152768
224,branch_reorganization,1320941865,0.5555555555555556,-0.5614918386169601,,0,-0.3395622360152768
224,branch_reorganization,1320941865,0.611111111111111,-0.5530302025446096,,0,-0.3395622360152768
224,branch_reorganization,1320941865,0.6666666666666666,-0.5121478329967858,,1,0.3395622360152768
224,branch_reorganization,1320941865,0.7222222222222222,-0.5137243410464586,,1,0.3395622360152768
224,branch_reorganization,1320941865,0.7777777777777777,-0.5066661958846509,,1,0.3395622360152768
224,branch_reorganization,1320941865,0.8333333333333333,-0.4675108640257126,,1,0.3395622360152768
224,branch_reorganization,1320941865,0.8888888888888888,-0.42062126925462323,,1,0.3395622360152768
224,branch_reorganization,1320941865,0.9444444444444444,-0.3750880269215735,,1,0.3395622360152768
224,branch_reorganization,1320941865,1.0,-0.29992760416997205,-0.3311105956523996,1,0.3395622360152768
225,retention,2049061866,0.0,0.0,0.049683683955869765,0,-0.3395622360152768
225,retention,2049061866,0.05555555555555555,0.091158306973779,,0,-0.3395622360152768
225,retention,2049061866,0.1111111111111111,0.11667627391692656,,0,-0.3395622360152768
225,retention,2049061866,0.16666666666666666,0.16841736905638643,,0,-0.3395622360152768
225,retention,2049061866,0.2222222222222222,0.15995783476554137,,0,-0.3395622360152768
225,retention,2049061866,0.2777777777777778,0.1911940641951867,,0,-0.3395622360152768
225,retention,2049061866,0.3333333333333333,0.17904304259432663,,0,-0.3395622360152768
225,retention,2049061866,0.38888888888888884,0.1570122168402307,,0,-0.3395622360152768
225,retention,2049061866,0.4444444444444444,0.15155515925802063,,0,-0.3395622360152768
225,retention,2049061866,0.5,0.1588848478133578,,0,-0.3395622360152768
225,retention,2049061866,0.5555555555555556,0.1912072646426946,,0,-0.3395622360152768
225,retention,2049061866,0.611111111111111,0.29531044117396377,,0,-0.3395622360152768
225,retention,2049061866,0.6666666666666666,0.34688648545157413,,0,-0.3395622360152768
225,retention,2049061866,0.7222222222222222,0.2631168413249686,,0,-0.3395622360152768
225,retention,2049061866,0.7777777777777777,0.26524819094454427,,0,-0.3395622360152768
225,retention,2049061866,0.8333333333333333,0.2442708924146023,,0,-0.3395622360152768
225,retention,2049061866,0.8888888888888888,0.3077123103229631,,0,-0.3395622360152768
225,retention,2049061866,0.9444444444444444,0.40372859508174114,,0,-0.3395622360152768
225,retention,2049061866,1.0,0.4368244397495566,0.476520061385646,0,-0.3395622360152768
226,jump,218356051,0.0,0.0,0.03849776632831557,0,-0.3395622360152768
226,jump,218356051,0.05555555555555555,0.09376744979600646,,0,-0.3395622360152768
226,jump,218356051,0.1111111111111111,0.07052336241011364,,0,-0.3395622360152768
226,jump,218356051,0.16666666666666666,0.12130263170527389,,0,-0.3395622360152768
226,jump,218356051,0.2222222222222222,0.17512785644361564,,0,-0.3395622360152768
226,jump,218356051,0.2777777777777778,0.1951301854412816,,0,-0.3395622360152768
226,jump,218356051,0.3333333333333333,0.28401294248479286,,0,-0.3395622360152768
226,jump,218356051,0.38888888888888884,0.27512935709058556,,0,-0.3395622360152768
226,jump,218356051,0.4444444444444444,0.30828928672230804,,0,-0.3395622360152768
226,jump,218356051,0.5,0.2740245854278078,,0,-0.3395622360152768
226,jump,218356051,0.5555555555555556,0.28827972480784203,,0,-0.3395622360152768
226,jump,218356051,0.611111111111111,0.23685934180707374,,0,-0.3395622360152768
226,jump,218356051,0.6666666666666666,0.24324950800351486,,0,-0.3395622360152768
226,jump,218356051,0.7222222222222222,0.2679155976597797,,0,-0.3395622360152768
226,jump,218356051,0.7777777777777777,0.20865752117277264,,0,-0.3395622360152768
226,jump,218356051,0.8333333333333333,0.2790874275063596,,0,-0.3395622360152768
226,jump,218356051,0.8888888888888888,0.24990665229477751,,0,-0.3395622360152768
226,jump,218356051,0.9444444444444444,0.13299898305074165,,0,-0.3395622360152768
226,jump,218356051,1.0,0.012639640427278429,0.0573997796815177,0,-0.3395622360152768
227,branch_reorganization,1552324598,0.0,-0.3395622360152768,-0.39359498156327577,0,-0.3395622360152768
227,branch_reorganization,1552324598,0.05555555555555555,-0.372485725100308,,0,-0.3395622360152768
227,branch_reorganization,1552324598,0.1111111111111111,-0.33201732527351197,,0,-0.3395622360152768
227,branch_reorganization,1552324598,0.16666666666666666,-0.34612019272124506,,0,-0.3395622360152768
227,branch_reorganization,1552324598,0.2222222222222222,-0.2578717665126324,,0,-0.3395622360152768
227,branch_reorganization,1552324598,0.2777777777777778,-0.17942460070215385,,0,-0.3395622360152768
227,branch_reorganization,1552324598,0.3333333333333333,-0.18995582491477167,,0,-0.3395622360152768
227,branch_reorganization,1552324598,0.38888888888888884,-0.15753274650053714,,0,-0.3395622360152768
227,branch_reorganization,1552324598,0.4444444444444444,-0.21378767860271072,,0,-0.3395622360152768
227,branch_reorganization,1552324598,0.5,-0.1365280249462684,,0,-0.3395622360152768
227,branch_reorganization,1552324598,0.5555555555555556,-0.12391814726553833,,0,-0.3395622360152768
227,branch_reorganization,1552324598,0.611111111111111,-0.1984251929813761,,0,-0.3395622360152768
227,branch_reorganization,1552324598,0.6666666666666666,-0.25678253057140993,,0,-0.3395622360152768
227,branch_reorganization,1552324598,0.7222222222222222,-0.2721553875091819,,0,-0.3395622360152768
227,branch_reorganization,1552324598,0.7777777777777777,-0.24533035415015947,,0,-0.3395622360152768
227,branch_reorganization,1552324598,0.8333333333333333,-0.2387146300571361,,0,-0.3395622360152768
227,branch_reorganization,1552324598,0.8888888888888888,-0.23327257630351575,,0,-0.3395622360152768
227,branch_reorganization,1552324598,0.9444444444444444,-0.32412367244494855,,0,-0.3395622360152768
227,branch_reorganization,1552324598,1.0,-0.2515919371707306,-0.2507751122413116,0,-0.3395622360152768
228,retention,920851351,0.0,0.0,0.020818797699596693,0,-0.3395622360152768
228,retention,920851351,0.05555555555555555,-0.06107007576556899,,0,-0.3395622360152768
228,retention,920851351,0.1111111111111111,-0.05198813056026165,,0,-0.3395622360152768
228,retention,920851351,0.16666666666666666,-0.02988532317599225,,0,-0.3395622360152768
228,retention,920851351,0.2222222222222222,-0.07707761796675253,,0,-0.3395622360152768
228,retention,920851351,0.2777777777777778,-0.09285236948172826,,0,-0.3395622360152768
228,retention,920851351,0.3333333333333333,-0.1090374310383962,,0,-0.3395622360152768
228,retention,920851351,0.38888888888888884,-0.0403844013302021,,0,-0.3395622360152768
228,retention,920851351,0.4444444444444444,-0.03969975348057451,,0,-0.3395622360152768
228,retention,920851351,0.5,0.032775722796665935,,0,-0.3395622360152768
228,retention,920851351,0.5555555555555556,-0.033041030730223,,0,-0.3395622360152768
228,retention,920851351,0.611111111111111,-0.2170817974733329,,0,-0.3395622360152768
228,retention,920851351,0.6666666666666666,-0.17209564333312793,,0,-0.3395622360152768
228,retention,920851351,0.7222222222222222,-0.11197411694800757,,0,-0.3395622360152768
228,retention,920851351,0.7777777777777777,-0.1427764031533826,,0,-0.3395622360152768
228,retention,920851351,0.8333333333333333,-0.020791971250218366,,0,-0.3395622360152768
228,retention,920851351,0.8888888888888888,0.08107719862053636,,0,-0.3395622360152768
228,retention,920851351,0.9444444444444444,0.1339428260810031,,0,-0.3395622360152768
228,retention,920851351,1.0,0.1713744967903107,0.1151988602578481,0,-0.3395622360152768
229,jump,1244820279,0.0,0.0,0.0472748658579426,0,-0.3395622360152768
229,jump,1244820279,0.05555555555555555,-0.04441378419910176,,0,-0.3395622360152768
229,jump,1244820279,0.1111111111111111,-0.09356265172685885,,0,-0.3395622360152768
229,jump,1244820279,0.16666666666666666,0.05592625786638086,,0,-0.3395622360152768
229,jump,1244820279,0.2222222222222222,0.015818177778682406,,0,-0.3395622360152768
229,jump,1244820279,0.2777777777777778,0.1089077284248025,,0,-0.3395622360152768
229,jump,1244820279,0.3333333333333333,0.08295899940538465,,0,-0.3395622360152768
229,jump,1244820279,0.38888888888888884,0.08348777137946291,,0,-0.3395622360152768
229,jump,1244820279,0.4444444444444444,0.10618790996195604,,0,-0.3395622360152768
229,jump,1244820279,0.5,0.08278044652017134,,0,-0.3395622360152768
229,jump,1244820279,0.5555555555555556,0.01777236929617273,,0,-0.3395622360152768
229,jump,1244820279,0.611111111111111,0.009412292746498567,,0,-0.3395622360152768
229,jump,1244820279,0.6666666666666666,-0.03854151936606987,,0,-0.3395622360152768
229,jump,1244820279,0.7222222222222222,-0.02627159526310511,,0,-0.3395622360152768
229,jump,1244820279,0.7777777777777777,-0.1566402240225696,,0,-0.3395622360152768
229,jump,1244820279,0.8333333333333333,-0.1549905031979822,,0,-0.3395622360152768
229,jump,1244820279,0.8888888888888888,-0.10694987435872148,,0,-0.3395622360152768
229,jump,1244820279,0.9444444444444444,-0.09076679836681645,,0,-0.3395622360152768
229,jump,1244820279,1.0,-0.2161577993700059,-0.21511000770721106,0,-0.3395622360152768
230,branch_reorganization,1217076133,0.0,-0.3395622360152768,-0.30818711175179253,0,-0.3395622360152768
230,branch_reorganization,1217076133,0.05555555555555555,-0.4040578617049742,,0,-0.3395622360152768
230,branch_reorganization,1217076133,0.1111111111111111,-0.44580002227754706,,0,-0.3395622360152768
230,branch_reorganization,1217076133,0.16666666666666666,-0.4592099722460215,,0,-0.3395622360152768
230,branch_reorganization,1217076133,0.2222222222222222,-0.39334241513483725,,0,-0.3395622360152768
230,branch_reorganization,1217076133,0.2777777777777778,-0.36510660742173284,,0,-0.3395622360152768
230,branch_reorganization,1217076133,0.3333333333333333,-0.3160627357866693,,0,-0.3395622360152768
230,branch_reorganization,1217076133,0.38888888888888884,-0.2681566919879364,,0,-0.3395622360152768
230,branch_reorganization,1217076133,0.4444444444444444,-0.3017323330501775,,0,-0.3395622360152768
230,branch_reorganization,1217076133,0.5,-0.35205245063909973,,0,-0.3395622360152768
230,branch_reorganization,1217076133,0.5555555555555556,-0.3314595489489198,,0,-0.3395622360152768
230,branch_reorganization,1217076133,0.611111111111111,-0.36612701571851425,,0,-0.3395622360152768
230,branch_reorganization,1217076133,0.6666666666666666,-0.36524439285904736,,0,-0.3395622360152768
230,branch_reorganization,1217076133,0.7222222222222222,-0.46227065238043585,,0,-0.3395622360152768
230,branch_reorganization,1217076133,0.7777777777777777,-0.4118583209938267,,1,0.3395622360152768
230,branch_reorganization,1217076133,0.8333333333333333,-0.45632909736317123,,1,0.3395622360152768
230,branch_reorganization,1217076133,0.8888888888888888,-0.37757362042950343,,1,0.3395622360152768
230,branch_reorganization,1217076133,0.9444444444444444,-0.4149806412536346,,1,0.3395622360152768
230,branch_reorganization,1217076133,1.0,-0.43038713327931943,-0.4314731375593997,0,-0.3395622360152768
231,retention,1294743535,0.0,0.0,0.013129938882127436,0,-0.3395622360152768
231,retention,1294743535,0.05555555555555555,-0.07562748772390178,,0,-0.3395622360152768
231,retention,1294743535,0.1111111111111111,-0.12008631269329482,,0,-0.3395622360152768
231,retention,1294743535,0.16666666666666666,-0.0841032940099045,,0,-0.3395622360152768
231,retention,1294743535,0.2222222222222222,-0.0822143953716813,,0,-0.3395622360152768
231,retention,1294743535,0.2777777777777778,-0.04393736237604349,,0,-0.3395622360152768
231,retention,1294743535,0.3333333333333333,-0.05349685187271631,,0,-0.3395622360152768
231,retention,1294743535,0.38888888888888884,-0.05946164581860583,,0,-0.3395622360152768
231,retention,1294743535,0.4444444444444444,-0.11117143501818862,,0,-0.3395622360152768
231,retention,1294743535,0.5,-0.11781201593045916,,0,-0.3395622360152768
231,retention,1294743535,0.5555555555555556,-0.02296808022607677,,0,-0.3395622360152768
231,retention,1294743535,0.611111111111111,0.07198791701393198,,0,-0.3395622360152768
231,retention,1294743535,0.6666666666666666,-0.02868001341956658,,0,-0.3395622360152768
231,retention,1294743535,0.7222222222222222,-0.05459156774446321,,0,-0.3395622360152768
231,retention,1294743535,0.7777777777777777,-0.017667302241525476,,0,-0.3395622360152768
231,retention,1294743535,0.8333333333333333,0.027280797518264687,,0,-0.3395622360152768
231,retention,1294743535,0.8888888888888888,-0.021494809801162022,,0,-0.3395622360152768
231,retention,1294743535,0.9444444444444444,-0.07941043039576412,,0,-0.3395622360152768
231,retention,1294743535,1.0,-0.16548090415329836,-0.10635342414418486,0,-0.3395622360152768
232,jump,1864440998,0.0,0.0,-0.025544567875484835,0,-0.3395622360152768
232,jump,1864440998,0.05555555555555555,0.0398639178732927,,0,-0.3395622360152768
232,jump,1864440998,0.1111111111111111,0.038394673286385926,,0,-0.3395622360152768
232,jump,1864440998,0.16666666666666666,0.05073986895518928,,0,-0.3395622360152768
232,jump,1864440998,0.2222222222222222,0.0013632837606285322,,0,-0.3395622360152768
232,jump,1864440998,0.2777777777777778,-0.027698179049997426,,0,-0.3395622360152768
232,jump,1864440998,0.3333333333333333,0.013868261165148811,,0,-0.3395622360152768
232,jump,1864440998,0.38888888888888884,0.07756529302155453,,0,-0.3395622360152768
232,jump,1864440998,0.4444444444444444,0.11925550411695975,,0,-0.3395622360152768
232,jump,1864440998,0.5,0.11497876665695311,,0,-0.3395622360152768
232,jump,1864440998,0.5555555555555556,0.0618075763240624,,0,-0.3395622360152768
232,jump,1864440998,0.611111111111111,0.05599862763239521,,0,-0.3395622360152768
232,jump,1864440998,0.6666666666666666,0.1353286432257501,,0,-0.3395622360152768
232,jump,1864440998,0.7222222222222222,0.163650758165919,,0,-0.3395622360152768
232,jump,1864440998,0.7777777777777777,0.0726251467159805,,0,-0.3395622360152768
232,jump,1864440998,0.8333333333333333,0.030605631789859394,,0,-0.3395622360152768
232,jump,1864440998,0.8888888888888888,0.09987488930106424,,0,-0.3395622360152768
232,jump,1864440998,0.9444444444444444,0.11137612437960423,,0,-0.3395622360152768
232,jump,1864440998,1.0,0.15100561787282687,0.13670113381435756,0,-0.3395622360152768
233,branch_reorganization,1915498515,0.0,-0.3395622360152768,-0.3270923691716734,0,-0.3395622360152768
233,branch_reorganization,1915498515,0.05555555555555555,-0.3681269870752947,,0,-0.3395622360152768
233,branch_reorganization,1915498515,0.1111111111111111,-0.44655769823610697,,0,-0.3395622360152768
233,branch_reorganization,1915498515,0.16666666666666666,-0.4538814753561144,,0,-0.3395622360152768
233,branch_reorganization,1915498515,0.2222222222222222,-0.44829534418493383,,0,-0.3395622360152768
233,branch_reorganization,1915498515,0.2777777777777778,-0.41937919457393136,,0,-0.3395622360152768
233,branch_reorganization,1915498515,0.3333333333333333,-0.3329111244682389,,0,-0.3395622360152768
233,branch_reorganization,1915498515,0.38888888888888884,-0.3605357735030568,,0,-0.3395622360152768
233,branch_reorganization,1915498515,0.4444444444444444,-0.33134819104099267,,0,-0.3395622360152768
233,branch_reorganization,1915498515,0.5,-0.35321853301308004,,0,-0.3395622360152768
233,branch_reorganization,1915498515,0.5555555555555556,-0.2999967300922367,,0,-0.3395622360152768
233,branch_reorganization,1915498515,0.611111111111111,-0.30889663646556076,,0,-0.3395622360152768
233,branch_reorganization,1915498515,0.6666666666666666,-0.31084214548112227,,0,-0.3395622360152768
233,branch_reorganization,1915498515,0.7222222222222222,-0.3538516669463409,,0,-0.3395622360152768
233,branch_reorganization,1915498515,0.7777777777777777,-0.31033091588551404,,0,-0.3395622360152768
233,branch_reorganization,1915498515,0.8333333333333333,-0.2890265818641993,,0,-0.3395622360152768
233,branch_reorganization,1915498515,0.8888888888888888,-0.24537224526427795,,0,-0.3395622360152768
233,branch_reorganization,1915498515,0.9444444444444444,-0.21887629610921444,,1,0.3395622360152768
233,branch_reorganization,1915498515,1.0,-0.2059432448309777,-0.23910872569193062,1,0.3395622360152768
234,retention,1800678653,0.0,0.0,0.06901694671303557,0,-0.3395622360152768
234,retention,1800678653,0.05555555555555555,0.03217962196885528,,0,-0.3395622360152768
234,retention,1800678653,0.1111111111111111,0.08353259613183016,,0,-0.3395622360152768
234,retention,1800678653,0.16666666666666666,0.0869730355045674,,0,-0.3395622360152768
234,retention,1800678653,0.2222222222222222,0.05534175428143075,,0,-0.3395622360152768
234,retention,1800678653,0.2777777777777778,0.10665772210466323,,0,-0.3395622360152768
234,retention,1800678653,0.3333333333333333,0.17267622373482167,,0,-0.3395622360152768
234,retention,1800678653,0.38888888888888884,0.2463313797281918,,0,-0.3395622360152768
234,retention,1800678653,0.4444444444444444,0.2693824542852566,,0,-0.3395622360152768
234,retention,1800678653,0.5,0.30722485228085766,,0,-0.3395622360152768
234,retention,1800678653,0.5555555555555556,0.23940744384843804,,0,-0.3395622360152768
234,retention,1800678653,0.611111111111111,0.16584425869035252,,0,-0.3395622360152768
234,retention,1800678653,0.6666666666666666,0.10905425763493279,,0,-0.3395622360152768
234,retention,1800678653,0.7222222222222222,0.2763697134794021,,0,-0.3395622360152768
234,retention,1800678653,0.7777777777777777,0.21842559842008794,,0,-0.3395622360152768
234,retention,1800678653,0.8333333333333333,0.1935540071851647,,0,-0.3395622360152768
234,retention,1800678653,0.8888888888888888,0.2644308906885567,,0,-0.3395622360152768
234,retention,1800678653,0.9444444444444444,0.2558109107004852,,0,-0.3395622360152768
234,retention,1800678653,1.0,0.19248717126505954,0.25008444767894056,0,-0.3395622360152768
235,jump,1562512359,0.0,0.0,-0.011937166394221021,0,-0.3395622360152768
235,jump,1562512359,0.05555555555555555,0.01077210679770706,,0,-0.3395622360152768
235,jump,1562512359,0.1111111111111111,0.045720458927968624,,0,-0.3395622360152768
235,jump,1562512359,0.16666666666666666,0.08965403746244612,,0,-0.3395622360152768
235,jump,1562512359,0.2222222222222222,0.04939040876914051,,0,-0.3395622360152768
235,jump,1562512359,0.2777777777777778,-0.04597294092201302,,0,-0.3395622360152768
235,jump,1562512359,0.3333333333333333,0.03885817022477921,,0,-0.3395622360152768
235,jump,1562512359,0.38888888888888884,0.05209885926954869,,0,-0.3395622360152768
235,jump,1562512359,0.4444444444444444,-0.0016354996640458933,,0,-0.3395622360152768
235,jump,1562512359,0.5,0.015674479075377685,,0,-0.3395622360152768
235,jump,1562512359,0.5555555555555556,-0.0831356200030435,,0,-0.3395622360152768
235,jump,1562512359,0.611111111111111,-0.20114175181717653,,0,-0.3395622360152768
235,jump,1562512359,0.6666666666666666,-0.25228161677544514,,0,-0.3395622360152768
235,jump,1562512359,0.7222222222222222,-0.3301438713936514,,0,-0.3395622360152768
235,jump,1562512359,0.7777777777777777,-0.3794992439513734,,0,-0.3395622360152768
235,jump,1562512359,0.8333333333333333,-0.2855094215578845,,0,-0.3395622360152768
235,jump,1562512359,0.8888888888888888,-0.22614283093852602,,0,-0.3395622360152768
235,jump,1562512359,0.9444444444444444,-0.2800447048311274,,0,-0.3395622360152768
235,jump,1562512359,1.0,-0.2341429799150263,-0.15398788694459145,0,-0.3395622360152768
236,branch_reorganization,895851043,0.0,-0.3395622360152768,-0.24397740708082255,0,-0.3395622360152768
236,branch_reorganization,895851043,0.05555555555555555,-0.3706747970253724,,0,-0.3395622360152768
236,branch_reorganization,895851043,0.1111111111111111,-0.36331648289324764,,0,-0.3395622360152768
236,branch_reorganization,895851043,0.16666666666666666,-0.39697226258062507,,0,-0.3395622360152768
236,branch_reorganization,895851043,0.2222222222222222,-0.3663290443815826,,0,-0.3395622360152768
236,branch_reorganization,895851043,0.2777777777777778,-0.37010211990982733,,0,-0.3395622360152768
236,branch_reorganization,895851043,0.3333333333333333,-0.3816811820176683,,0,-0.3395622360152768
236,branch_reorganization,895851043,0.38888888888888884,-0.3032518147778145,,0,-0.3395622360152768
236,branch_reorganization,895851043,0.4444444444444444,-0.35441325194705464,,0,-0.3395622360152768
236,branch_reorganization,895851043,0.5,-0.2622220810763701,,0,-0.3395622360152768
236,branch_reorganization,895851043,0.5555555555555556,-0.2945677160594754,,0,-0.3395622360152768
236,branch_reorganization,895851043,0.611111111111111,-0.28270145128144863,,0,-0.3395622360152768
236,branch_reorganization,895851043,0.6666666666666666,-0.3243132457211806,,0,-0.3395622360152768
236,branch_reorganization,895851043,0.7222222222222222,-0.3373732256835611,,0,-0.3395622360152768
236,branch_reorganization,895851043,0.7777777777777777,-0.18156877168931831,,0,-0.3395622360152768
236,branch_reorganization,895851043,0.8333333333333333,-0.2764979164525146,,0,-0.3395622360152768
236,branch_reorganization,895851043,0.8888888888888888,-0.2607275146870215,,0,-0.3395622360152768
236,branch_reorganization,895851043,0.9444444444444444,-0.2975320995790875,,0,-0.3395622360152768
236,branch_reorganization,895851043,1.0,-0.2927474822807949,-0.24440902291418237,0,-0.3395622360152768
237,retention,660344239,0.0,0.0,0.022166604026291774,0,-0.3395622360152768
237,retention,660344239,0.05555555555555555,-0.040734798281695635,,0,-0.3395622360152768
237,retention,660344239,0.1111111111111111,-0.03737888612725842,,0,-0.3395622360152768
237,retention,660344239,0.16666666666666666,-0.05955503550113371,,0,-0.3395622360152768
237,retention,660344239,0.2222222222222222,-0.03362153157523286,,0,-0.3395622360152768
237,retention,660344239,0.2777777777777778,0.010390706075364659,,0,-0.3395622360152768
237,retention,660344239,0.3333333333333333,-0.0357676691980818,,0,-0.3395622360152768
237,retention,660344239,0.38888888888888884,-0.012530686537207441,,0,-0.3395622360152768
237,retention,660344239,0.4444444444444444,-0.019720897764268056,,0,-0.3395622360152768
237,retention,660344239,0.5,0.017614256994131525,,0,-0.3395622360152768
237,retention,660344239,0.5555555555555556,-0.023160615683691432,,0,-0.3395622360152768
237,retention,660344239,0.611111111111111,0.061591671343347254,,0,-0.3395622360152768
237,retention,660344239,0.6666666666666666,0.08757214245799258,,0,-0.3395622360152768
237,retention,660344239,0.7222222222222222,0.0348912108170051,,0,-0.3395622360152768
237,retention,660344239,0.7777777777777777,0.03057237831300347,,0,-0.3395622360152768
237,retention,660344239,0.8333333333333333,0.07026924779381973,,0,-0.3395622360152768
237,retention,660344239,0.8888888888888888,0.14874520857225215,,0,-0.3395622360152768
237,retention,660344239,0.9444444444444444,0.07477607183366754,,0,-0.3395622360152768
237,retention,660344239,1.0,0.04199021657056418,-0.07204877200975823,0,-0.3395622360152768
238,jump,746582863,0.0,0.0,0.020381783987563504,0,-0.3395622360152768
238,jump,746582863,0.05555555555555555,-0.09330269453764126,,0,-0.3395622360152768
238,jump,746582863,0.1111111111111111,-0.024742969698056463,,0,-0.3395622360152768
238,jump,746582863,0.16666666666666666,-0.13462022677875773,,0,-0.3395622360152768
238,jump,746582863,0.2222222222222222,-0.14587123879110117,,0,-0.3395622360152768
238,jump,746582863,0.2777777777777778,-0.12058745513277778,,0,-0.3395622360152768
238,jump,746582863,0.3333333333333333,-0.11873850202014401,,0,-0.3395622360152768
238,jump,746582863,0.38888888888888884,-0.10032711225822072,,0,-0.3395622360152768
238,jump,746582863,0.4444444444444444,-0.1435697452659046,,0,-0.3395622360152768
238,jump,746582863,0.5,-0.1613834312479844,,0,-0.3395622360152768
238,jump,746582863,0.5555555555555556,-0.16255573601253226,,0,-0.3395622360152768
238,jump,746582863,0.611111111111111,-0.1951405058240278,,0,-0.3395622360152768
238,jump,746582863,0.6666666666666666,-0.2723985302952713,,0,-0.3395622360152768
238,jump,746582863,0.7222222222222222,-0.037417067134365836,,0,-0.3395622360152768
238,jump,746582863,0.7777777777777777,-0.1149785727350351,,0,-0.3395622360152768
238,jump,746582863,0.8333333333333333,-0.13227922894023672,,0,-0.3395622360152768
238,jump,746582863,0.8888888888888888,-0.18646993838287482,,0,-0.3395622360152768
238,jump,746582863,0.9444444444444444,-0.11812409808106429,,0,-0.3395622360152768
238,jump,746582863,1.0,-0.05874176724170654,-0.03251689478311068,0,-0.3395622360152768
239,branch_reorganization,1333270763,0.0,-0.3395622360152768,-0.3713222464906968,0,-0.3395622360152768
239,branch_reorganization,1333270763,0.05555555555555555,-0.34294420067438686,,0,-0.3395622360152768
239,branch_reorganization,1333270763,0.1111111111111111,-0.31582947890862445,,0,-0.3395622360152768
239,branch_reorganization,1333270763,0.16666666666666666,-0.31552761418809244,,0,-0.3395622360152768
239,branch_reorganization,1333270763,0.2222222222222222,-0.30431445135625984,,0,-0.3395622360152768
239,branch_reorganization,1333270763,0.2777777777777778,-0.37439084416479246,,0,-0.3395622360152768
239,branch_reorganization,1333270763,0.3333333333333333,-0.38673892258784665,,1,0.3395622360152768
239,branch_reorganization,1333270763,0.38888888888888884,-0.36381974794832395,,1,0.3395622360152768
239,branch_reorganization,1333270763,0.4444444444444444,-0.3978286800587617,,1,0.3395622360152768
239,branch_reorganization,1333270763,0.5,-0.28873095948315675,,1,0.3395622360152768
239,branch_reorganization,1333270763,0.5555555555555556,-0.3258537826044317,,1,0.3395622360152768
239,branch_reorganization,1333270763,0.611111111111111,-0.24479745102749384,,1,0.3395622360152768
239,branch_reorganization,1333270763,0.6666666666666666,-0.21149641156045665,,1,0.3395622360152768
239,branch_reorganization,1333270763,0.7222222222222222,-0.37854822662618787,,1,0.3395622360152768
239,branch_reorganization,1333270763,0.7777777777777777,-0.304732940402127,,1,0.3395622360152768
239,branch_reorganization,1333270763,0.8333333333333333,-0.29967677911943974,,1,0.3395622360152768
239,branch_reorganization,1333270763,0.8888888888888888,-0.317716217742379,,1,0.3395622360152768
239,branch_reorganization,1333270763,0.9444444444444444,-0.3553467020122099,,1,0.3395622360152768
239,branch_reorganization,1333270763,1.0,-0.3014472865081166,-0.2685103969718886,1,0.3395622360152768
240,retention,1678863251,0.0,0.0,-0.011664897635893743,0,-0.3395622360152768
240,retention,1678863251,0.05555555555555555,0.06120939030647074,,0,-0.3395622360152768
240,retention,1678863251,0.1111111111111111,0.06926591029168153,,0,-0.3395622360152768
240,retention,1678863251,0.16666666666666666,-0.004409676541657331,,0,-0.3395622360152768
240,retention,1678863251,0.2222222222222222,0.07794394088635523,,0,-0.3395622360152768
240,retention,1678863251,0.2777777777777778,0.11346679533780274,,0,-0.3395622360152768
240,retention,1678863251,0.3333333333333333,0.17765830495954765,,0,-0.3395622360152768
240,retention,1678863251,0.38888888888888884,0.10953087993356032,,0,-0.3395622360152768
240,retention,1678863251,0.4444444444444444,0.15503643817434778,,0,-0.3395622360152768
240,retention,1678863251,0.5,0.15216248036988012,,0,-0.3395622360152768
240,retention,1678863251,0.5555555555555556,0.16289269978626786,,0,-0.3395622360152768
240,retention,1678863251,0.611111111111111,0.165002992362873,,0,-0.3395622360152768
240,retention,1678863251,0.6666666666666666,0.1925842106327329,,0,-0.3395622360152768
240,retention,1678863251,0.7222222222222222,0.20019990032174842,,0,-0.3395622360152768
240,retention,1678863251,0.7777777777777777,0.20200199482517053,,0,-0.3395622360152768
240,retention,1678863251,0.8333333333333333,0.0997105360544884,,0,-0.3395622360152768
240,retention,1678863251,0.8888888888888888,0.06881051459660191,,0,-0.3395622360152768
240,retention,1678863251,0.9444444444444444,0.12081694369145526,,0,-0.3395622360152768
240,retention,1678863251,1.0,0.10643863007406434,0.059701169998265434,0,-0.3395622360152768
241,jump,1005028303,0.0,0.0,0.059203537130743514,0,-0.3395622360152768
241,jump,1005028303,0.05555555555555555,-0.038152466697173114,,0,-0.3395622360152768
241,jump,1005028303,0.1111111111111111,-0.04632747708142568,,0,-0.3395622360152768
241,jump,1005028303,0.16666666666666666,-0.08432664475856105,,0,-0.3395622360152768
241,jump,1005028303,0.2222222222222222,-0.09304426027772811,,0,-0.3395622360152768
241,jump,1005028303,0.2777777777777778,-0.08482375217444649,,0,-0.3395622360152768
241,jump,1005028303,0.3333333333333333,0.007994104001643715,,0,-0.3395622360152768
241,jump,1005028303,0.38888888888888884,0.026111405042849745,,0,-0.3395622360152768
241,jump,1005028303,0.4444444444444444,0.08173029571404972,,0,-0.3395622360152768
241,jump,1005028303,0.5,0.1291905486438243,,0,-0.3395622360152768
241,jump,1005028303,0.5555555555555556,0.11874618693748167,,0,-0.3395622360152768
241,jump,1005028303,0.611111111111111,0.05188247207541365,,0,-0.3395622360152768
241,jump,1005028303,0.6666666666666666,0.11395087909665312,,0,-0.3395622360152768
241,jump,1005028303,0.7222222222222222,0.1686682152007404,,0,-0.3395622360152768
241,jump,1005028303,0.7777777777777777,0.22315235766548144,,0,-0.3395622360152768
241,jump,1005028303,0.8333333333333333,0.2251211302106687,,0,-0.3395622360152768
241,jump,1005028303,0.8888888888888888,0.24518918017148852,,0,-0.3395622360152768
241,jump,1005028303,0.9444444444444444,0.2107628822031217,,0,-0.3395622360152768
241,jump,1005028303,1.0,0.15654241304343755,0.0626032941003347,0,-0.3395622360152768
242,branch_reorganization,486912952,0.0,-0.3395622360152768,-0.24445773951043032,0,-0.3395622360152768
242,branch_reorganization,486912952,0.05555555555555555,-0.28915194892870044,,0,-0.3395622360152768
242,branch_reorganization,486912952,0.1111111111111111,-0.25678741429764057,,0,-0.3395622360152768
242,branch_reorganization,486912952,0.16666666666666666,-0.2828704835880548,,0,-0.3395622360152768
242,branch_reorganization,486912952,0.2222222222222222,-0.19613450959350565,,0,-0.3395622360152768
242,branch_reorganization,486912952,0.2777777777777778,-0.22033612675885772,,0,-0.3395622360152768
242,branch_reorganization,486912952,0.3333333333333333,-0.189254484681566,,0,-0.3395622360152768
242,branch_reorganization,486912952,0.38888888888888884,-0.2027043220749607,,0,-0.3395622360152768
242,branch_reorganization,486912952,0.4444444444444444,-0.2189965181257927,,0,-0.3395622360152768
242,branch_reorganization,486912952,0.5,-0.17655257709180278,,0,-0.3395622360152768
242,branch_reorganization,486912952,0.5555555555555556,-0.2875969824606651,,0,-0.3395622360152768
242,branch_reorganization,486912952,0.611111111111111,-0.2716686767306583,,0,-0.3395622360152768
242,branch_reorganization,486912952,0.6666666666666666,-0.21650542726680017,,0,-0.3395622360152768
242,branch_reorganization,486912952,0.7222222222222222,-0.15522135754302846,,0,-0.3395622360152768
242,branch_reorganization,486912952,0.7777777777777777,-0.08594439551144027,,0,-0.3395622360152768
242,branch_reorganization,486912952,0.8333333333333333,-0.10851906300741126,,0,-0.3395622360152768
242,branch_reorganization,486912952,0.8888888888888888,-0.11162239492335616,,0,-0.3395622360152768
242,branch_reorganization,486912952,0.9444444444444444,-0.15610384257360146,,0,-0.3395622360152768
242,branch_reorganization,486912952,1.0,-0.079913688106289,-0.056577960417629705,0,-0.3395622360152768
243,retention,1031086040,0.0,0.0,0.020725839812419187,0,-0.3395622360152768
243,retention,1031086040,0.05555555555555555,-0.032301115485905835,,0,-0.3395622360152768
243,retention,1031086040,0.1111111111111111,0.03997300562121807,,0,-0.3395622360152768
243,retention,1031086040,0.16666666666666666,0.03682566614994225,,0,-0.3395622360152768
243,retention,1031086040,0.2222222222222222,0.03026671762255358,,0,-0.3395622360152768
243,retention,1031086040,0.2777777777777778,0.01924133794497264,,0,-0.3395622360152768
243,retention,1031086040,0.3333333333333333,0.03836173667334811,,0,-0.3395622360152768
243,retention,1031086040,0.38888888888888884,0.018489820934061898,,0,-0.3395622360152768
243,retention,1031086040,0.4444444444444444,0.062003843109735085,,0,-0.3395622360152768
243,retention,1031086040,0.5,0.08869225065580974,,0,-0.3395622360152768
243,retention,1031086040,0.5555555555555556,0.030230734978575494,,0,-0.3395622360152768
243,retention,1031086040,0.611111111111111,0.07480110459091127,,0,-0.3395622360152768
243,retention,1031086040,0.6666666666666666,0.07488973399578214,,0,-0.3395622360152768
243,retention,1031086040,0.7222222222222222,0.008706601976827502,,0,-0.3395622360152768
243,retention,1031086040,0.7777777777777777,-0.07172407146413548,,0,-0.3395622360152768
243,retention,1031086040,0.8333333333333333,-0.1298030656296568,,0,-0.3395622360152768
243,retention,1031086040,0.8888888888888888,-0.08371120125199695,,0,-0.3395622360152768
243,retention,1031086040,0.9444444444444444,-0.08369770883985132,,0,-0.3395622360152768
243,retention,1031086040,1.0,-0.0326926862855125,-0.11918383613578983,0,-0.3395622360152768
244,jump,1679603655,0.0,0.0,-0.02002564386295681,0,-0.3395622360152768
244,jump,1679603655,0.05555555555555555,0.01947656949082704,,0,-0.3395622360152768
244,jump,1679603655,0.1111111111111111,0.0756453216130428,,0,-0.3395622360152768
244,jump,1679603655,0.16666666666666666,0.10600219834163757,,0,-0.3395622360152768
244,jump,1679603655,0.2222222222222222,0.09179532049084138,,0,-0.3395622360152768
244,jump,1679603655,0.2777777777777778,0.15143916209160882,,0,-0.3395622360152768
244,jump,1679603655,0.3333333333333333,0.1531735874369947,,0,-0.3395622360152768
244,jump,1679603655,0.38888888888888884,0.07727684556568724,,0,-0.3395622360152768
244,jump,1679603655,0.4444444444444444,0.1318769870215425,,0,-0.3395622360152768
244,jump,1679603655,0.5,0.1293684150888729,,0,-0.3395622360152768
244,jump,1679603655,0.5555555555555556,0.12138453581708504,,0,-0.3395622360152768
244,jump,1679603655,0.611111111111111,0.10121538205417709,,0,-0.3395622360152768
244,jump,1679603655,0.6666666666666666,0.06413358071597258,,0,-0.3395622360152768
244,jump,1679603655,0.7222222222222222,0.004138661391240049,,0,-0.3395622360152768
244,jump,1679603655,0.7777777777777777,-0.03393660246055851,,0,-0.3395622360152768
244,jump,1679603655,0.8333333333333333,0.01416741417991256,,0,-0.3395622360152768
244,jump,1679603655,0.8888888888888888,0.0048250055299434765,,0,-0.3395622360152768
244,jump,1679603655,0.9444444444444444,-0.008012707040743436,,0,-0.3395622360152768
244,jump,1679603655,1.0,-0.01939588654713063,-0.02317986077865156,0,-0.3395622360152768
245,branch_reorganization,1008609285,0.0,-0.3395622360152768,-0.3113656996412233,0,-0.3395622360152768
245,branch_reorganization,1008609285,0.05555555555555555,-0.2961791319587192,,0,-0.3395622360152768
245,branch_reorganization,1008609285,0.1111111111111111,-0.3425138587777449,,0,-0.3395622360152768
245,branch_reorganization,1008609285,0.16666666666666666,-0.326953060473418,,0,-0.3395622360152768
245,branch_reorganization,1008609285,0.2222222222222222,-0.4335993550754488,,0,-0.3395622360152768
245,branch_reorganization,1008609285,0.2777777777777778,-0.43062564840064826,,0,-0.3395622360152768
245,branch_reorganization,1008609285,0.3333333333333333,-0.3957782022782562,,0,-0.3395622360152768
245,branch_reorganization,1008609285,0.38888888888888884,-0.40917076816574754,,0,-0.3395622360152768
245,branch_reorganization,1008609285,0.4444444444444444,-0.37479699409235606,,0,-0.3395622360152768
245,branch_reorganization,1008609285,0.5,-0.4324069916458272,,0,-0.3395622360152768
245,branch_reorganization,1008609285,0.5555555555555556,-0.344867452716454,,0,-0.3395622360152768
245,branch_reorganization,1008609285,0.611111111111111,-0.4573049158943467,,0,-0.3395622360152768
245,branch_reorganization,1008609285,0.6666666666666666,-0.46243620148100123,,0,-0.3395622360152768
245,branch_reorganization,1008609285,0.7222222222222222,-0.4744082632294492,,0,-0.3395622360152768
245,branch_reorganization,1008609285,0.7777777777777777,-0.5222497024555884,,0,-0.3395622360152768
245,branch_reorganization,1008609285,0.8333333333333333,-0.46667783234066584,,0,-0.3395622360152768
245,branch_reorganization,1008609285,0.8888888888888888,-0.45522373463961363,,0,-0.3395622360152768
245,branch_reorganization,1008609285,0.9444444444444444,-0.5020521730474202,,0,-0.3395622360152768
245,branch_reorganization,1008609285,1.0,-0.5037618427341786,-0.4759653581498502,0,-0.3395622360152768
246,retention,898477059,0.0,0.0,0.04742458972397784,0,-0.3395622360152768
246,retention,898477059,0.05555555555555555,0.043905804600883065,,0,-0.3395622360152768
246,retention,898477059,0.1111111111111111,0.08662707914620354,,0,-0.3395622360152768
246,retention,898477059,0.16666666666666666,0.08531362338902795,,0,-0.3395622360152768
246,retention,898477059,0.2222222222222222,0.10396102274511013,,0,-0.3395622360152768
246,retention,898477059,0.2777777777777778,0.11261184517254354,,0,-0.3395622360152768
246,retention,898477059,0.3333333333333333,-0.0009026234776663006,,0,-0.3395622360152768
246,retention,898477059,0.38888888888888884,-0.05852511582415638,,0,-0.3395622360152768
246,retention,898477059,0.4444444444444444,-0.07060265532355496,,0,-0.3395622360152768
246,retention,898477059,0.5,-0.06291111659226227,,0,-0.3395622360152768
246,retention,898477059,0.5555555555555556,-0.04482281343197067,,0,-0.3395622360152768
246,retention,898477059,0.611111111111111,0.011052219332837843,,0,-0.3395622360152768
246,retention,898477059,0.6666666666666666,0.06846883396047423,,0,-0.3395622360152768
246,retention,898477059,0.7222222222222222,0.09104309396420374,,0,-0.3395622360152768
246,retention,898477059,0.7777777777777777,0.13295615948010303,,0,-0.3395622360152768
246,retention,898477059,0.8333333333333333,0.17470915529828054,,0,-0.3395622360152768
246,retention,898477059,0.8888888888888888,0.1445713518239443,,0,-0.3395622360152768
246,retention,898477059,0.9444444444444444,0.05656627504408597,,0,-0.3395622360152768
246,retention,898477059,1.0,-0.0033730221801502314,0.05393056996348337,0,-0.3395622360152768
247,jump,155318492,0.0,0.0,-0.003981347870110061,0,-0.3395622360152768
247,jump,155318492,0.05555555555555555,-0.007679824299587533,,0,-0.3395622360152768
247,jump,155318492,0.1111111111111111,0.036585268544559096,,0,-0.3395622360152768
247,jump,155318492,0.16666666666666666,-0.01549628757668356,,0,-0.3395622360152768
247,jump,155318492,0.2222222222222222,-0.023405625306990224,,0,-0.3395622360152768
247,jump,155318492,0.2777777777777778,-0.026801586294632817,,0,-0.3395622360152768
247,jump,155318492,0.3333333333333333,-0.003432279049813629,,0,-0.3395622360152768
247,jump,155318492,0.38888888888888884,0.0052752719581813795,,0,-0.3395622360152768
247,jump,155318492,0.4444444444444444,0.1305313016180179,,0,-0.3395622360152768
247,jump,155318492,0.5,0.202355143211205,,0,-0.3395622360152768
247,jump,155318492,0.5555555555555556,0.16989015434246874,,0,-0.3395622360152768
247,jump,155318492,0.611111111111111,0.16286486605776998,,0,-0.3395622360152768
247,jump,155318492,0.6666666666666666,0.08531175702841323,,0,-0.3395622360152768
247,jump,155318492,0.7222222222222222,-0.009235067264873512,,0,-0.3395622360152768
247,jump,155318492,0.7777777777777777,-0.05290732119550115,,0,-0.3395622360152768
247,jump,155318492,0.8333333333333333,0.015635363932558065,,0,-0.3395622360152768
247,jump,155318492,0.8888888888888888,0.012731561488845529,,0,-0.3395622360152768
247,jump,155318492,0.9444444444444444,0.061363783866777426,,0,-0.3395622360152768
247,jump,155318492,1.0,0.12406198798216694,0.1187531627403516,0,-0.3395622360152768
248,branch_reorganization,1272675354,0.0,-0.3395622360152768,-0.3071759626360359,0,-0.3395622360152768
248,branch_reorganization,1272675354,0.05555555555555555,-0.3087190761866,,0,-0.3395622360152768
248,branch_reorganization,1272675354,0.1111111111111111,-0.3161454710278001,,0,-0.3395622360152768
248,branch_reorganization,1272675354,0.16666666666666666,-0.3683617341109563,,0,-0.3395622360152768
248,branch_reorganization,1272675354,0.2222222222222222,-0.31031169830917843,,0,-0.3395622360152768
248,branch_reorganization,1272675354,0.2777777777777778,-0.3804230899896742,,0,-0.3395622360152768
248,branch_reorganization,1272675354,0.3333333333333333,-0.4331689219969796,,0,-0.3395622360152768
248,branch_reorganization,1272675354,0.38888888888888884,-0.40051580817301696,,0,-0.3395622360152768
248,branch_reorganization,1272675354,0.4444444444444444,-0.435647964839483,,0,-0.3395622360152768
248,branch_reorganization,1272675354,0.5,-0.4666536578319157,,0,-0.3395622360152768
248,branch_reorganization,1272675354,0.5555555555555556,-0.563592153921011,,0,-0.3395622360152768
248,branch_reorganization,1272675354,0.611111111111111,-0.5151506495092542,,0,-0.3395622360152768
248,branch_reorganization,1272675354,0.6666666666666666,-0.41081913537376097,,0,-0.3395622360152768
248,branch_reorganization,1272675354,0.7222222222222222,-0.41327226120554783,,0,-0.3395622360152768
248,branch_reorganization,1272675354,0.7777777777777777,-0.3199397081434154,,0,-0.3395622360152768
248,branch_reorganization,1272675354,0.8333333333333333,-0.21868846295953376,,0,-0.3395622360152768
248,branch_reorganization,1272675354,0.8888888888888888,-0.1942611478499887,,0,-0.3395622360152768
248,branch_reorganization,1272675354,0.9444444444444444,-0.1336780669017533,,0,-0.3395622360152768
248,branch_reorganization,1272675354,1.0,-0.142025802753143,-0.1493945931070312,0,-0.3395622360152768
249,retention,94360773,0.0,0.0,0.02817177041906067,0,-0.3395622360152768
249,retention,94360773,0.05555555555555555,-0.07717128768583276,,0,-0.3395622360152768
249,retention,94360773,0.1111111111111111,-0.1322507451136679,,0,-0.3395622360152768
249,retention,94360773,0.16666666666666666,-0.1854271843117698,,0,-0.3395622360152768
249,retention,94360773,0.2222222222222222,-0.20819922033723834,,0,-0.3395622360152768
249,retention,94360773,0.2777777777777778,-0.16130828259681954,,0,-0.3395622360152768
249,retention,94360773,0.3333333333333333,-0.11404733270232996,,0,-0.3395622360152768
249,retention,94360773,0.38888888888888884,-0.13743482436716742,,0,-0.3395622360152768
249,retention,94360773,0.4444444444444444,-0.12194865980588568,,0,-0.3395622360152768
249,retention,94360773,0.5,-0.08296458524184594,,0,-0.3395622360152768
249,retention,94360773,0.5555555555555556,-0.11921649910096942,,0,-0.3395622360152768
249,retention,94360773,0.611111111111111,-0.11283100706258252,,0,-0.3395622360152768
249,retention,94360773,0.6666666666666666,-0.06021738405090069,,0,-0.3395622360152768
249,retention,94360773,0.7222222222222222,-0.028876623041349057,,0,-0.3395622360152768
249,retention,94360773,0.7777777777777777,-0.09181445770383358,,0,-0.3395622360152768
249,retention,94360773,0.8333333333333333,-0.059006953432433604,,0,-0.3395622360152768
249,retention,94360773,0.8888888888888888,-0.06460774887016499,,0,-0.3395622360152768
249,retention,94360773,0.9444444444444444,-0.006152706852829273,,0,-0.3395622360152768
249,retention,94360773,1.0,0.0818852037426752,0.09280780644369929,0,-0.3395622360152768
250,jump,672415889,0.0,0.0,-0.042046322717698384,0,-0.3395622360152768
250,jump,672415889,0.05555555555555555,0.04567780948828462,,0,-0.3395622360152768
250,jump,672415889,0.1111111111111111,-0.07251183599912372,,0,-0.3395622360152768
250,jump,672415889,0.16666666666666666,-0.08537168721615729,,0,-0.3395622360152768
250,jump,672415889,0.2222222222222222,-0.07468999451934938,,0,-0.3395622360152768
250,jump,672415889,0.2777777777777778,-0.07476382266632324,,0,-0.3395622360152768
250,jump,672415889,0.3333333333333333,-0.0502699165490675,,0,-0.3395622360152768
250,jump,672415889,0.38888888888888884,-0.04532109479013873,,0,-0.3395622360152768
250,jump,672415889,0.4444444444444444,-0.008828777980927141,,0,-0.3395622360152768
250,jump,672415889,0.5,-0.05512751614214069,,0,-0.3395622360152768
250,jump,672415889,0.5555555555555556,-0.0330647276464576,,0,-0.3395622360152768
250,jump,672415889,0.611111111111111,-0.09320375004335217,,0,-0.3395622360152768
250,jump,672415889,0.6666666666666666,-0.046343241311773184,,0,-0.3395622360152768
250,jump,672415889,0.7222222222222222,-0.1776717683006221,,0,-0.3395622360152768
250,jump,672415889,0.7777777777777777,-0.2493563710680211,,0,-0.3395622360152768
250,jump,672415889,0.8333333333333333,-0.1675427461055718,,0,-0.3395622360152768
250,jump,672415889,0.8888888888888888,-0.18324637867332527,,0,-0.3395622360152768
250,jump,672415889,0.9444444444444444,-0.19478385536988374,,0,-0.3395622360152768
250,jump,672415889,1.0,-0.12829859147469386,-0.16498299727578247,0,-0.3395622360152768
251,branch_reorganization,424677776,0.0,-0.3395622360152768,-0.39183131787661285,0,-0.3395622360152768
251,branch_reorganization,424677776,0.05555555555555555,-0.32439316316041333,,0,-0.3395622360152768
251,branch_reorganization,424677776,0.1111111111111111,-0.23529277054944508,,0,-0.3395622360152768
251,branch_reorganization,424677776,0.16666666666666666,-0.20407452837407355,,0,-0.3395622360152768
251,branch_reorganization,424677776,0.2222222222222222,-0.18429838118748834,,0,-0.3395622360152768
251,branch_reorganization,424677776,0.2777777777777778,-0.15851324782175044,,0,-0.3395622360152768
251,branch_reorganization,424677776,0.3333333333333333,-0.2720513519288916,,0,-0.3395622360152768
251,branch_reorganization,424677776,0.38888888888888884,-0.3074069883160252,,0,-0.3395622360152768
251,branch_reorganization,424677776,0.4444444444444444,-0.26670764703931954,,0,-0.3395622360152768
251,branch_reorganization,424677776,0.5,-0.3820008036674365,,0,-0.3395622360152768
251,branch_reorganization,424677776,0.5555555555555556,-0.3471537802751756,,0,-0.3395622360152768
251,branch_reorganization,424677776,0.611111111111111,-0.4281340706142056,,0,-0.3395622360152768
251,branch_reorganization,424677776,0.6666666666666666,-0.40266365339931137,,0,-0.3395622360152768
251,branch_reorganization,424677776,0.7222222222222222,-0.4280641215459615,,0,-0.3395622360152768
251,branch_reorganization,424677776,0.7777777777777777,-0.36369988508473794,,0,-0.3395622360152768
251,branch_reorganization,424677776,0.8333333333333333,-0.4007307809354462,,0,-0.3395622360152768
251,branch_reorganization,424677776,0.8888888888888888,-0.5549109586785984,,0,-0.3395622360152768
251,branch_reorganization,424677776,0.9444444444444444,-0.5763546331335627,,0,-0.3395622360152768
251,branch_reorganization,424677776,1.0,-0.5921225167087365,-0.5306093070497668,0,-0.3395622360152768
252,retention,1255877970,0.0,0.0,-0.03606107439809901,0,-0.3395622360152768
252,retention,1255877970,0.05555555555555555,0.048271615074082376,,0,-0.3395622360152768
252,retention,1255877970,0.1111111111111111,0.07448413619550848,,0,-0.3395622360152768
252,retention,1255877970,0.16666666666666666,0.011693745064215492,,0,-0.3395622360152768
252,retention,1255877970,0.2222222222222222,-0.04305902100319002,,0,-0.3395622360152768
252,retention,1255877970,0.2777777777777778,-0.06693105668284795,,0,-0.3395622360152768
252,retention,1255877970,0.3333333333333333,-0.03872641351932498,,0,-0.3395622360152768
252,retention,1255877970,0.38888888888888884,-0.024494559685151088,,0,-0.3395622360152768
252,retention,1255877970,0.4444444444444444,-0.1256337305400929,,0,-0.3395622360152768
252,retention,1255877970,0.5,-0.08651917545649565,,0,-0.3395622360152768
252,retention,1255877970,0.5555555555555556,-0.07812301293117592,,0,-0.3395622360152768
252,retention,1255877970,0.611111111111111,-0.10021671234676138,,0,-0.3395622360152768
252,retention,1255877970,0.6666666666666666,-0.11815666780958502,,0,-0.3395622360152768
252,retention,1255877970,0.7222222222222222,-0.15227329812300264,,0,-0.3395622360152768
252,retention,1255877970,0.7777777777777777,-0.12486468811809609,,0,-0.3395622360152768
252,retention,1255877970,0.8333333333333333,-0.14973855172214792,,0,-0.3395622360152768
252,retention,1255877970,0.8888888888888888,-0.16243364324076326,,0,-0.3395622360152768
252,retention,1255877970,0.9444444444444444,-0.2713336944903337,,0,-0.3395622360152768
252,retention,1255877970,1.0,-0.23134365820857983,-0.2547612828024279,0,-0.3395622360152768
253,jump,1765808937,0.0,0.0,0.036518375589544565,0,-0.3395622360152768
253,jump,1765808937,0.05555555555555555,0.061644473558749184,,0,-0.3395622360152768
253,jump,1765808937,0.1111111111111111,-0.030520565500365117,,0,-0.3395622360152768
253,jump,1765808937,0.16666666666666666,0.013839570239521315,,0,-0.3395622360152768
253,jump,1765808937,0.2222222222222222,-0.04131875275890197,,0,-0.3395622360152768
253,jump,1765808937,0.2777777777777778,-0.00961906225218119,,0,-0.3395622360152768
253,jump,1765808937,0.3333333333333333,-0.012182430194831815,,0,-0.3395622360152768
253,jump,1765808937,0.38888888888888884,-0.061571875176787104,,0,-0.3395622360152768
253,jump,1765808937,0.4444444444444444,-0.08256595100345174,,0,-0.3395622360152768
253,jump,1765808937,0.5,-0.04600247877635665,,0,-0.3395622360152768
253,jump,1765808937,0.5555555555555556,-0.12111603089710554,,0,-0.3395622360152768
253,jump,1765808937,0.611111111111111,-0.07905617110504115,,0,-0.3395622360152768
253,jump,1765808937,0.6666666666666666,-0.01859466878769485,,0,-0.3395622360152768
253,jump,1765808937,0.7222222222222222,-0.06690589936914423,,0,-0.3395622360152768
253,jump,1765808937,0.7777777777777777,-0.021822394601366174,,0,-0.3395622360152768
253,jump,1765808937,0.8333333333333333,-0.11065366772306655,,0,-0.3395622360152768
253,jump,1765808937,0.8888888888888888,-0.09761454813175745,,0,-0.3395622360152768
253,jump,1765808937,0.9444444444444444,-0.21089370882749547,,0,-0.3395622360152768
253,jump,1765808937,1.0,-0.2599996507366136,-0.2385076633433912,0,-0.3395622360152768
254,branch_reorganization,1928362742,0.0,-0.3395622360152768,-0.318143888173213,0,-0.3395622360152768
254,branch_reorganization,1928362742,0.05555555555555555,-0.390852482436365,,0,-0.3395622360152768
254,branch_reorganization,1928362742,0.1111111111111111,-0.36824043277594576,,1,0.3395622360152768
254,branch_reorganization,1928362742,0.16666666666666666,-0.32625896125339926,,1,0.3395622360152768
254,branch_reorganization,1928362742,0.2222222222222222,-0.2923659153976116,,1,0.3395622360152768
254,branch_reorganization,1928362742,0.2777777777777778,-0.2709900624832996,,1,0.3395622360152768
254,branch_reorganization,1928362742,0.3333333333333333,-0.16116122420253126,,1,0.3395622360152768
254,branch_reorganization,1928362742,0.38888888888888884,-0.11656074517888582,,1,0.3395622360152768
254,branch_reorganization,1928362742,0.4444444444444444,-0.1703887108835046,,1,0.3395622360152768
254,branch_reorganization,1928362742,0.5,-0.14466478112896364,,1,0.3395622360152768
254,branch_reorganization,1928362742,0.5555555555555556,-0.13989231529940674,,1,0.3395622360152768
254,branch_reorganization,1928362742,0.611111111111111,-0.11481152342354575,,1,0.3395622360152768
254,branch_reorganization,1928362742,0.6666666666666666,-0.16098967831563038,,1,0.3395622360152768
254,branch_reorganization,1928362742,0.7222222222222222,-0.18412467662338464,,1,0.3395622360152768
254,branch_reorganization,1928362742,0.7777777777777777,-0.2347519050204575,,0,-0.3395622360152768
254,branch_reorganization,1928362742,0.8333333333333333,-0.3377869677268348,,0,-0.3395622360152768
254,branch_reorganization,1928362742,0.8888888888888888,-0.24950311494867744,,0,-0.3395622360152768
254,branch_reorganization,1928362742,0.9444444444444444,-0.28326587254340013,,0,-0.3395622360152768
254,branch_reorganization,1928362742,1.0,-0.2609982419279718,-0.2258909661090282,0,-0.3395622360152768
255,retention,230361832,0.0,0.0,0.05031678811975478,0,-0.3395622360152768
255,retention,230361832,0.05555555555555555,0.06793088300502925,,0,-0.3395622360152768
255,retention,230361832,0.1111111111111111,0.03114308795756926,,0,-0.3395622360152768
255,retention,230361832,0.16666666666666666,0.06334824853451432,,0,-0.3395622360152768
255,retention,230361832,0.2222222222222222,0.14946960147058222,,0,-0.3395622360152768
255,retention,230361832,0.2777777777777778,0.20140429188114892,,0,-0.3395622360152768
255,retention,230361832,0.3333333333333333,0.16273219685292692,,0,-0.3395622360152768
255,retention,230361832,0.38888888888888884,0.24011568249763476,,0,-0.3395622360152768
255,retention,230361832,0.4444444444444444,0.1801014777075609,,0,-0.3395622360152768
255,retention,230361832,0.5,0.17720063630000327,,0,-0.3395622360152768
255,retention,230361832,0.5555555555555556,0.10871187363241133,,0,-0.3395622360152768
255,retention,230361832,0.611111111111111,0.018382107152615346,,0,-0.3395622360152768
255,retention,230361832,0.6666666666666666,0.051874404622868145,,0,-0.3395622360152768
255,retention,230361832,0.7222222222222222,0.06901779795701572,,0,-0.3395622360152768
255,retention,230361832,0.7777777777777777,0.08950235805568932,,0,-0.3395622360152768
255,retention,230361832,0.8333333333333333,0.13946051303975365,,0,-0.3395622360152768
255,retention,230361832,0.8888888888888888,0.20923555014471878,,0,-0.3395622360152768
255,retention,230361832,0.9444444444444444,0.24850520202011653,,0,-0.3395622360152768
255,retention,230361832,1.0,0.2773773255316488,0.2990124614224934,0,-0.3395622360152768
256,jump,903464846,0.0,0.0,0.0012686474439074884,0,-0.3395622360152768
256,jump,903464846,0.05555555555555555,0.005238231200837167,,0,-0.3395622360152768
256,jump,903464846,0.1111111111111111,-0.060929968623837906,,0,-0.3395622360152768
256,jump,903464846,0.16666666666666666,-0.008667437150975343,,0,-0.3395622360152768
256,jump,903464846,0.2222222222222222,0.021917844101211007,,0,-0.3395622360152768
256,jump,903464846,0.2777777777777778,0.007278830195469193,,0,-0.3395622360152768
256,jump,903464846,0.3333333333333333,0.02144341596655604,,0,-0.3395622360152768
256,jump,903464846,0.38888888888888884,0.04230584519488474,,0,-0.3395622360152768
256,jump,903464846,0.4444444444444444,0.037038828633847935,,0,-0.3395622360152768
256,jump,903464846,0.5,-0.012674461504914643,,0,-0.3395622360152768
256,jump,903464846,0.5555555555555556,-0.05627224860297445,,0,-0.3395622360152768
256,jump,903464846,0.611111111111111,-0.07541651488753444,,0,-0.3395622360152768
256,jump,903464846,0.6666666666666666,-0.15237170828243893,,0,-0.3395622360152768
256,jump,903464846,0.7222222222222222,-0.14252733353668717,,0,-0.3395622360152768
256,jump,903464846,0.7777777777777777,-0.06765768674066078,,0,-0.3395622360152768
256,jump,903464846,0.8333333333333333,-0.01775406402448467,,0,-0.3395622360152768
256,jump,903464846,0.8888888888888888,0.022476335128959517,,0,-0.3395622360152768
256,jump,903464846,0.9444444444444444,0.013009027193243334,,0,-0.3395622360152768
256,jump,903464846,1.0,0.027223805706651436,0.03250905704431796,0,-0.3395622360152768
257,branch_reorganization,35241475,0.0,-0.3395622360152768,-0.29384634540877735,0,-0.3395622360152768
257,branch_reorganization,35241475,0.05555555555555555,-0.4674537775395875,,0,-0.3395622360152768
257,branch_reorganization,35241475,0.1111111111111111,-0.4498769534966193,,0,-0.3395622360152768
257,branch_reorganization,35241475,0.16666666666666666,-0.4219831825010056,,0,-0.3395622360152768
257,branch_reorganization,35241475,0.2222222222222222,-0.3424106941893836,,0,-0.3395622360152768
257,branch_reorganization,35241475,0.2777777777777778,-0.3519372503145166,,0,-0.3395622360152768
257,branch_reorganization,35241475,0.3333333333333333,-0.3414209392646122,,0,-0.3395622360152768
257,branch_reorganization,35241475,0.38888888888888884,-0.34606326563901235,,0,-0.3395622360152768
257,branch_reorganization,35241475,0.4444444444444444,-0.36547700734236704,,0,-0.3395622360152768
257,branch_reorganization,35241475,0.5,-0.30170297217715336,,0,-0.3395622360152768
257,branch_reorganization,35241475,0.5555555555555556,-0.43271962828347965,,0,-0.3395622360152768
257,branch_reorganization,35241475,0.611111111111111,-0.4490783888977656,,0,-0.3395622360152768
257,branch_reorganization,35241475,0.6666666666666666,-0.3694636103160598,,0,-0.3395622360152768
257,branch_reorganization,35241475,0.7222222222222222,-0.30326408261542764,,0,-0.3395622360152768
257,branch_reorganization,35241475,0.7777777777777777,-0.3454264608656827,,0,-0.3395622360152768
257,branch_reorganization,35241475,0.8333333333333333,-0.3471372141741409,,0,-0.3395622360152768
257,branch_reorganization,35241475,0.8888888888888888,-0.3428907872312705,,0,-0.3395622360152768
257,branch_reorganization,35241475,0.9444444444444444,-0.29378317426369027,,0,-0.3395622360152768
257,branch_reorganization,35241475,1.0,-0.28038065547215396,-0.31194581646393815,0,-0.3395622360152768
258,retention,478218130,0.0,0.0,-0.09381928742096357,0,-0.3395622360152768
258,retention,478218130,0.05555555555555555,0.0007061611271424502,,0,-0.3395622360152768
258,retention,478218130,0.1111111111111111,-0.06753204386856454,,0,-0.3395622360152768
258,retention,478218130,0.16666666666666666,-0.09998640037121653,,0,-0.3395622360152768
258,retention,478218130,0.2222222222222222,-0.1474769564128368,,0,-0.3395622360152768
258,retention,478218130,0.2777777777777778,-0.16728638637534243,,0,-0.3395622360152768
258,retention,478218130,0.3333333333333333,-0.19752890255471142,,0,-0.3395622360152768
258,retention,478218130,0.38888888888888884,-0.1838855254789436,,0,-0.3395622360152768
258,retention,478218130,0.4444444444444444,-0.12756869111628463,,0,-0.3395622360152768
258,retention,478218130,0.5,-0.1634050943018069,,0,-0.3395622360152768
258,retention,478218130,0.5555555555555556,-0.11682276766055502,,0,-0.3395622360152768
258,retention,478218130,0.611111111111111,-0.14936057904418787,,0,-0.3395622360152768
258,retention,478218130,0.6666666666666666,-0.09150000657429626,,0,-0.3395622360152768
258,retention,478218130,0.7222222222222222,-0.09020744771245827,,0,-0.3395622360152768
258,retention,478218130,0.7777777777777777,-0.0719398608483917,,0,-0.3395622360152768
258,retention,478218130,0.8333333333333333,-0.09675243863927474,,0,-0.3395622360152768
258,retention,478218130,0.8888888888888888,-0.08035801129270635,,0,-0.3395622360152768
258,retention,478218130,0.9444444444444444,-0.18771131177016145,,0,-0.3395622360152768
258,retention,478218130,1.0,-0.25032603655087243,-0.306993778420644,0,-0.3395622360152768
259,jump,1913529835,0.0,0.0,0.042695827723098316,0,-0.3395622360152768
259,jump,1913529835,0.05555555555555555,0.030862333063154952,,0,-0.3395622360152768
259,jump,1913529835,0.1111111111111111,0.04657530711847335,,0,-0.3395622360152768
259,jump,1913529835,0.16666666666666666,0.08760884361987362,,0,-0.3395622360152768
259,jump,1913529835,0.2222222222222222,0.055869399194298244,,0,-0.3395622360152768
259,jump,1913529835,0.2777777777777778,0.10421765436921607,,0,-0.3395622360152768
259,jump,1913529835,0.3333333333333333,0.104212001816035,,0,-0.3395622360152768
259,jump,1913529835,0.38888888888888884,0.1602012276413051,,0,-0.3395622360152768
259,jump,1913529835,0.4444444444444444,0.028168857275608833,,0,-0.3395622360152768
259,jump,1913529835,0.5,-0.018449237223092566,,0,-0.3395622360152768
259,jump,1913529835,0.5555555555555556,0.005050843941053474,,0,-0.3395622360152768
259,jump,1913529835,0.611111111111111,0.017327165802714886,,0,-0.3395622360152768
259,jump,1913529835,0.6666666666666666,-0.15932784265011804,,0,-0.3395622360152768
259,jump,1913529835,0.7222222222222222,-0.14325279916281822,,0,-0.3395622360152768
259,jump,1913529835,0.7777777777777777,-0.07663539561150517,,0,-0.3395622360152768
259,jump,1913529835,0.8333333333333333,-0.10068233804759127,,0,-0.3395622360152768
259,jump,1913529835,0.8888888888888888,-0.12226816766975557,,0,-0.3395622360152768
259,jump,1913529835,0.9444444444444444,-0.030775940055929568,,0,-0.3395622360152768
259,jump,1913529835,1.0,-0.06652971548386195,-0.11620339014045672,0,-0.3395622360152768
260,branch_reorganization,1630983872,0.0,-0.3395622360152768,-0.3460513233945604,0,-0.3395622360152768
260,branch_reorganization,1630983872,0.05555555555555555,-0.3151670075534413,,0,-0.3395622360152768
260,branch_reorganization,1630983872,0.1111111111111111,-0.28551298629211447,,0,-0.3395622360152768
260,branch_reorganization,1630983872,0.16666666666666666,-0.23164667777710707,,0,-0.3395622360152768
260,branch_reorganization,1630983872,0.2222222222222222,-0.27127768329862895,,0,-0.3395622360152768
260,branch_reorganization,1630983872,0.2777777777777778,-0.2855204794142806,,0,-0.3395622360152768
260,branch_reorganization,1630983872,0.3333333333333333,-0.33185140091987014,,0,-0.3395622360152768
260,branch_reorganization,1630983872,0.38888888888888884,-0.26100137479264107,,0,-0.3395622360152768
260,branch_reorganization,1630983872,0.4444444444444444,-0.26699194720314906,,0,-0.3395622360152768
260,branch_reorganization,1630983872,0.5,-0.2946411319459803,,0,-0.3395622360152768
260,branch_reorganization,1630983872,0.5555555555555556,-0.254634381607773,,0,-0.3395622360152768
260,branch_reorganization,1630983872,0.611111111111111,-0.18722627969562256,,1,0.3395622360152768
260,branch_reorganization,1630983872,0.6666666666666666,-0.16452807220263252,,1,0.3395622360152768
260,branch_reorganization,1630983872,0.7222222222222222,-0.13136578241252458,,1,0.3395622360152768
260,branch_reorganization,1630983872,0.7777777777777777,-0.12517230439119265,,1,0.3395622360152768
260,branch_reorganization,1630983872,0.8333333333333333,-0.08051372115352512,,1,0.3395622360152768
260,branch_reorganization,1630983872,0.8888888888888888,-0.06088843722714281,,0,-0.3395622360152768
260,branch_reorganization,1630983872,0.9444444444444444,-0.10054773551092225,,0,-0.3395622360152768
260,branch_reorganization,1630983872,1.0,-0.1782118737622948,-0.15087701272789839,0,-0.3395622360152768
261,retention,1580306488,0.0,0.0,-0.03409980523990355,0,-0.3395622360152768
261,retention,1580306488,0.05555555555555555,-0.02851005930230163,,0,-0.3395622360152768
261,retention,1580306488,0.1111111111111111,-0.10130624854616209,,0,-0.3395622360152768
261,retention,1580306488,0.16666666666666666,-0.13648434924797556,,0,-0.3395622360152768
261,retention,1580306488,0.2222222222222222,-0.10021743874357614,,0,-0.3395622360152768
261,retention,1580306488,0.2777777777777778,-0.13815487979849417,,0,-0.3395622360152768
261,retention,1580306488,0.3333333333333333,-0.1258625129562748,,0,-0.3395622360152768
261,retention,1580306488,0.38888888888888884,-0.16333645569863642,,0,-0.3395622360152768
261,retention,1580306488,0.4444444444444444,-0.11871716830604326,,0,-0.3395622360152768
261,retention,1580306488,0.5,-0.1637792426517925,,0,-0.3395622360152768
261,retention,1580306488,0.5555555555555556,-0.2254619713797685,,0,-0.3395622360152768
261,retention,1580306488,0.611111111111111,-0.1516032754488603,,0,-0.3395622360152768
261,retention,1580306488,0.6666666666666666,-0.1712128925291126,,0,-0.3395622360152768
261,retention,1580306488,0.7222222222222222,-0.14270072219295574,,0,-0.3395622360152768
261,retention,1580306488,0.7777777777777777,0.012711326215685853,,0,-0.3395622360152768
261,retention,1580306488,0.8333333333333333,0.11296167853455401,,0,-0.3395622360152768
261,retention,1580306488,0.8888888888888888,0.02285182231640083,,0,-0.3395622360152768
261,retention,1580306488,0.9444444444444444,0.06894431517914,,0,-0.3395622360152768
261,retention,1580306488,1.0,0.10053910171853875,0.03167032353529817,0,-0.3395622360152768
262,jump,567536297,0.0,0.0,0.01131563700677923,0,-0.3395622360152768
262,jump,567536297,0.05555555555555555,0.023218174947035278,,0,-0.3395622360152768
262,jump,567536297,0.1111111111111111,0.06507357699909821,,0,-0.3395622360152768
262,jump,567536297,0.16666666666666666,0.08670308140462911,,0,-0.3395622360152768
262,jump,567536297,0.2222222222222222,0.11987241672151916,,0,-0.3395622360152768
262,jump,567536297,0.2777777777777778,0.1894052151496391,,0,-0.3395622360152768
262,jump,567536297,0.3333333333333333,0.224626802060716,,0,-0.3395622360152768
262,jump,567536297,0.38888888888888884,0.16091343827852994,,0,-0.3395622360152768
262,jump,567536297,0.4444444444444444,0.2085875580125583,,0,-0.3395622360152768
262,jump,567536297,0.5,0.15955907066269814,,0,-0.3395622360152768
262,jump,567536297,0.5555555555555556,0.16539315652484982,,0,-0.3395622360152768
262,jump,567536297,0.611111111111111,0.1545011799860375,,0,-0.3395622360152768
262,jump,567536297,0.6666666666666666,0.191200744737862,,0,-0.3395622360152768
262,jump,567536297,0.7222222222222222,0.12151147859719529,,0,-0.3395622360152768
262,jump,567536297,0.7777777777777777,0.08049044827196639,,0,-0.3395622360152768
262,jump,567536297,0.8333333333333333,0.11903909599387469,,0,-0.3395622360152768
262,jump,567536297,0.8888888888888888,0.07021386113743111,,0,-0.3395622360152768
262,jump,567536297,0.9444444444444444,0.10727455996545693,,0,-0.3395622360152768
262,jump,567536297,1.0,0.15973382682027185,0.22471070950279212,0,-0.3395622360152768
263,branch_reorganization,277581735,0.0,-0.3395622360152768,-0.41423107502760353,0,-0.3395622360152768
263,branch_reorganization,277581735,0.05555555555555555,-0.32872885258427015,,0,-0.3395622360152768
263,branch_reorganization,277581735,0.1111111111111111,-0.36487195458185284,,0,-0.3395622360152768
263,branch_reorganization,277581735,0.16666666666666666,-0.3773772761808628,,0,-0.3395622360152768
263,branch_reorganization,277581735,0.2222222222222222,-0.3750555103611534,,0,-0.3395622360152768
263,branch_reorganization,277581735,0.2777777777777778,-0.4077504893447358,,0,-0.3395622360152768
263,branch_reorganization,277581735,0.3333333333333333,-0.32094177579737426,,0,-0.3395622360152768
263,branch_reorganization,277581735,0.38888888888888884,-0.3881169143581457,,0,-0.3395622360152768
263,branch_reorganization,277581735,0.4444444444444444,-0.40210063211033165,,0,-0.3395622360152768
263,branch_reorganization,277581735,0.5,-0.33147435207125575,,0,-0.3395622360152768
263,branch_reorganization,277581735,0.5555555555555556,-0.3262375209365615,,0,-0.3395622360152768
263,branch_reorganization,277581735,0.611111111111111,-0.34675827158387357,,0,-0.3395622360152768
263,branch_reorganization,277581735,0.6666666666666666,-0.3676989357871118,,0,-0.3395622360152768
263,branch_reorganization,277581735,0.7222222222222222,-0.44174264271872266,,0,-0.3395622360152768
263,branch_reorganization,277581735,0.7777777777777777,-0.4922591847046048,,0,-0.3395622360152768
263,branch_reorganization,277581735,0.8333333333333333,-0.47220593826994683,,0,-0.3395622360152768
263,branch_reorganization,277581735,0.8888888888888888,-0.43816728960017715,,0,-0.3395622360152768
263,branch_reorganization,277581735,0.9444444444444444,-0.3780685835592604,,0,-0.3395622360152768
263,branch_reorganization,277581735,1.0,-0.3437191696321285,-0.3531217856948263,0,-0.3395622360152768
264,retention,123357971,0.0,0.0,0.06502005007210389,0,-0.3395622360152768
264,retention,123357971,0.05555555555555555,-0.014069211099417132,,0,-0.3395622360152768
264,retention,123357971,0.1111111111111111,-0.04311891392183048,,0,-0.3395622360152768
264,retention,123357971,0.16666666666666666,-0.17287840504026739,,0,-0.3395622360152768
264,retention,123357971,0.2222222222222222,-0.23818572908536234,,0,-0.3395622360152768
264,retention,123357971,0.2777777777777778,-0.21640751391923152,,0,-0.3395622360152768
264,retention,123357971,0.3333333333333333,-0.28750776167647796,,0,-0.3395622360152768
264,retention,123357971,0.38888888888888884,-0.30215701986498417,,0,-0.3395622360152768
264,retention,123357971,0.4444444444444444,-0.18599831765929237,,0,-0.3395622360152768
264,retention,123357971,0.5,-0.24432021548833927,,0,-0.3395622360152768
264,retention,123357971,0.5555555555555556,-0.28106905159209833,,0,-0.3395622360152768
264,retention,123357971,0.611111111111111,-0.26549055976013247,,0,-0.3395622360152768
264,retention,123357971,0.6666666666666666,-0.2981275545201926,,0,-0.3395622360152768
264,retention,123357971,0.7222222222222222,-0.24652423755970396,,0,-0.3395622360152768
264,retention,123357971,0.7777777777777777,-0.23339864009081662,,0,-0.3395622360152768
264,retention,123357971,0.8333333333333333,-0.18012516665667683,,0,-0.3395622360152768
264,retention,123357971,0.8888888888888888,-0.16540045670551534,,0,-0.3395622360152768
264,retention,123357971,0.9444444444444444,-0.21539494160091643,,0,-0.3395622360152768
264,retention,123357971,1.0,-0.1256406207965079,-0.13412135999416835,0,-0.3395622360152768
265,jump,64538428,0.0,0.0,-0.00706649682153407,0,-0.3395622360152768
265,jump,64538428,0.05555555555555555,-0.033977581957303604,,0,-0.3395622360152768
265,jump,64538428,0.1111111111111111,-0.097273068933904,,0,-0.3395622360152768
265,jump,64538428,0.16666666666666666,-0.022111224510868152,,0,-0.3395622360152768
265,jump,64538428,0.2222222222222222,0.03306365606632238,,0,-0.3395622360152768
265,jump,64538428,0.2777777777777778,0.025891837083928622,,0,-0.3395622360152768
265,jump,64538428,0.3333333333333333,0.1059564176331147,,0,-0.3395622360152768
265,jump,64538428,0.38888888888888884,0.13041385441524023,,0,-0.3395622360152768
265,jump,64538428,0.4444444444444444,0.18018401897338393,,0,-0.3395622360152768
265,jump,64538428,0.5,0.065356701136768,,0,-0.3395622360152768
265,jump,64538428,0.5555555555555556,0.02056634720513223,,0,-0.3395622360152768
265,jump,64538428,0.611111111111111,0.04345851450854181,,0,-0.3395622360152768
265,jump,64538428,0.6666666666666666,0.1153045221588313,,0,-0.3395622360152768
265,jump,64538428,0.7222222222222222,0.17660957833150348,,0,-0.3395622360152768
265,jump,64538428,0.7777777777777777,0.11418553532860956,,0,-0.3395622360152768
265,jump,64538428,0.8333333333333333,0.12692032118686422,,0,-0.3395622360152768
265,jump,64538428,0.8888888888888888,0.16688244242267952,,0,-0.3395622360152768
265,jump,64538428,0.9444444444444444,0.24764968859169217,,0,-0.3395622360152768
265,jump,64538428,1.0,0.1347948654949986,0.13520200199244828,0,-0.3395622360152768
266,branch_reorganization,1602494986,0.0,-0.3395622360152768,-0.3352028122760046,0,-0.3395622360152768
266,branch_reorganization,1602494986,0.05555555555555555,-0.36044032040121454,,0,-0.3395622360152768
266,branch_reorganization,1602494986,0.1111111111111111,-0.22275729926973514,,0,-0.3395622360152768
266,branch_reorganization,1602494986,0.16666666666666666,-0.2454939492599493,,0,-0.3395622360152768
266,branch_reorganization,1602494986,0.2222222222222222,-0.2473671526370479,,0,-0.3395622360152768
266,branch_reorganization,1602494986,0.2777777777777778,-0.26036806762091375,,0,-0.3395622360152768
266,branch_reorganization,1602494986,0.3333333333333333,-0.24935924785901759,,0,-0.3395622360152768
266,branch_reorganization,1602494986,0.38888888888888884,-0.18670864288719186,,0,-0.3395622360152768
266,branch_reorganization,1602494986,0.4444444444444444,-0.17958095861241252,,0,-0.3395622360152768
266,branch_reorganization,1602494986,0.5,-0.2643592045867088,,0,-0.3395622360152768
266,branch_reorganization,1602494986,0.5555555555555556,-0.14840615724945072,,0,-0.3395622360152768
266,branch_reorganization,1602494986,0.611111111111111,-0.2728593268434801,,0,-0.3395622360152768
266,branch_reorganization,1602494986,0.6666666666666666,-0.3457685276423468,,0,-0.3395622360152768
266,branch_reorganization,1602494986,0.7222222222222222,-0.3127038008707255,,0,-0.3395622360152768
266,branch_reorganization,1602494986,0.7777777777777777,-0.28142896799736333,,0,-0.3395622360152768
266,branch_reorganization,1602494986,0.8333333333333333,-0.3494466709564428,,0,-0.3395622360152768
266,branch_reorganization,1602494986,0.8888888888888888,-0.3239302041338647,,0,-0.3395622360152768
266,branch_reorganization,1602494986,0.9444444444444444,-0.27191436543747927,,0,-0.3395622360152768
266,branch_reorganization,1602494986,1.0,-0.25200200804029804,-0.2637325866173746,1,0.3395622360152768
267,retention,137964985,0.0,0.0,-0.0818017886364903,0,-0.3395622360152768
267,retention,137964985,0.05555555555555555,-0.03697769083743678,,0,-0.3395622360152768
267,retention,137964985,0.1111111111111111,0.06475578883707517,,0,-0.3395622360152768
267,retention,137964985,0.16666666666666666,0.07273502704774905,,0,-0.3395622360152768
267,retention,137964985,0.2222222222222222,0.016186269262837,,0,-0.3395622360152768
267,retention,137964985,0.2777777777777778,0.0019831109677584374,,0,-0.3395622360152768
267,retention,137964985,0.3333333333333333,-0.02352836753553203,,0,-0.3395622360152768
267,retention,137964985,0.38888888888888884,0.014021249242915132,,0,-0.3395622360152768
267,retention,137964985,0.4444444444444444,0.1038147296750396,,0,-0.3395622360152768
267,retention,137964985,0.5,0.10686575174599662,,0,-0.3395622360152768
267,retention,137964985,0.5555555555555556,0.09959915852373792,,0,-0.3395622360152768
267,retention,137964985,0.611111111111111,0.13242011024022418,,0,-0.3395622360152768
267,retention,137964985,0.6666666666666666,0.1129403073489043,,0,-0.3395622360152768
267,retention,137964985,0.7222222222222222,0.06739861272191895,,0,-0.3395622360152768
267,retention,137964985,0.7777777777777777,0.12398412615857551,,0,-0.3395622360152768
267,retention,137964985,0.8333333333333333,0.16417084460240483,,0,-0.3395622360152768
267,retention,137964985,0.8888888888888888,0.1481098311931295,,0,-0.3395622360152768
267,retention,137964985,0.9444444444444444,0.15766035828738334,,0,-0.3395622360152768
267,retention,137964985,1.0,0.16781576656578095,0.15591809413780114,0,-0.3395622360152768
268,jump,1009205985,0.0,0.0,-0.033446127028333085,0,-0.3395622360152768
268,jump,1009205985,0.05555555555555555,0.08732289797782634,,0,-0.3395622360152768
268,jump,1009205985,0.1111111111111111,0.1297946101459284,,0,-0.3395622360152768
268,jump,1009205985,0.16666666666666666,0.0935634397109657,,0,-0.3395622360152768
268,jump,1009205985,0.2222222222222222,0.053877568378439246,,0,-0.3395622360152768
268,jump,1009205985,0.2777777777777778,0.00564844965293327,,0,-0.3395622360152768
268,jump,1009205985,0.3333333333333333,0.06090684288088663,,0,-0.3395622360152768
268,jump,1009205985,0.38888888888888884,0.06565133581897126,,0,-0.3395622360152768
268,jump,1009205985,0.4444444444444444,-0.01667329132717371,,0,-0.3395622360152768
268,jump,1009205985,0.5,0.02567338662141587,,0,-0.3395622360152768
268,jump,1009205985,0.5555555555555556,0.04321079215717279,,0,-0.3395622360152768
268,jump,1009205985,0.611111111111111,0.007447593658940474,,0,-0.3395622360152768
268,jump,1009205985,0.6666666666666666,0.050019349073079394,,0,-0.3395622360152768
268,jump,1009205985,0.7222222222222222,0.09706133749375423,,0,-0.3395622360152768
268,jump,1009205985,0.7777777777777777,0.02782474035359314,,0,-0.3395622360152768
268,jump,1009205985,0.8333333333333333,0.01759043837642051,,0,-0.3395622360152768
268,jump,1009205985,0.8888888888888888,-0.028716875022786824,,0,-0.3395622360152768
268,jump,1009205985,0.9444444444444444,-0.05016878531670257,,0,-0.3395622360152768
268,jump,1009205985,1.0,-0.028890859389104226,-0.02025365555059356,0,-0.3395622360152768
269,branch_reorganization,1811310372,0.0,-0.3395622360152768,-0.3553743632034746,0,-0.3395622360152768
269,branch_reorganization,1811310372,0.05555555555555555,-0.2649298410859434,,0,-0.3395622360152768
269,branch_reorganization,1811310372,0.1111111111111111,-0.31648546484292184,,0,-0.3395622360152768
269,branch_reorganization,1811310372,0.16666666666666666,-0.27756327110857776,,0,-0.3395622360152768
269,branch_reorganization,1811310372,0.2222222222222222,-0.23653493321194816,,0,-0.3395622360152768
269,branch_reorganization,1811310372,0.2777777777777778,-0.1880510029612967,,0,-0.3395622360152768
269,branch_reorganization,1811310372,0.3333333333333333,-0.14260248160259154,,0,-0.3395622360152768
269,branch_reorganization,1811310372,0.38888888888888884,-0.06666825201335164,,0,-0.3395622360152768
269,branch_reorganization,1811310372,0.4444444444444444,-0.05034550392624174,,0,-0.3395622360152768
269,branch_reorganization,1811310372,0.5,0.021956672366965843,,0,-0.3395622360152768
269,branch_reorganization,1811310372,0.5555555555555556,-0.01616524967598219,,0,-0.3395622360152768
269,branch_reorganization,1811310372,0.611111111111111,0.026797865504959828,,0,-0.3395622360152768
269,branch_reorganization,1811310372,0.6666666666666666,0.0005409074783515808,,0,-0.3395622360152768
269,branch_reorganization,1811310372,0.7222222222222222,-0.008368939548227514,,0,-0.3395622360152768
269,branch_reorganization,1811310372,0.7777777777777777,-0.08005824496101135,,0,-0.3395622360152768
269,branch_reorganization,1811310372,0.8333333333333333,-0.010288468777942934,,1,0.3395622360152768
269,branch_reorganization,1811310372,0.8888888888888888,0.012080196758661992,,1,0.3395622360152768
269,branch_reorganization,1811310372,0.9444444444444444,0.04787290097103574,,1,0.3395622360152768
269,branch_reorganization,1811310372,1.0,0.07700622104665458,0.12787157489397033,1,0.3395622360152768
270,retention,334820738,0.0,0.0,-0.004231079206620579,0,-0.3395622360152768
270,retention,334820738,0.05555555555555555,-0.0628288374558563,,0,-0.3395622360152768
270,retention,334820738,0.1111111111111111,-0.001700047786351827,,0,-0.3395622360152768
270,retention,334820738,0.16666666666666666,0.02615953805213656,,0,-0.3395622360152768
270,retention,334820738,0.2222222222222222,-0.005866228962183934,,0,-0.3395622360152768
270,retention,334820738,0.2777777777777778,-0.0712280345942172,,0,-0.3395622360152768
270,retention,334820738,0.3333333333333333,-0.03143135651143253,,0,-0.3395622360152768
270,retention,334820738,0.38888888888888884,-0.03181397266309168,,0,-0.3395622360152768
270,retention,334820738,0.4444444444444444,-0.08761682181245214,,0,-0.3395622360152768
270,retention,334820738,0.5,0.0002083735413501292,,0,-0.3395622360152768
270,retention,334820738,0.5555555555555556,-0.006659493253690833,,0,-0.3395622360152768
270,retention,334820738,0.611111111111111,-0.04362859629116029,,0,-0.3395622360152768
270,retention,334820738,0.6666666666666666,-0.05224839267785736,,0,-0.3395622360152768
270,retention,334820738,0.7222222222222222,-0.09065999449703174,,0,-0.3395622360152768
270,retention,334820738,0.7777777777777777,-0.08332226459066391,,0,-0.3395622360152768
270,retention,334820738,0.8333333333333333,-0.03197868638008849,,0,-0.3395622360152768
270,retention,334820738,0.8888888888888888,0.030378074060251482,,0,-0.3395622360152768
270,retention,334820738,0.9444444444444444,0.0472431995403981,,0,-0.3395622360152768
270,retention,334820738,1.0,0.08182528886928736,0.14793048230068026,0,-0.3395622360152768
271,jump,57797301,0.0,0.0,-0.018426329538570298,0,-0.3395622360152768
271,jump,57797301,0.05555555555555555,0.008249432070839707,,0,-0.3395622360152768
271,jump,57797301,0.1111111111111111,0.008410045925469229,,0,-0.3395622360152768
271,jump,57797301,0.16666666666666666,0.08812734666620714,,0,-0.3395622360152768
271,jump,57797301,0.2222222222222222,0.006912650386269301,,0,-0.3395622360152768
271,jump,57797301,0.2777777777777778,-0.020709600024948226,,0,-0.3395622360152768
271,jump,57797301,0.3333333333333333,-0.11002834196435332,,0,-0.3395622360152768
271,jump,57797301,0.38888888888888884,-0.10380992963159227,,0,-0.3395622360152768
271,jump,57797301,0.4444444444444444,-0.14677065296737385,,0,-0.3395622360152768
271,jump,57797301,0.5,-0.129750568592953,,0,-0.3395622360152768
271,jump,57797301,0.5555555555555556,-0.1394654597018685,,0,-0.3395622360152768
271,jump,57797301,0.611111111111111,-0.11673217206551206,,0,-0.3395622360152768
271,jump,57797301,0.6666666666666666,-0.05089185089780463,,0,-0.3395622360152768
271,jump,57797301,0.7222222222222222,-0.02543709715515007,,0,-0.3395622360152768
271,jump,57797301,0.7777777777777777,-0.06378020138671066,,0,-0.3395622360152768
271,jump,57797301,0.8333333333333333,-0.049124515169231275,,0,-0.3395622360152768
271,jump,57797301,0.8888888888888888,-0.007751179878513509,,0,-0.3395622360152768
271,jump,57797301,0.9444444444444444,0.04690036349271389,,0,-0.3395622360152768
271,jump,57797301,1.0,0.023851215468367166,0.0465781717107627,0,-0.3395622360152768
272,branch_reorganization,1308316820,0.0,-0.3395622360152768,-0.24929085351087513,0,-0.3395622360152768
272,branch_reorganization,1308316820,0.05555555555555555,-0.3043875240200529,,0,-0.3395622360152768
272,branch_reorganization,1308316820,0.1111111111111111,-0.2502600256322898,,0,-0.3395622360152768
272,branch_reorganization,1308316820,0.16666666666666666,-0.25515327340645544,,0,-0.3395622360152768
272,branch_reorganization,1308316820,0.2222222222222222,-0.18688455699170836,,0,-0.3395622360152768
272,branch_reorganization,1308316820,0.2777777777777778,-0.21998039837868963,,0,-0.3395622360152768
272,branch_reorganization,1308316820,0.3333333333333333,-0.23120051528377333,,0,-0.3395622360152768
272,branch_reorganization,1308316820,0.38888888888888884,-0.21146451775894184,,0,-0.3395622360152768
272,branch_reorganization,1308316820,0.4444444444444444,-0.15571752373592937,,1,0.3395622360152768
272,branch_reorganization,1308316820,0.5,-0.11601809188567924,,1,0.3395622360152768
272,branch_reorganization,1308316820,0.5555555555555556,-0.07098452493160781,,1,0.3395622360152768
272,branch_reorganization,1308316820,0.611111111111111,-0.0030927373747018094,,1,0.3395622360152768
272,branch_reorganization,1308316820,0.6666666666666666,0.10414391353152075,,1,0.3395622360152768
272,branch_reorganization,1308316820,0.7222222222222222,0.11055809139959255,,1,0.3395622360152768
272,branch_reorganization,1308316820,0.7777777777777777,0.1415840373765597,,1,0.3395622360152768
272,branch_reorganization,1308316820,0.8333333333333333,0.20877968163171942,,1,0.3395622360152768
272,branch_reorganization,1308316820,0.8888888888888888,0.3447740946556844,,1,0.3395622360152768
272,branch_reorganization,1308316820,0.9444444444444444,0.3303324611612648,,1,0.3395622360152768
272,branch_reorganization,1308316820,1.0,0.29452904214278475,0.31406553472887566,1,0.3395622360152768
273,retention,1841297412,0.0,0.0,-0.017364663977294928,0,-0.3395622360152768
273,retention,1841297412,0.05555555555555555,0.022600842673563375,,0,-0.3395622360152768
273,retention,1841297412,0.1111111111111111,0.02565870297013956,,0,-0.3395622360152768
273,retention,1841297412,0.16666666666666666,-0.003234633916327452,,0,-0.3395622360152768
273,retention,1841297412,0.2222222222222222,0.02418794327669465,,0,-0.3395622360152768
273,retention,1841297412,0.2777777777777778,0.14313458818889402,,0,-0.3395622360152768
273,retention,1841297412,0.3333333333333333,0.14393065521150147,,0,-0.3395622360152768
273,retention,1841297412,0.38888888888888884,0.14974462493924662,,0,-0.3395622360152768
273,retention,1841297412,0.4444444444444444,0.16066057829353164,,0,-0.3395622360152768
273,retention,1841297412,0.5,0.16677249981106826,,0,-0.3395622360152768
273,retention,1841297412,0.5555555555555556,0.10764739447925364,,0,-0.3395622360152768
273,retention,1841297412,0.611111111111111,0.057051357332307415,,0,-0.3395622360152768
273,retention,1841297412,0.6666666666666666,0.007433244931980956,,0,-0.3395622360152768
273,retention,1841297412,0.7222222222222222,0.014067578338464304,,0,-0.3395622360152768
273,retention,1841297412,0.7777777777777777,0.03253683548490889,,0,-0.3395622360152768
273,retention,1841297412,0.8333333333333333,0.0373841634558718,,0,-0.3395622360152768
273,retention,1841297412,0.8888888888888888,-0.09581614231911229,,0,-0.3395622360152768
273,retention,1841297412,0.9444444444444444,-0.09283333037905012,,0,-0.3395622360152768
273,retention,1841297412,1.0,-0.10069934025248105,-0.10346313567943229,0,-0.3395622360152768
274,jump,578497246,0.0,0.0,0.02236032221345361,0,-0.3395622360152768
274,jump,578497246,0.05555555555555555,-0.06752921067959886,,0,-0.3395622360152768
274,jump,578497246,0.1111111111111111,-0.17324833163028017,,0,-0.3395622360152768
274,jump,578497246,0.16666666666666666,-0.09185467530983342,,0,-0.3395622360152768
274,jump,578497246,0.2222222222222222,-0.11318880853085336,,0,-0.3395622360152768
274,jump,578497246,0.2777777777777778,-0.1215078380737015,,0,-0.3395622360152768
274,jump,578497246,0.3333333333333333,-0.13426589031759656,,0,-0.3395622360152768
274,jump,578497246,0.38888888888888884,0.014321429496665955,,0,-0.3395622360152768
274,jump,578497246,0.4444444444444444,-0.05004222207730294,,0,-0.3395622360152768
274,jump,578497246,0.5,-0.03897496276841005,,0,-0.3395622360152768
274,jump,578497246,0.5555555555555556,0.0010825163547719951,,0,-0.3395622360152768
274,jump,578497246,0.611111111111111,0.0690924273793762,,0,-0.3395622360152768
274,jump,578497246,0.6666666666666666,0.030267757255834464,,0,-0.3395622360152768
274,jump,578497246,0.7222222222222222,0.022743894617312,,0,-0.3395622360152768
274,jump,578497246,0.7777777777777777,0.0021601896259932606,,0,-0.3395622360152768
274,jump,578497246,0.8333333333333333,-0.045715987488881185,,0,-0.3395622360152768
274,jump,578497246,0.8888888888888888,-0.03388190278987843,,0,-0.3395622360152768
274,jump,578497246,0.9444444444444444,-0.05115344818732056,,0,-0.3395622360152768
274,jump,578497246,1.0,-0.03074811888660663,0.06120528189107803,0,-0.3395622360152768
275,branch_reorganization,1800982593,0.0,-0.3395622360152768,-0.33498845028236,0,-0.3395622360152768
275,branch_reorganization,1800982593,0.05555555555555555,-0.31025950563324667,,0,-0.3395622360152768
275,branch_reorganization,1800982593,0.1111111111111111,-0.397333348255538,,0,-0.3395622360152768
275,branch_reorganization,1800982593,0.16666666666666666,-0.4248109792595454,,0,-0.3395622360152768
275,branch_reorganization,1800982593,0.2222222222222222,-0.45354574190501745,,0,-0.3395622360152768
275,branch_reorganization,1800982593,0.2777777777777778,-0.4777866563487815,,0,-0.3395622360152768
275,branch_reorganization,1800982593,0.3333333333333333,-0.4846597396888556,,0,-0.3395622360152768
275,branch_reorganization,1800982593,0.38888888888888884,-0.3979382129069204,,0,-0.3395622360152768
275,branch_reorganization,1800982593,0.4444444444444444,-0.36299039251326476,,0,-0.3395622360152768
275,branch_reorganization,1800982593,0.5,-0.38826964049134355,,0,-0.3395622360152768
275,branch_reorganization,1800982593,0.5555555555555556,-0.4052057337241578,,0,-0.3395622360152768
275,branch_reorganization,1800982593,0.611111111111111,-0.38024774613877876,,0,-0.3395622360152768
275,branch_reorganization,1800982593,0.6666666666666666,-0.2834085684721993,,0,-0.3395622360152768
275,branch_reorganization,1800982593,0.7222222222222222,-0.16384380305513113,,0,-0.3395622360152768
275,branch_reorganization,1800982593,0.7777777777777777,-0.0826961915639555,,0,-0.3395622360152768
275,branch_reorganization,1800982593,0.8333333333333333,-0.12648538898073902,,0,-0.3395622360152768
275,branch_reorganization,1800982593,0.8888888888888888,-0.019142584024868764,,0,-0.3395622360152768
275,branch_reorganization,1800982593,0.9444444444444444,-0.051419157043498524,,0,-0.3395622360152768
275,branch_reorganization,1800982593,1.0,0.003860268739082781,0.024721447573915537,0,-0.3395622360152768
275,branch_reorganization,1800982593,1.0555555555555556,0.051109197929591815,,0,-0.3395622360152768
275,branch_reorganization,1800982593,1.1111111111111112,-0.017214702530334552,,0,-0.3395622360152768
275,branch_reorganization,1800982593,1.1666666666666667,-0.1345658661284168,,0,-0.3395622360152768
275,branch_reorganization,1800982593,1.2222222222222223,-0.10619505028259435,,0,-0.3395622360152768
275,branch_reorganization,1800982593,1.2777777777777777,-0.06116584017944992,,0,-0.3395622360152768
275,branch_reorganization,1800982593,1.3333333333333333,-0.1852520564281367,,0,-0.3395622360152768
275,branch_reorganization,1800982593,1.3888888888888888,-0.2813498926801758,,0,-0.3395622360152768
275,branch_reorganization,1800982593,1.4444444444444444,-0.23159330173105588,,0,-0.3395622360152768
275,branch_reorganization,1800982593,1.5,-0.23057766868982504,,0,-0.3395622360152768
275,branch_reorganization,1800982593,1.5555555555555556,-0.26771701213911614,,0,-0.3395622360152768
275,branch_reorganization,1800982593,1.6111111111111112,-0.24973008629007182,,0,-0.3395622360152768
275,branch_reorganization,1800982593,1.6666666666666665,-0.277641965143153,,0,-0.3395622360152768
275,branch_reorganization,1800982593,1.7222222222222223,-0.3691457064729491,,0,-0.3395622360152768
275,branch_reorganization,1800982593,1.7777777777777777,-0.3840341154951154,,0,-0.3395622360152768
275,branch_reorganization,1800982593,1.8333333333333333,-0.31366854571238,,0,-0.3395622360152768
275,branch_reorganization,1800982593,1.8888888888888888,-0.3108330611334578,,0,-0.3395622360152768
275,branch_reorganization,1800982593,1.9444444444444444,-0.19937777781984378,,0,-0.3395622360152768
275,branch_reorganization,1800982593,2.0,-0.12483048623159985,-0.1342113133060486,0,-0.3395622360152768
275,branch_reorganization,1800982593,2.0555555555555554,-0.20091770118913557,,0,-0.3395622360152768
275,branch_reorganization,1800982593,2.111111111111111,-0.2906184587699936,,0,-0.3395622360152768
275,branch_reorganization,1800982593,2.1666666666666665,-0.3075077454996031,,0,-0.3395622360152768
275,branch_reorganization,1800982593,2.2222222222222223,-0.294525668771274,,0,-0.3395622360152768
275,branch_reorganization,1800982593,2.2777777777777777,-0.3561853102887001,,0,-0.3395622360152768
275,branch_reorganization,1800982593,2.3333333333333335,-0.3650905318942703,,0,-0.3395622360152768
275,branch_reorganization,1800982593,2.388888888888889,-0.4065665187067597,,0,-0.3395622360152768
275,branch_reorganization,1800982593,2.4444444444444446,-0.4695798299256973,,0,-0.3395622360152768
275,branch_reorganization,1800982593,2.5,-0.38417591223348085,,0,-0.3395622360152768
275,branch_reorganization,1800982593,2.5555555555555554,-0.3032093574007939,,0,-0.3395622360152768
275,branch_reorganization,1800982593,2.611111111111111,-0.2835069859329398,,0,-0.3395622360152768
275,branch_reorganization,1800982593,2.6666666666666665,-0.24689046637225392,,0,-0.3395622360152768
275,branch_reorganization,1800982593,2.7222222222222223,-0.1641649981176811,,0,-0.3395622360152768
275,branch_reorganization,1800982593,2.7777777777777777,-0.1471219527956965,,0,-0.3395622360152768
275,branch_reorganization,1800982593,2.833333333333333,-0.15716004448260362,,0,-0.3395622360152768
275,branch_reorganization,1800982593,2.888888888888889,-0.14853882226749715,,0,-0.3395622360152768
275,branch_reorganization,1800982593,2.9444444444444446,-0.07948205417320796,,0,-0.3395622360152768
275,branch_reorganization,1800982593,3.0,-0.042664935722971004,-0.049633704330793574,0,-0.3395622360152768
276,retention,1375508344,0.0,0.0,0.07520323639817239,0,-0.3395622360152768
276,retention,1375508344,0.05555555555555555,0.02478858931174529,,0,-0.3395622360152768
276,retention,1375508344,0.1111111111111111,-0.051418967315289874,,0,-0.3395622360152768
276,retention,1375508344,0.16666666666666666,-0.07438653201831016,,0,-0.3395622360152768
276,retention,1375508344,0.2222222222222222,-0.07601478355917402,,0,-0.3395622360152768
276,retention,1375508344,0.2777777777777778,-0.053560193438016504,,0,-0.3395622360152768
276,retention,1375508344,0.3333333333333333,-0.04700664014997724,,0,-0.3395622360152768
276,retention,1375508344,0.38888888888888884,-0.002172996842318378,,0,-0.3395622360152768
276,retention,1375508344,0.4444444444444444,0.07265386187553952,,0,-0.3395622360152768
276,retention,1375508344,0.5,0.1647239439953675,,0,-0.3395622360152768
276,retention,1375508344,0.5555555555555556,0.20672830969486528,,0,-0.3395622360152768
276,retention,1375508344,0.611111111111111,0.1780413245552276,,0,-0.3395622360152768
276,retention,1375508344,0.6666666666666666,0.13026021123786147,,0,-0.3395622360152768
276,retention,1375508344,0.7222222222222222,0.13215358046875014,,0,-0.3395622360152768
276,retention,1375508344,0.7777777777777777,0.08368705006520943,,0,-0.3395622360152768
276,retention,1375508344,0.8333333333333333,0.018066937569647924,,0,-0.3395622360152768
276,retention,1375508344,0.8888888888888888,-0.03377218972844071,,0,-0.3395622360152768
276,retention,1375508344,0.9444444444444444,-0.02875414033009929,,0,-0.3395622360152768
276,retention,1375508344,1.0,-0.025240954147404626,-0.05605785923254038,0,-0.3395622360152768
277,jump,617966996,0.0,0.0,0.021119944139838722,0,-0.3395622360152768
277,jump,617966996,0.05555555555555555,0.05630025526839729,,0,-0.3395622360152768
277,jump,617966996,0.1111111111111111,0.054167343933698854,,0,-0.3395622360152768
277,jump,617966996,0.16666666666666666,0.08291470090641782,,0,-0.3395622360152768
277,jump,617966996,0.2222222222222222,0.16126564467264248,,0,-0.3395622360152768
277,jump,617966996,0.2777777777777778,0.1701286339182107,,0,-0.3395622360152768
277,jump,617966996,0.3333333333333333,0.08780634613236958,,0,-0.3395622360152768
277,jump,617966996,0.38888888888888884,0.12078571743304206,,0,-0.3395622360152768
277,jump,617966996,0.4444444444444444,0.23990444602951466,,0,-0.3395622360152768
277,jump,617966996,0.5,0.28139025395046025,,0,-0.3395622360152768
277,jump,617966996,0.5555555555555556,0.25098948374649094,,0,-0.3395622360152768
277,jump,617966996,0.611111111111111,0.3004761612268572,,0,-0.3395622360152768
277,jump,617966996,0.6666666666666666,0.2802193839384892,,0,-0.3395622360152768
277,jump,617966996,0.7222222222222222,0.2856641975624719,,0,-0.3395622360152768
277,jump,617966996,0.7777777777777777,0.3369573289171656,,0,-0.3395622360152768
277,jump,617966996,0.8333333333333333,0.3098050868437218,,0,-0.3395622360152768
277,jump,617966996,0.8888888888888888,0.3035455590343329,,0,-0.3395622360152768
277,jump,617966996,0.9444444444444444,0.29926766088756157,,0,-0.3395622360152768
277,jump,617966996,1.0,0.32448742983654255,0.35750314268125516,0,-0.3395622360152768
278,branch_reorganization,1271762837,0.0,-0.3395622360152768,-0.2688167331995803,0,-0.3395622360152768
278,branch_reorganization,1271762837,0.05555555555555555,-0.37322332851980333,,0,-0.3395622360152768
278,branch_reorganization,1271762837,0.1111111111111111,-0.43113930938395356,,0,-0.3395622360152768
278,branch_reorganization,1271762837,0.16666666666666666,-0.45363032099595635,,0,-0.3395622360152768
278,branch_reorganization,1271762837,0.2222222222222222,-0.5233281584831972,,0,-0.3395622360152768
278,branch_reorganization,1271762837,0.2777777777777778,-0.5036565649088786,,0,-0.3395622360152768
278,branch_reorganization,1271762837,0.3333333333333333,-0.5357415298056476,,1,0.3395622360152768
278,branch_reorganization,1271762837,0.38888888888888884,-0.5655691435167868,,1,0.3395622360152768
278,branch_reorganization,1271762837,0.4444444444444444,-0.4941789812271025,,1,0.3395622360152768
278,branch_reorganization,1271762837,0.5,-0.46381544990748147,,1,0.3395622360152768
278,branch_reorganization,1271762837,0.5555555555555556,-0.413987012309358,,1,0.3395622360152768
278,branch_reorganization,1271762837,0.611111111111111,-0.49690642963720405,,0,-0.3395622360152768
278,branch_reorganization,1271762837,0.6666666666666666,-0.5003620390229716,,0,-0.3395622360152768
278,branch_reorganization,1271762837,0.7222222222222222,-0.485825786194182,,0,-0.3395622360152768
278,branch_reorganization,1271762837,0.7777777777777777,-0.50473343572467,,0,-0.3395622360152768
278,branch_reorganization,1271762837,0.8333333333333333,-0.5812201309708864,,0,-0.3395622360152768
278,branch_reorganization,1271762837,0.8888888888888888,-0.5766087863768562,,1,0.3395622360152768
278,branch_reorganization,1271762837,0.9444444444444444,-0.5086364099742707,,1,0.3395622360152768
278,branch_reorganization,1271762837,1.0,-0.46002991608160715,-0.48165769737079417,1,0.3395622360152768
279,retention,484127766,0.0,0.0,-0.014250855905700199,0,-0.3395622360152768
279,retention,484127766,0.05555555555555555,0.00396507287765042,,0,-0.3395622360152768
279,retention,484127766,0.1111111111111111,-0.029210865187701315,,0,-0.3395622360152768
279,retention,484127766,0.16666666666666666,-0.038346617860298235,,0,-0.3395622360152768
279,retention,484127766,0.2222222222222222,0.028032867075768637,,0,-0.3395622360152768
279,retention,484127766,0.2777777777777778,0.045959477210239116,,0,-0.3395622360152768
279,retention,484127766,0.3333333333333333,0.07956364310530636,,0,-0.3395622360152768
279,retention,484127766,0.38888888888888884,0.08476629823459272,,0,-0.3395622360152768
279,retention,484127766,0.4444444444444444,0.05809761196607924,,0,-0.3395622360152768
279,retention,484127766,0.5,0.05915556514903751,,0,-0.3395622360152768
279,retention,484127766,0.5555555555555556,-0.01729284654535182,,0,-0.3395622360152768
279,retention,484127766,0.611111111111111,0.06472446844866866,,0,-0.3395622360152768
279,retention,484127766,0.6666666666666666,0.06307136334846829,,0,-0.3395622360152768
279,retention,484127766,0.7222222222222222,0.014747322931936716,,0,-0.3395622360152768
279,retention,484127766,0.7777777777777777,0.029942358231038163,,0,-0.3395622360152768
279,retention,484127766,0.8333333333333333,0.049482277724176196,,0,-0.3395622360152768
279,retention,484127766,0.8888888888888888,-0.03632753304627209,,0,-0.3395622360152768
279,retention,484127766,0.9444444444444444,-0.08380397140249041,,0,-0.3395622360152768
279,retention,484127766,1.0,-0.07194848591532121,-0.08483181647959256,0,-0.3395622360152768
280,jump,2047769472,0.0,0.0,0.010208126354198993,0,-0.3395622360152768
280,jump,2047769472,0.05555555555555555,0.004927206174662566,,0,-0.3395622360152768
280,jump,2047769472,0.1111111111111111,0.05497060801659048,,0,-0.3395622360152768
280,jump,2047769472,0.16666666666666666,0.010033396218727494,,0,-0.3395622360152768
280,jump,2047769472,0.2222222222222222,-0.06732883840815775,,0,-0.3395622360152768
280,jump,2047769472,0.2777777777777778,-0.030288486073839084,,0,-0.3395622360152768
280,jump,2047769472,0.3333333333333333,-0.07741297414343754,,0,-0.3395622360152768
280,jump,2047769472,0.38888888888888884,-0.043896716275066985,,0,-0.3395622360152768
280,jump,2047769472,0.4444444444444444,0.0580198509248367,,0,-0.3395622360152768
280,jump,2047769472,0.5,0.07443362875936442,,0,-0.3395622360152768
280,jump,2047769472,0.5555555555555556,0.028003402731177525,,0,-0.3395622360152768
280,jump,2047769472,0.611111111111111,0.0682453362841135,,0,-0.3395622360152768
280,jump,2047769472,0.6666666666666666,0.009980802542244545,,0,-0.3395622360152768
280,jump,2047769472,0.7222222222222222,-0.03714816894097149,,0,-0.3395622360152768
280,jump,2047769472,0.7777777777777777,-0.022125818486867746,,0,-0.3395622360152768
280,jump,2047769472,0.8333333333333333,0.03221850856543372,,0,-0.3395622360152768
280,jump,2047769472,0.8888888888888888,-0.023012612797350927,,0,-0.3395622360152768
280,jump,2047769472,0.9444444444444444,0.060829812956308016,,0,-0.3395622360152768
280,jump,2047769472,1.0,0.1400099349783949,0.16246221158270335,0,-0.3395622360152768
281,branch_reorganization,975706389,0.0,-0.3395622360152768,-0.33027414169527464,0,-0.3395622360152768
281,branch_reorganization,975706389,0.05555555555555555,-0.28115976156013445,,0,-0.3395622360152768
281,branch_reorganization,975706389,0.1111111111111111,-0.27927284149186643,,0,-0.3395622360152768
281,branch_reorganization,975706389,0.16666666666666666,-0.31946577431364054,,0,-0.3395622360152768
281,branch_reorganization,975706389,0.2222222222222222,-0.3548146786627655,,0,-0.3395622360152768
281,branch_reorganization,975706389,0.2777777777777778,-0.2681506404006917,,0,-0.3395622360152768
281,branch_reorganization,975706389,0.3333333333333333,-0.2846097576322036,,0,-0.3395622360152768
281,branch_reorganization,975706389,0.38888888888888884,-0.3004116488241256,,1,0.3395622360152768
281,branch_reorganization,975706389,0.4444444444444444,-0.2817523494662291,,1,0.3395622360152768
281,branch_reorganization,975706389,0.5,-0.1867087426940245,,1,0.3395622360152768
281,branch_reorganization,975706389,0.5555555555555556,-0.17860498207082962,,1,0.3395622360152768
281,branch_reorganization,975706389,0.611111111111111,-0.1269205599209811,,1,0.3395622360152768
281,branch_reorganization,975706389,0.6666666666666666,-0.11354931179020213,,1,0.3395622360152768
281,branch_reorganization,975706389,0.7222222222222222,-0.08233843496900561,,1,0.3395622360152768
281,branch_reorganization,975706389,0.7777777777777777,-0.034781498129992594,,1,0.3395622360152768
281,branch_reorganization,975706389,0.8333333333333333,-0.040378704838083826,,1,0.3395622360152768
281,branch_reorganization,975706389,0.8888888888888888,-0.03699782902277625,,1,0.3395622360152768
281,branch_reorganization,975706389,0.9444444444444444,-0.005171899314169177,,1,0.3395622360152768
281,branch_reorganization,975706389,1.0,-0.030925809814948163,0.01266805849673732,1,0.3395622360152768
282,retention,360319319,0.0,0.0,-0.11165312386929387,0,-0.3395622360152768
282,retention,360319319,0.05555555555555555,-0.013491418196264031,,0,-0.3395622360152768
282,retention,360319319,0.1111111111111111,-0.06997989816186156,,0,-0.3395622360152768
282,retention,360319319,0.16666666666666666,-0.05319682054425572,,0,-0.3395622360152768
282,retention,360319319,0.2222222222222222,-0.02668621445565816,,0,-0.3395622360152768
282,retention,360319319,0.2777777777777778,0.02399070840198855,,0,-0.3395622360152768
282,retention,360319319,0.3333333333333333,-0.06534746669388086,,0,-0.3395622360152768
282,retention,360319319,0.38888888888888884,0.009242014129728193,,0,-0.3395622360152768
282,retention,360319319,0.4444444444444444,0.025603746246128805,,0,-0.3395622360152768
282,retention,360319319,0.5,-0.016085361835218283,,0,-0.3395622360152768
282,retention,360319319,0.5555555555555556,-0.06488390812998907,,0,-0.3395622360152768
282,retention,360319319,0.611111111111111,-0.02418192496918828,,0,-0.3395622360152768
282,retention,360319319,0.6666666666666666,-0.1590492797863196,,0,-0.3395622360152768
282,retention,360319319,0.7222222222222222,-0.1265284981727906,,0,-0.3395622360152768
282,retention,360319319,0.7777777777777777,-0.04333852823646797,,0,-0.3395622360152768
282,retention,360319319,0.8333333333333333,0.029034270381094518,,0,-0.3395622360152768
282,retention,360319319,0.8888888888888888,0.036553442561464325,,0,-0.3395622360152768
282,retention,360319319,0.9444444444444444,0.01493914724278772,,0,-0.3395622360152768
282,retention,360319319,1.0,-0.041139270319161085,-0.04988829788290266,0,-0.3395622360152768
283,jump,113528124,0.0,0.0,0.04289681460464267,0,-0.3395622360152768
283,jump,113528124,0.05555555555555555,0.007683131503814919,,0,-0.3395622360152768
283,jump,113528124,0.1111111111111111,0.07031219101402256,,0,-0.3395622360152768
283,jump,113528124,0.16666666666666666,0.154714186058303,,0,-0.3395622360152768
283,jump,113528124,0.2222222222222222,0.10546957067185075,,0,-0.3395622360152768
283,jump,113528124,0.2777777777777778,0.10353359389557576,,0,-0.3395622360152768
283,jump,113528124,0.3333333333333333,0.15870494480865294,,0,-0.3395622360152768
283,jump,113528124,0.38888888888888884,0.12329151990819574,,0,-0.3395622360152768
283,jump,113528124,0.4444444444444444,0.21646222629840067,,0,-0.3395622360152768
283,jump,113528124,0.5,0.22928297983396506,,0,-0.3395622360152768
283,jump,113528124,0.5555555555555556,0.2282337430241437,,0,-0.3395622360152768
283,jump,113528124,0.611111111111111,0.25012637344199684,,0,-0.3395622360152768
283,jump,113528124,0.6666666666666666,0.1677566774163457,,0,-0.3395622360152768
283,jump,113528124,0.7222222222222222,0.2141079935929645,,0,-0.3395622360152768
283,jump,113528124,0.7777777777777777,0.2737817044032896,,0,-0.3395622360152768
283,jump,113528124,0.8333333333333333,0.20415057108445814,,0,-0.3395622360152768
283,jump,113528124,0.8888888888888888,0.24935972079780114,,0,-0.3395622360152768
283,jump,113528124,0.9444444444444444,0.30459102542621025,,0,-0.3395622360152768
283,jump,113528124,1.0,0.2511456505872079,0.20667855235120408,0,-0.3395622360152768
284,branch_reorganization,1453937781,0.0,-0.3395622360152768,-0.39353828141422637,0,-0.3395622360152768
284,branch_reorganization,1453937781,0.05555555555555555,-0.38177718713091335,,0,-0.3395622360152768
284,branch_reorganization,1453937781,0.1111111111111111,-0.4495608730997302,,0,-0.3395622360152768
284,branch_reorganization,1453937781,0.16666666666666666,-0.5023678992237701,,0,-0.3395622360152768
284,branch_reorganization,1453937781,0.2222222222222222,-0.5705612415741176,,0,-0.3395622360152768
284,branch_reorganization,1453937781,0.2777777777777778,-0.5137573757909589,,1,0.3395622360152768
284,branch_reorganization,1453937781,0.3333333333333333,-0.44467511242875035,,1,0.3395622360152768
284,branch_reorganization,1453937781,0.38888888888888884,-0.462807272041057,,1,0.3395622360152768
284,branch_reorganization,1453937781,0.4444444444444444,-0.4486789844926744,,1,0.3395622360152768
284,branch_reorganization,1453937781,0.5,-0.3793891018233037,,1,0.3395622360152768
284,branch_reorganization,1453937781,0.5555555555555556,-0.3699949237349286,,1,0.3395622360152768
284,branch_reorganization,1453937781,0.611111111111111,-0.30858934012039924,,1,0.3395622360152768
284,branch_reorganization,1453937781,0.6666666666666666,-0.2431356917891731,,1,0.3395622360152768
284,branch_reorganization,1453937781,0.7222222222222222,-0.27142446900304357,,1,0.3395622360152768
284,branch_reorganization,1453937781,0.7777777777777777,-0.2192509016087962,,1,0.3395622360152768
284,branch_reorganization,1453937781,0.8333333333333333,-0.1831659363462589,,1,0.3395622360152768
284,branch_reorganization,1453937781,0.8888888888888888,-0.13995643195228039,,1,0.3395622360152768
284,branch_reorganization,1453937781,0.9444444444444444,-0.12633367576340296,,1,0.3395622360152768
284,branch_reorganization,1453937781,1.0,-0.058941657827275284,0.007395200634699478,0,-0.3395622360152768
285,retention,1611137257,0.0,0.0,0.061446750092924995,0,-0.3395622360152768
285,retention,1611137257,0.05555555555555555,-0.033439113744815986,,0,-0.3395622360152768
285,retention,1611137257,0.1111111111111111,-0.023990594784426503,,0,-0.3395622360152768
285,retention,1611137257,0.16666666666666666,-0.07426863830426768,,0,-0.3395622360152768
285,retention,1611137257,0.2222222222222222,-0.056016371656039,,0,-0.3395622360152768
285,retention,1611137257,0.2777777777777778,-0.0889813613814827,,0,-0.3395622360152768
285,retention,1611137257,0.3333333333333333,0.013707913535098759,,0,-0.3395622360152768
285,retention,1611137257,0.38888888888888884,0.04236888947058703,,0,-0.3395622360152768
285,retention,1611137257,0.4444444444444444,0.10768870871848356,,0,-0.3395622360152768
285,retention,1611137257,0.5,-0.028225614061975296,,0,-0.3395622360152768
285,retention,1611137257,0.5555555555555556,0.02668407967669549,,0,-0.3395622360152768
285,retention,1611137257,0.611111111111111,0.11317949530670471,,0,-0.3395622360152768
285,retention,1611137257,0.6666666666666666,0.07562896171970634,,0,-0.3395622360152768
285,retention,1611137257,0.7222222222222222,0.09050263684888325,,0,-0.3395622360152768
285,retention,1611137257,0.7777777777777777,0.12577880690523982,,0,-0.3395622360152768
285,retention,1611137257,0.8333333333333333,0.10247484304759827,,0,-0.3395622360152768
285,retention,1611137257,0.8888888888888888,0.11384072962004417,,0,-0.3395622360152768
285,retention,1611137257,0.9444444444444444,0.13258982244469103,,0,-0.3395622360152768
285,retention,1611137257,1.0,0.05446196836209738,0.0002941598944081747,0,-0.3395622360152768
286,jump,1386054491,0.0,0.0,0.04460080603550911,0,-0.3395622360152768
286,jump,1386054491,0.05555555555555555,-0.009057594936233352,,0,-0.3395622360152768
286,jump,1386054491,0.1111111111111111,0.0019459596624593796,,0,-0.3395622360152768
286,jump,1386054491,0.16666666666666666,-0.08033470929410569,,0,-0.3395622360152768
286,jump,1386054491,0.2222222222222222,-0.06396955087306094,,0,-0.3395622360152768
286,jump,1386054491,0.2777777777777778,-0.02874279075002284,,0,-0.3395622360152768
286,jump,1386054491,0.3333333333333333,-0.08026647553159871,,0,-0.3395622360152768
286,jump,1386054491,0.38888888888888884,-0.11024938325618358,,0,-0.3395622360152768
286,jump,1386054491,0.4444444444444444,-0.022308904707854932,,0,-0.3395622360152768
286,jump,1386054491,0.5,-0.0257981544245068,,0,-0.3395622360152768
286,jump,1386054491,0.5555555555555556,0.028433103041478204,,0,-0.3395622360152768
286,jump,1386054491,0.611111111111111,0.0115574353881304,,0,-0.3395622360152768
286,jump,1386054491,0.6666666666666666,-0.023308133627073506,,0,-0.3395622360152768
286,jump,1386054491,0.7222222222222222,-0.02315721412676418,,0,-0.3395622360152768
286,jump,1386054491,0.7777777777777777,0.011556684283574332,,0,-0.3395622360152768
286,jump,1386054491,0.8333333333333333,0.012193265456229506,,0,-0.3395622360152768
286,jump,1386054491,0.8888888888888888,0.012993092323996317,,0,-0.3395622360152768
286,jump,1386054491,0.9444444444444444,0.03295181263815508,,0,-0.3395622360152768
286,jump,1386054491,1.0,0.08057876454955037,0.10518841524178121,0,-0.3395622360152768
287,branch_reorganization,1967118593,0.0,-0.3395622360152768,-0.2790300203201326,0,-0.3395622360152768
287,branch_reorganization,1967118593,0.05555555555555555,-0.3503428412076336,,0,-0.3395622360152768
287,branch_reorganization,1967118593,0.1111111111111111,-0.37567057740090554,,0,-0.3395622360152768
287,branch_reorganization,1967118593,0.16666666666666666,-0.31174807659990394,,0,-0.3395622360152768
287,branch_reorganization,1967118593,0.2222222222222222,-0.32976590361728336,,0,-0.3395622360152768
287,branch_reorganization,1967118593,0.2777777777777778,-0.3129610298057585,,0,-0.3395622360152768
287,branch_reorganization,1967118593,0.3333333333333333,-0.32248587798022643,,0,-0.3395622360152768
287,branch_reorganization,1967118593,0.38888888888888884,-0.31556901944630855,,0,-0.3395622360152768
287,branch_reorganization,1967118593,0.4444444444444444,-0.43810574194822144,,0,-0.3395622360152768
287,branch_reorganization,1967118593,0.5,-0.36295897614925554,,0,-0.3395622360152768
287,branch_reorganization,1967118593,0.5555555555555556,-0.32343023450007236,,0,-0.3395622360152768
287,branch_reorganization,1967118593,0.611111111111111,-0.416346174187324,,0,-0.3395622360152768
287,branch_reorganization,1967118593,0.6666666666666666,-0.3011313602449665,,0,-0.3395622360152768
287,branch_reorganization,1967118593,0.7222222222222222,-0.39235684702465223,,0,-0.3395622360152768
287,branch_reorganization,1967118593,0.7777777777777777,-0.3769972998315564,,0,-0.3395622360152768
287,branch_reorganization,1967118593,0.8333333333333333,-0.3456593360927745,,0,-0.3395622360152768
287,branch_reorganization,1967118593,0.8888888888888888,-0.338598574863859,,0,-0.3395622360152768
287,branch_reorganization,1967118593,0.9444444444444444,-0.35759511657107323,,0,-0.3395622360152768
287,branch_reorganization,1967118593,1.0,-0.3795066360476323,-0.4120797411442152,0,-0.3395622360152768
288,retention,1407483591,0.0,0.0,0.004032304863499125,0,-0.3395622360152768
288,retention,1407483591,0.05555555555555555,-0.07214198805628588,,0,-0.3395622360152768
288,retention,1407483591,0.1111111111111111,-0.006104665123258801,,0,-0.3395622360152768
288,retention,1407483591,0.16666666666666666,-0.08261594231172276,,0,-0.3395622360152768
288,retention,1407483591,0.2222222222222222,-0.11377153623702754,,0,-0.3395622360152768
288,retention,1407483591,0.2777777777777778,-0.099901266267616,,0,-0.3395622360152768
288,retention,1407483591,0.3333333333333333,-0.030116434589770494,,0,-0.3395622360152768
288,retention,1407483591,0.38888888888888884,0.00315361296554334,,0,-0.3395622360152768
288,retention,1407483591,0.4444444444444444,0.0148255809483045,,0,-0.3395622360152768
288,retention,1407483591,0.5,0.10044123661151884,,0,-0.3395622360152768
288,retention,1407483591,0.5555555555555556,0.16404943813635428,,0,-0.3395622360152768
288,retention,1407483591,0.611111111111111,0.0998682273855667,,0,-0.3395622360152768
288,retention,1407483591,0.6666666666666666,0.1092228759571114,,0,-0.3395622360152768
288,retention,1407483591,0.7222222222222222,0.13839624029994152,,0,-0.3395622360152768
288,retention,1407483591,0.7777777777777777,0.12511999965892176,,0,-0.3395622360152768
288,retention,1407483591,0.8333333333333333,0.10375801707807467,,0,-0.3395622360152768
288,retention,1407483591,0.8888888888888888,0.11778927274478126,,0,-0.3395622360152768
288,retention,1407483591,0.9444444444444444,0.23557704905534116,,0,-0.3395622360152768
288,retention,1407483591,1.0,0.23773098146602287,0.20435486696261615,0,-0.3395622360152768
289,jump,1192332442,0.0,0.0,-0.04056252359718924,0,-0.3395622360152768
289,jump,1192332442,0.05555555555555555,0.038646941578346736,,0,-0.3395622360152768
289,jump,1192332442,0.1111111111111111,0.06685492565550247,,0,-0.3395622360152768
289,jump,1192332442,0.16666666666666666,0.07656567130570993,,0,-0.3395622360152768
289,jump,1192332442,0.2222222222222222,-0.008850484305347225,,0,-0.3395622360152768
289,jump,1192332442,0.2777777777777778,0.03708390392759766,,0,-0.3395622360152768
289,jump,1192332442,0.3333333333333333,-0.05350729034164571,,0,-0.3395622360152768
289,jump,1192332442,0.38888888888888884,-0.13192603987932489,,0,-0.3395622360152768
289,jump,1192332442,0.4444444444444444,-0.21269996664191532,,0,-0.3395622360152768
289,jump,1192332442,0.5,-0.18627210617955983,,0,-0.3395622360152768
289,jump,1192332442,0.5555555555555556,-0.20612624458901188,,0,-0.3395622360152768
289,jump,1192332442,0.611111111111111,-0.21339467104660126,,0,-0.3395622360152768
289,jump,1192332442,0.6666666666666666,-0.182238059469918,,0,-0.3395622360152768
289,jump,1192332442,0.7222222222222222,-0.23853429911263413,,0,-0.3395622360152768
289,jump,1192332442,0.7777777777777777,-0.15677822057081472,,0,-0.3395622360152768
289,jump,1192332442,0.8333333333333333,-0.07587193746786888,,0,-0.3395622360152768
289,jump,1192332442,0.8888888888888888,-0.11941420831315962,,0,-0.3395622360152768
289,jump,1192332442,0.9444444444444444,-0.15191317526447534,,0,-0.3395622360152768
289,jump,1192332442,1.0,-0.14683922609634228,-0.1782634135333191,0,-0.3395622360152768
290,branch_reorganization,971391997,0.0,-0.3395622360152768,-0.3618601014677118,0,-0.3395622360152768
290,branch_reorganization,971391997,0.05555555555555555,-0.33723153773710446,,1,0.3395622360152768
290,branch_reorganization,971391997,0.1111111111111111,-0.2504590043995889,,1,0.3395622360152768
290,branch_reorganization,971391997,0.16666666666666666,-0.1395020994659062,,1,0.3395622360152768
290,branch_reorganization,971391997,0.2222222222222222,-0.11338286452347429,,1,0.3395622360152768
290,branch_reorganization,971391997,0.2777777777777778,-0.09445893885654555,,1,0.3395622360152768
290,branch_reorganization,971391997,0.3333333333333333,-0.04819542665676025,,1,0.3395622360152768
290,branch_reorganization,971391997,0.38888888888888884,-0.05104964842326826,,1,0.3395622360152768
290,branch_reorganization,971391997,0.4444444444444444,-0.08826746286875736,,1,0.3395622360152768
290,branch_reorganization,971391997,0.5,-0.059811512071804754,,0,-0.3395622360152768
290,branch_reorganization,971391997,0.5555555555555556,-0.1049083603535479,,0,-0.3395622360152768
290,branch_reorganization,971391997,0.611111111111111,-0.09605055540276962,,0,-0.3395622360152768
290,branch_reorganization,971391997,0.6666666666666666,-0.06537473548067191,,0,-0.3395622360152768
290,branch_reorganization,971391997,0.7222222222222222,-0.15231202864761112,,0,-0.3395622360152768
290,branch_reorganization,971391997,0.7777777777777777,-0.2534403470854347,,0,-0.3395622360152768
290,branch_reorganization,971391997,0.8333333333333333,-0.23570566084358963,,0,-0.3395622360152768
290,branch_reorganization,971391997,0.8888888888888888,-0.26454800588236493,,0,-0.3395622360152768
290,branch_reorganization,971391997,0.9444444444444444,-0.2722841053241443,,0,-0.3395622360152768
290,branch_reorganization,971391997,1.0,-0.1583453901471209,-0.19092743795221861,0,-0.3395622360152768
291,retention,1839589627,0.0,0.0,0.04353225043514898,0,-0.3395622360152768
291,retention,1839589627,0.05555555555555555,-0.021256325992909064,,0,-0.3395622360152768
291,retention,1839589627,0.1111111111111111,-0.05349299266980047,,0,-0.3395622360152768
291,retention,1839589627,0.16666666666666666,-0.09569444983213538,,0,-0.3395622360152768
291,retention,1839589627,0.2222222222222222,-0.08906704744823733,,0,-0.3395622360152768
291,retention,1839589627,0.2777777777777778,0.012991183086417016,,0,-0.3395622360152768
291,retention,1839589627,0.3333333333333333,0.052331742455362644,,0,-0.3395622360152768
291,retention,1839589627,0.38888888888888884,0.03735064772552566,,0,-0.3395622360152768
291,retention,1839589627,0.4444444444444444,0.005248489422452141,,0,-0.3395622360152768
291,retention,1839589627,0.5,0.007169621412525813,,0,-0.3395622360152768
291,retention,1839589627,0.5555555555555556,-0.05150069929806409,,0,-0.3395622360152768
291,retention,1839589627,0.611111111111111,-0.06185228082536881,,0,-0.3395622360152768
291,retention,1839589627,0.6666666666666666,-0.07440512129593572,,0,-0.3395622360152768
291,retention,1839589627,0.7222222222222222,0.002206062321275265,,0,-0.3395622360152768
291,retention,1839589627,0.7777777777777777,-0.033513869533690566,,0,-0.3395622360152768
291,retention,1839589627,0.8333333333333333,-0.06800511265919443,,0,-0.3395622360152768
291,retention,1839589627,0.8888888888888888,-0.17254698069691865,,0,-0.3395622360152768
291,retention,1839589627,0.9444444444444444,-0.13298567091474492,,0,-0.3395622360152768
291,retention,1839589627,1.0,-0.18924490678717154,-0.14790928216041185,0,-0.3395622360152768
292,jump,2121277894,0.0,0.0,0.05845221517748842,0,-0.3395622360152768
292,jump,2121277894,0.05555555555555555,0.07662142945862131,,0,-0.3395622360152768
292,jump,2121277894,0.1111111111111111,0.11077079809720455,,0,-0.3395622360152768
292,jump,2121277894,0.16666666666666666,-0.05315661435788724,,0,-0.3395622360152768
292,jump,2121277894,0.2222222222222222,-0.030259065489286443,,0,-0.3395622360152768
292,jump,2121277894,0.2777777777777778,0.02295742330773934,,0,-0.3395622360152768
292,jump,2121277894,0.3333333333333333,-0.022515567323750492,,0,-0.3395622360152768
292,jump,2121277894,0.38888888888888884,-0.09454053084713905,,0,-0.3395622360152768
292,jump,2121277894,0.4444444444444444,-0.12891031063928074,,0,-0.3395622360152768
292,jump,2121277894,0.5,-0.19155109060491737,,0,-0.3395622360152768
292,jump,2121277894,0.5555555555555556,-0.21559521636510676,,0,-0.3395622360152768
292,jump,2121277894,0.611111111111111,-0.2849868901938749,,0,-0.3395622360152768
292,jump,2121277894,0.6666666666666666,-0.19696658561773533,,0,-0.3395622360152768
292,jump,2121277894,0.7222222222222222,-0.11924739311976802,,0,-0.3395622360152768
292,jump,2121277894,0.7777777777777777,-0.18868944462623422,,0,-0.3395622360152768
292,jump,2121277894,0.8333333333333333,-0.20783435912840048,,0,-0.3395622360152768
292,jump,2121277894,0.8888888888888888,-0.23439132134115745,,0,-0.3395622360152768
292,jump,2121277894,0.9444444444444444,-0.22571366059285614,,0,-0.3395622360152768
292,jump,2121277894,1.0,-0.22498219827516008,-0.1792685741853078,0,-0.3395622360152768
293,branch_reorganization,1150924733,0.0,-0.3395622360152768,-0.3362865107030576,0,-0.3395622360152768
293,branch_reorganization,1150924733,0.05555555555555555,-0.3938129597161011,,0,-0.3395622360152768
293,branch_reorganization,1150924733,0.1111111111111111,-0.3593931714965401,,0,-0.3395622360152768
293,branch_reorganization,1150924733,0.16666666666666666,-0.38233219702815247,,0,-0.3395622360152768
293,branch_reorganization,1150924733,0.2222222222222222,-0.379703622947522,,0,-0.3395622360152768
293,branch_reorganization,1150924733,0.2777777777777778,-0.395711207404954,,0,-0.3395622360152768
293,branch_reorganization,1150924733,0.3333333333333333,-0.33550606095750724,,0,-0.3395622360152768
293,branch_reorganization,1150924733,0.38888888888888884,-0.3324422598717092,,0,-0.3395622360152768
293,branch_reorganization,1150924733,0.4444444444444444,-0.28837744696631906,,0,-0.3395622360152768
293,branch_reorganization,1150924733,0.5,-0.3619270037302417,,0,-0.3395622360152768
293,branch_reorganization,1150924733,0.5555555555555556,-0.2908941528535619,,0,-0.3395622360152768
293,branch_reorganization,1150924733,0.611111111111111,-0.3238361074954994,,0,-0.3395622360152768
293,branch_reorganization,1150924733,0.6666666666666666,-0.35064929500643083,,0,-0.3395622360152768
293,branch_reorganization,1150924733,0.7222222222222222,-0.37429758910572103,,0,-0.3395622360152768
293,branch_reorganization,1150924733,0.7777777777777777,-0.33389465540701624,,0,-0.3395622360152768
293,branch_reorganization,1150924733,0.8333333333333333,-0.4134571125617757,,0,-0.3395622360152768
293,branch_reorganization,1150924733,0.8888888888888888,-0.3699145698959314,,0,-0.3395622360152768
293,branch_reorganization,1150924733,0.9444444444444444,-0.4259669003083017,,0,-0.3395622360152768
293,branch_reorganization,1150924733,1.0,-0.4320910598510873,-0.39856156679915994,0,-0.3395622360152768
294,retention,1871521664,0.0,0.0,-0.061417663165733,0,-0.3395622360152768
294,retention,1871521664,0.05555555555555555,-0.04953930198806539,,0,-0.3395622360152768
294,retention,1871521664,0.1111111111111111,-0.18127178428945367,,0,-0.3395622360152768
294,retention,1871521664,0.16666666666666666,-0.11204943329377968,,0,-0.3395622360152768
294,retention,1871521664,0.2222222222222222,-0.05801796636983085,,0,-0.3395622360152768
294,retention,1871521664,0.2777777777777778,-0.05574997129801945,,0,-0.3395622360152768
294,retention,1871521664,0.3333333333333333,0.008939974693020061,,0,-0.3395622360152768
294,retention,1871521664,0.38888888888888884,0.024417480212357637,,0,-0.3395622360152768
294,retention,1871521664,0.4444444444444444,0.09894789694618421,,0,-0.3395622360152768
294,retention,1871521664,0.5,0.1123024730831895,,0,-0.3395622360152768
294,retention,1871521664,0.5555555555555556,0.1644312685637947,,0,-0.3395622360152768
294,retention,1871521664,0.611111111111111,0.11282751793186185,,0,-0.3395622360152768
294,retention,1871521664,0.6666666666666666,0.08272253085639175,,0,-0.3395622360152768
294,retention,1871521664,0.7222222222222222,0.035476429115535627,,0,-0.3395622360152768
294,retention,1871521664,0.7777777777777777,0.08545742059936473,,0,-0.3395622360152768
294,retention,1871521664,0.8333333333333333,0.0802250519604048,,0,-0.3395622360152768
294,retention,1871521664,0.8888888888888888,0.08008206281034339,,0,-0.3395622360152768
294,retention,1871521664,0.9444444444444444,0.05537658876985377,,0,-0.3395622360152768
294,retention,1871521664,1.0,0.018403893116386058,-0.022074515513328216,0,-0.3395622360152768
295,jump,1942216951,0.0,0.0,-0.07898773876343426,0,-0.3395622360152768
295,jump,1942216951,0.05555555555555555,0.04450655150064109,,0,-0.3395622360152768
295,jump,1942216951,0.1111111111111111,-0.3350520642048677,,0,-0.3395622360152768
295,jump,1942216951,0.16666666666666666,-0.3914722749345524,,0,-0.3395622360152768
295,jump,1942216951,0.2222222222222222,-0.3657573991434931,,0,-0.3395622360152768
295,jump,1942216951,0.2777777777777778,-0.40271985644271746,,0,-0.3395622360152768
295,jump,1942216951,0.3333333333333333,-0.32940297103739963,,0,-0.3395622360152768
295,jump,1942216951,0.38888888888888884,-0.2595060045798633,,0,-0.3395622360152768
295,jump,1942216951,0.4444444444444444,-0.18017677786741665,,0,-0.3395622360152768
295,jump,1942216951,0.5,-0.21917553231706116,,0,-0.3395622360152768
295,jump,1942216951,0.5555555555555556,-0.20946714911345016,,0,-0.3395622360152768
295,jump,1942216951,0.611111111111111,-0.2258872586094231,,0,-0.3395622360152768
295,jump,1942216951,0.6666666666666666,-0.261949683779631,,0,-0.3395622360152768
295,jump,1942216951,0.7222222222222222,-0.27225907354178325,,0,-0.3395622360152768
295,jump,1942216951,0.7777777777777777,-0.32192439935762557,,0,-0.3395622360152768
295,jump,1942216951,0.8333333333333333,-0.3150525817567709,,0,-0.3395622360152768
295,jump,1942216951,0.8888888888888888,-0.31452164349747175,,0,-0.3395622360152768
295,jump,1942216951,0.9444444444444444,-0.3120644091722795,,0,-0.3395622360152768
295,jump,1942216951,1.0,-0.30627487116361,-0.377484464908822,0,-0.3395622360152768
296,branch_reorganization,1357665797,0.0,-0.3395622360152768,-0.40658100463493585,0,-0.3395622360152768
296,branch_reorganization,1357665797,0.05555555555555555,-0.3317388313823363,,0,-0.3395622360152768
296,branch_reorganization,1357665797,0.1111111111111111,-0.3032072895401877,,0,-0.3395622360152768
296,branch_reorganization,1357665797,0.16666666666666666,-0.32417382889602964,,0,-0.3395622360152768
296,branch_reorganization,1357665797,0.2222222222222222,-0.2964717751710475,,0,-0.3395622360152768
296,branch_reorganization,1357665797,0.2777777777777778,-0.3066025493829047,,0,-0.3395622360152768
296,branch_reorganization,1357665797,0.3333333333333333,-0.3055655091598853,,0,-0.3395622360152768
296,branch_reorganization,1357665797,0.38888888888888884,-0.3020964181229504,,0,-0.3395622360152768
296,branch_reorganization,1357665797,0.4444444444444444,-0.2850181845272584,,0,-0.3395622360152768
296,branch_reorganization,1357665797,0.5,-0.23850648856254247,,0,-0.3395622360152768
296,branch_reorganization,1357665797,0.5555555555555556,-0.219931730135546,,0,-0.3395622360152768
296,branch_reorganization,1357665797,0.611111111111111,-0.193996045312566,,0,-0.3395622360152768
296,branch_reorganization,1357665797,0.6666666666666666,-0.16667891820617564,,0,-0.3395622360152768
296,branch_reorganization,1357665797,0.7222222222222222,-0.2008100382743605,,0,-0.3395622360152768
296,branch_reorganization,1357665797,0.7777777777777777,-0.22125976828864477,,0,-0.3395622360152768
296,branch_reorganization,1357665797,0.8333333333333333,-0.20089058582411906,,0,-0.3395622360152768
296,branch_reorganization,1357665797,0.8888888888888888,-0.22720550209817225,,0,-0.3395622360152768
296,branch_reorganization,1357665797,0.9444444444444444,-0.2906305727006453,,0,-0.3395622360152768
296,branch_reorganization,1357665797,1.0,-0.20640004534851666,-0.19017716348308727,0,-0.3395622360152768
297,retention,1368491810,0.0,0.0,0.034622099456121894,0,-0.3395622360152768
297,retention,1368491810,0.05555555555555555,-0.01938689102000889,,0,-0.3395622360152768
297,retention,1368491810,0.1111111111111111,-0.017495163741445795,,0,-0.3395622360152768
297,retention,1368491810,0.16666666666666666,-0.03493759143242668,,0,-0.3395622360152768
297,retention,1368491810,0.2222222222222222,0.0038075350074538716,,0,-0.3395622360152768
297,retention,1368491810,0.2777777777777778,0.04241742417351978,,0,-0.3395622360152768
297,retention,1368491810,0.3333333333333333,-0.003994120093541664,,0,-0.3395622360152768
297,retention,1368491810,0.38888888888888884,0.013085902432185,,0,-0.3395622360152768
297,retention,1368491810,0.4444444444444444,0.0008529851667840212,,0,-0.3395622360152768
297,retention,1368491810,0.5,0.10316222647921042,,0,-0.3395622360152768
297,retention,1368491810,0.5555555555555556,0.18697386751772122,,0,-0.3395622360152768
297,retention,1368491810,0.611111111111111,0.19247037555598123,,0,-0.3395622360152768
297,retention,1368491810,0.6666666666666666,0.12129629487093968,,0,-0.3395622360152768
297,retention,1368491810,0.7222222222222222,0.16831884055219767,,0,-0.3395622360152768
297,retention,1368491810,0.7777777777777777,0.14370407023574,,0,-0.3395622360152768
297,retention,1368491810,0.8333333333333333,0.18387721441435612,,0,-0.3395622360152768
297,retention,1368491810,0.8888888888888888,0.23504668310729113,,0,-0.3395622360152768
297,retention,1368491810,0.9444444444444444,0.22809807095658907,,0,-0.3395622360152768
297,retention,1368491810,1.0,0.22622390968130934,0.1544376578111124,0,-0.3395622360152768
298,jump,1392938309,0.0,0.0,-0.059891251691458966,0,-0.3395622360152768
298,jump,1392938309,0.05555555555555555,0.04372932012077593,,0,-0.3395622360152768
298,jump,1392938309,0.1111111111111111,0.01922236822811993,,0,-0.3395622360152768
298,jump,1392938309,0.16666666666666666,0.07318804569553722,,0,-0.3395622360152768
298,jump,1392938309,0.2222222222222222,0.06687598318373243,,0,-0.3395622360152768
298,jump,1392938309,0.2777777777777778,0.07448620930196813,,0,-0.3395622360152768
298,jump,1392938309,0.3333333333333333,0.04406164795031948,,0,-0.3395622360152768
298,jump,1392938309,0.38888888888888884,-0.04339733931110082,,0,-0.3395622360152768
298,jump,1392938309,0.4444444444444444,-0.0010466714720615486,,0,-0.3395622360152768
298,jump,1392938309,0.5,-0.005399594632479192,,0,-0.3395622360152768
298,jump,1392938309,0.5555555555555556,-0.01786384499538388,,0,-0.3395622360152768
298,jump,1392938309,0.611111111111111,-0.036190449459303844,,0,-0.3395622360152768
298,jump,1392938309,0.6666666666666666,-0.06407746169941118,,0,-0.3395622360152768
298,jump,1392938309,0.7222222222222222,-0.04732894678208914,,0,-0.3395622360152768
298,jump,1392938309,0.7777777777777777,0.049565752723341336,,0,-0.3395622360152768
298,jump,1392938309,0.8333333333333333,-0.051767836308874327,,0,-0.3395622360152768
298,jump,1392938309,0.8888888888888888,-0.007106084429222885,,0,-0.3395622360152768
298,jump,1392938309,0.9444444444444444,-0.014371094334702066,,0,-0.3395622360152768
298,jump,1392938309,1.0,-0.03415599489769857,-0.021624984747165073,0,-0.3395622360152768
299,branch_reorganization,1359252218,0.0,-0.3395622360152768,-0.34062346881250344,0,-0.3395622360152768
299,branch_reorganization,1359252218,0.05555555555555555,-0.29004907862052554,,0,-0.3395622360152768
299,branch_reorganization,1359252218,0.1111111111111111,-0.23713831182497433,,0,-0.3395622360152768
299,branch_reorganization,1359252218,0.16666666666666666,-0.26933389576287975,,0,-0.3395622360152768
299,branch_reorganization,1359252218,0.2222222222222222,-0.3618523476223151,,0,-0.3395622360152768
299,branch_reorganization,1359252218,0.2777777777777778,-0.3684796428514586,,0,-0.3395622360152768
299,branch_reorganization,1359252218,0.3333333333333333,-0.3594713298569158,,0,-0.3395622360152768
299,branch_reorganization,1359252218,0.38888888888888884,-0.3517015156283849,,0,-0.3395622360152768
299,branch_reorganization,1359252218,0.4444444444444444,-0.40671923452645065,,0,-0.3395622360152768
299,branch_reorganization,1359252218,0.5,-0.46067616272859113,,0,-0.3395622360152768
299,branch_reorganization,1359252218,0.5555555555555556,-0.4715267881760313,,0,-0.3395622360152768
299,branch_reorganization,1359252218,0.611111111111111,-0.411810764127254,,0,-0.3395622360152768
299,branch_reorganization,1359252218,0.6666666666666666,-0.4611372671476581,,0,-0.3395622360152768
299,branch_reorganization,1359252218,0.7222222222222222,-0.4631956259354997,,0,-0.3395622360152768
299,branch_reorganization,1359252218,0.7777777777777777,-0.472868526069822,,1,0.3395622360152768
299,branch_reorganization,1359252218,0.8333333333333333,-0.4674897655755727,,1,0.3395622360152768
299,branch_reorganization,1359252218,0.8888888888888888,-0.3949015954686038,,1,0.3395622360152768
299,branch_reorganization,1359252218,0.9444444444444444,-0.35530460664306085,,1,0.3395622360152768
299,branch_reorganization,1359252218,1.0,-0.2933644868981369,-0.28136109145134175,1,0.3395622360152768
300,retention,1912029804,0.0,0.0,-0.04126430200865264,0,-0.3395622360152768
300,retention,1912029804,0.05555555555555555,-0.12005145171742691,,0,-0.3395622360152768
300,retention,1912029804,0.1111111111111111,-0.0934192265970889,,0,-0.3395622360152768
300,retention,1912029804,0.16666666666666666,-0.07369077386048604,,0,-0.3395622360152768
300,retention,1912029804,0.2222222222222222,-0.021701116881924373,,0,-0.3395622360152768
300,retention,1912029804,0.2777777777777778,0.1084152382378456,,0,-0.3395622360152768
300,retention,1912029804,0.3333333333333333,0.15533870234210684,,0,-0.3395622360152768
300,retention,1912029804,0.38888888888888884,0.06580184303765063,,0,-0.3395622360152768
300,retention,1912029804,0.4444444444444444,0.10599274367987073,,0,-0.3395622360152768
300,retention,1912029804,0.5,0.13032872513345473,,0,-0.3395622360152768
300,retention,1912029804,0.5555555555555556,0.17176857754820604,,0,-0.3395622360152768
300,retention,1912029804,0.611111111111111,0.03159262408249236,,0,-0.3395622360152768
300,retention,1912029804,0.6666666666666666,0.06808766519350998,,0,-0.3395622360152768
300,retention,1912029804,0.7222222222222222,0.07405388343681715,,0,-0.3395622360152768
300,retention,1912029804,0.7777777777777777,0.1051290813727794,,0,-0.3395622360152768
300,retention,1912029804,0.8333333333333333,0.13109684401808427,,0,-0.3395622360152768
300,retention,1912029804,0.8888888888888888,0.2927356017631264,,0,-0.3395622360152768
300,retention,1912029804,0.9444444444444444,0.252328095212736,,0,-0.3395622360152768
300,retention,1912029804,1.0,0.2984275724140626,0.3302390725488297,0,-0.3395622360152768
301,jump,505878687,0.0,0.0,0.03799821578428187,0,-0.3395622360152768
301,jump,505878687,0.05555555555555555,0.06722656199888875,,0,-0.3395622360152768
301,jump,505878687,0.1111111111111111,0.026605795051906543,,0,-0.3395622360152768
301,jump,505878687,0.16666666666666666,0.03155407265726125,,0,-0.3395622360152768
301,jump,505878687,0.2222222222222222,0.021514110776554435,,0,-0.3395622360152768
301,jump,505878687,0.2777777777777778,-0.042181741112894584,,0,-0.3395622360152768
301,jump,505878687,0.3333333333333333,-0.061706848838679274,,0,-0.3395622360152768
301,jump,505878687,0.38888888888888884,-0.09618376915632654,,0,-0.3395622360152768
301,jump,505878687,0.4444444444444444,-0.07908530328751195,,0,-0.3395622360152768
301,jump,505878687,0.5,-0.1038644168415882,,0,-0.3395622360152768
301,jump,505878687,0.5555555555555556,-0.08462011614289237,,0,-0.3395622360152768
301,jump,505878687,0.611111111111111,-0.16511353990158226,,0,-0.3395622360152768
301,jump,505878687,0.6666666666666666,-0.1444358475823714,,0,-0.3395622360152768
301,jump,505878687,0.7222222222222222,-0.24680956007820626,,0,-0.3395622360152768
301,jump,505878687,0.7777777777777777,-0.20436933237752067,,0,-0.3395622360152768
301,jump,505878687,0.8333333333333333,-0.21604110076157826,,0,-0.3395622360152768
301,jump,505878687,0.8888888888888888,-0.15107115396500753,,0,-0.3395622360152768
301,jump,505878687,0.9444444444444444,-0.18054429644349695,,0,-0.3395622360152768
301,jump,505878687,1.0,-0.14738420529807705,-0.21223443501012465,0,-0.3395622360152768
302,branch_reorganization,1254123884,0.0,-0.3395622360152768,-0.27779581664993813,0,-0.3395622360152768
302,branch_reorganization,1254123884,0.05555555555555555,-0.3624526256278546,,0,-0.3395622360152768
302,branch_reorganization,1254123884,0.1111111111111111,-0.3737925123317703,,0,-0.3395622360152768
302,branch_reorganization,1254123884,0.16666666666666666,-0.34583283074319265,,0,-0.3395622360152768
302,branch_reorganization,1254123884,0.2222222222222222,-0.2809358413252201,,0,-0.3395622360152768
302,branch_reorganization,1254123884,0.2777777777777778,-0.2956479156570686,,1,0.3395622360152768
302,branch_reorganization,1254123884,0.3333333333333333,-0.24865859130976184,,1,0.3395622360152768
302,branch_reorganization,1254123884,0.38888888888888884,-0.2151436454318605,,1,0.3395622360152768
302,branch_reorganization,1254123884,0.4444444444444444,-0.1791561978924846,,1,0.3395622360152768
302,branch_reorganization,1254123884,0.5,-0.23913926782512437,,1,0.3395622360152768
302,branch_reorganization,1254123884,0.5555555555555556,-0.19609722344236719,,1,0.3395622360152768
302,branch_reorganization,1254123884,0.611111111111111,-0.2075618260971865,,1,0.3395622360152768
302,branch_reorganization,1254123884,0.6666666666666666,-0.19677869939769363,,1,0.3395622360152768
302,branch_reorganization,1254123884,0.7222222222222222,-0.14186032716174213,,1,0.3395622360152768
302,branch_reorganization,1254123884,0.7777777777777777,-0.232828289106942,,1,0.3395622360152768
302,branch_reorganization,1254123884,0.8333333333333333,-0.30244383104637984,,1,0.3395622360152768
302,branch_reorganization,1254123884,0.8888888888888888,-0.30475701930018956,,1,0.3395622360152768
302,branch_reorganization,1254123884,0.9444444444444444,-0.18012540875442884,,1,0.3395622360152768
302,branch_reorganization,1254123884,1.0,-0.2034439531950374,-0.17684523530029098,1,0.3395622360152768
303,retention,610521094,0.0,0.0,0.0403296372054491,0,-0.3395622360152768
303,retention,610521094,0.05555555555555555,0.0748222196210459,,0,-0.3395622360152768
303,retention,610521094,0.1111111111111111,0.019954886011121824,,0,-0.3395622360152768
303,retention,610521094,0.16666666666666666,-0.06069531794397838,,0,-0.3395622360152768
303,retention,610521094,0.2222222222222222,-0.08063774613693236,,0,-0.3395622360152768
303,retention,610521094,0.2777777777777778,-0.09905564956553024,,0,-0.3395622360152768
303,retention,610521094,0.3333333333333333,-0.02401620640723917,,0,-0.3395622360152768
303,retention,610521094,0.38888888888888884,-0.056837281714746474,,0,-0.3395622360152768
303,retention,610521094,0.4444444444444444,-0.017401110704823017,,0,-0.3395622360152768
303,retention,610521094,0.5,-0.07028801153702685,,0,-0.3395622360152768
303,retention,610521094,0.5555555555555556,-0.1355707687092963,,0,-0.3395622360152768
303,retention,610521094,0.611111111111111,-0.16476720594874766,,0,-0.3395622360152768
303,retention,610521094,0.6666666666666666,-0.15209883285557435,,0,-0.3395622360152768
303,retention,610521094,0.7222222222222222,-0.16652497984689799,,0,-0.3395622360152768
303,retention,610521094,0.7777777777777777,-0.14956543768369276,,0,-0.3395622360152768
303,retention,610521094,0.8333333333333333,-0.095275881768659,,0,-0.3395622360152768
303,retention,610521094,0.8888888888888888,-0.05353682765756701,,0,-0.3395622360152768
303,retention,610521094,0.9444444444444444,0.012555075310196208,,0,-0.3395622360152768
303,retention,610521094,1.0,0.027588092793205798,-0.013630800168364685,0,-0.3395622360152768
304,jump,472047273,0.0,0.0,0.15426865597532177,0,-0.3395622360152768
304,jump,472047273,0.05555555555555555,-0.02191985122567332,,0,-0.3395622360152768
304,jump,472047273,0.1111111111111111,-0.041103972983971324,,0,-0.3395622360152768
304,jump,472047273,0.16666666666666666,-0.03298539145425102,,0,-0.3395622360152768
304,jump,472047273,0.2222222222222222,-0.02555372943329162,,0,-0.3395622360152768
304,jump,472047273,0.2777777777777778,-0.09303367985831601,,0,-0.3395622360152768
304,jump,472047273,0.3333333333333333,-0.06488465167588134,,0,-0.3395622360152768
304,jump,472047273,0.38888888888888884,-0.05630742360688126,,0,-0.3395622360152768
304,jump,472047273,0.4444444444444444,-0.035708930695177554,,0,-0.3395622360152768
304,jump,472047273,0.5,-0.04803327909229625,,0,-0.3395622360152768
304,jump,472047273,0.5555555555555556,-0.009711818246836285,,0,-0.3395622360152768
304,jump,472047273,0.611111111111111,-0.08850657357417083,,0,-0.3395622360152768
304,jump,472047273,0.6666666666666666,-0.0713213237202164,,0,-0.3395622360152768
304,jump,472047273,0.7222222222222222,-0.05926739823028335,,0,-0.3395622360152768
304,jump,472047273,0.7777777777777777,-0.08352159436632556,,0,-0.3395622360152768
304,jump,472047273,0.8333333333333333,-0.10312252005806832,,0,-0.3395622360152768
304,jump,472047273,0.8888888888888888,-0.1132473064663882,,0,-0.3395622360152768
304,jump,472047273,0.9444444444444444,-0.14879472089874382,,0,-0.3395622360152768
304,jump,472047273,1.0,-0.0910949559656691,-0.10606555160068422,0,-0.3395622360152768
305,branch_reorganization,1789769225,0.0,-0.3395622360152768,-0.2525176986472812,0,-0.3395622360152768
305,branch_reorganization,1789769225,0.05555555555555555,-0.41727584130966866,,0,-0.3395622360152768
305,branch_reorganization,1789769225,0.1111111111111111,-0.4183147495987198,,0,-0.3395622360152768
305,branch_reorganization,1789769225,0.16666666666666666,-0.43279112262774266,,0,-0.3395622360152768
305,branch_reorganization,1789769225,0.2222222222222222,-0.5001818799505767,,0,-0.3395622360152768
305,branch_reorganization,1789769225,0.2777777777777778,-0.5879335952851319,,0,-0.3395622360152768
305,branch_reorganization,1789769225,0.3333333333333333,-0.5749817171831022,,0,-0.3395622360152768
305,branch_reorganization,1789769225,0.38888888888888884,-0.5759519454077358,,0,-0.3395622360152768
305,branch_reorganization,1789769225,0.4444444444444444,-0.5967555113010817,,0,-0.3395622360152768
305,branch_reorganization,1789769225,0.5,-0.474605117362437,,1,0.3395622360152768
305,branch_reorganization,1789769225,0.5555555555555556,-0.389163013245156,,1,0.3395622360152768
305,branch_reorganization,1789769225,0.611111111111111,-0.3767463554526528,,1,0.3395622360152768
305,branch_reorganization,1789769225,0.6666666666666666,-0.2626072033544995,,1,0.3395622360152768
305,branch_reorganization,1789769225,0.7222222222222222,-0.2756353286993322,,1,0.3395622360152768
305,branch_reorganization,1789769225,0.7777777777777777,-0.2370104892370225,,1,0.3395622360152768
305,branch_reorganization,1789769225,0.8333333333333333,-0.29884435963853306,,1,0.3395622360152768
305,branch_reorganization,1789769225,0.8888888888888888,-0.24526589750771505,,1,0.3395622360152768
305,branch_reorganization,1789769225,0.9444444444444444,-0.2685374532581764,,1,0.3395622360152768
305,branch_reorganization,1789769225,1.0,-0.25390140111793896,-0.2388844522719073,1,0.3395622360152768
306,retention,1466970974,0.0,0.0,-0.021253071455173637,0,-0.3395622360152768
306,retention,1466970974,0.05555555555555555,0.029096442899610532,,0,-0.3395622360152768
306,retention,1466970974,0.1111111111111111,-0.023673602937071797,,0,-0.3395622360152768
306,retention,1466970974,0.16666666666666666,-0.005786575039573014,,0,-0.3395622360152768
306,retention,1466970974,0.2222222222222222,0.01981324402610856,,0,-0.3395622360152768
306,retention,1466970974,0.2777777777777778,-0.008697720008070065,,0,-0.3395622360152768
306,retention,1466970974,0.3333333333333333,-0.011340116564833616,,0,-0.3395622360152768
306,retention,1466970974,0.38888888888888884,-0.004279937311361038,,0,-0.3395622360152768
306,retention,1466970974,0.4444444444444444,0.05822605805865302,,0,-0.3395622360152768
306,retention,1466970974,0.5,0.02915138878738271,,0,-0.3395622360152768
306,retention,1466970974,0.5555555555555556,0.0379173658963705,,0,-0.3395622360152768
306,retention,1466970974,0.611111111111111,0.07673436990027872,,0,-0.3395622360152768
306,retention,1466970974,0.6666666666666666,0.05402388917347658,,0,-0.3395622360152768
306,retention,1466970974,0.7222222222222222,0.046816900803279,,0,-0.3395622360152768
306,retention,1466970974,0.7777777777777777,0.029256635295606598,,0,-0.3395622360152768
306,retention,1466970974,0.8333333333333333,0.04145961792948438,,0,-0.3395622360152768
306,retention,1466970974,0.8888888888888888,-0.04990580836357419,,0,-0.3395622360152768
306,retention,1466970974,0.9444444444444444,-0.11018743941130624,,0,-0.3395622360152768
306,retention,1466970974,1.0,-0.0916613105086875,-0.12761273934039702,0,-0.3395622360152768
307,jump,1515715032,0.0,0.0,0.047517524659154695,0,-0.3395622360152768
307,jump,1515715032,0.05555555555555555,0.10816582287696792,,0,-0.3395622360152768
307,jump,1515715032,0.1111111111111111,0.0769996768279074,,0,-0.3395622360152768
307,jump,1515715032,0.16666666666666666,0.18270326433362852,,0,-0.3395622360152768
307,jump,1515715032,0.2222222222222222,0.11980655614214278,,0,-0.3395622360152768
307,jump,1515715032,0.2777777777777778,0.07677314411535259,,0,-0.3395622360152768
307,jump,1515715032,0.3333333333333333,0.1602881073317488,,0,-0.3395622360152768
307,jump,1515715032,0.38888888888888884,0.07292217452450486,,0,-0.3395622360152768
307,jump,1515715032,0.4444444444444444,0.06478241712185423,,0,-0.3395622360152768
307,jump,1515715032,0.5,0.09151893529073342,,0,-0.3395622360152768
307,jump,1515715032,0.5555555555555556,0.0708451460459309,,0,-0.3395622360152768
307,jump,1515715032,0.611111111111111,-0.008475446132478054,,0,-0.3395622360152768
307,jump,1515715032,0.6666666666666666,0.07874558926994538,,0,-0.3395622360152768
307,jump,1515715032,0.7222222222222222,0.08286432094502205,,0,-0.3395622360152768
307,jump,1515715032,0.7777777777777777,0.12075836612195992,,0,-0.3395622360152768
307,jump,1515715032,0.8333333333333333,0.17727875950783245,,0,-0.3395622360152768
307,jump,1515715032,0.8888888888888888,0.25074025013293133,,0,-0.3395622360152768
307,jump,1515715032,0.9444444444444444,0.2562181862314717,,0,-0.3395622360152768
307,jump,1515715032,1.0,0.2407993337571213,0.26164277381194984,0,-0.3395622360152768
308,branch_reorganization,358567148,0.0,-0.3395622360152768,-0.3355156309898445,0,-0.3395622360152768
308,branch_reorganization,358567148,0.05555555555555555,-0.4077592341242733,,0,-0.3395622360152768
308,branch_reorganization,358567148,0.1111111111111111,-0.35797288486582185,,0,-0.3395622360152768
308,branch_reorganization,358567148,0.16666666666666666,-0.42330313914741524,,0,-0.3395622360152768
308,branch_reorganization,358567148,0.2222222222222222,-0.4219654389215491,,0,-0.3395622360152768
308,branch_reorganization,358567148,0.2777777777777778,-0.4466300727744653,,0,-0.3395622360152768
308,branch_reorganization,358567148,0.3333333333333333,-0.4187745441758457,,0,-0.3395622360152768
308,branch_reorganization,358567148,0.38888888888888884,-0.3432118597877859,,0,-0.3395622360152768
308,branch_reorganization,358567148,0.4444444444444444,-0.3620766858198362,,0,-0.3395622360152768
308,branch_reorganization,358567148,0.5,-0.3354613851147873,,0,-0.3395622360152768
308,branch_reorganization,358567148,0.5555555555555556,-0.3612401664419656,,0,-0.3395622360152768
308,branch_reorganization,358567148,0.611111111111111,-0.32591372006010333,,0,-0.3395622360152768
308,branch_reorganization,358567148,0.6666666666666666,-0.35679610410809426,,0,-0.3395622360152768
308,branch_reorganization,358567148,0.7222222222222222,-0.4281115177964039,,0,-0.3395622360152768
308,branch_reorganization,358567148,0.7777777777777777,-0.457594600753185,,0,-0.3395622360152768
308,branch_reorganization,358567148,0.8333333333333333,-0.5882906464489606,,0,-0.3395622360152768
308,branch_reorganization,358567148,0.8888888888888888,-0.5971615631582642,,0,-0.3395622360152768
308,branch_reorganization,358567148,0.9444444444444444,-0.615337039428946,,0,-0.3395622360152768
308,branch_reorganization,358567148,1.0,-0.6412504799273754,-0.6275512167852684,0,-0.3395622360152768
309,retention,1994059638,0.0,0.0,0.019698093202290733,0,-0.3395622360152768
309,retention,1994059638,0.05555555555555555,-0.06750905172626893,,0,-0.3395622360152768
309,retention,1994059638,0.1111111111111111,-0.1608254985517848,,0,-0.3395622360152768
309,retention,1994059638,0.16666666666666666,-0.1797188118596793,,0,-0.3395622360152768
309,retention,1994059638,0.2222222222222222,-0.14636841182229504,,0,-0.3395622360152768
309,retention,1994059638,0.2777777777777778,-0.1082876129374748,,0,-0.3395622360152768
309,retention,1994059638,0.3333333333333333,-0.08627155940173516,,0,-0.3395622360152768
309,retention,1994059638,0.38888888888888884,-0.07136639228850636,,0,-0.3395622360152768
309,retention,1994059638,0.4444444444444444,-0.11051616794444627,,0,-0.3395622360152768
309,retention,1994059638,0.5,-0.10146788061004708,,0,-0.3395622360152768
309,retention,1994059638,0.5555555555555556,-0.1281991254449647,,0,-0.3395622360152768
309,retention,1994059638,0.611111111111111,-0.13169421729858108,,0,-0.3395622360152768
309,retention,1994059638,0.6666666666666666,-0.08574319821893303,,0,-0.3395622360152768
309,retention,1994059638,0.7222222222222222,-0.10191733591798208,,0,-0.3395622360152768
309,retention,1994059638,0.7777777777777777,-0.10131423697782947,,0,-0.3395622360152768
309,retention,1994059638,0.8333333333333333,-0.06450962595872387,,0,-0.3395622360152768
309,retention,1994059638,0.8888888888888888,0.05829342581613973,,0,-0.3395622360152768
309,retention,1994059638,0.9444444444444444,0.049870376764302296,,0,-0.3395622360152768
309,retention,1994059638,1.0,0.10343697928728965,0.03362291594293866,0,-0.3395622360152768
309,retention,1994059638,1.0555555555555556,0.023784688835730566,,0,-0.3395622360152768
309,retention,1994059638,1.1111111111111112,0.07759817003939609,,0,-0.3395622360152768
309,retention,1994059638,1.1666666666666667,0.030286037490647254,,0,-0.3395622360152768
309,retention,1994059638,1.2222222222222223,0.04865498280653361,,0,-0.3395622360152768
309,retention,1994059638,1.2777777777777777,0.03537325019238616,,0,-0.3395622360152768
309,retention,1994059638,1.3333333333333333,0.03572117824806512,,0,-0.3395622360152768
309,retention,1994059638,1.3888888888888888,-0.06526590650878872,,0,-0.3395622360152768
309,retention,1994059638,1.4444444444444444,-0.08774594111017524,,0,-0.3395622360152768
309,retention,1994059638,1.5,-0.06764279788070696,,0,-0.3395622360152768
309,retention,1994059638,1.5555555555555556,-0.05970853630261656,,0,-0.3395622360152768
309,retention,1994059638,1.6111111111111112,-0.011751376584385041,,0,-0.3395622360152768
309,retention,1994059638,1.6666666666666665,-0.057193606162152605,,0,-0.3395622360152768
309,retention,1994059638,1.7222222222222223,0.016418299967957975,,0,-0.3395622360152768
309,retention,1994059638,1.7777777777777777,0.009353473515276406,,0,-0.3395622360152768
309,retention,1994059638,1.8333333333333333,-0.12031560781955883,,0,-0.3395622360152768
309,retention,1994059638,1.8888888888888888,0.006501415493937235,,0,-0.3395622360152768
309,retention,1994059638,1.9444444444444444,-0.010349692669658067,,0,-0.3395622360152768
309,retention,1994059638,2.0,-0.032754420387295535,-0.06947812149582237,0,-0.3395622360152768
309,retention,1994059638,2.0555555555555554,-0.009709534164496054,,0,-0.3395622360152768
309,retention,1994059638,2.111111111111111,-0.003922335115732515,,0,-0.3395622360152768
309,retention,1994059638,2.1666666666666665,0.06968613904203833,,0,-0.3395622360152768
309,retention,1994059638,2.2222222222222223,0.09101645352239912,,0,-0.3395622360152768
309,retention,1994059638,2.2777777777777777,0.048962001820641594,,0,-0.3395622360152768
309,retention,1994059638,2.3333333333333335,0.03468144768150751,,0,-0.3395622360152768
309,retention,1994059638,2.388888888888889,-0.00597040449554552,,0,-0.3395622360152768
309,retention,1994059638,2.4444444444444446,-0.041885941979024746,,0,-0.3395622360152768
309,retention,1994059638,2.5,-0.07338795551281556,,0,-0.3395622360152768
309,retention,1994059638,2.5555555555555554,-0.07483420464517734,,0,-0.3395622360152768
309,retention,1994059638,2.611111111111111,-0.03208698640754902,,0,-0.3395622360152768
309,retention,1994059638,2.6666666666666665,-0.12644026481656212,,0,-0.3395622360152768
309,retention,1994059638,2.7222222222222223,-0.0669297250103503,,0,-0.3395622360152768
309,retention,1994059638,2.7777777777777777,-0.06464489736980925,,0,-0.3395622360152768
309,retention,1994059638,2.833333333333333,-0.1412801770292606,,0,-0.3395622360152768
309,retention,1994059638,2.888888888888889,-0.15301664725504646,,0,-0.3395622360152768
309,retention,1994059638,2.9444444444444446,-0.11612925541653318,,0,-0.3395622360152768
309,retention,1994059638,3.0,-0.05302139160997159,-0.04612077001319921,0,-0.3395622360152768
310,jump,1214529905,0.0,0.0,0.10620549081044608,0,-0.3395622360152768
310,jump,1214529905,0.05555555555555555,0.0005142109077439135,,0,-0.3395622360152768
310,jump,1214529905,0.1111111111111111,0.009470925597546871,,0,-0.3395622360152768
310,jump,1214529905,0.16666666666666666,-0.13139694848442512,,0,-0.3395622360152768
310,jump,1214529905,0.2222222222222222,0.03034800728672188,,0,-0.3395622360152768
310,jump,1214529905,0.2777777777777778,0.03550622142044798,,0,-0.3395622360152768
310,jump,1214529905,0.3333333333333333,-0.0010203672226007654,,0,-0.3395622360152768
310,jump,1214529905,0.38888888888888884,0.020247749351420513,,0,-0.3395622360152768
310,jump,1214529905,0.4444444444444444,0.04714689708687523,,0,-0.3395622360152768
310,jump,1214529905,0.5,0.0906583767129831,,0,-0.3395622360152768
310,jump,1214529905,0.5555555555555556,0.018480282903698658,,0,-0.3395622360152768
310,jump,1214529905,0.611111111111111,0.0256696109418437,,0,-0.3395622360152768
310,jump,1214529905,0.6666666666666666,-0.04021620764714208,,0,-0.3395622360152768
310,jump,1214529905,0.7222222222222222,-0.0667199304687903,,0,-0.3395622360152768
310,jump,1214529905,0.7777777777777777,-0.0690400262614926,,0,-0.3395622360152768
310,jump,1214529905,0.8333333333333333,-0.10726730902938464,,0,-0.3395622360152768
310,jump,1214529905,0.8888888888888888,-0.21998664089996678,,0,-0.3395622360152768
310,jump,1214529905,0.9444444444444444,-0.2574551669932922,,0,-0.3395622360152768
310,jump,1214529905,1.0,-0.2346213839149902,-0.16662182915592028,0,-0.3395622360152768
311,branch_reorganization,1231796793,0.0,-0.3395622360152768,-0.30482943365842396,0,-0.3395622360152768
311,branch_reorganization,1231796793,0.05555555555555555,-0.3286584142009038,,0,-0.3395622360152768
311,branch_reorganization,1231796793,0.1111111111111111,-0.32271758312297777,,0,-0.3395622360152768
311,branch_reorganization,1231796793,0.16666666666666666,-0.26489267103500724,,0,-0.3395622360152768
311,branch_reorganization,1231796793,0.2222222222222222,-0.241349885277586,,1,0.3395622360152768
311,branch_reorganization,1231796793,0.2777777777777778,-0.22512207176833002,,1,0.3395622360152768
311,branch_reorganization,1231796793,0.3333333333333333,-0.27032149373349534,,1,0.3395622360152768
311,branch_reorganization,1231796793,0.38888888888888884,-0.25770724234442904,,1,0.3395622360152768
311,branch_reorganization,1231796793,0.4444444444444444,-0.26035216002082173,,1,0.3395622360152768
311,branch_reorganization,1231796793,0.5,-0.15700310220652705,,1,0.3395622360152768
311,branch_reorganization,1231796793,0.5555555555555556,-0.14077696132329892,,1,0.3395622360152768
311,branch_reorganization,1231796793,0.611111111111111,-0.15387605755732134,,1,0.3395622360152768
311,branch_reorganization,1231796793,0.6666666666666666,-0.19519665054674645,,1,0.3395622360152768
311,branch_reorganization,1231796793,0.7222222222222222,-0.141510081647112,,1,0.3395622360152768
311,branch_reorganization,1231796793,0.7777777777777777,-0.12983318988985332,,0,-0.3395622360152768
311,branch_reorganization,1231796793,0.8333333333333333,-0.13735749403816508,,0,-0.3395622360152768
311,branch_reorganization,1231796793,0.8888888888888888,-0.1933015238795566,,0,-0.3395622360152768
311,branch_reorganization,1231796793,0.9444444444444444,-0.1071594503922543,,0,-0.3395622360152768
311,branch_reorganization,1231796793,1.0,-0.12228560402698804,-0.07252970766246564,0,-0.3395622360152768
312,retention,1679708516,0.0,0.0,-0.00035732773821229446,0,-0.3395622360152768
312,retention,1679708516,0.05555555555555555,0.019698039506792785,,0,-0.3395622360152768
312,retention,1679708516,0.1111111111111111,-0.00422103482230066,,0,-0.3395622360152768
312,retention,1679708516,0.16666666666666666,0.024905572089474526,,0,-0.3395622360152768
312,retention,1679708516,0.2222222222222222,-0.015139697740723743,,0,-0.3395622360152768
312,retention,1679708516,0.2777777777777778,-0.0003967200207657378,,0,-0.3395622360152768
312,retention,1679708516,0.3333333333333333,-0.020505210088867572,,0,-0.3395622360152768
312,retention,1679708516,0.38888888888888884,0.06917528472030485,,0,-0.3395622360152768
312,retention,1679708516,0.4444444444444444,0.0838263194146144,,0,-0.3395622360152768
312,retention,1679708516,0.5,-0.046277579160299856,,0,-0.3395622360152768
312,retention,1679708516,0.5555555555555556,-0.009096988486724918,,0,-0.3395622360152768
312,retention,1679708516,0.611111111111111,0.0015679592845072032,,0,-0.3395622360152768
312,retention,1679708516,0.6666666666666666,0.07292026435829874,,0,-0.3395622360152768
312,retention,1679708516,0.7222222222222222,0.02960217608097465,,0,-0.3395622360152768
312,retention,1679708516,0.7777777777777777,0.004073585954335764,,0,-0.3395622360152768
312,retention,1679708516,0.8333333333333333,-0.037181354053433466,,0,-0.3395622360152768
312,retention,1679708516,0.8888888888888888,-0.09228499347626992,,0,-0.3395622360152768
312,retention,1679708516,0.9444444444444444,-0.1272999748319548,,0,-0.3395622360152768
312,retention,1679708516,1.0,0.01900707654337694,-0.021801220380529562,0,-0.3395622360152768
313,jump,993993407,0.0,0.0,0.014023641184211847,0,-0.3395622360152768
313,jump,993993407,0.05555555555555555,-0.0006126506214142134,,0,-0.3395622360152768
313,jump,993993407,0.1111111111111111,0.02108666436115246,,0,-0.3395622360152768
313,jump,993993407,0.16666666666666666,0.002738210063480951,,0,-0.3395622360152768
313,jump,993993407,0.2222222222222222,0.03986489731329959,,0,-0.3395622360152768
313,jump,993993407,0.2777777777777778,0.0608720388750426,,0,-0.3395622360152768
313,jump,993993407,0.3333333333333333,0.04678905987575605,,0,-0.3395622360152768
313,jump,993993407,0.38888888888888884,-0.018670614501799153,,0,-0.3395622360152768
313,jump,993993407,0.4444444444444444,-0.017321380513692995,,0,-0.3395622360152768
313,jump,993993407,0.5,0.04004787852384438,,0,-0.3395622360152768
313,jump,993993407,0.5555555555555556,0.019709396974784025,,0,-0.3395622360152768
313,jump,993993407,0.611111111111111,0.14597736611377615,,0,-0.3395622360152768
313,jump,993993407,0.6666666666666666,0.066909146207125,,0,-0.3395622360152768
313,jump,993993407,0.7222222222222222,0.10987734901451668,,0,-0.3395622360152768
313,jump,993993407,0.7777777777777777,0.07170708760039173,,0,-0.3395622360152768
313,jump,993993407,0.8333333333333333,0.026579301307639164,,0,-0.3395622360152768
313,jump,993993407,0.8888888888888888,-0.011608243455115515,,0,-0.3395622360152768
313,jump,993993407,0.9444444444444444,-0.03367232778328904,,0,-0.3395622360152768
313,jump,993993407,1.0,0.01307760793523189,0.07351576920595304,0,-0.3395622360152768
314,branch_reorganization,1914152346,0.0,-0.3395622360152768,-0.30964401400888114,0,-0.3395622360152768
314,branch_reorganization,1914152346,0.05555555555555555,-0.28630204017844957,,0,-0.3395622360152768
314,branch_reorganization,1914152346,0.1111111111111111,-0.290575170451942,,0,-0.3395622360152768
314,branch_reorganization,1914152346,0.16666666666666666,-0.4150942207816464,,0,-0.3395622360152768
314,branch_reorganization,1914152346,0.2222222222222222,-0.4431687104587655,,0,-0.3395622360152768
314,branch_reorganization,1914152346,0.2777777777777778,-0.46071416145826943,,0,-0.3395622360152768
314,branch_reorganization,1914152346,0.3333333333333333,-0.35446425113642166,,0,-0.3395622360152768
314,branch_reorganization,1914152346,0.38888888888888884,-0.4155394515690343,,0,-0.3395622360152768
314,branch_reorganization,1914152346,0.4444444444444444,-0.37759282891267215,,0,-0.3395622360152768
314,branch_reorganization,1914152346,0.5,-0.27775828606674313,,0,-0.3395622360152768
314,branch_reorganization,1914152346,0.5555555555555556,-0.3624231025297091,,0,-0.3395622360152768
314,branch_reorganization,1914152346,0.611111111111111,-0.3860787030961506,,0,-0.3395622360152768
314,branch_reorganization,1914152346,0.6666666666666666,-0.4220796270538617,,0,-0.3395622360152768
314,branch_reorganization,1914152346,0.7222222222222222,-0.4590382556520651,,0,-0.3395622360152768
314,branch_reorganization,1914152346,0.7777777777777777,-0.4382964607933988,,0,-0.3395622360152768
314,branch_reorganization,1914152346,0.8333333333333333,-0.44978785211611494,,0,-0.3395622360152768
314,branch_reorganization,1914152346,0.8888888888888888,-0.4680603031928107,,0,-0.3395622360152768
314,branch_reorganization,1914152346,0.9444444444444444,-0.4382310004386909,,0,-0.3395622360152768
314,branch_reorganization,1914152346,1.0,-0.4385504936182714,-0.4905054273755934,0,-0.3395622360152768
315,retention,1727397396,0.0,0.0,0.016571735265841898,0,-0.3395622360152768
315,retention,1727397396,0.05555555555555555,0.0029718705605027702,,0,-0.3395622360152768
315,retention,1727397396,0.1111111111111111,0.01361816110507295,,0,-0.3395622360152768
315,retention,1727397396,0.16666666666666666,0.031807700451860654,,0,-0.3395622360152768
315,retention,1727397396,0.2222222222222222,0.019415298635526594,,0,-0.3395622360152768
315,retention,1727397396,0.2777777777777778,0.041530501049142084,,0,-0.3395622360152768
315,retention,1727397396,0.3333333333333333,-0.004030586945722801,,0,-0.3395622360152768
315,retention,1727397396,0.38888888888888884,0.010674521718433227,,0,-0.3395622360152768
315,retention,1727397396,0.4444444444444444,-0.06248532477108373,,0,-0.3395622360152768
315,retention,1727397396,0.5,0.05629836743454912,,0,-0.3395622360152768
315,retention,1727397396,0.5555555555555556,0.0003529212214437513,,0,-0.3395622360152768
315,retention,1727397396,0.611111111111111,0.013513665348653723,,0,-0.3395622360152768
315,retention,1727397396,0.6666666666666666,-0.041092771547024,,0,-0.3395622360152768
315,retention,1727397396,0.7222222222222222,-0.0770408676760388,,0,-0.3395622360152768
315,retention,1727397396,0.7777777777777777,-0.06761038770633908,,0,-0.3395622360152768
315,retention,1727397396,0.8333333333333333,-0.06634644462584283,,0,-0.3395622360152768
315,retention,1727397396,0.8888888888888888,-0.0341397606750732,,0,-0.3395622360152768
315,retention,1727397396,0.9444444444444444,0.031063102030855674,,0,-0.3395622360152768
315,retention,1727397396,1.0,-0.026931975419931246,-0.00037522170478063166,0,-0.3395622360152768
316,jump,1027838013,0.0,0.0,0.013876414796885058,0,-0.3395622360152768
316,jump,1027838013,0.05555555555555555,-0.1530108284489792,,0,-0.3395622360152768
316,jump,1027838013,0.1111111111111111,-0.09654615247921382,,0,-0.3395622360152768
316,jump,1027838013,0.16666666666666666,-0.10462456474411318,,0,-0.3395622360152768
316,jump,1027838013,0.2222222222222222,-0.1459445225191799,,0,-0.3395622360152768
316,jump,1027838013,0.2777777777777778,-0.00867623411840912,,0,-0.3395622360152768
316,jump,1027838013,0.3333333333333333,-0.08658110096482904,,0,-0.3395622360152768
316,jump,1027838013,0.38888888888888884,-0.18340889772767746,,0,-0.3395622360152768
316,jump,1027838013,0.4444444444444444,-0.18144234035919019,,0,-0.3395622360152768
316,jump,1027838013,0.5,-0.19642636436736252,,0,-0.3395622360152768
316,jump,1027838013,0.5555555555555556,-0.19382390018847817,,0,-0.3395622360152768
316,jump,1027838013,0.611111111111111,-0.15396407646667837,,0,-0.3395622360152768
316,jump,1027838013,0.6666666666666666,-0.07508764142319918,,0,-0.3395622360152768
316,jump,1027838013,0.7222222222222222,-0.0939015553128545,,0,-0.3395622360152768
316,jump,1027838013,0.7777777777777777,-0.07988819110015276,,0,-0.3395622360152768
316,jump,1027838013,0.8333333333333333,-0.03321034724300415,,0,-0.3395622360152768
316,jump,1027838013,0.8888888888888888,0.005009884119942486,,0,-0.3395622360152768
316,jump,1027838013,0.9444444444444444,-0.07983112183680165,,0,-0.3395622360152768
316,jump,1027838013,1.0,-0.11924073996140594,-0.13118976209611297,0,-0.3395622360152768
317,branch_reorganization,634593632,0.0,-0.3395622360152768,-0.28880896384538296,0,-0.3395622360152768
317,branch_reorganization,634593632,0.05555555555555555,-0.33511699146953405,,0,-0.3395622360152768
317,branch_reorganization,634593632,0.1111111111111111,-0.44469926037476337,,0,-0.3395622360152768
317,branch_reorganization,634593632,0.16666666666666666,-0.4234263299022256,,0,-0.3395622360152768
317,branch_reorganization,634593632,0.2222222222222222,-0.4099199172275934,,0,-0.3395622360152768
317,branch_reorganization,634593632,0.2777777777777778,-0.42693117030971045,,0,-0.3395622360152768
317,branch_reorganization,634593632,0.3333333333333333,-0.43792597807890515,,0,-0.3395622360152768
317,branch_reorganization,634593632,0.38888888888888884,-0.4294468875841986,,0,-0.3395622360152768
317,branch_reorganization,634593632,0.4444444444444444,-0.37430633412597114,,0,-0.3395622360152768
317,branch_reorganization,634593632,0.5,-0.3744849574717926,,0,-0.3395622360152768
317,branch_reorganization,634593632,0.5555555555555556,-0.4167702124128556,,0,-0.3395622360152768
317,branch_reorganization,634593632,0.611111111111111,-0.3610392018992217,,0,-0.3395622360152768
317,branch_reorganization,634593632,0.6666666666666666,-0.33605969175067313,,0,-0.3395622360152768
317,branch_reorganization,634593632,0.7222222222222222,-0.31717478447556396,,0,-0.3395622360152768
317,branch_reorganization,634593632,0.7777777777777777,-0.30304918780137186,,0,-0.3395622360152768
317,branch_reorganization,634593632,0.8333333333333333,-0.29944050702275676,,0,-0.3395622360152768
317,branch_reorganization,634593632,0.8888888888888888,-0.3186913730929314,,0,-0.3395622360152768
317,branch_reorganization,634593632,0.9444444444444444,-0.3005206674926305,,0,-0.3395622360152768
317,branch_reorganization,634593632,1.0,-0.34616267706024684,-0.41136549242747983,0,-0.3395622360152768
318,retention,370837049,0.0,0.0,-0.05100421022662536,0,-0.3395622360152768
318,retention,370837049,0.05555555555555555,0.1000852139881953,,0,-0.3395622360152768
318,retention,370837049,0.1111111111111111,0.07238237362538974,,0,-0.3395622360152768
318,retention,370837049,0.16666666666666666,0.055405409526215185,,0,-0.3395622360152768
318,retention,370837049,0.2222222222222222,-0.018252219061939474,,0,-0.3395622360152768
318,retention,370837049,0.2777777777777778,-0.0646675374199029,,0,-0.3395622360152768
318,retention,370837049,0.3333333333333333,-0.14016677872660716,,0,-0.3395622360152768
318,retention,370837049,0.38888888888888884,-0.11831637432614059,,0,-0.3395622360152768
318,retention,370837049,0.4444444444444444,-0.09450668752019492,,0,-0.3395622360152768
318,retention,370837049,0.5,-0.20425860756939296,,0,-0.3395622360152768
318,retention,370837049,0.5555555555555556,-0.2426006560644344,,0,-0.3395622360152768
318,retention,370837049,0.611111111111111,-0.33695737905172235,,0,-0.3395622360152768
318,retention,370837049,0.6666666666666666,-0.41689862939412187,,0,-0.3395622360152768
318,retention,370837049,0.7222222222222222,-0.4597825232509664,,0,-0.3395622360152768
318,retention,370837049,0.7777777777777777,-0.4333504202697269,,0,-0.3395622360152768
318,retention,370837049,0.8333333333333333,-0.39468623022330707,,0,-0.3395622360152768
318,retention,370837049,0.8888888888888888,-0.3666048097341332,,0,-0.3395622360152768
318,retention,370837049,0.9444444444444444,-0.3835809261704486,,0,-0.3395622360152768
318,retention,370837049,1.0,-0.37585440301263223,-0.3502632422961835,0,-0.3395622360152768
319,jump,507539569,0.0,0.0,-0.05842646052486522,0,-0.3395622360152768
319,jump,507539569,0.05555555555555555,-0.021198589932870035,,0,-0.3395622360152768
319,jump,507539569,0.1111111111111111,0.027954399216947225,,0,-0.3395622360152768
319,jump,507539569,0.16666666666666666,0.0012369894263137907,,0,-0.3395622360152768
319,jump,507539569,0.2222222222222222,0.02901420231036883,,0,-0.3395622360152768
319,jump,507539569,0.2777777777777778,0.05464521304712768,,0,-0.3395622360152768
319,jump,507539569,0.3333333333333333,-0.09236854605111647,,0,-0.3395622360152768
319,jump,507539569,0.38888888888888884,-0.1832998307402859,,0,-0.3395622360152768
319,jump,507539569,0.4444444444444444,-0.20642588528538153,,0,-0.3395622360152768
319,jump,507539569,0.5,-0.2292448012208187,,0,-0.3395622360152768
319,jump,507539569,0.5555555555555556,-0.2490756268447584,,0,-0.3395622360152768
319,jump,507539569,0.611111111111111,-0.21193160995693094,,0,-0.3395622360152768
319,jump,507539569,0.6666666666666666,-0.11159319614376857,,0,-0.3395622360152768
319,jump,507539569,0.7222222222222222,-0.12137755661305392,,0,-0.3395622360152768
319,jump,507539569,0.7777777777777777,-0.08517896502493642,,0,-0.3395622360152768
319,jump,507539569,0.8333333333333333,-0.12550628210672737,,0,-0.3395622360152768
319,jump,507539569,0.8888888888888888,-0.09676130319618509,,0,-0.3395622360152768
319,jump,507539569,0.9444444444444444,-0.05652349435298654,,0,-0.3395622360152768
319,jump,507539569,1.0,-0.006692587222015878,-0.07907716757028582,0,-0.3395622360152768
320,branch_reorganization,1078917076,0.0,-0.3395622360152768,-0.3170245083763602,0,-0.3395622360152768
320,branch_reorganization,1078917076,0.05555555555555555,-0.29428179892990813,,0,-0.3395622360152768
320,branch_reorganization,1078917076,0.1111111111111111,-0.36873131371348095,,0,-0.3395622360152768
320,branch_reorganization,1078917076,0.16666666666666666,-0.33000406093272106,,0,-0.3395622360152768
320,branch_reorganization,1078917076,0.2222222222222222,-0.352672563480501,,0,-0.3395622360152768
320,branch_reorganization,1078917076,0.2777777777777778,-0.3844925387310745,,0,-0.3395622360152768
320,branch_reorganization,1078917076,0.3333333333333333,-0.3900776319092609,,0,-0.3395622360152768
320,branch_reorganization,1078917076,0.38888888888888884,-0.4243538892940565,,0,-0.3395622360152768
320,branch_reorganization,1078917076,0.4444444444444444,-0.3907276988987662,,0,-0.3395622360152768
320,branch_reorganization,1078917076,0.5,-0.5437790005979021,,0,-0.3395622360152768
320,branch_reorganization,1078917076,0.5555555555555556,-0.5332117226633861,,0,-0.3395622360152768
320,branch_reorganization,1078917076,0.611111111111111,-0.6017358200108883,,0,-0.3395622360152768
320,branch_reorganization,1078917076,0.6666666666666666,-0.6049670290598923,,0,-0.3395622360152768
320,branch_reorganization,1078917076,0.7222222222222222,-0.6507900244248919,,0,-0.3395622360152768
320,branch_reorganization,1078917076,0.7777777777777777,-0.7274217204298868,,0,-0.3395622360152768
320,branch_reorganization,1078917076,0.8333333333333333,-0.7435409426474747,,0,-0.3395622360152768
320,branch_reorganization,1078917076,0.8888888888888888,-0.7774145910960257,,0,-0.3395622360152768
320,branch_reorganization,1078917076,0.9444444444444444,-0.901645580990829,,0,-0.3395622360152768
320,branch_reorganization,1078917076,1.0,-0.9059331980901006,-0.9665941624243044,0,-0.3395622360152768
321,retention,809169119,0.0,0.0,0.020070797277875044,0,-0.3395622360152768
321,retention,809169119,0.05555555555555555,-0.07813579608864889,,0,-0.3395622360152768
321,retention,809169119,0.1111111111111111,-0.0335543561667637,,0,-0.3395622360152768
321,retention,809169119,0.16666666666666666,-0.02939946741513489,,0,-0.3395622360152768
321,retention,809169119,0.2222222222222222,-0.08466313936376559,,0,-0.3395622360152768
321,retention,809169119,0.2777777777777778,-0.12638880390753376,,0,-0.3395622360152768
321,retention,809169119,0.3333333333333333,-0.1265994819509158,,0,-0.3395622360152768
321,retention,809169119,0.38888888888888884,-0.11533340054877038,,0,-0.3395622360152768
321,retention,809169119,0.4444444444444444,-0.1474858360269954,,0,-0.3395622360152768
321,retention,809169119,0.5,-0.1757243085172254,,0,-0.3395622360152768
321,retention,809169119,0.5555555555555556,-0.15545640084394693,,0,-0.3395622360152768
321,retention,809169119,0.611111111111111,-0.131442776296676,,0,-0.3395622360152768
321,retention,809169119,0.6666666666666666,-0.10739183101718605,,0,-0.3395622360152768
321,retention,809169119,0.7222222222222222,-0.13735386251530815,,0,-0.3395622360152768
321,retention,809169119,0.7777777777777777,-0.07059708508692963,,0,-0.3395622360152768
321,retention,809169119,0.8333333333333333,-0.14978683880451277,,0,-0.3395622360152768
321,retention,809169119,0.8888888888888888,-0.17824573230644897,,0,-0.3395622360152768
321,retention,809169119,0.9444444444444444,-0.120510291593412,,0,-0.3395622360152768
321,retention,809169119,1.0,-0.08358419009325566,-0.13566675128292924,0,-0.3395622360152768
322,jump,1137063219,0.0,0.0,-0.01693198441659387,0,-0.3395622360152768
322,jump,1137063219,0.05555555555555555,-0.010512475962279265,,0,-0.3395622360152768
322,jump,1137063219,0.1111111111111111,-0.002879979672713733,,0,-0.3395622360152768
322,jump,1137063219,0.16666666666666666,-0.036525711154739675,,0,-0.3395622360152768
322,jump,1137063219,0.2222222222222222,-0.13050578162718043,,0,-0.3395622360152768
322,jump,1137063219,0.2777777777777778,-0.10150768602762297,,0,-0.3395622360152768
322,jump,1137063219,0.3333333333333333,-0.07008188474198607,,0,-0.3395622360152768
322,jump,1137063219,0.38888888888888884,-0.08927830735376088,,0,-0.3395622360152768
322,jump,1137063219,0.4444444444444444,-0.1780809719075087,,0,-0.3395622360152768
322,jump,1137063219,0.5,-0.252119122050926,,0,-0.3395622360152768
322,jump,1137063219,0.5555555555555556,-0.13378926383955175,,0,-0.3395622360152768
322,jump,1137063219,0.611111111111111,-0.16427011675495867,,0,-0.3395622360152768
322,jump,1137063219,0.6666666666666666,-0.11307645791207968,,0,-0.3395622360152768
322,jump,1137063219,0.7222222222222222,-0.20220869604684183,,0,-0.3395622360152768
322,jump,1137063219,0.7777777777777777,-0.28365478732262206,,0,-0.3395622360152768
322,jump,1137063219,0.8333333333333333,-0.1509808756308984,,0,-0.3395622360152768
322,jump,1137063219,0.8888888888888888,-0.19319761305550975,,0,-0.3395622360152768
322,jump,1137063219,0.9444444444444444,-0.21584086448152692,,0,-0.3395622360152768
322,jump,1137063219,1.0,-0.18314271245240002,-0.2050273138635291,0,-0.3395622360152768
323,branch_reorganization,1803980066,0.0,-0.3395622360152768,-0.2912433908535843,0,-0.3395622360152768
323,branch_reorganization,1803980066,0.05555555555555555,-0.3532591414871395,,0,-0.3395622360152768
323,branch_reorganization,1803980066,0.1111111111111111,-0.28888816557136443,,0,-0.3395622360152768
323,branch_reorganization,1803980066,0.16666666666666666,-0.3164286148387993,,0,-0.3395622360152768
323,branch_reorganization,1803980066,0.2222222222222222,-0.34099218894640226,,0,-0.3395622360152768
323,branch_reorganization,1803980066,0.2777777777777778,-0.3628984254187025,,0,-0.3395622360152768
323,branch_reorganization,1803980066,0.3333333333333333,-0.4191163206631773,,0,-0.3395622360152768
323,branch_reorganization,1803980066,0.38888888888888884,-0.4040720252260034,,0,-0.3395622360152768
323,branch_reorganization,1803980066,0.4444444444444444,-0.47541418267085983,,0,-0.3395622360152768
323,branch_reorganization,1803980066,0.5,-0.42251952525117636,,0,-0.3395622360152768
323,branch_reorganization,1803980066,0.5555555555555556,-0.46796705896721846,,0,-0.3395622360152768
323,branch_reorganization,1803980066,0.611111111111111,-0.44634799883845644,,0,-0.3395622360152768
323,branch_reorganization,1803980066,0.6666666666666666,-0.3784037707534402,,1,0.3395622360152768
323,branch_reorganization,1803980066,0.7222222222222222,-0.3696866537638985,,1,0.3395622360152768
323,branch_reorganization,1803980066,0.7777777777777777,-0.34411811742954046,,1,0.3395622360152768
323,branch_reorganization,1803980066,0.8333333333333333,-0.30020954870604816,,1,0.3395622360152768
323,branch_reorganization,1803980066,0.8888888888888888,-0.27091056155258325,,1,0.3395622360152768
323,branch_reorganization,1803980066,0.9444444444444444,-0.198845250629321,,1,0.3395622360152768
323,branch_reorganization,1803980066,1.0,-0.09435544744488135,-0.09667785508836077,1,0.3395622360152768
324,retention,1186447701,0.0,0.0,0.06282821971520627,0,-0.3395622360152768
324,retention,1186447701,0.05555555555555555,0.045225384376833454,,0,-0.3395622360152768
324,retention,1186447701,0.1111111111111111,0.2289006308395597,,0,-0.3395622360152768
324,retention,1186447701,0.16666666666666666,0.23257243313457218,,0,-0.3395622360152768
324,retention,1186447701,0.2222222222222222,0.2285557051835487,,0,-0.3395622360152768
324,retention,1186447701,0.2777777777777778,0.29866303477667533,,0,-0.3395622360152768
324,retention,1186447701,0.3333333333333333,0.24884142642113272,,0,-0.3395622360152768
324,retention,1186447701,0.38888888888888884,0.2822319403599298,,0,-0.3395622360152768
324,retention,1186447701,0.4444444444444444,0.3293644439915382,,0,-0.3395622360152768
324,retention,1186447701,0.5,0.3186811824219208,,0,-0.3395622360152768
324,retention,1186447701,0.5555555555555556,0.3227789594074462,,0,-0.3395622360152768
324,retention,1186447701,0.611111111111111,0.3232568185855061,,0,-0.3395622360152768
324,retention,1186447701,0.6666666666666666,0.31212603655102644,,0,-0.3395622360152768
324,retention,1186447701,0.7222222222222222,0.3617152180554386,,0,-0.3395622360152768
324,retention,1186447701,0.7777777777777777,0.34669591557124363,,0,-0.3395622360152768
324,retention,1186447701,0.8333333333333333,0.41142352487487593,,0,-0.3395622360152768
324,retention,1186447701,0.8888888888888888,0.37437107232943867,,0,-0.3395622360152768
324,retention,1186447701,0.9444444444444444,0.3967198582541341,,0,-0.3395622360152768
324,retention,1186447701,1.0,0.37022570406078514,0.38251243359447223,0,-0.3395622360152768
325,jump,1632688741,0.0,0.0,-0.05642604046111073,0,-0.3395622360152768
325,jump,1632688741,0.05555555555555555,0.06525209370213969,,0,-0.3395622360152768
325,jump,1632688741,0.1111111111111111,0.062056953917309816,,0,-0.3395622360152768
325,jump,1632688741,0.16666666666666666,0.05221629699995714,,0,-0.3395622360152768
325,jump,1632688741,0.2222222222222222,-0.044899231885593346,,0,-0.3395622360152768
325,jump,1632688741,0.2777777777777778,-0.011978259680545847,,0,-0.3395622360152768
325,jump,1632688741,0.3333333333333333,-0.08011331504433272,,0,-0.3395622360152768
325,jump,1632688741,0.38888888888888884,-0.07841204061806169,,0,-0.3395622360152768
325,jump,1632688741,0.4444444444444444,-0.1069207598023712,,0,-0.3395622360152768
325,jump,1632688741,0.5,-0.13177083613357443,,0,-0.3395622360152768
325,jump,1632688741,0.5555555555555556,-0.1354004359579689,,0,-0.3395622360152768
325,jump,1632688741,0.611111111111111,-0.11416255829718767,,0,-0.3395622360152768
325,jump,1632688741,0.6666666666666666,-0.1396345571129291,,0,-0.3395622360152768
325,jump,1632688741,0.7222222222222222,-0.19289343035190304,,0,-0.3395622360152768
325,jump,1632688741,0.7777777777777777,-0.23088775014100432,,0,-0.3395622360152768
325,jump,1632688741,0.8333333333333333,-0.24128002604679402,,0,-0.3395622360152768
325,jump,1632688741,0.8888888888888888,-0.21609209050900202,,0,-0.3395622360152768
325,jump,1632688741,0.9444444444444444,-0.16946946672134672,,0,-0.3395622360152768
325,jump,1632688741,1.0,-0.28775774177140445,-0.31150107339174093,0,-0.3395622360152768
326,branch_reorganization,1206066320,0.0,-0.3395622360152768,-0.3476705919146028,0,-0.3395622360152768
326,branch_reorganization,1206066320,0.05555555555555555,-0.31879018789984265,,0,-0.3395622360152768
326,branch_reorganization,1206066320,0.1111111111111111,-0.3272868559164098,,0,-0.3395622360152768
326,branch_reorganization,1206066320,0.16666666666666666,-0.38998067966022654,,0,-0.3395622360152768
326,branch_reorganization,1206066320,0.2222222222222222,-0.3559875831029199,,0,-0.3395622360152768
326,branch_reorganization,1206066320,0.2777777777777778,-0.3896338683226875,,0,-0.3395622360152768
326,branch_reorganization,1206066320,0.3333333333333333,-0.43147547764647637,,0,-0.3395622360152768
326,branch_reorganization,1206066320,0.38888888888888884,-0.48775877289175645,,0,-0.3395622360152768
326,branch_reorganization,1206066320,0.4444444444444444,-0.40724447564032024,,0,-0.3395622360152768
326,branch_reorganization,1206066320,0.5,-0.3412579786332178,,1,0.3395622360152768
326,branch_reorganization,1206066320,0.5555555555555556,-0.36888911295014637,,1,0.3395622360152768
326,branch_reorganization,1206066320,0.611111111111111,-0.34509177171081895,,1,0.3395622360152768
326,branch_reorganization,1206066320,0.6666666666666666,-0.22301604990624052,,1,0.3395622360152768
326,branch_reorganization,1206066320,0.7222222222222222,-0.21788706373817548,,1,0.3395622360152768
326,branch_reorganization,1206066320,0.7777777777777777,-0.17605284549248024,,1,0.3395622360152768
326,branch_reorganization,1206066320,0.8333333333333333,-0.06216269983541975,,1,0.3395622360152768
326,branch_reorganization,1206066320,0.8888888888888888,0.03080919080310253,,1,0.3395622360152768
326,branch_reorganization,1206066320,0.9444444444444444,0.07122049880189245,,1,0.3395622360152768
326,branch_reorganization,1206066320,1.0,-0.062311555847503614,-0.07330403406260079,1,0.3395622360152768
327,retention,2104475142,0.0,0.0,0.009890995668244754,0,-0.3395622360152768
327,retention,2104475142,0.05555555555555555,-0.004494532118100296,,0,-0.3395622360152768
327,retention,2104475142,0.1111111111111111,0.05578004269632855,,0,-0.3395622360152768
327,retention,2104475142,0.16666666666666666,0.02967916744544783,,0,-0.3395622360152768
327,retention,2104475142,0.2222222222222222,0.08032543305656835,,0,-0.3395622360152768
327,retention,2104475142,0.2777777777777778,0.1334166717979998,,0,-0.3395622360152768
327,retention,2104475142,0.3333333333333333,0.22935940264935803,,0,-0.3395622360152768
327,retention,2104475142,0.38888888888888884,0.18847709891351663,,0,-0.3395622360152768
327,retention,2104475142,0.4444444444444444,0.1438707017675503,,0,-0.3395622360152768
327,retention,2104475142,0.5,0.08749896496189943,,0,-0.3395622360152768
327,retention,2104475142,0.5555555555555556,0.02111193112922974,,0,-0.3395622360152768
327,retention,2104475142,0.611111111111111,0.08755829655420459,,0,-0.3395622360152768
327,retention,2104475142,0.6666666666666666,0.1864790382832595,,0,-0.3395622360152768
327,retention,2104475142,0.7222222222222222,0.1910089848452728,,0,-0.3395622360152768
327,retention,2104475142,0.7777777777777777,0.21456802168447708,,0,-0.3395622360152768
327,retention,2104475142,0.8333333333333333,0.28942231207347746,,0,-0.3395622360152768
327,retention,2104475142,0.8888888888888888,0.2884217862347949,,0,-0.3395622360152768
327,retention,2104475142,0.9444444444444444,0.2410653781209589,,0,-0.3395622360152768
327,retention,2104475142,1.0,0.12258095587555262,0.07889497062412068,0,-0.3395622360152768
328,jump,91057434,0.0,0.0,0.01795977066789868,0,-0.3395622360152768
328,jump,91057434,0.05555555555555555,-0.04230010594175138,,0,-0.3395622360152768
328,jump,91057434,0.1111111111111111,-0.060930382046616965,,0,-0.3395622360152768
328,jump,91057434,0.16666666666666666,-0.12662313626106037,,0,-0.3395622360152768
328,jump,91057434,0.2222222222222222,-0.12744662346512087,,0,-0.3395622360152768
328,jump,91057434,0.2777777777777778,-0.15105075853651917,,0,-0.3395622360152768
328,jump,91057434,0.3333333333333333,-0.110079834219717,,0,-0.3395622360152768
328,jump,91057434,0.38888888888888884,-0.09218528434276758,,0,-0.3395622360152768
328,jump,91057434,0.4444444444444444,0.016907966434163313,,0,-0.3395622360152768
328,jump,91057434,0.5,0.006157499116989233,,0,-0.3395622360152768
328,jump,91057434,0.5555555555555556,0.03865644295077164,,0,-0.3395622360152768
328,jump,91057434,0.611111111111111,0.029573639010145657,,0,-0.3395622360152768
328,jump,91057434,0.6666666666666666,0.11848827756753519,,0,-0.3395622360152768
328,jump,91057434,0.7222222222222222,0.0902620227199039,,0,-0.3395622360152768
328,jump,91057434,0.7777777777777777,0.1780091285061824,,0,-0.3395622360152768
328,jump,91057434,0.8333333333333333,0.15267473779235027,,0,-0.3395622360152768
328,jump,91057434,0.8888888888888888,0.16188371154575176,,0,-0.3395622360152768
328,jump,91057434,0.9444444444444444,0.11237039116065273,,0,-0.3395622360152768
328,jump,91057434,1.0,0.14350874488122167,0.1306673186485694,0,-0.3395622360152768
329,branch_reorganization,1834709727,0.0,-0.3395622360152768,-0.2874316761768499,0,-0.3395622360152768
329,branch_reorganization,1834709727,0.05555555555555555,-0.36201932553041793,,0,-0.3395622360152768
329,branch_reorganization,1834709727,0.1111111111111111,-0.36807478256897264,,0,-0.3395622360152768
329,branch_reorganization,1834709727,0.16666666666666666,-0.42301950920133147,,0,-0.3395622360152768
329,branch_reorganization,1834709727,0.2222222222222222,-0.3788296557717972,,0,-0.3395622360152768
329,branch_reorganization,1834709727,0.2777777777777778,-0.375033510153535,,0,-0.3395622360152768
329,branch_reorganization,1834709727,0.3333333333333333,-0.341434268668693,,1,0.3395622360152768
329,branch_reorganization,1834709727,0.38888888888888884,-0.22123718439843953,,1,0.3395622360152768
329,branch_reorganization,1834709727,0.4444444444444444,-0.2429106730878508,,1,0.3395622360152768
329,branch_reorganization,1834709727,0.5,-0.2724110832272454,,1,0.3395622360152768
329,branch_reorganization,1834709727,0.5555555555555556,-0.24989659242009912,,1,0.3395622360152768
329,branch_reorganization,1834709727,0.611111111111111,-0.3403680427771879,,1,0.3395622360152768
329,branch_reorganization,1834709727,0.6666666666666666,-0.37025448132629174,,1,0.3395622360152768
329,branch_reorganization,1834709727,0.7222222222222222,-0.3235718698299379,,1,0.3395622360152768
329,branch_reorganization,1834709727,0.7777777777777777,-0.363073272641806,,1,0.3395622360152768
329,branch_reorganization,1834709727,0.8333333333333333,-0.3749230969394558,,1,0.3395622360152768
329,branch_reorganization,1834709727,0.8888888888888888,-0.33136682539272183,,1,0.3395622360152768
329,branch_reorganization,1834709727,0.9444444444444444,-0.3647557440446305,,1,0.3395622360152768
329,branch_reorganization,1834709727,1.0,-0.3506823693745783,-0.41175779259782996,1,0.3395622360152768
330,retention,1172366934,0.0,0.0,0.003922338776369663,0,-0.3395622360152768
330,retention,1172366934,0.05555555555555555,0.04575544478102981,,0,-0.3395622360152768
330,retention,1172366934,0.1111111111111111,-0.006830249368556994,,0,-0.3395622360152768
330,retention,1172366934,0.16666666666666666,0.0325852325338693,,0,-0.3395622360152768
330,retention,1172366934,0.2222222222222222,0.031504367812281824,,0,-0.3395622360152768
330,retention,1172366934,0.2777777777777778,0.11326249593450706,,0,-0.3395622360152768
330,retention,1172366934,0.3333333333333333,0.09039371440627708,,0,-0.3395622360152768
330,retention,1172366934,0.38888888888888884,0.10775394437460938,,0,-0.3395622360152768
330,retention,1172366934,0.4444444444444444,0.10188666767928053,,0,-0.3395622360152768
330,retention,1172366934,0.5,0.05573114761803837,,0,-0.3395622360152768
330,retention,1172366934,0.5555555555555556,0.12939002003300176,,0,-0.3395622360152768
330,retention,1172366934,0.611111111111111,0.19586580582104227,,0,-0.3395622360152768
330,retention,1172366934,0.6666666666666666,0.1253767263621784,,0,-0.3395622360152768
330,retention,1172366934,0.7222222222222222,0.10878227421665568,,0,-0.3395622360152768
330,retention,1172366934,0.7777777777777777,0.18107928605000992,,0,-0.3395622360152768
330,retention,1172366934,0.8333333333333333,0.2278276675235059,,0,-0.3395622360152768
330,retention,1172366934,0.8888888888888888,0.22123044087568783,,0,-0.3395622360152768
330,retention,1172366934,0.9444444444444444,0.2178201822612026,,0,-0.3395622360152768
330,retention,1172366934,1.0,0.18642776913236225,0.13845115771536096,0,-0.3395622360152768
331,jump,95824665,0.0,0.0,-0.03631957785201524,0,-0.3395622360152768
331,jump,95824665,0.05555555555555555,0.021258631656333085,,0,-0.3395622360152768
331,jump,95824665,0.1111111111111111,-0.0012313186356691895,,0,-0.3395622360152768
331,jump,95824665,0.16666666666666666,-0.0550804922922119,,0,-0.3395622360152768
331,jump,95824665,0.2222222222222222,-0.052985250662491386,,0,-0.3395622360152768
331,jump,95824665,0.2777777777777778,-0.06601315012001883,,0,-0.3395622360152768
331,jump,95824665,0.3333333333333333,-0.02856411203258992,,0,-0.3395622360152768
331,jump,95824665,0.38888888888888884,-0.09533727706131899,,0,-0.3395622360152768
331,jump,95824665,0.4444444444444444,-0.045439408880775606,,0,-0.3395622360152768
331,jump,95824665,0.5,0.06406951553600235,,0,-0.3395622360152768
331,jump,95824665,0.5555555555555556,0.008005211960570281,,0,-0.3395622360152768
331,jump,95824665,0.611111111111111,-0.02902738027600412,,0,-0.3395622360152768
331,jump,95824665,0.6666666666666666,0.026612842687588865,,0,-0.3395622360152768
331,jump,95824665,0.7222222222222222,-0.09564326593562955,,0,-0.3395622360152768
331,jump,95824665,0.7777777777777777,-0.11302440564899004,,0,-0.3395622360152768
331,jump,95824665,0.8333333333333333,-0.08355891310210127,,0,-0.3395622360152768
331,jump,95824665,0.8888888888888888,0.03146164806663028,,0,-0.3395622360152768
331,jump,95824665,0.9444444444444444,0.043371315760369955,,0,-0.3395622360152768
331,jump,95824665,1.0,0.052382375572468706,0.024070635102434637,0,-0.3395622360152768
332,branch_reorganization,1312508869,0.0,-0.3395622360152768,-0.3437094474594215,0,-0.3395622360152768
332,branch_reorganization,1312508869,0.05555555555555555,-0.2900981959539073,,0,-0.3395622360152768
332,branch_reorganization,1312508869,0.1111111111111111,-0.3776540877986798,,0,-0.3395622360152768
332,branch_reorganization,1312508869,0.16666666666666666,-0.34397366597018064,,0,-0.3395622360152768
332,branch_reorganization,1312508869,0.2222222222222222,-0.37981696601409626,,0,-0.3395622360152768
332,branch_reorganization,1312508869,0.2777777777777778,-0.35403663437057786,,0,-0.3395622360152768
332,branch_reorganization,1312508869,0.3333333333333333,-0.4241808419116631,,0,-0.3395622360152768
332,branch_reorganization,1312508869,0.38888888888888884,-0.52601720002746,,0,-0.3395622360152768
332,branch_reorganization,1312508869,0.4444444444444444,-0.5690799088704575,,0,-0.3395622360152768
332,branch_reorganization,1312508869,0.5,-0.5247918632625711,,0,-0.3395622360152768
332,branch_reorganization,1312508869,0.5555555555555556,-0.5461417141293944,,0,-0.3395622360152768
332,branch_reorganization,1312508869,0.611111111111111,-0.5422176111508654,,0,-0.3395622360152768
332,branch_reorganization,1312508869,0.6666666666666666,-0.5271199588106423,,0,-0.3395622360152768
332,branch_reorganization,1312508869,0.7222222222222222,-0.5397046724781187,,1,0.3395622360152768
332,branch_reorganization,1312508869,0.7777777777777777,-0.5066176855725125,,1,0.3395622360152768
332,branch_reorganization,1312508869,0.8333333333333333,-0.47458713658707513,,1,0.3395622360152768
332,branch_reorganization,1312508869,0.8888888888888888,-0.5339231706638944,,1,0.3395622360152768
332,branch_reorganization,1312508869,0.9444444444444444,-0.4542386005178068,,1,0.3395622360152768
332,branch_reorganization,1312508869,1.0,-0.4060661626688914,-0.4078816564173589,1,0.3395622360152768
333,retention,1742766038,0.0,0.0,-0.017144488295796588,0,-0.3395622360152768
333,retention,1742766038,0.05555555555555555,4.2523342123044934e-05,,0,-0.3395622360152768
333,retention,1742766038,0.1111111111111111,0.03458173854801408,,0,-0.3395622360152768
333,retention,1742766038,0.16666666666666666,0.0065695628218045594,,0,-0.3395622360152768
333,retention,1742766038,0.2222222222222222,0.028157535753497172,,0,-0.3395622360152768
333,retention,1742766038,0.2777777777777778,0.04106979450838459,,0,-0.3395622360152768
333,retention,1742766038,0.3333333333333333,0.009043840063941468,,0,-0.3395622360152768
333,retention,1742766038,0.38888888888888884,0.05781629458313601,,0,-0.3395622360152768
333,retention,1742766038,0.4444444444444444,0.04180193522233271,,0,-0.3395622360152768
333,retention,1742766038,0.5,0.0006913254290263487,,0,-0.3395622360152768
333,retention,1742766038,0.5555555555555556,0.06768074737786854,,0,-0.3395622360152768
333,retention,1742766038,0.611111111111111,0.08379624269806406,,0,-0.3395622360152768
333,retention,1742766038,0.6666666666666666,0.0562070640367813,,0,-0.3395622360152768
333,retention,1742766038,0.7222222222222222,0.0629575529762202,,0,-0.3395622360152768
333,retention,1742766038,0.7777777777777777,0.012733988036990364,,0,-0.3395622360152768
333,retention,1742766038,0.8333333333333333,0.028959795663077544,,0,-0.3395622360152768
333,retention,1742766038,0.8888888888888888,0.028747564733698987,,0,-0.3395622360152768
333,retention,1742766038,0.9444444444444444,-0.010670876360457868,,0,-0.3395622360152768
333,retention,1742766038,1.0,-0.06444822541242012,-0.07867432550607156,0,-0.3395622360152768
334,jump,500344802,0.0,0.0,-0.027884222525810205,0,-0.3395622360152768
334,jump,500344802,0.05555555555555555,-0.05819402632999631,,0,-0.3395622360152768
334,jump,500344802,0.1111111111111111,-0.010486968293780465,,0,-0.3395622360152768
334,jump,500344802,0.16666666666666666,-0.05344603253996121,,0,-0.3395622360152768
334,jump,500344802,0.2222222222222222,-0.11136162014272925,,0,-0.3395622360152768
334,jump,500344802,0.2777777777777778,-0.042455536962841836,,0,-0.3395622360152768
334,jump,500344802,0.3333333333333333,-0.05510302436937247,,0,-0.3395622360152768
334,jump,500344802,0.38888888888888884,-0.0679619810896146,,0,-0.3395622360152768
334,jump,500344802,0.4444444444444444,-0.040845566982713494,,0,-0.3395622360152768
334,jump,500344802,0.5,-0.0994701986070508,,0,-0.3395622360152768
334,jump,500344802,0.5555555555555556,-0.05939222864236982,,0,-0.3395622360152768
334,jump,500344802,0.611111111111111,-0.15364696435654596,,0,-0.3395622360152768
334,jump,500344802,0.6666666666666666,-0.16090454101228693,,0,-0.3395622360152768
334,jump,500344802,0.7222222222222222,-0.1733462676432001,,0,-0.3395622360152768
334,jump,500344802,0.7777777777777777,-0.16680708306774455,,0,-0.3395622360152768
334,jump,500344802,0.8333333333333333,-0.1728827141754291,,0,-0.3395622360152768
334,jump,500344802,0.8888888888888888,-0.06713767137732621,,0,-0.3395622360152768
334,jump,500344802,0.9444444444444444,0.09750245021290706,,0,-0.3395622360152768
334,jump,500344802,1.0,0.11482656816586308,0.07760249565688618,0,-0.3395622360152768
335,branch_reorganization,633279773,0.0,-0.3395622360152768,-0.3818581614571153,0,-0.3395622360152768
335,branch_reorganization,633279773,0.05555555555555555,-0.33633396578956715,,0,-0.3395622360152768
335,branch_reorganization,633279773,0.1111111111111111,-0.2964427635471248,,0,-0.3395622360152768
335,branch_reorganization,633279773,0.16666666666666666,-0.22806555267692977,,0,-0.3395622360152768
335,branch_reorganization,633279773,0.2222222222222222,-0.2084234879876267,,0,-0.3395622360152768
335,branch_reorganization,633279773,0.2777777777777778,-0.25903457765783866,,0,-0.3395622360152768
335,branch_reorganization,633279773,0.3333333333333333,-0.3075049517152878,,0,-0.3395622360152768
335,branch_reorganization,633279773,0.38888888888888884,-0.37327782026424255,,0,-0.3395622360152768
335,branch_reorganization,633279773,0.4444444444444444,-0.28256337988453406,,0,-0.3395622360152768
335,branch_reorganization,633279773,0.5,-0.31292656831600574,,0,-0.3395622360152768
335,branch_reorganization,633279773,0.5555555555555556,-0.25955210662946965,,0,-0.3395622360152768
335,branch_reorganization,633279773,0.611111111111111,-0.19301516371556088,,0,-0.3395622360152768
335,branch_reorganization,633279773,0.6666666666666666,-0.22139125371356094,,0,-0.3395622360152768
335,branch_reorganization,633279773,0.7222222222222222,-0.2588841084348533,,0,-0.3395622360152768
335,branch_reorganization,633279773,0.7777777777777777,-0.3316090136676468,,0,-0.3395622360152768
335,branch_reorganization,633279773,0.8333333333333333,-0.3463095659327211,,0,-0.3395622360152768
335,branch_reorganization,633279773,0.8888888888888888,-0.31500521220243743,,0,-0.3395622360152768
335,branch_reorganization,633279773,0.9444444444444444,-0.32715848260732594,,0,-0.3395622360152768
335,branch_reorganization,633279773,1.0,-0.31145401548460155,-0.3376783701541393,0,-0.3395622360152768
336,retention,689355740,0.0,0.0,0.008873508779563851,0,-0.3395622360152768
336,retention,689355740,0.05555555555555555,0.04465435121489318,,0,-0.3395622360152768
336,retention,689355740,0.1111111111111111,0.09979115598658395,,0,-0.3395622360152768
336,retention,689355740,0.16666666666666666,0.13436156644675307,,0,-0.3395622360152768
336,retention,689355740,0.2222222222222222,0.19306703685342846,,0,-0.3395622360152768
336,retention,689355740,0.2777777777777778,0.07224563136137786,,0,-0.3395622360152768
336,retention,689355740,0.3333333333333333,0.07315224023156205,,0,-0.3395622360152768
336,retention,689355740,0.38888888888888884,0.045140122223104595,,0,-0.3395622360152768
336,retention,689355740,0.4444444444444444,0.01914926939019835,,0,-0.3395622360152768
336,retention,689355740,0.5,-0.027798107125606087,,0,-0.3395622360152768
336,retention,689355740,0.5555555555555556,0.06158789114160883,,0,-0.3395622360152768
336,retention,689355740,0.611111111111111,0.10785092759420556,,0,-0.3395622360152768
336,retention,689355740,0.6666666666666666,0.08989554213124279,,0,-0.3395622360152768
336,retention,689355740,0.7222222222222222,0.054658560141659936,,0,-0.3395622360152768
336,retention,689355740,0.7777777777777777,-0.006432545580670003,,0,-0.3395622360152768
336,retention,689355740,0.8333333333333333,-0.04068725062746978,,0,-0.3395622360152768
336,retention,689355740,0.8888888888888888,-0.03379049143573115,,0,-0.3395622360152768
336,retention,689355740,0.9444444444444444,-0.0749292366552349,,0,-0.3395622360152768
336,retention,689355740,1.0,-0.07339060942579158,-0.11868010924756418,0,-0.3395622360152768
337,jump,13298927,0.0,0.0,-0.08331145908563002,0,-0.3395622360152768
337,jump,13298927,0.05555555555555555,0.013613712318936459,,0,-0.3395622360152768
337,jump,13298927,0.1111111111111111,0.008039212018580886,,0,-0.3395622360152768
337,jump,13298927,0.16666666666666666,-0.04203104688995188,,0,-0.3395622360152768
337,jump,13298927,0.2222222222222222,-0.1004740030009135,,0,-0.3395622360152768
337,jump,13298927,0.2777777777777778,-0.095405365718191,,0,-0.3395622360152768
337,jump,13298927,0.3333333333333333,-0.17783292555561964,,0,-0.3395622360152768
337,jump,13298927,0.38888888888888884,-0.1315155393665022,,0,-0.3395622360152768
337,jump,13298927,0.4444444444444444,-0.13349282134065021,,0,-0.3395622360152768
337,jump,13298927,0.5,-0.10218448269172697,,0,-0.3395622360152768
337,jump,13298927,0.5555555555555556,-0.15033894067339185,,0,-0.3395622360152768
337,jump,13298927,0.611111111111111,-0.16358515508631227,,0,-0.3395622360152768
337,jump,13298927,0.6666666666666666,-0.15544637353504448,,0,-0.3395622360152768
337,jump,13298927,0.7222222222222222,-0.1666002936886793,,0,-0.3395622360152768
337,jump,13298927,0.7777777777777777,-0.16492425820447265,,0,-0.3395622360152768
337,jump,13298927,0.8333333333333333,-0.15588842077084802,,0,-0.3395622360152768
337,jump,13298927,0.8888888888888888,-0.17229732577879195,,0,-0.3395622360152768
337,jump,13298927,0.9444444444444444,-0.10974593932880602,,0,-0.3395622360152768
337,jump,13298927,1.0,-0.09919239584889553,-0.07669616791512955,0,-0.3395622360152768
338,branch_reorganization,259587175,0.0,-0.3395622360152768,-0.31696219696657824,0,-0.3395622360152768
338,branch_reorganization,259587175,0.05555555555555555,-0.23595621536845762,,1,0.3395622360152768
338,branch_reorganization,259587175,0.1111111111111111,-0.2342121967837302,,0,-0.3395622360152768
338,branch_reorganization,259587175,0.16666666666666666,-0.19107450352402186,,0,-0.3395622360152768
338,branch_reorganization,259587175,0.2222222222222222,-0.1036458541614837,,0,-0.3395622360152768
338,branch_reorganization,259587175,0.2777777777777778,-0.14454049949347594,,0,-0.3395622360152768
338,branch_reorganization,259587175,0.3333333333333333,-0.17290980688466734,,0,-0.3395622360152768
338,branch_reorganization,259587175,0.38888888888888884,-0.13810031763129693,,0,-0.3395622360152768
338,branch_reorganization,259587175,0.4444444444444444,-0.13234076655496474,,0,-0.3395622360152768
338,branch_reorganization,259587175,0.5,-0.1624345837931515,,0,-0.3395622360152768
338,branch_reorganization,259587175,0.5555555555555556,-0.0999557912207235,,0,-0.3395622360152768
338,branch_reorganization,259587175,0.611111111111111,-0.08791396332000179,,0,-0.3395622360152768
338,branch_reorganization,259587175,0.6666666666666666,-0.06012920491615365,,0,-0.3395622360152768
338,branch_reorganization,259587175,0.7222222222222222,-0.0598622878073579,,0,-0.3395622360152768
338,branch_reorganization,259587175,0.7777777777777777,-0.18628771498275648,,0,-0.3395622360152768
338,branch_reorganization,259587175,0.8333333333333333,-0.2048607415920995,,0,-0.3395622360152768
338,branch_reorganization,259587175,0.8888888888888888,-0.25967483194071705,,0,-0.3395622360152768
338,branch_reorganization,259587175,0.9444444444444444,-0.20948896069672823,,0,-0.3395622360152768
338,branch_reorganization,259587175,1.0,-0.3325105273193564,-0.3131102822026009,1,0.3395622360152768
339,retention,1464780479,0.0,0.0,-0.018083880956751477,0,-0.3395622360152768
339,retention,1464780479,0.05555555555555555,0.0037715201664819107,,0,-0.3395622360152768
339,retention,1464780479,0.1111111111111111,0.003689497977651271,,0,-0.3395622360152768
339,retention,1464780479,0.16666666666666666,-0.02614044059305939,,0,-0.3395622360152768
339,retention,1464780479,0.2222222222222222,-0.02492081600000634,,0,-0.3395622360152768
339,retention,1464780479,0.2777777777777778,-0.0809962572184296,,0,-0.3395622360152768
339,retention,1464780479,0.3333333333333333,-0.1133000281578436,,0,-0.3395622360152768
339,retention,1464780479,0.38888888888888884,-0.09788576655421263,,0,-0.3395622360152768
339,retention,1464780479,0.4444444444444444,-0.1262829110139995,,0,-0.3395622360152768
339,retention,1464780479,0.5,-0.10425420997735163,,0,-0.3395622360152768
339,retention,1464780479,0.5555555555555556,-0.031083771956747455,,0,-0.3395622360152768
339,retention,1464780479,0.611111111111111,-0.06922075344722031,,0,-0.3395622360152768
339,retention,1464780479,0.6666666666666666,-0.1279400773799823,,0,-0.3395622360152768
339,retention,1464780479,0.7222222222222222,-0.17556875778746922,,0,-0.3395622360152768
339,retention,1464780479,0.7777777777777777,-0.13747783655864326,,0,-0.3395622360152768
339,retention,1464780479,0.8333333333333333,-0.1731618645032494,,0,-0.3395622360152768
339,retention,1464780479,0.8888888888888888,-0.10698534579552012,,0,-0.3395622360152768
339,retention,1464780479,0.9444444444444444,-0.013974338648865131,,0,-0.3395622360152768
339,retention,1464780479,1.0,0.008184867122292562,0.025732826411010983,0,-0.3395622360152768
340,jump,278286783,0.0,0.0,0.022071850715267308,0,-0.3395622360152768
340,jump,278286783,0.05555555555555555,-0.021846774908799,,0,-0.3395622360152768
340,jump,278286783,0.1111111111111111,-0.11984066069816782,,0,-0.3395622360152768
340,jump,278286783,0.16666666666666666,-0.11401365061768846,,0,-0.3395622360152768
340,jump,278286783,0.2222222222222222,-0.19649009019870797,,0,-0.3395622360152768
340,jump,278286783,0.2777777777777778,-0.11288719872359249,,0,-0.3395622360152768
340,jump,278286783,0.3333333333333333,-0.057629427142934654,,0,-0.3395622360152768
340,jump,278286783,0.38888888888888884,-0.02201451246816683,,0,-0.3395622360152768
340,jump,278286783,0.4444444444444444,-0.08189141511267084,,0,-0.3395622360152768
340,jump,278286783,0.5,-0.028228030183281655,,0,-0.3395622360152768
340,jump,278286783,0.5555555555555556,-0.10779738823427451,,0,-0.3395622360152768
340,jump,278286783,0.611111111111111,-0.15193712371109658,,0,-0.3395622360152768
340,jump,278286783,0.6666666666666666,-0.19361872230056507,,0,-0.3395622360152768
340,jump,278286783,0.7222222222222222,-0.0872534623737833,,0,-0.3395622360152768
340,jump,278286783,0.7777777777777777,-0.08758264657945744,,0,-0.3395622360152768
340,jump,278286783,0.8333333333333333,0.010703608608760629,,0,-0.3395622360152768
340,jump,278286783,0.8888888888888888,0.024138333669892133,,0,-0.3395622360152768
340,jump,278286783,0.9444444444444444,0.09522718618653729,,0,-0.3395622360152768
340,jump,278286783,1.0,0.10367329830138737,0.1379684669770436,0,-0.3395622360152768
341,branch_reorganization,156025791,0.0,-0.3395622360152768,-0.3255058979985377,0,-0.3395622360152768
341,branch_reorganization,156025791,0.05555555555555555,-0.3372835358673582,,0,-0.3395622360152768
341,branch_reorganization,156025791,0.1111111111111111,-0.2540691326740582,,0,-0.3395622360152768
341,branch_reorganization,156025791,0.16666666666666666,-0.2695699142285816,,0,-0.3395622360152768
341,branch_reorganization,156025791,0.2222222222222222,-0.1783203339241803,,0,-0.3395622360152768
341,branch_reorganization,156025791,0.2777777777777778,-0.14694466621212693,,0,-0.3395622360152768
341,branch_reorganization,156025791,0.3333333333333333,-0.12380516646892437,,0,-0.3395622360152768
341,branch_reorganization,156025791,0.38888888888888884,-0.15287053414236404,,0,-0.3395622360152768
341,branch_reorganization,156025791,0.4444444444444444,-0.11372037661418623,,0,-0.3395622360152768
341,branch_reorganization,156025791,0.5,-0.12663021249356224,,0,-0.3395622360152768
341,branch_reorganization,156025791,0.5555555555555556,-0.1842551792785266,,0,-0.3395622360152768
341,branch_reorganization,156025791,0.611111111111111,-0.24568869002113514,,0,-0.3395622360152768
341,branch_reorganization,156025791,0.6666666666666666,-0.2549786180516298,,0,-0.3395622360152768
341,branch_reorganization,156025791,0.7222222222222222,-0.2791591415272838,,0,-0.3395622360152768
341,branch_reorganization,156025791,0.7777777777777777,-0.28908930066467553,,0,-0.3395622360152768
341,branch_reorganization,156025791,0.8333333333333333,-0.29096225240678436,,0,-0.3395622360152768
341,branch_reorganization,156025791,0.8888888888888888,-0.3056695979985994,,0,-0.3395622360152768
341,branch_reorganization,156025791,0.9444444444444444,-0.2930257613247781,,0,-0.3395622360152768
341,branch_reorganization,156025791,1.0,-0.38195112232238826,-0.4361602361500328,0,-0.3395622360152768
342,retention,2143093371,0.0,0.0,-0.020110177621710173,0,-0.3395622360152768
342,retention,2143093371,0.05555555555555555,-0.05231825478176895,,0,-0.3395622360152768
342,retention,2143093371,0.1111111111111111,-0.10207733420701062,,0,-0.3395622360152768
342,retention,2143093371,0.16666666666666666,-0.054279379209454436,,0,-0.3395622360152768
342,retention,2143093371,0.2222222222222222,-0.009640607588216027,,0,-0.3395622360152768
342,retention,2143093371,0.2777777777777778,-0.038360985896398525,,0,-0.3395622360152768
342,retention,2143093371,0.3333333333333333,0.02317527294684732,,0,-0.3395622360152768
342,retention,2143093371,0.38888888888888884,0.0657526547122024,,0,-0.3395622360152768
342,retention,2143093371,0.4444444444444444,0.07640939974010967,,0,-0.3395622360152768
342,retention,2143093371,0.5,0.01140651946185331,,0,-0.3395622360152768
342,retention,2143093371,0.5555555555555556,0.08620772858678026,,0,-0.3395622360152768
342,retention,2143093371,0.611111111111111,0.03262387975665884,,0,-0.3395622360152768
342,retention,2143093371,0.6666666666666666,0.005750717881445114,,0,-0.3395622360152768
342,retention,2143093371,0.7222222222222222,-0.09626347309066519,,0,-0.3395622360152768
342,retention,2143093371,0.7777777777777777,-0.03323296209005459,,0,-0.3395622360152768
342,retention,2143093371,0.8333333333333333,-0.06748349586854055,,0,-0.3395622360152768
342,retention,2143093371,0.8888888888888888,-0.011749408671167666,,0,-0.3395622360152768
342,retention,2143093371,0.9444444444444444,0.05980007584439524,,0,-0.3395622360152768
342,retention,2143093371,1.0,0.19215152017402448,0.20185408021742163,0,-0.3395622360152768
343,jump,2046505625,0.0,0.0,0.03373939299306946,0,-0.3395622360152768
343,jump,2046505625,0.05555555555555555,0.05285665904611423,,0,-0.3395622360152768
343,jump,2046505625,0.1111111111111111,0.010917842964373987,,0,-0.3395622360152768
343,jump,2046505625,0.16666666666666666,0.004747108028493228,,0,-0.3395622360152768
343,jump,2046505625,0.2222222222222222,0.006157367078257682,,0,-0.3395622360152768
343,jump,2046505625,0.2777777777777778,-0.030131683714266548,,0,-0.3395622360152768
343,jump,2046505625,0.3333333333333333,-0.1509865011667509,,0,-0.3395622360152768
343,jump,2046505625,0.38888888888888884,-0.1160980600129982,,0,-0.3395622360152768
343,jump,2046505625,0.4444444444444444,-0.10756639350594736,,0,-0.3395622360152768
343,jump,2046505625,0.5,-0.11035198799518953,,0,-0.3395622360152768
343,jump,2046505625,0.5555555555555556,-0.14727748810877797,,0,-0.3395622360152768
343,jump,2046505625,0.611111111111111,-0.18511793487566633,,0,-0.3395622360152768
343,jump,2046505625,0.6666666666666666,-0.053559936833167884,,0,-0.3395622360152768
343,jump,2046505625,0.7222222222222222,-0.06560442018510902,,0,-0.3395622360152768
343,jump,2046505625,0.7777777777777777,-0.09006427500906844,,0,-0.3395622360152768
343,jump,2046505625,0.8333333333333333,-0.06952952708292873,,0,-0.3395622360152768
343,jump,2046505625,0.8888888888888888,-0.03975610230374524,,0,-0.3395622360152768
343,jump,2046505625,0.9444444444444444,-0.07527617624727218,,0,-0.3395622360152768
343,jump,2046505625,1.0,0.04337602671100055,0.07712979035663534,0,-0.3395622360152768
344,branch_reorganization,376815298,0.0,-0.3395622360152768,-0.3653339933071448,0,-0.3395622360152768
344,branch_reorganization,376815298,0.05555555555555555,-0.37705006726933266,,0,-0.3395622360152768
344,branch_reorganization,376815298,0.1111111111111111,-0.4169233156472079,,0,-0.3395622360152768
344,branch_reorganization,376815298,0.16666666666666666,-0.40149210285368364,,0,-0.3395622360152768
344,branch_reorganization,376815298,0.2222222222222222,-0.40791052042889353,,0,-0.3395622360152768
344,branch_reorganization,376815298,0.2777777777777778,-0.5080404209800274,,0,-0.3395622360152768
344,branch_reorganization,376815298,0.3333333333333333,-0.4844220337165884,,0,-0.3395622360152768
344,branch_reorganization,376815298,0.38888888888888884,-0.4504820588754563,,0,-0.3395622360152768
344,branch_reorganization,376815298,0.4444444444444444,-0.4074189727066127,,0,-0.3395622360152768
344,branch_reorganization,376815298,0.5,-0.3857553214072221,,0,-0.3395622360152768
344,branch_reorganization,376815298,0.5555555555555556,-0.4904333338153175,,0,-0.3395622360152768
344,branch_reorganization,376815298,0.611111111111111,-0.5176917564174899,,1,0.3395622360152768
344,branch_reorganization,376815298,0.6666666666666666,-0.44481384524583795,,1,0.3395622360152768
344,branch_reorganization,376815298,0.7222222222222222,-0.35574187195377055,,1,0.3395622360152768
344,branch_reorganization,376815298,0.7777777777777777,-0.452121804363312,,1,0.3395622360152768
344,branch_reorganization,376815298,0.8333333333333333,-0.4178200641825841,,1,0.3395622360152768
344,branch_reorganization,376815298,0.8888888888888888,-0.30021536174220764,,1,0.3395622360152768
344,branch_reorganization,376815298,0.9444444444444444,-0.1924568468101589,,1,0.3395622360152768
344,branch_reorganization,376815298,1.0,-0.1492490233967064,-0.11513825889800491,1,0.3395622360152768
345,retention,753565483,0.0,0.0,-0.014393250143234478,0,-0.3395622360152768
345,retention,753565483,0.05555555555555555,0.02953489977833224,,0,-0.3395622360152768
345,retention,753565483,0.1111111111111111,0.028174406702264152,,0,-0.3395622360152768
345,retention,753565483,0.16666666666666666,0.06139067987461744,,0,-0.3395622360152768
345,retention,753565483,0.2222222222222222,0.04511373401638049,,0,-0.3395622360152768
345,retention,753565483,0.2777777777777778,0.034568431688849564,,0,-0.3395622360152768
345,retention,753565483,0.3333333333333333,0.003694371416749734,,0,-0.3395622360152768
345,retention,753565483,0.38888888888888884,0.020677080390225006,,0,-0.3395622360152768
345,retention,753565483,0.4444444444444444,0.06092374507438196,,0,-0.3395622360152768
345,retention,753565483,0.5,0.0023574516943630497,,0,-0.3395622360152768
345,retention,753565483,0.5555555555555556,0.0017779078859716166,,0,-0.3395622360152768
345,retention,753565483,0.611111111111111,0.0027670028419248356,,0,-0.3395622360152768
345,retention,753565483,0.6666666666666666,-0.011842628848405671,,0,-0.3395622360152768
345,retention,753565483,0.7222222222222222,0.0062748955281130125,,0,-0.3395622360152768
345,retention,753565483,0.7777777777777777,0.06361001872715977,,0,-0.3395622360152768
345,retention,753565483,0.8333333333333333,0.1084587241879704,,0,-0.3395622360152768
345,retention,753565483,0.8888888888888888,0.0547655639793173,,0,-0.3395622360152768
345,retention,753565483,0.9444444444444444,0.12212610316392736,,0,-0.3395622360152768
345,retention,753565483,1.0,0.191834972810184,0.1790252951058908,0,-0.3395622360152768
346,jump,1224312773,0.0,0.0,0.054250806791860506,0,-0.3395622360152768
346,jump,1224312773,0.05555555555555555,0.04257716715369294,,0,-0.3395622360152768
346,jump,1224312773,0.1111111111111111,0.09353541205076166,,0,-0.3395622360152768
346,jump,1224312773,0.16666666666666666,0.0977507852140117,,0,-0.3395622360152768
346,jump,1224312773,0.2222222222222222,0.12175392309370527,,0,-0.3395622360152768
346,jump,1224312773,0.2777777777777778,0.13477715895970466,,0,-0.3395622360152768
346,jump,1224312773,0.3333333333333333,0.1638776157885819,,0,-0.3395622360152768
346,jump,1224312773,0.38888888888888884,0.14956313398837748,,0,-0.3395622360152768
346,jump,1224312773,0.4444444444444444,0.12892377321041534,,0,-0.3395622360152768
346,jump,1224312773,0.5,0.09208923196854019,,0,-0.3395622360152768
346,jump,1224312773,0.5555555555555556,0.03277540190655594,,0,-0.3395622360152768
346,jump,1224312773,0.611111111111111,0.02826580774963262,,0,-0.3395622360152768
346,jump,1224312773,0.6666666666666666,0.045300618335038095,,0,-0.3395622360152768
346,jump,1224312773,0.7222222222222222,0.16304390970197105,,0,-0.3395622360152768
346,jump,1224312773,0.7777777777777777,0.16314508670237032,,0,-0.3395622360152768
346,jump,1224312773,0.8333333333333333,0.15687360479570062,,0,-0.3395622360152768
346,jump,1224312773,0.8888888888888888,0.20761040335299022,,0,-0.3395622360152768
346,jump,1224312773,0.9444444444444444,0.12040662334071792,,0,-0.3395622360152768
346,jump,1224312773,1.0,0.12515221308414345,0.03356067295357472,0,-0.3395622360152768
347,branch_reorganization,1475740539,0.0,-0.3395622360152768,-0.4017036166369345,0,-0.3395622360152768
347,branch_reorganization,1475740539,0.05555555555555555,-0.2852224599111689,,0,-0.3395622360152768
347,branch_reorganization,1475740539,0.1111111111111111,-0.23598374376651932,,0,-0.3395622360152768
347,branch_reorganization,1475740539,0.16666666666666666,-0.27916822342249714,,0,-0.3395622360152768
347,branch_reorganization,1475740539,0.2222222222222222,-0.3448287844349418,,0,-0.3395622360152768
347,branch_reorganization,1475740539,0.2777777777777778,-0.1711213678464636,,0,-0.3395622360152768
347,branch_reorganization,1475740539,0.3333333333333333,-0.21010392244131193,,0,-0.3395622360152768
347,branch_reorganization,1475740539,0.38888888888888884,-0.18210975217920422,,0,-0.3395622360152768
347,branch_reorganization,1475740539,0.4444444444444444,-0.2717113060057643,,0,-0.3395622360152768
347,branch_reorganization,1475740539,0.5,-0.23286748512263086,,0,-0.3395622360152768
347,branch_reorganization,1475740539,0.5555555555555556,-0.24511867976241758,,0,-0.3395622360152768
347,branch_reorganization,1475740539,0.611111111111111,-0.2168613785588418,,0,-0.3395622360152768
347,branch_reorganization,1475740539,0.6666666666666666,-0.1294894076072629,,0,-0.3395622360152768
347,branch_reorganization,1475740539,0.7222222222222222,-0.13521577391187528,,0,-0.3395622360152768
347,branch_reorganization,1475740539,0.7777777777777777,-0.1714443180911267,,0,-0.3395622360152768
347,branch_reorganization,1475740539,0.8333333333333333,-0.14711884136140357,,0,-0.3395622360152768
347,branch_reorganization,1475740539,0.8888888888888888,-0.14583729289871653,,0,-0.3395622360152768
347,branch_reorganization,1475740539,0.9444444444444444,-0.17308167836712862,,0,-0.3395622360152768
347,branch_reorganization,1475740539,1.0,-0.2701016843145794,-0.3213497190773353,0,-0.3395622360152768
348,retention,652124313,0.0,0.0,-0.09523517208126712,0,-0.3395622360152768
348,retention,652124313,0.05555555555555555,-0.05611336175244121,,0,-0.3395622360152768
348,retention,652124313,0.1111111111111111,-0.011649073142899244,,0,-0.3395622360152768
348,retention,652124313,0.16666666666666666,-0.00949480560796934,,0,-0.3395622360152768
348,retention,652124313,0.2222222222222222,-0.026364512624793383,,0,-0.3395622360152768
348,retention,652124313,0.2777777777777778,-0.02430828008051009,,0,-0.3395622360152768
348,retention,652124313,0.3333333333333333,0.0726674534614438,,0,-0.3395622360152768
348,retention,652124313,0.38888888888888884,0.07114068264528033,,0,-0.3395622360152768
348,retention,652124313,0.4444444444444444,0.08938107807824974,,0,-0.3395622360152768
348,retention,652124313,0.5,0.16211705065037088,,0,-0.3395622360152768
348,retention,652124313,0.5555555555555556,0.09740997449315153,,0,-0.3395622360152768
348,retention,652124313,0.611111111111111,0.08580753590534498,,0,-0.3395622360152768
348,retention,652124313,0.6666666666666666,-0.05511673399824839,,0,-0.3395622360152768
348,retention,652124313,0.7222222222222222,0.005327228339970479,,0,-0.3395622360152768
348,retention,652124313,0.7777777777777777,0.013902072659441971,,0,-0.3395622360152768
348,retention,652124313,0.8333333333333333,0.003519452465811715,,0,-0.3395622360152768
348,retention,652124313,0.8888888888888888,-0.09515678232402028,,0,-0.3395622360152768
348,retention,652124313,0.9444444444444444,-0.09393815686775668,,0,-0.3395622360152768
348,retention,652124313,1.0,-0.05709743264850883,-0.07958465900907113,0,-0.3395622360152768
349,jump,1011804180,0.0,0.0,-0.0013972465488897746,0,-0.3395622360152768
349,jump,1011804180,0.05555555555555555,0.0045935286405747715,,0,-0.3395622360152768
349,jump,1011804180,0.1111111111111111,0.019483184565252484,,0,-0.3395622360152768
349,jump,1011804180,0.16666666666666666,0.01216837602089758,,0,-0.3395622360152768
349,jump,1011804180,0.2222222222222222,0.04987821052435614,,0,-0.3395622360152768
349,jump,1011804180,0.2777777777777778,0.08929501460652775,,0,-0.3395622360152768
349,jump,1011804180,0.3333333333333333,0.009364650520565565,,0,-0.3395622360152768
349,jump,1011804180,0.38888888888888884,-0.04866971726276246,,0,-0.3395622360152768
349,jump,1011804180,0.4444444444444444,0.01280089744131551,,0,-0.3395622360152768
349,jump,1011804180,0.5,-0.052222609265855965,,0,-0.3395622360152768
349,jump,1011804180,0.5555555555555556,0.03989743314269421,,0,-0.3395622360152768
349,jump,1011804180,0.611111111111111,0.06501969181379703,,0,-0.3395622360152768
349,jump,1011804180,0.6666666666666666,0.2156081596718415,,0,-0.3395622360152768
349,jump,1011804180,0.7222222222222222,0.2123771034070385,,0,-0.3395622360152768
349,jump,1011804180,0.7777777777777777,0.2807514482469688,,0,-0.3395622360152768
349,jump,1011804180,0.8333333333333333,0.2846652232365004,,0,-0.3395622360152768
349,jump,1011804180,0.8888888888888888,0.1698405141836791,,0,-0.3395622360152768
349,jump,1011804180,0.9444444444444444,0.19420134834115782,,0,-0.3395622360152768
349,jump,1011804180,1.0,0.11348667574091122,0.05798121892023018,0,-0.3395622360152768
350,branch_reorganization,906807439,0.0,-0.3395622360152768,-0.420180572806556,0,-0.3395622360152768
350,branch_reorganization,906807439,0.05555555555555555,-0.2778906605283209,,0,-0.3395622360152768
350,branch_reorganization,906807439,0.1111111111111111,-0.3062164773568576,,0,-0.3395622360152768
350,branch_reorganization,906807439,0.16666666666666666,-0.1990676809484847,,0,-0.3395622360152768
350,branch_reorganization,906807439,0.2222222222222222,-0.2741127273223441,,0,-0.3395622360152768
350,branch_reorganization,906807439,0.2777777777777778,-0.2010476831587153,,0,-0.3395622360152768
350,branch_reorganization,906807439,0.3333333333333333,-0.14861857360611264,,1,0.3395622360152768
350,branch_reorganization,906807439,0.38888888888888884,-0.14651629311379655,,1,0.3395622360152768
350,branch_reorganization,906807439,0.4444444444444444,-0.08194186041115992,,1,0.3395622360152768
350,branch_reorganization,906807439,0.5,-0.052215844908051104,,1,0.3395622360152768
350,branch_reorganization,906807439,0.5555555555555556,0.030047504393090507,,1,0.3395622360152768
350,branch_reorganization,906807439,0.611111111111111,0.005716957668718416,,1,0.3395622360152768
350,branch_reorganization,906807439,0.6666666666666666,0.03024842273276683,,1,0.3395622360152768
350,branch_reorganization,906807439,0.7222222222222222,-0.02562336223136391,,1,0.3395622360152768
350,branch_reorganization,906807439,0.7777777777777777,0.009866938404454486,,1,0.3395622360152768
350,branch_reorganization,906807439,0.8333333333333333,-0.04917037497232702,,0,-0.3395622360152768
350,branch_reorganization,906807439,0.8888888888888888,-0.1037791722066563,,0,-0.3395622360152768
350,branch_reorganization,906807439,0.9444444444444444,-0.05790105595023194,,1,0.3395622360152768
350,branch_reorganization,906807439,1.0,-0.09228508379276344,-0.09537880074139303,1,0.3395622360152768
351,retention,1837129611,0.0,0.0,-0.04080431713404041,0,-0.3395622360152768
351,retention,1837129611,0.05555555555555555,-0.014275971779347935,,0,-0.3395622360152768
351,retention,1837129611,0.1111111111111111,0.010646681145268521,,0,-0.3395622360152768
351,retention,1837129611,0.16666666666666666,-0.015488509151751616,,0,-0.3395622360152768
351,retention,1837129611,0.2222222222222222,0.06337912478392117,,0,-0.3395622360152768
351,retention,1837129611,0.2777777777777778,0.10528111423341857,,0,-0.3395622360152768
351,retention,1837129611,0.3333333333333333,0.03706926364791421,,0,-0.3395622360152768
351,retention,1837129611,0.38888888888888884,0.08750793107142849,,0,-0.3395622360152768
351,retention,1837129611,0.4444444444444444,0.13841201939708442,,0,-0.3395622360152768
351,retention,1837129611,0.5,0.0820638608586198,,0,-0.3395622360152768
351,retention,1837129611,0.5555555555555556,0.00940244523942163,,0,-0.3395622360152768
351,retention,1837129611,0.611111111111111,-0.07462430954766242,,0,-0.3395622360152768
351,retention,1837129611,0.6666666666666666,-0.08237126819767408,,0,-0.3395622360152768
351,retention,1837129611,0.7222222222222222,-0.0668222721091142,,0,-0.3395622360152768
351,retention,1837129611,0.7777777777777777,-0.12794748777963363,,0,-0.3395622360152768
351,retention,1837129611,0.8333333333333333,-0.10835793587331176,,0,-0.3395622360152768
351,retention,1837129611,0.8888888888888888,-0.21206609104454888,,0,-0.3395622360152768
351,retention,1837129611,0.9444444444444444,-0.14624552453840473,,0,-0.3395622360152768
351,retention,1837129611,1.0,-0.003052694705995035,0.17205166212074866,0,-0.3395622360152768
352,jump,1502494104,0.0,0.0,0.018192276411570254,0,-0.3395622360152768
352,jump,1502494104,0.05555555555555555,0.06738229667769426,,0,-0.3395622360152768
352,jump,1502494104,0.1111111111111111,-0.04198703012130155,,0,-0.3395622360152768
352,jump,1502494104,0.16666666666666666,-0.00556346672381363,,0,-0.3395622360152768
352,jump,1502494104,0.2222222222222222,-0.08731130873542446,,0,-0.3395622360152768
352,jump,1502494104,0.2777777777777778,-0.12996185161169066,,0,-0.3395622360152768
352,jump,1502494104,0.3333333333333333,-0.1183843061309503,,0,-0.3395622360152768
352,jump,1502494104,0.38888888888888884,-0.1333588219780884,,0,-0.3395622360152768
352,jump,1502494104,0.4444444444444444,-0.16008987530224353,,0,-0.3395622360152768
352,jump,1502494104,0.5,-0.1595001369385309,,0,-0.3395622360152768
352,jump,1502494104,0.5555555555555556,-0.1369829490914595,,0,-0.3395622360152768
352,jump,1502494104,0.611111111111111,-0.16232070477693822,,0,-0.3395622360152768
352,jump,1502494104,0.6666666666666666,-0.12457912154935971,,0,-0.3395622360152768
352,jump,1502494104,0.7222222222222222,-0.1433160170124256,,0,-0.3395622360152768
352,jump,1502494104,0.7777777777777777,-0.1432325903305123,,0,-0.3395622360152768
352,jump,1502494104,0.8333333333333333,-0.18303993214585396,,0,-0.3395622360152768
352,jump,1502494104,0.8888888888888888,-0.2295676772302268,,0,-0.3395622360152768
352,jump,1502494104,0.9444444444444444,-0.24837595572486415,,0,-0.3395622360152768
352,jump,1502494104,1.0,-0.34705011244459866,-0.32768744189779664,0,-0.3395622360152768
353,branch_reorganization,15577198,0.0,-0.3395622360152768,-0.3038062775862852,0,-0.3395622360152768
353,branch_reorganization,15577198,0.05555555555555555,-0.36676079527158045,,0,-0.3395622360152768
353,branch_reorganization,15577198,0.1111111111111111,-0.3242785096879966,,1,0.3395622360152768
353,branch_reorganization,15577198,0.16666666666666666,-0.33489176429825956,,1,0.3395622360152768
353,branch_reorganization,15577198,0.2222222222222222,-0.261786214144165,,1,0.3395622360152768
353,branch_reorganization,15577198,0.2777777777777778,-0.21110899019195778,,1,0.3395622360152768
353,branch_reorganization,15577198,0.3333333333333333,-0.1669434433871213,,1,0.3395622360152768
353,branch_reorganization,15577198,0.38888888888888884,-0.09700258159060364,,1,0.3395622360152768
353,branch_reorganization,15577198,0.4444444444444444,-0.036209354505213315,,1,0.3395622360152768
353,branch_reorganization,15577198,0.5,0.01827336878469968,,1,0.3395622360152768
353,branch_reorganization,15577198,0.5555555555555556,-0.0497718527982625,,1,0.3395622360152768
353,branch_reorganization,15577198,0.611111111111111,0.002171705237855426,,1,0.3395622360152768
353,branch_reorganization,15577198,0.6666666666666666,-0.0221198454131874,,1,0.3395622360152768
353,branch_reorganization,15577198,0.7222222222222222,-0.03139407708292097,,1,0.3395622360152768
353,branch_reorganization,15577198,0.7777777777777777,-0.04087338739824204,,1,0.3395622360152768
353,branch_reorganization,15577198,0.8333333333333333,0.027112081980061535,,1,0.3395622360152768
353,branch_reorganization,15577198,0.8888888888888888,0.09565094151200071,,1,0.3395622360152768
353,branch_reorganization,15577198,0.9444444444444444,0.09988444968118254,,1,0.3395622360152768
353,branch_reorganization,15577198,1.0,0.12069095737154913,0.2088076114449171,1,0.3395622360152768
354,retention,1042090882,0.0,0.0,0.025567900435689114,0,-0.3395622360152768
354,retention,1042090882,0.05555555555555555,0.03346004793084626,,0,-0.3395622360152768
354,retention,1042090882,0.1111111111111111,0.026176528821423493,,0,-0.3395622360152768
354,retention,1042090882,0.16666666666666666,-0.05806472896765306,,0,-0.3395622360152768
354,retention,1042090882,0.2222222222222222,-0.09403324828550245,,0,-0.3395622360152768
354,retention,1042090882,0.2777777777777778,-0.09932846914526869,,0,-0.3395622360152768
354,retention,1042090882,0.3333333333333333,-0.16182847362062663,,0,-0.3395622360152768
354,retention,1042090882,0.38888888888888884,-0.12812914786559929,,0,-0.3395622360152768
354,retention,1042090882,0.4444444444444444,-0.08176167313914531,,0,-0.3395622360152768
354,retention,1042090882,0.5,-0.02885483092548568,,0,-0.3395622360152768
354,retention,1042090882,0.5555555555555556,0.052006335656966676,,0,-0.3395622360152768
354,retention,1042090882,0.611111111111111,0.11004268980050642,,0,-0.3395622360152768
354,retention,1042090882,0.6666666666666666,0.06069636008410561,,0,-0.3395622360152768
354,retention,1042090882,0.7222222222222222,0.1343444305430373,,0,-0.3395622360152768
354,retention,1042090882,0.7777777777777777,0.18084376956329773,,0,-0.3395622360152768
354,retention,1042090882,0.8333333333333333,0.1571761116077399,,0,-0.3395622360152768
354,retention,1042090882,0.8888888888888888,-0.016544004195373996,,0,-0.3395622360152768
354,retention,1042090882,0.9444444444444444,-0.043879271662463866,,0,-0.3395622360152768
354,retention,1042090882,1.0,0.012228751642559404,0.01854047880042397,0,-0.3395622360152768
355,jump,2060086721,0.0,0.0,0.01403080081680278,0,-0.3395622360152768
355,jump,2060086721,0.05555555555555555,0.0395140515625571,,0,-0.3395622360152768
355,jump,2060086721,0.1111111111111111,0.08415292287538217,,0,-0.3395622360152768
355,jump,2060086721,0.16666666666666666,0.032991977496107064,,0,-0.3395622360152768
355,jump,2060086721,0.2222222222222222,0.012753478323186691,,0,-0.3395622360152768
355,jump,2060086721,0.2777777777777778,0.01959302343566287,,0,-0.3395622360152768
355,jump,2060086721,0.3333333333333333,0.06804112702523298,,0,-0.3395622360152768
355,jump,2060086721,0.38888888888888884,0.058100022153361276,,0,-0.3395622360152768
355,jump,2060086721,0.4444444444444444,0.06682205460974863,,0,-0.3395622360152768
355,jump,2060086721,0.5,-0.009173907091283268,,0,-0.3395622360152768
355,jump,2060086721,0.5555555555555556,-0.01570118546719995,,0,-0.3395622360152768
355,jump,2060086721,0.611111111111111,-0.10383022559743996,,0,-0.3395622360152768
355,jump,2060086721,0.6666666666666666,-0.1683762187178402,,0,-0.3395622360152768
355,jump,2060086721,0.7222222222222222,-0.16875327822103653,,0,-0.3395622360152768
355,jump,2060086721,0.7777777777777777,-0.08551393991498829,,0,-0.3395622360152768
355,jump,2060086721,0.8333333333333333,-0.0779739512506067,,0,-0.3395622360152768
355,jump,2060086721,0.8888888888888888,-0.12087160158937149,,0,-0.3395622360152768
355,jump,2060086721,0.9444444444444444,-0.12566258073413017,,0,-0.3395622360152768
355,jump,2060086721,1.0,-0.09693962282746038,-0.10047424725474607,0,-0.3395622360152768
356,branch_reorganization,586368444,0.0,-0.3395622360152768,-0.33637038934785896,0,-0.3395622360152768
356,branch_reorganization,586368444,0.05555555555555555,-0.39781908140118954,,0,-0.3395622360152768
356,branch_reorganization,586368444,0.1111111111111111,-0.3752527740271147,,0,-0.3395622360152768
356,branch_reorganization,586368444,0.16666666666666666,-0.3579490819274303,,0,-0.3395622360152768
356,branch_reorganization,586368444,0.2222222222222222,-0.2508084898233784,,0,-0.3395622360152768
356,branch_reorganization,586368444,0.2777777777777778,-0.25932671208479036,,0,-0.3395622360152768
356,branch_reorganization,586368444,0.3333333333333333,-0.2637164235142053,,0,-0.3395622360152768
356,branch_reorganization,586368444,0.38888888888888884,-0.22822098550911127,,0,-0.3395622360152768
356,branch_reorganization,586368444,0.4444444444444444,-0.2218323993523636,,0,-0.3395622360152768
356,branch_reorganization,586368444,0.5,-0.1786502864556353,,0,-0.3395622360152768
356,branch_reorganization,586368444,0.5555555555555556,-0.3274605430993776,,0,-0.3395622360152768
356,branch_reorganization,586368444,0.611111111111111,-0.25358799828796386,,0,-0.3395622360152768
356,branch_reorganization,586368444,0.6666666666666666,-0.26143674205703865,,0,-0.3395622360152768
356,branch_reorganization,586368444,0.7222222222222222,-0.23641037490855796,,0,-0.3395622360152768
356,branch_reorganization,586368444,0.7777777777777777,-0.20112193769241343,,1,0.3395622360152768
356,branch_reorganization,586368444,0.8333333333333333,-0.25370038407001355,,1,0.3395622360152768
356,branch_reorganization,586368444,0.8888888888888888,-0.12661885903083714,,1,0.3395622360152768
356,branch_reorganization,586368444,0.9444444444444444,-0.12659867446080345,,1,0.3395622360152768
356,branch_reorganization,586368444,1.0,-0.15805145752355837,-0.24336859137440142,1,0.3395622360152768
357,retention,1581515106,0.0,0.0,-0.027433746146196817,0,-0.3395622360152768
357,retention,1581515106,0.05555555555555555,0.005489179424451105,,0,-0.3395622360152768
357,retention,1581515106,0.1111111111111111,0.0017757817697771922,,0,-0.3395622360152768
357,retention,1581515106,0.16666666666666666,-0.010092373950385689,,0,-0.3395622360152768
357,retention,1581515106,0.2222222222222222,-0.0019847080721936946,,0,-0.3395622360152768
357,retention,1581515106,0.2777777777777778,0.013685074170411218,,0,-0.3395622360152768
357,retention,1581515106,0.3333333333333333,-0.13523449568858764,,0,-0.3395622360152768
357,retention,1581515106,0.38888888888888884,-0.08399714263643272,,0,-0.3395622360152768
357,retention,1581515106,0.4444444444444444,-0.16404630490072342,,0,-0.3395622360152768
357,retention,1581515106,0.5,-0.15837913848249482,,0,-0.3395622360152768
357,retention,1581515106,0.5555555555555556,-0.13890265241220368,,0,-0.3395622360152768
357,retention,1581515106,0.611111111111111,-0.1208334427990052,,0,-0.3395622360152768
357,retention,1581515106,0.6666666666666666,-0.22475981997803354,,0,-0.3395622360152768
357,retention,1581515106,0.7222222222222222,-0.200688217548028,,0,-0.3395622360152768
357,retention,1581515106,0.7777777777777777,-0.1611691942641357,,0,-0.3395622360152768
357,retention,1581515106,0.8333333333333333,-0.20250560343716262,,0,-0.3395622360152768
357,retention,1581515106,0.8888888888888888,-0.23416400659965306,,0,-0.3395622360152768
357,retention,1581515106,0.9444444444444444,-0.2438791743131714,,0,-0.3395622360152768
357,retention,1581515106,1.0,-0.19684450361340566,-0.26675005207463864,0,-0.3395622360152768
358,jump,1972791753,0.0,0.0,-0.012623650928253573,0,-0.3395622360152768
358,jump,1972791753,0.05555555555555555,0.08649117618528597,,0,-0.3395622360152768
358,jump,1972791753,0.1111111111111111,0.060362978278155316,,0,-0.3395622360152768
358,jump,1972791753,0.16666666666666666,0.07123845316196635,,0,-0.3395622360152768
358,jump,1972791753,0.2222222222222222,0.07856837782937429,,0,-0.3395622360152768
358,jump,1972791753,0.2777777777777778,0.06078327170490121,,0,-0.3395622360152768
358,jump,1972791753,0.3333333333333333,0.06020788411755369,,0,-0.3395622360152768
358,jump,1972791753,0.38888888888888884,0.015903283243225555,,0,-0.3395622360152768
358,jump,1972791753,0.4444444444444444,-0.005999675878146071,,0,-0.3395622360152768
358,jump,1972791753,0.5,0.10874844820346613,,0,-0.3395622360152768
358,jump,1972791753,0.5555555555555556,0.04910091807240829,,0,-0.3395622360152768
358,jump,1972791753,0.611111111111111,0.058772777568590825,,0,-0.3395622360152768
358,jump,1972791753,0.6666666666666666,0.09320976164935563,,0,-0.3395622360152768
358,jump,1972791753,0.7222222222222222,0.159409359867823,,0,-0.3395622360152768
358,jump,1972791753,0.7777777777777777,0.11235709599959509,,0,-0.3395622360152768
358,jump,1972791753,0.8333333333333333,0.013058069194101823,,0,-0.3395622360152768
358,jump,1972791753,0.8888888888888888,0.005188679836108043,,0,-0.3395622360152768
358,jump,1972791753,0.9444444444444444,-0.05150731741995357,,0,-0.3395622360152768
358,jump,1972791753,1.0,0.010550296999566604,0.033061018825647215,0,-0.3395622360152768
359,branch_reorganization,618368820,0.0,-0.3395622360152768,-0.3846595163670781,0,-0.3395622360152768
359,branch_reorganization,618368820,0.05555555555555555,-0.3953731394960994,,0,-0.3395622360152768
359,branch_reorganization,618368820,0.1111111111111111,-0.4011223202671853,,0,-0.3395622360152768
359,branch_reorganization,618368820,0.16666666666666666,-0.4105201052401518,,0,-0.3395622360152768
359,branch_reorganization,618368820,0.2222222222222222,-0.44685797507958364,,0,-0.3395622360152768
359,branch_reorganization,618368820,0.2777777777777778,-0.41573502519067557,,0,-0.3395622360152768
359,branch_reorganization,618368820,0.3333333333333333,-0.3930049760012063,,0,-0.3395622360152768
359,branch_reorganization,618368820,0.38888888888888884,-0.33367185361713736,,0,-0.3395622360152768
359,branch_reorganization,618368820,0.4444444444444444,-0.4829173155039165,,0,-0.3395622360152768
359,branch_reorganization,618368820,0.5,-0.5183544918243812,,0,-0.3395622360152768
359,branch_reorganization,618368820,0.5555555555555556,-0.5608177642237907,,0,-0.3395622360152768
359,branch_reorganization,618368820,0.611111111111111,-0.3967023684604995,,0,-0.3395622360152768
359,branch_reorganization,618368820,0.6666666666666666,-0.40466531240628645,,0,-0.3395622360152768
359,branch_reorganization,618368820,0.7222222222222222,-0.41836044519094556,,0,-0.3395622360152768
359,branch_reorganization,618368820,0.7777777777777777,-0.35403704851077755,,1,0.3395622360152768
359,branch_reorganization,618368820,0.8333333333333333,-0.2444534692638121,,1,0.3395622360152768
359,branch_reorganization,618368820,0.8888888888888888,-0.17239926088331223,,1,0.3395622360152768
359,branch_reorganization,618368820,0.9444444444444444,-0.19903715331524782,,1,0.3395622360152768
359,branch_reorganization,618368820,1.0,-0.15159683089070447,-0.17203844512825273,1,0.3395622360152768
360,retention,1029377493,0.0,0.0,-0.017393415582628267,0,-0.3395622360152768
360,retention,1029377493,0.05555555555555555,0.08447946361946525,,0,-0.3395622360152768
360,retention,1029377493,0.1111111111111111,0.04231456168124071,,0,-0.3395622360152768
360,retention,1029377493,0.16666666666666666,0.041680947739695606,,0,-0.3395622360152768
360,retention,1029377493,0.2222222222222222,0.02016744711068081,,0,-0.3395622360152768
360,retention,1029377493,0.2777777777777778,0.018203482141983408,,0,-0.3395622360152768
360,retention,1029377493,0.3333333333333333,-0.006576868038251603,,0,-0.3395622360152768
360,retention,1029377493,0.38888888888888884,0.035914846164013095,,0,-0.3395622360152768
360,retention,1029377493,0.4444444444444444,-0.010038228992948733,,0,-0.3395622360152768
360,retention,1029377493,0.5,0.022773799470369102,,0,-0.3395622360152768
360,retention,1029377493,0.5555555555555556,0.045175755749125364,,0,-0.3395622360152768
360,retention,1029377493,0.611111111111111,-0.05493049412878793,,0,-0.3395622360152768
360,retention,1029377493,0.6666666666666666,-0.10952929012124527,,0,-0.3395622360152768
360,retention,1029377493,0.7222222222222222,-0.1314658081198823,,0,-0.3395622360152768
360,retention,1029377493,0.7777777777777777,-0.16839488575476724,,0,-0.3395622360152768
360,retention,1029377493,0.8333333333333333,-0.22152290949737752,,0,-0.3395622360152768
360,retention,1029377493,0.8888888888888888,-0.24147183710903702,,0,-0.3395622360152768
360,retention,1029377493,0.9444444444444444,-0.19523903115071067,,0,-0.3395622360152768
360,retention,1029377493,1.0,-0.18663230178816337,-0.19294598985384256,0,-0.3395622360152768
361,jump,1983557022,0.0,0.0,-0.0037027578271371067,0,-0.3395622360152768
361,jump,1983557022,0.05555555555555555,-0.011144181747877952,,0,-0.3395622360152768
361,jump,1983557022,0.1111111111111111,-0.09853097193217501,,0,-0.3395622360152768
361,jump,1983557022,0.16666666666666666,-0.07609414916108549,,0,-0.3395622360152768
361,jump,1983557022,0.2222222222222222,-0.04948496315533761,,0,-0.3395622360152768
361,jump,1983557022,0.2777777777777778,-0.11460632043780267,,0,-0.3395622360152768
361,jump,1983557022,0.3333333333333333,-0.18526823671756457,,0,-0.3395622360152768
361,jump,1983557022,0.38888888888888884,-0.21629578807165348,,0,-0.3395622360152768
361,jump,1983557022,0.4444444444444444,-0.28152280361184295,,0,-0.3395622360152768
361,jump,1983557022,0.5,-0.2957468200916378,,0,-0.3395622360152768
361,jump,1983557022,0.5555555555555556,-0.23164284409395458,,0,-0.3395622360152768
361,jump,1983557022,0.611111111111111,-0.24806213849017208,,0,-0.3395622360152768
361,jump,1983557022,0.6666666666666666,-0.14678874309236478,,0,-0.3395622360152768
361,jump,1983557022,0.7222222222222222,-0.11013286321931624,,0,-0.3395622360152768
361,jump,1983557022,0.7777777777777777,0.009997375107797274,,0,-0.3395622360152768
361,jump,1983557022,0.8333333333333333,0.023150492488436387,,0,-0.3395622360152768
361,jump,1983557022,0.8888888888888888,0.07478398137726738,,0,-0.3395622360152768
361,jump,1983557022,0.9444444444444444,-0.009925642814565983,,0,-0.3395622360152768
361,jump,1983557022,1.0,-0.07256213564130068,-0.037063127821171715,0,-0.3395622360152768
362,branch_reorganization,591386335,0.0,-0.3395622360152768,-0.3022309412104681,0,-0.3395622360152768
362,branch_reorganization,591386335,0.05555555555555555,-0.3638752614606382,,0,-0.3395622360152768
362,branch_reorganization,591386335,0.1111111111111111,-0.32213007778407765,,0,-0.3395622360152768
362,branch_reorganization,591386335,0.16666666666666666,-0.26161512779649965,,0,-0.3395622360152768
362,branch_reorganization,591386335,0.2222222222222222,-0.34433450470070054,,0,-0.3395622360152768
362,branch_reorganization,591386335,0.2777777777777778,-0.3240971810440194,,0,-0.3395622360152768
362,branch_reorganization,591386335,0.3333333333333333,-0.27765510211626787,,0,-0.3395622360152768
362,branch_reorganization,591386335,0.38888888888888884,-0.149649018868459,,0,-0.3395622360152768
362,branch_reorganization,591386335,0.4444444444444444,-0.11041896025594455,,1,0.3395622360152768
362,branch_reorganization,591386335,0.5,-0.23119470554760047,,0,-0.3395622360152768
362,branch_reorganization,591386335,0.5555555555555556,-0.16835545424983053,,0,-0.3395622360152768
362,branch_reorganization,591386335,0.611111111111111,-0.36330256244470205,,0,-0.3395622360152768
362,branch_reorganization,591386335,0.6666666666666666,-0.35054477216447816,,0,-0.3395622360152768
362,branch_reorganization,591386335,0.7222222222222222,-0.27289260400550597,,0,-0.3395622360152768
362,branch_reorganization,591386335,0.7777777777777777,-0.28090696186085257,,0,-0.3395622360152768
362,branch_reorganization,591386335,0.8333333333333333,-0.24747782210250086,,0,-0.3395622360152768
362,branch_reorganization,591386335,0.8888888888888888,-0.15928217486739782,,0,-0.3395622360152768
362,branch_reorganization,591386335,0.9444444444444444,-0.1355212154313029,,0,-0.3395622360152768
362,branch_reorganization,591386335,1.0,-0.19320420530834764,-0.20717140520216076,0,-0.3395622360152768
363,retention,932065586,0.0,0.0,0.01867496665213555,0,-0.3395622360152768
363,retention,932065586,0.05555555555555555,-0.062139106449558064,,0,-0.3395622360152768
363,retention,932065586,0.1111111111111111,-0.1092805980449489,,0,-0.3395622360152768
363,retention,932065586,0.16666666666666666,-0.11913883219546376,,0,-0.3395622360152768
363,retention,932065586,0.2222222222222222,-0.1636577249018558,,0,-0.3395622360152768
363,retention,932065586,0.2777777777777778,-0.15556429655079781,,0,-0.3395622360152768
363,retention,932065586,0.3333333333333333,-0.1517686682589227,,0,-0.3395622360152768
363,retention,932065586,0.38888888888888884,-0.1900960586144994,,0,-0.3395622360152768
363,retention,932065586,0.4444444444444444,-0.3282051702787593,,0,-0.3395622360152768
363,retention,932065586,0.5,-0.2848401893172388,,0,-0.3395622360152768
363,retention,932065586,0.5555555555555556,-0.24726696376966228,,0,-0.3395622360152768
363,retention,932065586,0.611111111111111,-0.19379318865894576,,0,-0.3395622360152768
363,retention,932065586,0.6666666666666666,-0.25494005688954635,,0,-0.3395622360152768
363,retention,932065586,0.7222222222222222,-0.24532783921145562,,0,-0.3395622360152768
363,retention,932065586,0.7777777777777777,-0.2526236394127319,,0,-0.3395622360152768
363,retention,932065586,0.8333333333333333,-0.3417520072279923,,0,-0.3395622360152768
363,retention,932065586,0.8888888888888888,-0.39706931709075927,,0,-0.3395622360152768
363,retention,932065586,0.9444444444444444,-0.38348232562307005,,0,-0.3395622360152768
363,retention,932065586,1.0,-0.3737474699877522,-0.38146649684915135,0,-0.3395622360152768
364,jump,207078029,0.0,0.0,-0.059562437827455336,0,-0.3395622360152768
364,jump,207078029,0.05555555555555555,0.017938268391181338,,0,-0.3395622360152768
364,jump,207078029,0.1111111111111111,-0.028148241042370726,,0,-0.3395622360152768
364,jump,207078029,0.16666666666666666,-0.09286384544148643,,0,-0.3395622360152768
364,jump,207078029,0.2222222222222222,-0.14558479965415808,,0,-0.3395622360152768
364,jump,207078029,0.2777777777777778,-0.17294369476994242,,0,-0.3395622360152768
364,jump,207078029,0.3333333333333333,-0.24719160748162644,,0,-0.3395622360152768
364,jump,207078029,0.38888888888888884,-0.1889036982439395,,0,-0.3395622360152768
364,jump,207078029,0.4444444444444444,-0.12501953192940946,,0,-0.3395622360152768
364,jump,207078029,0.5,-0.03377482430649435,,0,-0.3395622360152768
364,jump,207078029,0.5555555555555556,-0.004581229317773466,,0,-0.3395622360152768
364,jump,207078029,0.611111111111111,0.10269884158680267,,0,-0.3395622360152768
364,jump,207078029,0.6666666666666666,0.08062772746574436,,0,-0.3395622360152768
364,jump,207078029,0.7222222222222222,0.0897600058659049,,0,-0.3395622360152768
364,jump,207078029,0.7777777777777777,0.06617484111810525,,0,-0.3395622360152768
364,jump,207078029,0.8333333333333333,0.007731143802746747,,0,-0.3395622360152768
364,jump,207078029,0.8888888888888888,0.13092100145607902,,0,-0.3395622360152768
364,jump,207078029,0.9444444444444444,0.19459960829977718,,0,-0.3395622360152768
364,jump,207078029,1.0,0.11090309090766819,0.10625926983662365,0,-0.3395622360152768
365,branch_reorganization,1775399307,0.0,-0.3395622360152768,-0.3261907621616992,0,-0.3395622360152768
365,branch_reorganization,1775399307,0.05555555555555555,-0.29001477252254887,,0,-0.3395622360152768
365,branch_reorganization,1775399307,0.1111111111111111,-0.27825942585823416,,0,-0.3395622360152768
365,branch_reorganization,1775399307,0.16666666666666666,-0.27096895311108077,,0,-0.3395622360152768
365,branch_reorganization,1775399307,0.2222222222222222,-0.21342251327158682,,0,-0.3395622360152768
365,branch_reorganization,1775399307,0.2777777777777778,-0.11391615317221751,,0,-0.3395622360152768
365,branch_reorganization,1775399307,0.3333333333333333,-0.13368819311439342,,0,-0.3395622360152768
365,branch_reorganization,1775399307,0.38888888888888884,-0.13317269202480905,,0,-0.3395622360152768
365,branch_reorganization,1775399307,0.4444444444444444,-0.20487164057544574,,0,-0.3395622360152768
365,branch_reorganization,1775399307,0.5,-0.18725521666438064,,0,-0.3395622360152768
365,branch_reorganization,1775399307,0.5555555555555556,-0.23890793355269474,,0,-0.3395622360152768
365,branch_reorganization,1775399307,0.611111111111111,-0.2691361174682109,,0,-0.3395622360152768
365,branch_reorganization,1775399307,0.6666666666666666,-0.2043739981195227,,1,0.3395622360152768
365,branch_reorganization,1775399307,0.7222222222222222,-0.09797920653335179,,1,0.3395622360152768
365,branch_reorganization,1775399307,0.7777777777777777,-0.07118402192758051,,1,0.3395622360152768
365,branch_reorganization,1775399307,0.8333333333333333,-0.05323886434871853,,1,0.3395622360152768
365,branch_reorganization,1775399307,0.8888888888888888,0.03431320517841567,,1,0.3395622360152768
365,branch_reorganization,1775399307,0.9444444444444444,0.08911334792548374,,1,0.3395622360152768
365,branch_reorganization,1775399307,1.0,0.1304708939267387,0.1759753271156445,1,0.3395622360152768
366,retention,1792003904,0.0,0.0,0.04891302829053956,0,-0.3395622360152768
366,retention,1792003904,0.05555555555555555,-0.018665683301345336,,0,-0.3395622360152768
366,retention,1792003904,0.1111111111111111,-0.04297200224086142,,0,-0.3395622360152768
366,retention,1792003904,0.16666666666666666,-0.05851710933853891,,0,-0.3395622360152768
366,retention,1792003904,0.2222222222222222,-0.08374073095252428,,0,-0.3395622360152768
366,retention,1792003904,0.2777777777777778,-0.12344067480487814,,0,-0.3395622360152768
366,retention,1792003904,0.3333333333333333,-0.06164215218699602,,0,-0.3395622360152768
366,retention,1792003904,0.38888888888888884,-0.06246303129957458,,0,-0.3395622360152768
366,retention,1792003904,0.4444444444444444,0.005734100997992951,,0,-0.3395622360152768
366,retention,1792003904,0.5,-0.0980765710678877,,0,-0.3395622360152768
366,retention,1792003904,0.5555555555555556,-0.06433999291093626,,0,-0.3395622360152768
366,retention,1792003904,0.611111111111111,-0.07552931232155193,,0,-0.3395622360152768
366,retention,1792003904,0.6666666666666666,-0.036699357454836753,,0,-0.3395622360152768
366,retention,1792003904,0.7222222222222222,-0.009132778444036618,,0,-0.3395622360152768
366,retention,1792003904,0.7777777777777777,0.0875125880967019,,0,-0.3395622360152768
366,retention,1792003904,0.8333333333333333,0.07517976190097861,,0,-0.3395622360152768
366,retention,1792003904,0.8888888888888888,0.0852022556264691,,0,-0.3395622360152768
366,retention,1792003904,0.9444444444444444,0.030887287881733033,,0,-0.3395622360152768
366,retention,1792003904,1.0,-0.011564412572626626,-0.10425909405181577,0,-0.3395622360152768
367,jump,1008823825,0.0,0.0,0.03554896567422358,0,-0.3395622360152768
367,jump,1008823825,0.05555555555555555,-0.05344094477386415,,0,-0.3395622360152768
367,jump,1008823825,0.1111111111111111,-0.07675049912304338,,0,-0.3395622360152768
367,jump,1008823825,0.16666666666666666,-0.06660874496032684,,0,-0.3395622360152768
367,jump,1008823825,0.2222222222222222,-0.12353912601063313,,0,-0.3395622360152768
367,jump,1008823825,0.2777777777777778,-0.23400818645107205,,0,-0.3395622360152768
367,jump,1008823825,0.3333333333333333,-0.2618412730021048,,0,-0.3395622360152768
367,jump,1008823825,0.38888888888888884,-0.26754606629137345,,0,-0.3395622360152768
367,jump,1008823825,0.4444444444444444,-0.25373995384434855,,0,-0.3395622360152768
367,jump,1008823825,0.5,-0.28037292015488285,,0,-0.3395622360152768
367,jump,1008823825,0.5555555555555556,-0.20820495679160675,,0,-0.3395622360152768
367,jump,1008823825,0.611111111111111,-0.14866585865186727,,0,-0.3395622360152768
367,jump,1008823825,0.6666666666666666,-0.2542050003687952,,0,-0.3395622360152768
367,jump,1008823825,0.7222222222222222,-0.2235987594453349,,0,-0.3395622360152768
367,jump,1008823825,0.7777777777777777,-0.20320800566231614,,0,-0.3395622360152768
367,jump,1008823825,0.8333333333333333,-0.15819475015073792,,0,-0.3395622360152768
367,jump,1008823825,0.8888888888888888,-0.027920647462104875,,0,-0.3395622360152768
367,jump,1008823825,0.9444444444444444,-0.02602140322779674,,0,-0.3395622360152768
367,jump,1008823825,1.0,-0.04085719548547962,-0.119994128569446,0,-0.3395622360152768
368,branch_reorganization,2083547887,0.0,-0.3395622360152768,-0.4071001011078555,0,-0.3395622360152768
368,branch_reorganization,2083547887,0.05555555555555555,-0.49200710190522723,,0,-0.3395622360152768
368,branch_reorganization,2083547887,0.1111111111111111,-0.3736890224668849,,0,-0.3395622360152768
368,branch_reorganization,2083547887,0.16666666666666666,-0.3304157174689287,,0,-0.3395622360152768
368,branch_reorganization,2083547887,0.2222222222222222,-0.3100250025903138,,0,-0.3395622360152768
368,branch_reorganization,2083547887,0.2777777777777778,-0.3662376964477013,,0,-0.3395622360152768
368,branch_reorganization,2083547887,0.3333333333333333,-0.3593669822813018,,0,-0.3395622360152768
368,branch_reorganization,2083547887,0.38888888888888884,-0.31902432394907804,,0,-0.3395622360152768
368,branch_reorganization,2083547887,0.4444444444444444,-0.3835199868132414,,0,-0.3395622360152768
368,branch_reorganization,2083547887,0.5,-0.47973722904038046,,0,-0.3395622360152768
368,branch_reorganization,2083547887,0.5555555555555556,-0.46780323821418,,0,-0.3395622360152768
368,branch_reorganization,2083547887,0.611111111111111,-0.45979880716621424,,0,-0.3395622360152768
368,branch_reorganization,2083547887,0.6666666666666666,-0.5613490520884865,,0,-0.3395622360152768
368,branch_reorganization,2083547887,0.7222222222222222,-0.5946095908141331,,0,-0.3395622360152768
368,branch_reorganization,2083547887,0.7777777777777777,-0.5369865928077409,,0,-0.3395622360152768
368,branch_reorganization,2083547887,0.8333333333333333,-0.48723900555825495,,0,-0.3395622360152768
368,branch_reorganization,2083547887,0.8888888888888888,-0.49409258387501537,,0,-0.3395622360152768
368,branch_reorganization,2083547887,0.9444444444444444,-0.41539616155959774,,0,-0.3395622360152768
368,branch_reorganization,2083547887,1.0,-0.4240372598333417,-0.3632944881498355,0,-0.3395622360152768
369,retention,1891019454,0.0,0.0,0.04197801090736543,0,-0.3395622360152768
369,retention,1891019454,0.05555555555555555,0.06103020950446778,,0,-0.3395622360152768
369,retention,1891019454,0.1111111111111111,0.06201996661544016,,0,-0.3395622360152768
369,retention,1891019454,0.16666666666666666,0.10674991279248314,,0,-0.3395622360152768
369,retention,1891019454,0.2222222222222222,0.10615914862588803,,0,-0.3395622360152768
369,retention,1891019454,0.2777777777777778,0.13644105461664424,,0,-0.3395622360152768
369,retention,1891019454,0.3333333333333333,0.1331003210007156,,0,-0.3395622360152768
369,retention,1891019454,0.38888888888888884,0.10599749333978595,,0,-0.3395622360152768
369,retention,1891019454,0.4444444444444444,0.08066711977846071,,0,-0.3395622360152768
369,retention,1891019454,0.5,0.04174545921658314,,0,-0.3395622360152768
369,retention,1891019454,0.5555555555555556,0.14296092676792163,,0,-0.3395622360152768
369,retention,1891019454,0.611111111111111,0.1640205986910939,,0,-0.3395622360152768
369,retention,1891019454,0.6666666666666666,0.27482226274518207,,0,-0.3395622360152768
369,retention,1891019454,0.7222222222222222,0.2513479827179122,,0,-0.3395622360152768
369,retention,1891019454,0.7777777777777777,0.15910205604311872,,0,-0.3395622360152768
369,retention,1891019454,0.8333333333333333,0.08042887675029298,,0,-0.3395622360152768
369,retention,1891019454,0.8888888888888888,0.07751660345270632,,0,-0.3395622360152768
369,retention,1891019454,0.9444444444444444,0.005334081509026423,,0,-0.3395622360152768
369,retention,1891019454,1.0,-0.015460001611138975,-0.017409051910116616,0,-0.3395622360152768
370,jump,1055113054,0.0,0.0,0.017369683213516014,0,-0.3395622360152768
370,jump,1055113054,0.05555555555555555,-0.05711642570119707,,0,-0.3395622360152768
370,jump,1055113054,0.1111111111111111,0.007038279023416458,,0,-0.3395622360152768
370,jump,1055113054,0.16666666666666666,0.033963333992484954,,0,-0.3395622360152768
370,jump,1055113054,0.2222222222222222,0.01442561143540768,,0,-0.3395622360152768
370,jump,1055113054,0.2777777777777778,-0.016523984209608406,,0,-0.3395622360152768
370,jump,1055113054,0.3333333333333333,-0.11202092868250893,,0,-0.3395622360152768
370,jump,1055113054,0.38888888888888884,-0.10090479702621116,,0,-0.3395622360152768
370,jump,1055113054,0.4444444444444444,-0.10058670640225637,,0,-0.3395622360152768
370,jump,1055113054,0.5,-0.11135723220111861,,0,-0.3395622360152768
370,jump,1055113054,0.5555555555555556,-0.09936881208833484,,0,-0.3395622360152768
370,jump,1055113054,0.611111111111111,-0.11783361755133487,,0,-0.3395622360152768
370,jump,1055113054,0.6666666666666666,-0.07629208662912115,,0,-0.3395622360152768
370,jump,1055113054,0.7222222222222222,-0.12439228405147364,,0,-0.3395622360152768
370,jump,1055113054,0.7777777777777777,-0.18004700014659245,,0,-0.3395622360152768
370,jump,1055113054,0.8333333333333333,-0.14314568747427153,,0,-0.3395622360152768
370,jump,1055113054,0.8888888888888888,-0.05416670658858497,,0,-0.3395622360152768
370,jump,1055113054,0.9444444444444444,0.05448495331597849,,0,-0.3395622360152768
370,jump,1055113054,1.0,0.08826390847605525,0.1012873561001973,0,-0.3395622360152768
371,branch_reorganization,1738215515,0.0,-0.3395622360152768,-0.29831556008732985,0,-0.3395622360152768
371,branch_reorganization,1738215515,0.05555555555555555,-0.3518659033117156,,0,-0.3395622360152768
371,branch_reorganization,1738215515,0.1111111111111111,-0.3221326505685738,,0,-0.3395622360152768
371,branch_reorganization,1738215515,0.16666666666666666,-0.4270544353888887,,0,-0.3395622360152768
371,branch_reorganization,1738215515,0.2222222222222222,-0.3659114512776264,,0,-0.3395622360152768
371,branch_reorganization,1738215515,0.2777777777777778,-0.29041548575188425,,0,-0.3395622360152768
371,branch_reorganization,1738215515,0.3333333333333333,-0.364799087093737,,0,-0.3395622360152768
371,branch_reorganization,1738215515,0.38888888888888884,-0.3457492474656566,,0,-0.3395622360152768
371,branch_reorganization,1738215515,0.4444444444444444,-0.4265202347992984,,0,-0.3395622360152768
371,branch_reorganization,1738215515,0.5,-0.38889274564994536,,0,-0.3395622360152768
371,branch_reorganization,1738215515,0.5555555555555556,-0.43634725671202884,,0,-0.3395622360152768
371,branch_reorganization,1738215515,0.611111111111111,-0.46636068229584626,,0,-0.3395622360152768
371,branch_reorganization,1738215515,0.6666666666666666,-0.36798132669156003,,0,-0.3395622360152768
371,branch_reorganization,1738215515,0.7222222222222222,-0.3155846958411739,,0,-0.3395622360152768
371,branch_reorganization,1738215515,0.7777777777777777,-0.39692457701815037,,0,-0.3395622360152768
371,branch_reorganization,1738215515,0.8333333333333333,-0.45078607007680643,,0,-0.3395622360152768
371,branch_reorganization,1738215515,0.8888888888888888,-0.48806194942585834,,0,-0.3395622360152768
371,branch_reorganization,1738215515,0.9444444444444444,-0.4853112077065538,,0,-0.3395622360152768
371,branch_reorganization,1738215515,1.0,-0.506316003303526,-0.5324999549536775,0,-0.3395622360152768
372,retention,1750060369,0.0,0.0,-0.07773101724123867,0,-0.3395622360152768
372,retention,1750060369,0.05555555555555555,0.028195373746130785,,0,-0.3395622360152768
372,retention,1750060369,0.1111111111111111,0.0854459575565838,,0,-0.3395622360152768
372,retention,1750060369,0.16666666666666666,0.05382427262053792,,0,-0.3395622360152768
372,retention,1750060369,0.2222222222222222,0.01103869079158104,,0,-0.3395622360152768
372,retention,1750060369,0.2777777777777778,-0.07857660639882069,,0,-0.3395622360152768
372,retention,1750060369,0.3333333333333333,-0.1330490062259086,,0,-0.3395622360152768
372,retention,1750060369,0.38888888888888884,-0.12108069840610909,,0,-0.3395622360152768
372,retention,1750060369,0.4444444444444444,-0.0926287200336569,,0,-0.3395622360152768
372,retention,1750060369,0.5,-0.1535132815800516,,0,-0.3395622360152768
372,retention,1750060369,0.5555555555555556,-0.1828326256381982,,0,-0.3395622360152768
372,retention,1750060369,0.611111111111111,-0.16209279840901375,,0,-0.3395622360152768
372,retention,1750060369,0.6666666666666666,-0.08807632591578507,,0,-0.3395622360152768
372,retention,1750060369,0.7222222222222222,-0.022199559755884397,,0,-0.3395622360152768
372,retention,1750060369,0.7777777777777777,0.015356263185976576,,0,-0.3395622360152768
372,retention,1750060369,0.8333333333333333,-0.009160093720977695,,0,-0.3395622360152768
372,retention,1750060369,0.8888888888888888,0.015268948930685143,,0,-0.3395622360152768
372,retention,1750060369,0.9444444444444444,0.025388189108238788,,0,-0.3395622360152768
372,retention,1750060369,1.0,-0.029310307168909405,-0.03371330093862865,0,-0.3395622360152768
373,jump,1642298946,0.0,0.0,0.05296428774239445,0,-0.3395622360152768
373,jump,1642298946,0.05555555555555555,-0.01106180371684326,,0,-0.3395622360152768
373,jump,1642298946,0.1111111111111111,-0.03666190357429281,,0,-0.3395622360152768
373,jump,1642298946,0.16666666666666666,-0.035439496233853784,,0,-0.3395622360152768
373,jump,1642298946,0.2222222222222222,0.024964414726280977,,0,-0.3395622360152768
373,jump,1642298946,0.2777777777777778,0.049282729941604,,0,-0.3395622360152768
373,jump,1642298946,0.3333333333333333,0.04056047959584234,,0,-0.3395622360152768
373,jump,1642298946,0.38888888888888884,-0.024814524865386982,,0,-0.3395622360152768
373,jump,1642298946,0.4444444444444444,-0.02786132861047901,,0,-0.3395622360152768
373,jump,1642298946,0.5,-0.06166615464510668,,0,-0.3395622360152768
373,jump,1642298946,0.5555555555555556,0.02292217644905402,,0,-0.3395622360152768
373,jump,1642298946,0.611111111111111,-0.0203804909734575,,0,-0.3395622360152768
373,jump,1642298946,0.6666666666666666,-0.0254289610203291,,0,-0.3395622360152768
373,jump,1642298946,0.7222222222222222,0.07384747485621049,,0,-0.3395622360152768
373,jump,1642298946,0.7777777777777777,-0.029867503208834148,,0,-0.3395622360152768
373,jump,1642298946,0.8333333333333333,-0.10604931203430397,,0,-0.3395622360152768
373,jump,1642298946,0.8888888888888888,-0.1110035292602081,,0,-0.3395622360152768
373,jump,1642298946,0.9444444444444444,-0.1912367644855022,,0,-0.3395622360152768
373,jump,1642298946,1.0,-0.15870150273589373,-0.24057340744228,0,-0.3395622360152768
374,branch_reorganization,1247599240,0.0,-0.3395622360152768,-0.2916977476771445,0,-0.3395622360152768
374,branch_reorganization,1247599240,0.05555555555555555,-0.38946327423448135,,0,-0.3395622360152768
374,branch_reorganization,1247599240,0.1111111111111111,-0.37002917748656866,,0,-0.3395622360152768
374,branch_reorganization,1247599240,0.16666666666666666,-0.4724797242100547,,0,-0.3395622360152768
374,branch_reorganization,1247599240,0.2222222222222222,-0.5252439129254836,,0,-0.3395622360152768
374,branch_reorganization,1247599240,0.2777777777777778,-0.5159324481393422,,0,-0.3395622360152768
374,branch_reorganization,1247599240,0.3333333333333333,-0.5290920568008767,,0,-0.3395622360152768
374,branch_reorganization,1247599240,0.38888888888888884,-0.535325432035204,,0,-0.3395622360152768
374,branch_reorganization,1247599240,0.4444444444444444,-0.6085552686503786,,0,-0.3395622360152768
374,branch_reorganization,1247599240,0.5,-0.5706413863104465,,0,-0.3395622360152768
374,branch_reorganization,1247599240,0.5555555555555556,-0.6097120911320204,,0,-0.3395622360152768
374,branch_reorganization,1247599240,0.611111111111111,-0.5562237836740223,,0,-0.3395622360152768
374,branch_reorganization,1247599240,0.6666666666666666,-0.5035946536808095,,0,-0.3395622360152768
374,branch_reorganization,1247599240,0.7222222222222222,-0.5794545927897128,,0,-0.3395622360152768
374,branch_reorganization,1247599240,0.7777777777777777,-0.6351668376806159,,0,-0.3395622360152768
374,branch_reorganization,1247599240,0.8333333333333333,-0.5637054833703197,,0,-0.3395622360152768
374,branch_reorganization,1247599240,0.8888888888888888,-0.45756520006800816,,0,-0.3395622360152768
374,branch_reorganization,1247599240,0.9444444444444444,-0.43060146284673656,,0,-0.3395622360152768
374,branch_reorganization,1247599240,1.0,-0.3523605223688964,-0.42262542359892674,0,-0.3395622360152768
375,retention,149515400,0.0,0.0,0.011430854240568536,0,-0.3395622360152768
375,retention,149515400,0.05555555555555555,-0.015416583977204128,,0,-0.3395622360152768
375,retention,149515400,0.1111111111111111,-0.06294596674644647,,0,-0.3395622360152768
375,retention,149515400,0.16666666666666666,-0.053058678529142055,,0,-0.3395622360152768
375,retention,149515400,0.2222222222222222,-0.06277661409083801,,0,-0.3395622360152768
375,retention,149515400,0.2777777777777778,-0.13463839797697078,,0,-0.3395622360152768
375,retention,149515400,0.3333333333333333,-0.03219254167325729,,0,-0.3395622360152768
375,retention,149515400,0.38888888888888884,-0.07007500794242541,,0,-0.3395622360152768
375,retention,149515400,0.4444444444444444,-0.1917556610904798,,0,-0.3395622360152768
375,retention,149515400,0.5,-0.1939437568712127,,0,-0.3395622360152768
375,retention,149515400,0.5555555555555556,-0.17333202629901842,,0,-0.3395622360152768
375,retention,149515400,0.611111111111111,-0.09653598313388882,,0,-0.3395622360152768
375,retention,149515400,0.6666666666666666,-0.08283101337833725,,0,-0.3395622360152768
375,retention,149515400,0.7222222222222222,-0.021887420446423216,,0,-0.3395622360152768
375,retention,149515400,0.7777777777777777,0.01103022421651802,,0,-0.3395622360152768
375,retention,149515400,0.8333333333333333,0.09239285836444652,,0,-0.3395622360152768
375,retention,149515400,0.8888888888888888,-0.016119038723133916,,0,-0.3395622360152768
375,retention,149515400,0.9444444444444444,0.027766077222327594,,0,-0.3395622360152768
375,retention,149515400,1.0,0.04098751598205473,0.011126341863749962,0,-0.3395622360152768
376,jump,1317184906,0.0,0.0,0.05762109433433374,0,-0.3395622360152768
376,jump,1317184906,0.05555555555555555,0.039622548021200625,,0,-0.3395622360152768
376,jump,1317184906,0.1111111111111111,0.02526117726518795,,0,-0.3395622360152768
376,jump,1317184906,0.16666666666666666,0.03228913324072693,,0,-0.3395622360152768
376,jump,1317184906,0.2222222222222222,0.0016154278616031352,,0,-0.3395622360152768
376,jump,1317184906,0.2777777777777778,0.05757333870350668,,0,-0.3395622360152768
376,jump,1317184906,0.3333333333333333,0.10128608265381807,,0,-0.3395622360152768
376,jump,1317184906,0.38888888888888884,0.1708666121247771,,0,-0.3395622360152768
376,jump,1317184906,0.4444444444444444,0.16818258621882234,,0,-0.3395622360152768
376,jump,1317184906,0.5,0.14910792811890888,,0,-0.3395622360152768
376,jump,1317184906,0.5555555555555556,0.10784857873367562,,0,-0.3395622360152768
376,jump,1317184906,0.611111111111111,0.10579194126593966,,0,-0.3395622360152768
376,jump,1317184906,0.6666666666666666,0.11177063128762672,,0,-0.3395622360152768
376,jump,1317184906,0.7222222222222222,0.062133564253809656,,0,-0.3395622360152768
376,jump,1317184906,0.7777777777777777,0.038564607280073285,,0,-0.3395622360152768
376,jump,1317184906,0.8333333333333333,0.11191334196616029,,0,-0.3395622360152768
376,jump,1317184906,0.8888888888888888,0.11012636851379917,,0,-0.3395622360152768
376,jump,1317184906,0.9444444444444444,0.05900893484158274,,0,-0.3395622360152768
376,jump,1317184906,1.0,-0.042505599355114554,-0.015311871350266602,0,-0.3395622360152768
377,branch_reorganization,1540644823,0.0,-0.3395622360152768,-0.3921616257789004,0,-0.3395622360152768
377,branch_reorganization,1540644823,0.05555555555555555,-0.3271496969291359,,0,-0.3395622360152768
377,branch_reorganization,1540644823,0.1111111111111111,-0.3009002700787189,,0,-0.3395622360152768
377,branch_reorganization,1540644823,0.16666666666666666,-0.22423936111909998,,0,-0.3395622360152768
377,branch_reorganization,1540644823,0.2222222222222222,-0.11496044285156844,,1,0.3395622360152768
377,branch_reorganization,1540644823,0.2777777777777778,-0.11120371597300466,,1,0.3395622360152768
377,branch_reorganization,1540644823,0.3333333333333333,-0.012342903495716123,,1,0.3395622360152768
377,branch_reorganization,1540644823,0.38888888888888884,0.04539586004732223,,1,0.3395622360152768
377,branch_reorganization,1540644823,0.4444444444444444,0.11181829964695064,,1,0.3395622360152768
377,branch_reorganization,1540644823,0.5,0.14523448819610774,,1,0.3395622360152768
377,branch_reorganization,1540644823,0.5555555555555556,0.20391081508808911,,1,0.3395622360152768
377,branch_reorganization,1540644823,0.611111111111111,0.1773711646361849,,1,0.3395622360152768
377,branch_reorganization,1540644823,0.6666666666666666,0.13309619455007848,,1,0.3395622360152768
377,branch_reorganization,1540644823,0.7222222222222222,0.08403493982986224,,0,-0.3395622360152768
377,branch_reorganization,1540644823,0.7777777777777777,0.12674947256182187,,0,-0.3395622360152768
377,branch_reorganization,1540644823,0.8333333333333333,0.14016546704982177,,0,-0.3395622360152768
377,branch_reorganization,1540644823,0.8888888888888888,0.08272341296547618,,0,-0.3395622360152768
377,branch_reorganization,1540644823,0.9444444444444444,0.05525728007096681,,0,-0.3395622360152768
377,branch_reorganization,1540644823,1.0,-0.020999181330566483,0.007931986792408967,0,-0.3395622360152768
378,retention,1849619430,0.0,0.0,0.01831901973204622,0,-0.3395622360152768
378,retention,1849619430,0.05555555555555555,-0.06704654581702744,,0,-0.3395622360152768
378,retention,1849619430,0.1111111111111111,0.04029743460045544,,0,-0.3395622360152768
378,retention,1849619430,0.16666666666666666,0.025264642777861612,,0,-0.3395622360152768
378,retention,1849619430,0.2222222222222222,0.02171495381504586,,0,-0.3395622360152768
378,retention,1849619430,0.2777777777777778,0.033496865372750706,,0,-0.3395622360152768
378,retention,1849619430,0.3333333333333333,0.07283106081057958,,0,-0.3395622360152768
378,retention,1849619430,0.38888888888888884,0.1625168351825491,,0,-0.3395622360152768
378,retention,1849619430,0.4444444444444444,0.15224545046777313,,0,-0.3395622360152768
378,retention,1849619430,0.5,0.11477190995365082,,0,-0.3395622360152768
378,retention,1849619430,0.5555555555555556,0.11026514939547667,,0,-0.3395622360152768
378,retention,1849619430,0.611111111111111,0.0657815973493493,,0,-0.3395622360152768
378,retention,1849619430,0.6666666666666666,0.06454728279552951,,0,-0.3395622360152768
378,retention,1849619430,0.7222222222222222,0.0465407057001668,,0,-0.3395622360152768
378,retention,1849619430,0.7777777777777777,-0.011764021553724455,,0,-0.3395622360152768
378,retention,1849619430,0.8333333333333333,-0.07125330756296333,,0,-0.3395622360152768
378,retention,1849619430,0.8888888888888888,-0.037569081914605874,,0,-0.3395622360152768
378,retention,1849619430,0.9444444444444444,-0.04090331522284264,,0,-0.3395622360152768
378,retention,1849619430,1.0,-0.14705688957961915,-0.2154228342942781,0,-0.3395622360152768
379,jump,201148508,0.0,0.0,-0.0405408345488779,0,-0.3395622360152768
379,jump,201148508,0.05555555555555555,-0.018965421834785327,,0,-0.3395622360152768
379,jump,201148508,0.1111111111111111,0.015384099634921159,,0,-0.3395622360152768
379,jump,201148508,0.16666666666666666,-0.06999806890009694,,0,-0.3395622360152768
379,jump,201148508,0.2222222222222222,-0.05499832517007248,,0,-0.3395622360152768
379,jump,201148508,0.2777777777777778,-0.020355753225144685,,0,-0.3395622360152768
379,jump,201148508,0.3333333333333333,-0.008425190237845008,,0,-0.3395622360152768
379,jump,201148508,0.38888888888888884,-0.009313142666893974,,0,-0.3395622360152768
379,jump,201148508,0.4444444444444444,0.008837648241481186,,0,-0.3395622360152768
379,jump,201148508,0.5,0.01936974504268097,,0,-0.3395622360152768
379,jump,201148508,0.5555555555555556,0.012736095211182538,,0,-0.3395622360152768
379,jump,201148508,0.611111111111111,-0.01908282779265001,,0,-0.3395622360152768
379,jump,201148508,0.6666666666666666,-0.03718281771382539,,0,-0.3395622360152768
379,jump,201148508,0.7222222222222222,-0.03398610238988949,,0,-0.3395622360152768
379,jump,201148508,0.7777777777777777,0.02077084727690428,,0,-0.3395622360152768
379,jump,201148508,0.8333333333333333,-0.06785881115628421,,0,-0.3395622360152768
379,jump,201148508,0.8888888888888888,-0.06370101571770656,,0,-0.3395622360152768
379,jump,201148508,0.9444444444444444,-0.029257092287962902,,0,-0.3395622360152768
379,jump,201148508,1.0,-0.05090110476100354,-0.1381571921834595,0,-0.3395622360152768
380,branch_reorganization,384022338,0.0,-0.3395622360152768,-0.2858508538223855,0,-0.3395622360152768
380,branch_reorganization,384022338,0.05555555555555555,-0.31804119840495587,,0,-0.3395622360152768
380,branch_reorganization,384022338,0.1111111111111111,-0.24317990838370407,,0,-0.3395622360152768
380,branch_reorganization,384022338,0.16666666666666666,-0.26903845525802284,,0,-0.3395622360152768
380,branch_reorganization,384022338,0.2222222222222222,-0.2615166566771449,,0,-0.3395622360152768
380,branch_reorganization,384022338,0.2777777777777778,-0.3300826667469653,,0,-0.3395622360152768
380,branch_reorganization,384022338,0.3333333333333333,-0.34769395917576695,,0,-0.3395622360152768
380,branch_reorganization,384022338,0.38888888888888884,-0.30906218556947346,,1,0.3395622360152768
380,branch_reorganization,384022338,0.4444444444444444,-0.2450174656793525,,1,0.3395622360152768
380,branch_reorganization,384022338,0.5,-0.20507744310755116,,1,0.3395622360152768
380,branch_reorganization,384022338,0.5555555555555556,-0.1955497202327089,,1,0.3395622360152768
380,branch_reorganization,384022338,0.611111111111111,-0.20591617828638403,,1,0.3395622360152768
380,branch_reorganization,384022338,0.6666666666666666,-0.13770985756185578,,1,0.3395622360152768
380,branch_reorganization,384022338,0.7222222222222222,-0.12999130766356976,,1,0.3395622360152768
380,branch_reorganization,384022338,0.7777777777777777,-0.10080373554815912,,1,0.3395622360152768
380,branch_reorganization,384022338,0.8333333333333333,0.0161204925708449,,1,0.3395622360152768
380,branch_reorganization,384022338,0.8888888888888888,0.03380095649764856,,1,0.3395622360152768
380,branch_reorganization,384022338,0.9444444444444444,-0.046915096992078104,,1,0.3395622360152768
380,branch_reorganization,384022338,1.0,-0.07946675127200489,-0.039324906367811545,0,-0.3395622360152768
380,branch_reorganization,384022338,1.0555555555555556,-0.05267131472139974,,0,-0.3395622360152768
380,branch_reorganization,384022338,1.1111111111111112,-0.038610101648583355,,0,-0.3395622360152768
380,branch_reorganization,384022338,1.1666666666666667,-0.07353514208136858,,0,-0.3395622360152768
380,branch_reorganization,384022338,1.2222222222222223,-0.0025447229629345786,,0,-0.3395622360152768
380,branch_reorganization,384022338,1.2777777777777777,-0.0368018656911458,,0,-0.3395622360152768
380,branch_reorganization,384022338,1.3333333333333333,0.029130374753501262,,0,-0.3395622360152768
380,branch_reorganization,384022338,1.3888888888888888,0.09036632911085543,,0,-0.3395622360152768
380,branch_reorganization,384022338,1.4444444444444444,0.06754657082017658,,0,-0.3395622360152768
380,branch_reorganization,384022338,1.5,-0.016980526460736,,0,-0.3395622360152768
380,branch_reorganization,384022338,1.5555555555555556,-0.10300145030457745,,0,-0.3395622360152768
380,branch_reorganization,384022338,1.6111111111111112,-0.07134500627278229,,0,-0.3395622360152768
380,branch_reorganization,384022338,1.6666666666666665,-0.12357138199100792,,0,-0.3395622360152768
380,branch_reorganization,384022338,1.7222222222222223,-0.16582538426067905,,0,-0.3395622360152768
380,branch_reorganization,384022338,1.7777777777777777,-0.22088588158062944,,0,-0.3395622360152768
380,branch_reorganization,384022338,1.8333333333333333,-0.17736491002503596,,0,-0.3395622360152768
380,branch_reorganization,384022338,1.8888888888888888,-0.3801824162082252,,0,-0.3395622360152768
380,branch_reorganization,384022338,1.9444444444444444,-0.4393897024072604,,0,-0.3395622360152768
380,branch_reorganization,384022338,2.0,-0.37531546726351667,-0.4113694935117248,0,-0.3395622360152768
380,branch_reorganization,384022338,2.0555555555555554,-0.3129940987607138,,0,-0.3395622360152768
380,branch_reorganization,384022338,2.111111111111111,-0.3434505351512446,,0,-0.3395622360152768
380,branch_reorganization,384022338,2.1666666666666665,-0.30488963050703244,,0,-0.3395622360152768
380,branch_reorganization,384022338,2.2222222222222223,-0.3291986704240611,,0,-0.3395622360152768
380,branch_reorganization,384022338,2.2777777777777777,-0.362068679299427,,0,-0.3395622360152768
380,branch_reorganization,384022338,2.3333333333333335,-0.4244076860009456,,0,-0.3395622360152768
380,branch_reorganization,384022338,2.388888888888889,-0.39535123751593004,,0,-0.3395622360152768
380,branch_reorganization,384022338,2.4444444444444446,-0.3854582116984767,,0,-0.3395622360152768
380,branch_reorganization,384022338,2.5,-0.4385942725317336,,0,-0.3395622360152768
380,branch_reorganization,384022338,2.5555555555555554,-0.42483212211806787,,0,-0.3395622360152768
380,branch_reorganization,384022338,2.611111111111111,-0.3507875375323839,,0,-0.3395622360152768
380,branch_reorganization,384022338,2.6666666666666665,-0.30331225739465606,,0,-0.3395622360152768
380,branch_reorganization,384022338,2.7222222222222223,-0.38277390622890367,,0,-0.3395622360152768
380,branch_reorganization,384022338,2.7777777777777777,-0.34484664748669946,,0,-0.3395622360152768
380,branch_reorganization,384022338,2.833333333333333,-0.36306735632358944,,0,-0.3395622360152768
380,branch_reorganization,384022338,2.888888888888889,-0.33299403176453224,,0,-0.3395622360152768
380,branch_reorganization,384022338,2.9444444444444446,-0.35566633404936343,,0,-0.3395622360152768
380,branch_reorganization,384022338,3.0,-0.4284527295587448,-0.43326570278677046,0,-0.3395622360152768
381,retention,1052765648,0.0,0.0,-0.06824436806391677,0,-0.3395622360152768
381,retention,1052765648,0.05555555555555555,-0.06824370428526798,,0,-0.3395622360152768
381,retention,1052765648,0.1111111111111111,-0.00986790088193374,,0,-0.3395622360152768
381,retention,1052765648,0.16666666666666666,0.027799302077694706,,0,-0.3395622360152768
381,retention,1052765648,0.2222222222222222,0.030448492359603844,,0,-0.3395622360152768
381,retention,1052765648,0.2777777777777778,-0.018066654072667127,,0,-0.3395622360152768
381,retention,1052765648,0.3333333333333333,-0.00683308841471921,,0,-0.3395622360152768
381,retention,1052765648,0.38888888888888884,0.04247661529211489,,0,-0.3395622360152768
381,retention,1052765648,0.4444444444444444,0.00723306742158155,,0,-0.3395622360152768
381,retention,1052765648,0.5,-0.0020345295853396762,,0,-0.3395622360152768
381,retention,1052765648,0.5555555555555556,-0.04775570063334334,,0,-0.3395622360152768
381,retention,1052765648,0.611111111111111,-0.05184759640778065,,0,-0.3395622360152768
381,retention,1052765648,0.6666666666666666,-0.04449256682850566,,0,-0.3395622360152768
381,retention,1052765648,0.7222222222222222,-0.031829593383619556,,0,-0.3395622360152768
381,retention,1052765648,0.7777777777777777,-0.031715201253490435,,0,-0.3395622360152768
381,retention,1052765648,0.8333333333333333,-0.11233029293047592,,0,-0.3395622360152768
381,retention,1052765648,0.8888888888888888,-0.08203016656244855,,0,-0.3395622360152768
381,retention,1052765648,0.9444444444444444,-0.07929745844979605,,0,-0.3395622360152768
381,retention,1052765648,1.0,-0.041278710057959314,-0.08319411729796666,0,-0.3395622360152768
382,jump,1344946383,0.0,0.0,0.00912808390557559,0,-0.3395622360152768
382,jump,1344946383,0.05555555555555555,0.13335649569892646,,0,-0.3395622360152768
382,jump,1344946383,0.1111111111111111,0.09429770328776685,,0,-0.3395622360152768
382,jump,1344946383,0.16666666666666666,0.06126109107077182,,0,-0.3395622360152768
382,jump,1344946383,0.2222222222222222,0.030496858676051057,,0,-0.3395622360152768
382,jump,1344946383,0.2777777777777778,0.07752633726419073,,0,-0.3395622360152768
382,jump,1344946383,0.3333333333333333,-0.03858422192260928,,0,-0.3395622360152768
382,jump,1344946383,0.38888888888888884,-0.011572266373826055,,0,-0.3395622360152768
382,jump,1344946383,0.4444444444444444,-0.023875895783891172,,0,-0.3395622360152768
382,jump,1344946383,0.5,0.007400786636984843,,0,-0.3395622360152768
382,jump,1344946383,0.5555555555555556,0.09138768128678967,,0,-0.3395622360152768
382,jump,1344946383,0.611111111111111,0.08333361385327573,,0,-0.3395622360152768
382,jump,1344946383,0.6666666666666666,0.12597751204428417,,0,-0.3395622360152768
382,jump,1344946383,0.7222222222222222,0.14556662110784596,,0,-0.3395622360152768
382,jump,1344946383,0.7777777777777777,0.20049993978417663,,0,-0.3395622360152768
382,jump,1344946383,0.8333333333333333,0.23693171774455746,,0,-0.3395622360152768
382,jump,1344946383,0.8888888888888888,0.22422519839362132,,0,-0.3395622360152768
382,jump,1344946383,0.9444444444444444,0.21448240284244452,,0,-0.3395622360152768
382,jump,1344946383,1.0,0.24348631350840902,0.23746088860839865,0,-0.3395622360152768
383,branch_reorganization,628931950,0.0,-0.3395622360152768,-0.34623009797682286,0,-0.3395622360152768
383,branch_reorganization,628931950,0.05555555555555555,-0.3808710092893644,,0,-0.3395622360152768
383,branch_reorganization,628931950,0.1111111111111111,-0.30019563164982566,,0,-0.3395622360152768
383,branch_reorganization,628931950,0.16666666666666666,-0.16585721027774217,,0,-0.3395622360152768
383,branch_reorganization,628931950,0.2222222222222222,-0.24814405687753852,,0,-0.3395622360152768
383,branch_reorganization,628931950,0.2777777777777778,-0.3128930348286948,,0,-0.3395622360152768
383,branch_reorganization,628931950,0.3333333333333333,-0.22063354022729226,,0,-0.3395622360152768
383,branch_reorganization,628931950,0.38888888888888884,-0.22483948349972077,,0,-0.3395622360152768
383,branch_reorganization,628931950,0.4444444444444444,-0.23617029913722062,,0,-0.3395622360152768
383,branch_reorganization,628931950,0.5,-0.2624953331756981,,0,-0.3395622360152768
383,branch_reorganization,628931950,0.5555555555555556,-0.2469196214943284,,0,-0.3395622360152768
383,branch_reorganization,628931950,0.611111111111111,-0.18359110720176267,,0,-0.3395622360152768
383,branch_reorganization,628931950,0.6666666666666666,-0.19468625940570092,,0,-0.3395622360152768
383,branch_reorganization,628931950,0.7222222222222222,-0.26297006018766655,,0,-0.3395622360152768
383,branch_reorganization,628931950,0.7777777777777777,-0.3427015889525103,,0,-0.3395622360152768
383,branch_reorganization,628931950,0.8333333333333333,-0.2949783962373507,,0,-0.3395622360152768
383,branch_reorganization,628931950,0.8888888888888888,-0.316777884561376,,0,-0.3395622360152768
383,branch_reorganization,628931950,0.9444444444444444,-0.33886715343074314,,0,-0.3395622360152768
383,branch_reorganization,628931950,1.0,-0.33841934026449877,-0.3390486789970934,0,-0.3395622360152768
384,retention,1141639455,0.0,0.0,-0.03537586243662099,0,-0.3395622360152768
384,retention,1141639455,0.05555555555555555,-0.0005193597410273463,,0,-0.3395622360152768
384,retention,1141639455,0.1111111111111111,0.004424117332116026,,0,-0.3395622360152768
384,retention,1141639455,0.16666666666666666,0.13937471143817867,,0,-0.3395622360152768
384,retention,1141639455,0.2222222222222222,0.11287765479028365,,0,-0.3395622360152768
384,retention,1141639455,0.2777777777777778,0.05590852478529585,,0,-0.3395622360152768
384,retention,1141639455,0.3333333333333333,0.11959502097647139,,0,-0.3395622360152768
384,retention,1141639455,0.38888888888888884,0.13806374535330845,,0,-0.3395622360152768
384,retention,1141639455,0.4444444444444444,0.16536175193406408,,0,-0.3395622360152768
384,retention,1141639455,0.5,0.23828811753412407,,0,-0.3395622360152768
384,retention,1141639455,0.5555555555555556,0.2581404314244132,,0,-0.3395622360152768
384,retention,1141639455,0.611111111111111,0.32526288879561005,,0,-0.3395622360152768
384,retention,1141639455,0.6666666666666666,0.34843877402742623,,0,-0.3395622360152768
384,retention,1141639455,0.7222222222222222,0.3678894714485399,,0,-0.3395622360152768
384,retention,1141639455,0.7777777777777777,0.3912123943296545,,0,-0.3395622360152768
384,retention,1141639455,0.8333333333333333,0.3448140382324448,,0,-0.3395622360152768
384,retention,1141639455,0.8888888888888888,0.275924486595119,,0,-0.3395622360152768
384,retention,1141639455,0.9444444444444444,0.23010319369551577,,0,-0.3395622360152768
384,retention,1141639455,1.0,0.27115647072895077,0.27423776855329374,0,-0.3395622360152768
385,jump,1346121404,0.0,0.0,-0.03942138512482517,0,-0.3395622360152768
385,jump,1346121404,0.05555555555555555,-0.021804250904173237,,0,-0.3395622360152768
385,jump,1346121404,0.1111111111111111,-0.059819443764331,,0,-0.3395622360152768
385,jump,1346121404,0.16666666666666666,-0.035100287581402115,,0,-0.3395622360152768
385,jump,1346121404,0.2222222222222222,0.02577608174195429,,0,-0.3395622360152768
385,jump,1346121404,0.2777777777777778,-0.12002043622061317,,0,-0.3395622360152768
385,jump,1346121404,0.3333333333333333,-0.04615779353061704,,0,-0.3395622360152768
385,jump,1346121404,0.38888888888888884,-0.09813014929366601,,0,-0.3395622360152768
385,jump,1346121404,0.4444444444444444,-0.12193539438747981,,0,-0.3395622360152768
385,jump,1346121404,0.5,-0.2045894086840298,,0,-0.3395622360152768
385,jump,1346121404,0.5555555555555556,-0.07521239426364869,,0,-0.3395622360152768
385,jump,1346121404,0.611111111111111,-0.13281775146506253,,0,-0.3395622360152768
385,jump,1346121404,0.6666666666666666,-0.14520623100672747,,0,-0.3395622360152768
385,jump,1346121404,0.7222222222222222,-0.1393011048229325,,0,-0.3395622360152768
385,jump,1346121404,0.7777777777777777,-0.1387431767669893,,0,-0.3395622360152768
385,jump,1346121404,0.8333333333333333,-0.1646604828981546,,0,-0.3395622360152768
385,jump,1346121404,0.8888888888888888,-0.1699951966862647,,0,-0.3395622360152768
385,jump,1346121404,0.9444444444444444,-0.18172155959399794,,0,-0.3395622360152768
385,jump,1346121404,1.0,-0.05672351771404045,-0.12032411177263141,0,-0.3395622360152768
386,branch_reorganization,1213653615,0.0,-0.3395622360152768,-0.3205822816577511,0,-0.3395622360152768
386,branch_reorganization,1213653615,0.05555555555555555,-0.29062149899523426,,0,-0.3395622360152768
386,branch_reorganization,1213653615,0.1111111111111111,-0.32082072364383635,,0,-0.3395622360152768
386,branch_reorganization,1213653615,0.16666666666666666,-0.33628651046505303,,0,-0.3395622360152768
386,branch_reorganization,1213653615,0.2222222222222222,-0.33943036488105205,,0,-0.3395622360152768
386,branch_reorganization,1213653615,0.2777777777777778,-0.3014480815250126,,0,-0.3395622360152768
386,branch_reorganization,1213653615,0.3333333333333333,-0.2762805166771082,,0,-0.3395622360152768
386,branch_reorganization,1213653615,0.38888888888888884,-0.3444876706810848,,0,-0.3395622360152768
386,branch_reorganization,1213653615,0.4444444444444444,-0.43877964316280776,,0,-0.3395622360152768
386,branch_reorganization,1213653615,0.5,-0.45345752828114727,,0,-0.3395622360152768
386,branch_reorganization,1213653615,0.5555555555555556,-0.3393995913496624,,1,0.3395622360152768
386,branch_reorganization,1213653615,0.611111111111111,-0.30622547132729877,,1,0.3395622360152768
386,branch_reorganization,1213653615,0.6666666666666666,-0.26570402983352076,,1,0.3395622360152768
386,branch_reorganization,1213653615,0.7222222222222222,-0.30572703328456413,,1,0.3395622360152768
386,branch_reorganization,1213653615,0.7777777777777777,-0.26674477929799595,,1,0.3395622360152768
386,branch_reorganization,1213653615,0.8333333333333333,-0.28077788298728035,,1,0.3395622360152768
386,branch_reorganization,1213653615,0.8888888888888888,-0.2254401066879956,,0,-0.3395622360152768
386,branch_reorganization,1213653615,0.9444444444444444,-0.28533415693409825,,0,-0.3395622360152768
386,branch_reorganization,1213653615,1.0,-0.28526917658407036,-0.2553041834766418,0,-0.3395622360152768
387,retention,506796876,0.0,0.0,-0.0013496027507412217,0,-0.3395622360152768
387,retention,506796876,0.05555555555555555,0.023556118554714876,,0,-0.3395622360152768
387,retention,506796876,0.1111111111111111,0.030402625434465695,,0,-0.3395622360152768
387,retention,506796876,0.16666666666666666,0.07779919576910685,,0,-0.3395622360152768
387,retention,506796876,0.2222222222222222,0.13985300131586703,,0,-0.3395622360152768
387,retention,506796876,0.2777777777777778,0.2552601369241002,,0,-0.3395622360152768
387,retention,506796876,0.3333333333333333,0.26515810383990573,,0,-0.3395622360152768
387,retention,506796876,0.38888888888888884,0.1964619354423682,,0,-0.3395622360152768
387,retention,506796876,0.4444444444444444,0.12947544867084754,,0,-0.3395622360152768
387,retention,506796876,0.5,0.11947089930438246,,0,-0.3395622360152768
387,retention,506796876,0.5555555555555556,0.18951992081259256,,0,-0.3395622360152768
387,retention,506796876,0.611111111111111,0.24473966616089368,,0,-0.3395622360152768
387,retention,506796876,0.6666666666666666,0.2959412881330486,,0,-0.3395622360152768
387,retention,506796876,0.7222222222222222,0.2536071936497008,,0,-0.3395622360152768
387,retention,506796876,0.7777777777777777,0.2235163539386397,,0,-0.3395622360152768
387,retention,506796876,0.8333333333333333,0.1755889577865326,,0,-0.3395622360152768
387,retention,506796876,0.8888888888888888,0.1667550400217877,,0,-0.3395622360152768
387,retention,506796876,0.9444444444444444,0.1250835591073785,,0,-0.3395622360152768
387,retention,506796876,1.0,0.09453582627818467,0.034064932543725085,0,-0.3395622360152768
388,jump,333986203,0.0,0.0,-0.08500563761398822,0,-0.3395622360152768
388,jump,333986203,0.05555555555555555,-0.008785801108637668,,0,-0.3395622360152768
388,jump,333986203,0.1111111111111111,-0.0483307165244759,,0,-0.3395622360152768
388,jump,333986203,0.16666666666666666,0.0024810470334098375,,0,-0.3395622360152768
388,jump,333986203,0.2222222222222222,-0.05841546074881176,,0,-0.3395622360152768
388,jump,333986203,0.2777777777777778,0.09406658140975357,,0,-0.3395622360152768
388,jump,333986203,0.3333333333333333,0.14333262979674735,,0,-0.3395622360152768
388,jump,333986203,0.38888888888888884,0.12665192135271797,,0,-0.3395622360152768
388,jump,333986203,0.4444444444444444,0.08853570664325497,,0,-0.3395622360152768
388,jump,333986203,0.5,0.12375200323108919,,0,-0.3395622360152768
388,jump,333986203,0.5555555555555556,0.17708636395735877,,0,-0.3395622360152768
388,jump,333986203,0.611111111111111,0.21342135825851952,,0,-0.3395622360152768
388,jump,333986203,0.6666666666666666,0.23393182640294496,,0,-0.3395622360152768
388,jump,333986203,0.7222222222222222,0.23487746771744583,,0,-0.3395622360152768
388,jump,333986203,0.7777777777777777,0.24151462289111472,,0,-0.3395622360152768
388,jump,333986203,0.8333333333333333,0.2942715641213687,,0,-0.3395622360152768
388,jump,333986203,0.8888888888888888,0.3325973400990912,,0,-0.3395622360152768
388,jump,333986203,0.9444444444444444,0.4185903808481548,,0,-0.3395622360152768
388,jump,333986203,1.0,0.4538480409656681,0.42394299297342714,0,-0.3395622360152768
389,branch_reorganization,1960054126,0.0,-0.3395622360152768,-0.3145313494023925,0,-0.3395622360152768
389,branch_reorganization,1960054126,0.05555555555555555,-0.32539936098155486,,0,-0.3395622360152768
389,branch_reorganization,1960054126,0.1111111111111111,-0.34376055603614664,,0,-0.3395622360152768
389,branch_reorganization,1960054126,0.16666666666666666,-0.334403175507144,,0,-0.3395622360152768
389,branch_reorganization,1960054126,0.2222222222222222,-0.3385864318647952,,1,0.3395622360152768
389,branch_reorganization,1960054126,0.2777777777777778,-0.2796915757909841,,1,0.3395622360152768
389,branch_reorganization,1960054126,0.3333333333333333,-0.2441655021463611,,1,0.3395622360152768
389,branch_reorganization,1960054126,0.38888888888888884,-0.2316645359813114,,1,0.3395622360152768
389,branch_reorganization,1960054126,0.4444444444444444,-0.1975332356380174,,1,0.3395622360152768
389,branch_reorganization,1960054126,0.5,-0.19523247623672016,,1,0.3395622360152768
389,branch_reorganization,1960054126,0.5555555555555556,-0.16884934921675618,,1,0.3395622360152768
389,branch_reorganization,1960054126,0.611111111111111,-0.19233332377342555,,1,0.3395622360152768
389,branch_reorganization,1960054126,0.6666666666666666,-0.16209873160178975,,1,0.3395622360152768
389,branch_reorganization,1960054126,0.7222222222222222,-0.09666747341467613,,1,0.3395622360152768
389,branch_reorganization,1960054126,0.7777777777777777,-0.042485207956748525,,0,-0.3395622360152768
389,branch_reorganization,1960054126,0.8333333333333333,-0.12184282260133168,,0,-0.3395622360152768
389,branch_reorganization,1960054126,0.8888888888888888,-0.08531440623504279,,0,-0.3395622360152768
389,branch_reorganization,1960054126,0.9444444444444444,-0.0133986797465456,,0,-0.3395622360152768
389,branch_reorganization,1960054126,1.0,-0.036671182569439825,-0.02505813216937669,0,-0.3395622360152768
390,retention,2006160174,0.0,0.0,-0.04720724112984541,0,-0.3395622360152768
390,retention,2006160174,0.05555555555555555,0.09324850523497277,,0,-0.3395622360152768
390,retention,2006160174,0.1111111111111111,0.10344435040653185,,0,-0.3395622360152768
390,retention,2006160174,0.16666666666666666,0.12148143492029304,,0,-0.3395622360152768
390,retention,2006160174,0.2222222222222222,0.10044665730706637,,0,-0.3395622360152768
390,retention,2006160174,0.2777777777777778,0.01013876379078768,,0,-0.3395622360152768
390,retention,2006160174,0.3333333333333333,0.0008663096418042911,,0,-0.3395622360152768
390,retention,2006160174,0.38888888888888884,-0.004973764528397868,,0,-0.3395622360152768
390,retention,2006160174,0.4444444444444444,-0.029080423954801267,,0,-0.3395622360152768
390,retention,2006160174,0.5,-0.02398142691966292,,0,-0.3395622360152768
390,retention,2006160174,0.5555555555555556,0.022998779305030057,,0,-0.3395622360152768
390,retention,2006160174,0.611111111111111,0.01908160835085757,,0,-0.3395622360152768
390,retention,2006160174,0.6666666666666666,0.03997433040735231,,0,-0.3395622360152768
390,retention,2006160174,0.7222222222222222,0.07589086117706725,,0,-0.3395622360152768
390,retention,2006160174,0.7777777777777777,0.1085940649238779,,0,-0.3395622360152768
390,retention,2006160174,0.8333333333333333,0.13882560725009843,,0,-0.3395622360152768
390,retention,2006160174,0.8888888888888888,0.11393437058659218,,0,-0.3395622360152768
390,retention,2006160174,0.9444444444444444,0.11762900063306624,,0,-0.3395622360152768
390,retention,2006160174,1.0,0.16608254943990203,0.12940684444513437,0,-0.3395622360152768
391,jump,2006179188,0.0,0.0,0.08238807171226555,0,-0.3395622360152768
391,jump,2006179188,0.05555555555555555,0.018967890014142775,,0,-0.3395622360152768
391,jump,2006179188,0.1111111111111111,0.06629177351369697,,0,-0.3395622360152768
391,jump,2006179188,0.16666666666666666,0.037187530300810775,,0,-0.3395622360152768
391,jump,2006179188,0.2222222222222222,0.05999366660647988,,0,-0.3395622360152768
391,jump,2006179188,0.2777777777777778,0.11867126666866462,,0,-0.3395622360152768
391,jump,2006179188,0.3333333333333333,0.09843257219165309,,0,-0.3395622360152768
391,jump,2006179188,0.38888888888888884,0.08637249068922606,,0,-0.3395622360152768
391,jump,2006179188,0.4444444444444444,0.17828834058422788,,0,-0.3395622360152768
391,jump,2006179188,0.5,0.18532708622931277,,0,-0.3395622360152768
391,jump,2006179188,0.5555555555555556,0.2165028241856053,,0,-0.3395622360152768
391,jump,2006179188,0.611111111111111,0.21579276594325067,,0,-0.3395622360152768
391,jump,2006179188,0.6666666666666666,0.19720235523726037,,0,-0.3395622360152768
391,jump,2006179188,0.7222222222222222,0.19795203566732136,,0,-0.3395622360152768
391,jump,2006179188,0.7777777777777777,0.1625998686627223,,0,-0.3395622360152768
391,jump,2006179188,0.8333333333333333,0.14540131601360778,,0,-0.3395622360152768
391,jump,2006179188,0.8888888888888888,0.12501471267017478,,0,-0.3395622360152768
391,jump,2006179188,0.9444444444444444,0.14937440336104096,,0,-0.3395622360152768
391,jump,2006179188,1.0,0.07529104904742394,0.12290991411144582,0,-0.3395622360152768
392,branch_reorganization,435452914,0.0,-0.3395622360152768,-0.20780600679517489,0,-0.3395622360152768
392,branch_reorganization,435452914,0.05555555555555555,-0.3574759819939575,,0,-0.3395622360152768
392,branch_reorganization,435452914,0.1111111111111111,-0.2942749169038119,,0,-0.3395622360152768
392,branch_reorganization,435452914,0.16666666666666666,-0.3645147048066807,,0,-0.3395622360152768
392,branch_reorganization,435452914,0.2222222222222222,-0.2450719001156638,,0,-0.3395622360152768
392,branch_reorganization,435452914,0.2777777777777778,-0.311401300067215,,0,-0.3395622360152768
392,branch_reorganization,435452914,0.3333333333333333,-0.3191003441890812,,0,-0.3395622360152768
392,branch_reorganization,435452914,0.38888888888888884,-0.2536385326681299,,0,-0.3395622360152768
392,branch_reorganization,435452914,0.4444444444444444,-0.16314682833210514,,0,-0.3395622360152768
392,branch_reorganization,435452914,0.5,-0.06915214630127273,,0,-0.3395622360152768
392,branch_reorganization,435452914,0.5555555555555556,-0.1877222024190633,,0,-0.3395622360152768
392,branch_reorganization,435452914,0.611111111111111,-0.23111238036250445,,0,-0.3395622360152768
392,branch_reorganization,435452914,0.6666666666666666,-0.15399805585892767,,0,-0.3395622360152768
392,branch_reorganization,435452914,0.7222222222222222,-0.1687609836016583,,0,-0.3395622360152768
392,branch_reorganization,435452914,0.7777777777777777,-0.22109985879897928,,0,-0.3395622360152768
392,branch_reorganization,435452914,0.8333333333333333,-0.15345692640283903,,0,-0.3395622360152768
392,branch_reorganization,435452914,0.8888888888888888,-0.12805247869709308,,0,-0.3395622360152768
392,branch_reorganization,435452914,0.9444444444444444,-0.12464513755834304,,0,-0.3395622360152768
392,branch_reorganization,435452914,1.0,-0.14031324627726743,-0.06891810745882967,0,-0.3395622360152768
393,retention,809951229,0.0,0.0,0.024931858484886955,0,-0.3395622360152768
393,retention,809951229,0.05555555555555555,0.03911417853239034,,0,-0.3395622360152768
393,retention,809951229,0.1111111111111111,0.06308933138649972,,0,-0.3395622360152768
393,retention,809951229,0.16666666666666666,0.048424074981312556,,0,-0.3395622360152768
393,retention,809951229,0.2222222222222222,-0.01665661203743171,,0,-0.3395622360152768
393,retention,809951229,0.2777777777777778,-0.0016143191344116133,,0,-0.3395622360152768
393,retention,809951229,0.3333333333333333,0.04477778284896367,,0,-0.3395622360152768
393,retention,809951229,0.38888888888888884,0.04488940537994265,,0,-0.3395622360152768
393,retention,809951229,0.4444444444444444,0.03495115006264858,,0,-0.3395622360152768
393,retention,809951229,0.5,0.06906943940571778,,0,-0.3395622360152768
393,retention,809951229,0.5555555555555556,0.0713600396834448,,0,-0.3395622360152768
393,retention,809951229,0.611111111111111,0.11418640391656414,,0,-0.3395622360152768
393,retention,809951229,0.6666666666666666,0.08896455177640247,,0,-0.3395622360152768
393,retention,809951229,0.7222222222222222,0.16820621458306567,,0,-0.3395622360152768
393,retention,809951229,0.7777777777777777,0.11377776264244632,,0,-0.3395622360152768
393,retention,809951229,0.8333333333333333,0.12250228871025205,,0,-0.3395622360152768
393,retention,809951229,0.8888888888888888,0.14772989752296714,,0,-0.3395622360152768
393,retention,809951229,0.9444444444444444,0.22363996432746613,,0,-0.3395622360152768
393,retention,809951229,1.0,0.18215482007521278,0.15443669116394998,0,-0.3395622360152768
394,jump,831935278,0.0,0.0,0.0334516209098604,0,-0.3395622360152768
394,jump,831935278,0.05555555555555555,-0.03739211001585924,,0,-0.3395622360152768
394,jump,831935278,0.1111111111111111,-0.08661223107581334,,0,-0.3395622360152768
394,jump,831935278,0.16666666666666666,-0.03353906431602302,,0,-0.3395622360152768
394,jump,831935278,0.2222222222222222,-0.07386180494195024,,0,-0.3395622360152768
394,jump,831935278,0.2777777777777778,-0.12528511413440901,,0,-0.3395622360152768
394,jump,831935278,0.3333333333333333,-0.08978717990941307,,0,-0.3395622360152768
394,jump,831935278,0.38888888888888884,-0.07465153837301858,,0,-0.3395622360152768
394,jump,831935278,0.4444444444444444,-0.08677217504650617,,0,-0.3395622360152768
394,jump,831935278,0.5,-0.053026318842118614,,0,-0.3395622360152768
394,jump,831935278,0.5555555555555556,-0.058970137729880086,,0,-0.3395622360152768
394,jump,831935278,0.611111111111111,-0.03038206150841799,,0,-0.3395622360152768
394,jump,831935278,0.6666666666666666,0.05206513812767078,,0,-0.3395622360152768
394,jump,831935278,0.7222222222222222,-0.009407939146493259,,0,-0.3395622360152768
394,jump,831935278,0.7777777777777777,0.01501516105013402,,0,-0.3395622360152768
394,jump,831935278,0.8333333333333333,0.08068529706041022,,0,-0.3395622360152768
394,jump,831935278,0.8888888888888888,0.06833718633431865,,0,-0.3395622360152768
394,jump,831935278,0.9444444444444444,0.12837628391372333,,0,-0.3395622360152768
394,jump,831935278,1.0,0.11755554966592352,0.18061995137440273,0,-0.3395622360152768
395,branch_reorganization,870023712,0.0,-0.3395622360152768,-0.2776266965940202,0,-0.3395622360152768
395,branch_reorganization,870023712,0.05555555555555555,-0.33145386047117903,,0,-0.3395622360152768
395,branch_reorganization,870023712,0.1111111111111111,-0.37213038182134284,,0,-0.3395622360152768
395,branch_reorganization,870023712,0.16666666666666666,-0.3116995148236829,,0,-0.3395622360152768
395,branch_reorganization,870023712,0.2222222222222222,-0.36504455481131404,,0,-0.3395622360152768
395,branch_reorganization,870023712,0.2777777777777778,-0.3586203175893453,,0,-0.3395622360152768
395,branch_reorganization,870023712,0.3333333333333333,-0.34699634649728284,,0,-0.3395622360152768
395,branch_reorganization,870023712,0.38888888888888884,-0.3360239225970734,,0,-0.3395622360152768
395,branch_reorganization,870023712,0.4444444444444444,-0.3202372243610949,,0,-0.3395622360152768
395,branch_reorganization,870023712,0.5,-0.3590229991951364,,0,-0.3395622360152768
395,branch_reorganization,870023712,0.5555555555555556,-0.3295010140641663,,0,-0.3395622360152768
395,branch_reorganization,870023712,0.611111111111111,-0.2329135562565414,,0,-0.3395622360152768
395,branch_reorganization,870023712,0.6666666666666666,-0.20498188884340435,,0,-0.3395622360152768
395,branch_reorganization,870023712,0.7222222222222222,-0.1918104420628022,,0,-0.3395622360152768
395,branch_reorganization,870023712,0.7777777777777777,-0.1987043874422311,,0,-0.3395622360152768
395,branch_reorganization,870023712,0.8333333333333333,-0.24987151212079964,,0,-0.3395622360152768
395,branch_reorganization,870023712,0.8888888888888888,-0.2895313408724416,,0,-0.3395622360152768
395,branch_reorganization,870023712,0.9444444444444444,-0.40972784854584676,,0,-0.3395622360152768
395,branch_reorganization,870023712,1.0,-0.4600259022928378,-0.47943947130652176,0,-0.3395622360152768
396,retention,840319809,0.0,0.0,-0.027283332103843053,0,-0.3395622360152768
396,retention,840319809,0.05555555555555555,0.002168101762707755,,0,-0.3395622360152768
396,retention,840319809,0.1111111111111111,-0.046185509650392045,,0,-0.3395622360152768
396,retention,840319809,0.16666666666666666,-0.08304221850259436,,0,-0.3395622360152768
396,retention,840319809,0.2222222222222222,0.07445998988482132,,0,-0.3395622360152768
396,retention,840319809,0.2777777777777778,0.08558930270194554,,0,-0.3395622360152768
396,retention,840319809,0.3333333333333333,0.01660224609819412,,0,-0.3395622360152768
396,retention,840319809,0.38888888888888884,-0.02254611300386862,,0,-0.3395622360152768
396,retention,840319809,0.4444444444444444,0.0072912239053758016,,0,-0.3395622360152768
396,retention,840319809,0.5,0.044562307666840495,,0,-0.3395622360152768
396,retention,840319809,0.5555555555555556,0.053884551618684245,,0,-0.3395622360152768
396,retention,840319809,0.611111111111111,-0.045798234241033985,,0,-0.3395622360152768
396,retention,840319809,0.6666666666666666,-0.02192261530568334,,0,-0.3395622360152768
396,retention,840319809,0.7222222222222222,-0.0436371549401694,,0,-0.3395622360152768
396,retention,840319809,0.7777777777777777,0.026442477406522086,,0,-0.3395622360152768
396,retention,840319809,0.8333333333333333,-0.00988951870099112,,0,-0.3395622360152768
396,retention,840319809,0.8888888888888888,-0.17018361489250425,,0,-0.3395622360152768
396,retention,840319809,0.9444444444444444,-0.20090794896074377,,0,-0.3395622360152768
396,retention,840319809,1.0,-0.15694724799057738,-0.16702300379784818,0,-0.3395622360152768
397,jump,1636968886,0.0,0.0,0.02517621559429472,0,-0.3395622360152768
397,jump,1636968886,0.05555555555555555,0.03067044863526667,,0,-0.3395622360152768
397,jump,1636968886,0.1111111111111111,0.05913127776590082,,0,-0.3395622360152768
397,jump,1636968886,0.16666666666666666,0.0010765519500195234,,0,-0.3395622360152768
397,jump,1636968886,0.2222222222222222,-0.02125786352126452,,0,-0.3395622360152768
397,jump,1636968886,0.2777777777777778,-0.028144802166307402,,0,-0.3395622360152768
397,jump,1636968886,0.3333333333333333,-0.07207690387375632,,0,-0.3395622360152768
397,jump,1636968886,0.38888888888888884,-0.09397022517221977,,0,-0.3395622360152768
397,jump,1636968886,0.4444444444444444,-0.10653880734754914,,0,-0.3395622360152768
397,jump,1636968886,0.5,-0.0873241093137545,,0,-0.3395622360152768
397,jump,1636968886,0.5555555555555556,-0.2515068100600428,,0,-0.3395622360152768
397,jump,1636968886,0.611111111111111,-0.28517689007828717,,0,-0.3395622360152768
397,jump,1636968886,0.6666666666666666,-0.30713370608613466,,0,-0.3395622360152768
397,jump,1636968886,0.7222222222222222,-0.28427724794232967,,0,-0.3395622360152768
397,jump,1636968886,0.7777777777777777,-0.24515502331186323,,0,-0.3395622360152768
397,jump,1636968886,0.8333333333333333,-0.3088631027168742,,0,-0.3395622360152768
397,jump,1636968886,0.8888888888888888,-0.29006057159339976,,0,-0.3395622360152768
397,jump,1636968886,0.9444444444444444,-0.22054358422372505,,0,-0.3395622360152768
397,jump,1636968886,1.0,-0.15075371240184957,-0.05072781959231823,0,-0.3395622360152768
398,branch_reorganization,135244348,0.0,-0.3395622360152768,-0.33727637912477954,0,-0.3395622360152768
398,branch_reorganization,135244348,0.05555555555555555,-0.3820602490172391,,0,-0.3395622360152768
398,branch_reorganization,135244348,0.1111111111111111,-0.4392945604995965,,0,-0.3395622360152768
398,branch_reorganization,135244348,0.16666666666666666,-0.4250789348494683,,0,-0.3395622360152768
398,branch_reorganization,135244348,0.2222222222222222,-0.3394912995470478,,0,-0.3395622360152768
398,branch_reorganization,135244348,0.2777777777777778,-0.44289729187434757,,0,-0.3395622360152768
398,branch_reorganization,135244348,0.3333333333333333,-0.44339638752181254,,0,-0.3395622360152768
398,branch_reorganization,135244348,0.38888888888888884,-0.43267282949693087,,0,-0.3395622360152768
398,branch_reorganization,135244348,0.4444444444444444,-0.389644660235693,,1,0.3395622360152768
398,branch_reorganization,135244348,0.5,-0.31170107230314886,,1,0.3395622360152768
398,branch_reorganization,135244348,0.5555555555555556,-0.2889490867475238,,1,0.3395622360152768
398,branch_reorganization,135244348,0.611111111111111,-0.2744502095685428,,1,0.3395622360152768
398,branch_reorganization,135244348,0.6666666666666666,-0.27021789828464315,,1,0.3395622360152768
398,branch_reorganization,135244348,0.7222222222222222,-0.22390327885623607,,1,0.3395622360152768
398,branch_reorganization,135244348,0.7777777777777777,-0.16860720681951433,,1,0.3395622360152768
398,branch_reorganization,135244348,0.8333333333333333,-0.08414061621538395,,1,0.3395622360152768
398,branch_reorganization,135244348,0.8888888888888888,-0.042473584373191056,,1,0.3395622360152768
398,branch_reorganization,135244348,0.9444444444444444,0.019665746924799866,,1,0.3395622360152768
398,branch_reorganization,135244348,1.0,-0.03387213318771669,-0.05081393866182734,1,0.3395622360152768
399,retention,309577307,0.0,0.0,0.1041212325473613,0,-0.3395622360152768
399,retention,309577307,0.05555555555555555,0.02061306656005923,,0,-0.3395622360152768
399,retention,309577307,0.1111111111111111,0.0438338823883159,,0,-0.3395622360152768
399,retention,309577307,0.16666666666666666,0.017923054423049166,,0,-0.3395622360152768
399,retention,309577307,0.2222222222222222,0.041187271088886986,,0,-0.3395622360152768
399,retention,309577307,0.2777777777777778,0.037297500141693835,,0,-0.3395622360152768
399,retention,309577307,0.3333333333333333,-0.025687885160399646,,0,-0.3395622360152768
399,retention,309577307,0.38888888888888884,-0.0676615706609277,,0,-0.3395622360152768
399,retention,309577307,0.4444444444444444,-0.16097580878770196,,0,-0.3395622360152768
399,retention,309577307,0.5,-0.09954703345360355,,0,-0.3395622360152768
399,retention,309577307,0.5555555555555556,-0.11907783975583631,,0,-0.3395622360152768
399,retention,309577307,0.611111111111111,-0.1064420242181636,,0,-0.3395622360152768
399,retention,309577307,0.6666666666666666,-0.12397611953119893,,0,-0.3395622360152768
399,retention,309577307,0.7222222222222222,-0.05606524253263358,,0,-0.3395622360152768
399,retention,309577307,0.7777777777777777,-0.030231669468421665,,0,-0.3395622360152768
399,retention,309577307,0.8333333333333333,-0.03834333213770119,,0,-0.3395622360152768
399,retention,309577307,0.8888888888888888,-0.09613384848881651,,0,-0.3395622360152768
399,retention,309577307,0.9444444444444444,-0.13754493184818523,,0,-0.3395622360152768
399,retention,309577307,1.0,-0.16619042196346556,-0.17948362479689092,0,-0.3395622360152768
400,jump,495444615,0.0,0.0,-0.06357707813812893,0,-0.3395622360152768
400,jump,495444615,0.05555555555555555,-0.004388002272101067,,0,-0.3395622360152768
400,jump,495444615,0.1111111111111111,-0.036639973853018495,,0,-0.3395622360152768
400,jump,495444615,0.16666666666666666,-0.00043044629400194184,,0,-0.3395622360152768
400,jump,495444615,0.2222222222222222,-0.07497990138344152,,0,-0.3395622360152768
400,jump,495444615,0.2777777777777778,-0.11498090290694771,,0,-0.3395622360152768
400,jump,495444615,0.3333333333333333,-0.17579187527650011,,0,-0.3395622360152768
400,jump,495444615,0.38888888888888884,-0.09514519158954705,,0,-0.3395622360152768
400,jump,495444615,0.4444444444444444,-0.09846061638465625,,0,-0.3395622360152768
400,jump,495444615,0.5,-0.04460288924506429,,0,-0.3395622360152768
400,jump,495444615,0.5555555555555556,-0.054922869080388466,,0,-0.3395622360152768
400,jump,495444615,0.611111111111111,-0.1077452091242575,,0,-0.3395622360152768
400,jump,495444615,0.6666666666666666,-0.10518048978129876,,0,-0.3395622360152768
400,jump,495444615,0.7222222222222222,-0.06907460270709685,,0,-0.3395622360152768
400,jump,495444615,0.7777777777777777,-0.11802489034904542,,0,-0.3395622360152768
400,jump,495444615,0.8333333333333333,-0.12578556790231665,,0,-0.3395622360152768
400,jump,495444615,0.8888888888888888,-0.14446617727944394,,0,-0.3395622360152768
400,jump,495444615,0.9444444444444444,-0.21618154890140462,,0,-0.3395622360152768
400,jump,495444615,1.0,-0.11999668706133362,-0.10252252525996759,0,-0.3395622360152768
401,branch_reorganization,187346503,0.0,-0.3395622360152768,-0.41229756948228846,0,-0.3395622360152768
401,branch_reorganization,187346503,0.05555555555555555,-0.31351710423315404,,0,-0.3395622360152768
401,branch_reorganization,187346503,0.1111111111111111,-0.30000977909297644,,0,-0.3395622360152768
401,branch_reorganization,187346503,0.16666666666666666,-0.3414826697718704,,0,-0.3395622360152768
401,branch_reorganization,187346503,0.2222222222222222,-0.26111297655913024,,0,-0.3395622360152768
401,branch_reorganization,187346503,0.2777777777777778,-0.28439652165228346,,0,-0.3395622360152768
401,branch_reorganization,187346503,0.3333333333333333,-0.34810648527561916,,1,0.3395622360152768
401,branch_reorganization,187346503,0.38888888888888884,-0.31450540186200604,,1,0.3395622360152768
401,branch_reorganization,187346503,0.4444444444444444,-0.26746021092883643,,1,0.3395622360152768
401,branch_reorganization,187346503,0.5,-0.24608195083491238,,1,0.3395622360152768
401,branch_reorganization,187346503,0.5555555555555556,-0.19844017403366568,,1,0.3395622360152768
401,branch_reorganization,187346503,0.611111111111111,-0.17048762915457027,,1,0.3395622360152768
401,branch_reorganization,187346503,0.6666666666666666,-0.2032092579311586,,1,0.3395622360152768
401,branch_reorganization,187346503,0.7222222222222222,-0.16964935992195437,,0,-0.3395622360152768
401,branch_reorganization,187346503,0.7777777777777777,-0.23478796295521967,,0,-0.3395622360152768
401,branch_reorganization,187346503,0.8333333333333333,-0.22976041388878282,,1,0.3395622360152768
401,branch_reorganization,187346503,0.8888888888888888,-0.19924358322115168,,1,0.3395622360152768
401,branch_reorganization,187346503,0.9444444444444444,-0.2377998724514395,,1,0.3395622360152768
401,branch_reorganization,187346503,1.0,-0.2109191831842114,-0.2312628274547355,1,0.3395622360152768
402,retention,1741088244,0.0,0.0,0.006991842707750191,0,-0.3395622360152768
402,retention,1741088244,0.05555555555555555,-0.03835595038312727,,0,-0.3395622360152768
402,retention,1741088244,0.1111111111111111,-0.05835216992853878,,0,-0.3395622360152768
402,retention,1741088244,0.16666666666666666,-0.0031693979314311727,,0,-0.3395622360152768
402,retention,1741088244,0.2222222222222222,0.039767884484172976,,0,-0.3395622360152768
402,retention,1741088244,0.2777777777777778,0.02883985973846482,,0,-0.3395622360152768
402,retention,1741088244,0.3333333333333333,0.0897510851113897,,0,-0.3395622360152768
402,retention,1741088244,0.38888888888888884,0.1029393612116036,,0,-0.3395622360152768
402,retention,1741088244,0.4444444444444444,0.15164537549978477,,0,-0.3395622360152768
402,retention,1741088244,0.5,0.17829882989147522,,0,-0.3395622360152768
402,retention,1741088244,0.5555555555555556,0.2537659964418434,,0,-0.3395622360152768
402,retention,1741088244,0.611111111111111,0.2365109690646108,,0,-0.3395622360152768
402,retention,1741088244,0.6666666666666666,0.23449281207685022,,0,-0.3395622360152768
402,retention,1741088244,0.7222222222222222,0.30921684861102894,,0,-0.3395622360152768
402,retention,1741088244,0.7777777777777777,0.3910349080663194,,0,-0.3395622360152768
402,retention,1741088244,0.8333333333333333,0.3414401914547796,,0,-0.3395622360152768
402,retention,1741088244,0.8888888888888888,0.30517748458902655,,0,-0.3395622360152768
402,retention,1741088244,0.9444444444444444,0.31125085444464456,,0,-0.3395622360152768
402,retention,1741088244,1.0,0.36001719764205004,0.36963422985005734,0,-0.3395622360152768
403,jump,370360460,0.0,0.0,-0.0466296491395207,0,-0.3395622360152768
403,jump,370360460,0.05555555555555555,-0.11993467109923676,,0,-0.3395622360152768
403,jump,370360460,0.1111111111111111,-0.03114624690899094,,0,-0.3395622360152768
403,jump,370360460,0.16666666666666666,0.03774659923364294,,0,-0.3395622360152768
403,jump,370360460,0.2222222222222222,-0.004874180214031423,,0,-0.3395622360152768
403,jump,370360460,0.2777777777777778,0.04240224058019586,,0,-0.3395622360152768
403,jump,370360460,0.3333333333333333,0.08349206393168938,,0,-0.3395622360152768
403,jump,370360460,0.38888888888888884,-0.009369236720391014,,0,-0.3395622360152768
403,jump,370360460,0.4444444444444444,-0.06273860235005692,,0,-0.3395622360152768
403,jump,370360460,0.5,-0.08816636648950862,,0,-0.3395622360152768
403,jump,370360460,0.5555555555555556,-0.001930063163800247,,0,-0.3395622360152768
403,jump,370360460,0.611111111111111,0.008734735437303912,,0,-0.3395622360152768
403,jump,370360460,0.6666666666666666,-0.06866711875450342,,0,-0.3395622360152768
403,jump,370360460,0.7222222222222222,-0.05813043162834046,,0,-0.3395622360152768
403,jump,370360460,0.7777777777777777,-0.10628642038417238,,0,-0.3395622360152768
403,jump,370360460,0.8333333333333333,-0.004956056225458194,,0,-0.3395622360152768
403,jump,370360460,0.8888888888888888,0.08847824102715326,,0,-0.3395622360152768
403,jump,370360460,0.9444444444444444,0.06031810369255086,,0,-0.3395622360152768
403,jump,370360460,1.0,0.1950559750759713,0.25556724635801437,0,-0.3395622360152768
404,branch_reorganization,816613099,0.0,-0.3395622360152768,-0.3552391652480153,0,-0.3395622360152768
404,branch_reorganization,816613099,0.05555555555555555,-0.31968914637133294,,0,-0.3395622360152768
404,branch_reorganization,816613099,0.1111111111111111,-0.3049708427304034,,0,-0.3395622360152768
404,branch_reorganization,816613099,0.16666666666666666,-0.29997898346481694,,0,-0.3395622360152768
404,branch_reorganization,816613099,0.2222222222222222,-0.2743512474440585,,0,-0.3395622360152768
404,branch_reorganization,816613099,0.2777777777777778,-0.2491731731378817,,0,-0.3395622360152768
404,branch_reorganization,816613099,0.3333333333333333,-0.4071821085530947,,0,-0.3395622360152768
404,branch_reorganization,816613099,0.38888888888888884,-0.35335279271173375,,0,-0.3395622360152768
404,branch_reorganization,816613099,0.4444444444444444,-0.2624359702705984,,0,-0.3395622360152768
404,branch_reorganization,816613099,0.5,-0.2509565048823319,,0,-0.3395622360152768
404,branch_reorganization,816613099,0.5555555555555556,-0.3042825386391261,,0,-0.3395622360152768
404,branch_reorganization,816613099,0.611111111111111,-0.2708605752382581,,0,-0.3395622360152768
404,branch_reorganization,816613099,0.6666666666666666,-0.2886346762669493,,0,-0.3395622360152768
404,branch_reorganization,816613099,0.7222222222222222,-0.31037748588271347,,0,-0.3395622360152768
404,branch_reorganization,816613099,0.7777777777777777,-0.25874790088052546,,0,-0.3395622360152768
404,branch_reorganization,816613099,0.8333333333333333,-0.29504534181791775,,0,-0.3395622360152768
404,branch_reorganization,816613099,0.8888888888888888,-0.3382483675777472,,0,-0.3395622360152768
404,branch_reorganization,816613099,0.9444444444444444,-0.3452206456436906,,0,-0.3395622360152768
404,branch_reorganization,816613099,1.0,-0.33800549781539785,-0.37925576653402415,0,-0.3395622360152768
405,retention,1731600665,0.0,0.0,-0.022001271200971062,0,-0.3395622360152768
405,retention,1731600665,0.05555555555555555,-0.05240317988922306,,0,-0.3395622360152768
405,retention,1731600665,0.1111111111111111,-0.010556833778310737,,0,-0.3395622360152768
405,retention,1731600665,0.16666666666666666,-0.11144682619530763,,0,-0.3395622360152768
405,retention,1731600665,0.2222222222222222,-0.02035875773704844,,0,-0.3395622360152768
405,retention,1731600665,0.2777777777777778,0.050988231841410714,,0,-0.3395622360152768
405,retention,1731600665,0.3333333333333333,0.046096923801407536,,0,-0.3395622360152768
405,retention,1731600665,0.38888888888888884,-0.01258600499973156,,0,-0.3395622360152768
405,retention,1731600665,0.4444444444444444,-0.15135841370494857,,0,-0.3395622360152768
405,retention,1731600665,0.5,-0.043378956665292304,,0,-0.3395622360152768
405,retention,1731600665,0.5555555555555556,-0.07651516224863886,,0,-0.3395622360152768
405,retention,1731600665,0.611111111111111,-0.06908139064755665,,0,-0.3395622360152768
405,retention,1731600665,0.6666666666666666,-0.03300949783572845,,0,-0.3395622360152768
405,retention,1731600665,0.7222222222222222,0.03444450950962675,,0,-0.3395622360152768
405,retention,1731600665,0.7777777777777777,0.02521017500935325,,0,-0.3395622360152768
405,retention,1731600665,0.8333333333333333,0.00574304665788819,,0,-0.3395622360152768
405,retention,1731600665,0.8888888888888888,0.02233910438548662,,0,-0.3395622360152768
405,retention,1731600665,0.9444444444444444,0.048419381421716506,,0,-0.3395622360152768
405,retention,1731600665,1.0,-0.010401305934691685,0.04350200453060473,0,-0.3395622360152768
406,jump,120451782,0.0,0.0,0.08246712428215813,0,-0.3395622360152768
406,jump,120451782,0.05555555555555555,0.10305932387368273,,0,-0.3395622360152768
406,jump,120451782,0.1111111111111111,0.06566112208426436,,0,-0.3395622360152768
406,jump,120451782,0.16666666666666666,-0.008486214647825868,,0,-0.3395622360152768
406,jump,120451782,0.2222222222222222,-0.014569115106077026,,0,-0.3395622360152768
406,jump,120451782,0.2777777777777778,0.004122163487561987,,0,-0.3395622360152768
406,jump,120451782,0.3333333333333333,0.022567364059837076,,0,-0.3395622360152768
406,jump,120451782,0.38888888888888884,-0.04839557275892889,,0,-0.3395622360152768
406,jump,120451782,0.4444444444444444,0.0016606559037165847,,0,-0.3395622360152768
406,jump,120451782,0.5,0.07951623632694707,,0,-0.3395622360152768
406,jump,120451782,0.5555555555555556,0.02148416602985357,,0,-0.3395622360152768
406,jump,120451782,0.611111111111111,0.04703632626533114,,0,-0.3395622360152768
406,jump,120451782,0.6666666666666666,0.08799946215937035,,0,-0.3395622360152768
406,jump,120451782,0.7222222222222222,0.07789294063656799,,0,-0.3395622360152768
406,jump,120451782,0.7777777777777777,0.07168110676608219,,0,-0.3395622360152768
406,jump,120451782,0.8333333333333333,0.04434694772177578,,0,-0.3395622360152768
406,jump,120451782,0.8888888888888888,0.09818090488395283,,0,-0.3395622360152768
406,jump,120451782,0.9444444444444444,0.10079087089009427,,0,-0.3395622360152768
406,jump,120451782,1.0,0.07202860418872213,-0.0007984285025034732,0,-0.3395622360152768
407,branch_reorganization,1465670611,0.0,-0.3395622360152768,-0.3274513362252822,0,-0.3395622360152768
407,branch_reorganization,1465670611,0.05555555555555555,-0.3483263551647956,,0,-0.3395622360152768
407,branch_reorganization,1465670611,0.1111111111111111,-0.2340300839990191,,1,0.3395622360152768
407,branch_reorganization,1465670611,0.16666666666666666,-0.10130453622162709,,1,0.3395622360152768
407,branch_reorganization,1465670611,0.2222222222222222,-0.13165299864439764,,1,0.3395622360152768
407,branch_reorganization,1465670611,0.2777777777777778,-0.0902210699064513,,1,0.3395622360152768
407,branch_reorganization,1465670611,0.3333333333333333,-0.11673695911644529,,1,0.3395622360152768
407,branch_reorganization,1465670611,0.38888888888888884,-0.060967637049917506,,1,0.3395622360152768
407,branch_reorganization,1465670611,0.4444444444444444,-0.14457991208085189,,1,0.3395622360152768
407,branch_reorganization,1465670611,0.5,-0.0975763168214058,,1,0.3395622360152768
407,branch_reorganization,1465670611,0.5555555555555556,-0.06274150834242138,,0,-0.3395622360152768
407,branch_reorganization,1465670611,0.611111111111111,-0.10601402135847439,,0,-0.3395622360152768
407,branch_reorganization,1465670611,0.6666666666666666,-0.1334566131722638,,0,-0.3395622360152768
407,branch_reorganization,1465670611,0.7222222222222222,-0.18040075720263912,,0,-0.3395622360152768
407,branch_reorganization,1465670611,0.7777777777777777,-0.16876154148405947,,0,-0.3395622360152768
407,branch_reorganization,1465670611,0.8333333333333333,-0.1669849462003808,,0,-0.3395622360152768
407,branch_reorganization,1465670611,0.8888888888888888,-0.2734720386560332,,0,-0.3395622360152768
407,branch_reorganization,1465670611,0.9444444444444444,-0.2631896106870318,,0,-0.3395622360152768
407,branch_reorganization,1465670611,1.0,-0.3308818615114582,-0.23048968037633105,0,-0.3395622360152768
408,retention,1584311756,0.0,0.0,-0.017992553143566833,0,-0.3395622360152768
408,retention,1584311756,0.05555555555555555,-0.02783732331186138,,0,-0.3395622360152768
408,retention,1584311756,0.1111111111111111,-0.01981683237263197,,0,-0.3395622360152768
408,retention,1584311756,0.16666666666666666,0.011175611944406975,,0,-0.3395622360152768
408,retention,1584311756,0.2222222222222222,0.1376053330750592,,0,-0.3395622360152768
408,retention,1584311756,0.2777777777777778,0.171062399359058,,0,-0.3395622360152768
408,retention,1584311756,0.3333333333333333,0.16253084027603973,,0,-0.3395622360152768
408,retention,1584311756,0.38888888888888884,0.17814698387429737,,0,-0.3395622360152768
408,retention,1584311756,0.4444444444444444,0.24120307238423766,,0,-0.3395622360152768
408,retention,1584311756,0.5,0.25810565444429945,,0,-0.3395622360152768
408,retention,1584311756,0.5555555555555556,0.17492011036904304,,0,-0.3395622360152768
408,retention,1584311756,0.611111111111111,0.12189923029726996,,0,-0.3395622360152768
408,retention,1584311756,0.6666666666666666,0.14115133201282273,,0,-0.3395622360152768
408,retention,1584311756,0.7222222222222222,0.18857312289998612,,0,-0.3395622360152768
408,retention,1584311756,0.7777777777777777,0.07895978880694554,,0,-0.3395622360152768
408,retention,1584311756,0.8333333333333333,0.028810808352776336,,0,-0.3395622360152768
408,retention,1584311756,0.8888888888888888,0.012539198390623887,,0,-0.3395622360152768
408,retention,1584311756,0.9444444444444444,-0.035538643223464284,,0,-0.3395622360152768
408,retention,1584311756,1.0,-0.04102207293299439,-0.10005748234694584,0,-0.3395622360152768
409,jump,1738999837,0.0,0.0,-0.03772574710310746,0,-0.3395622360152768
409,jump,1738999837,0.05555555555555555,0.04817843147414649,,0,-0.3395622360152768
409,jump,1738999837,0.1111111111111111,4.5959171166336243e-05,,0,-0.3395622360152768
409,jump,1738999837,0.16666666666666666,-0.09033347433503183,,0,-0.3395622360152768
409,jump,1738999837,0.2222222222222222,-0.0935868994749567,,0,-0.3395622360152768
409,jump,1738999837,0.2777777777777778,-0.06019630830152049,,0,-0.3395622360152768
409,jump,1738999837,0.3333333333333333,-0.11987756472454277,,0,-0.3395622360152768
409,jump,1738999837,0.38888888888888884,-0.07562088926120594,,0,-0.3395622360152768
409,jump,1738999837,0.4444444444444444,-0.11916829936778932,,0,-0.3395622360152768
409,jump,1738999837,0.5,-0.14934225275833604,,0,-0.3395622360152768
409,jump,1738999837,0.5555555555555556,-0.04040288716780244,,0,-0.3395622360152768
409,jump,1738999837,0.611111111111111,-0.07472202040490641,,0,-0.3395622360152768
409,jump,1738999837,0.6666666666666666,-0.01402660328510038,,0,-0.3395622360152768
409,jump,1738999837,0.7222222222222222,-0.019619728158597333,,0,-0.3395622360152768
409,jump,1738999837,0.7777777777777777,0.03358647806955422,,0,-0.3395622360152768
409,jump,1738999837,0.8333333333333333,0.03000183882328304,,0,-0.3395622360152768
409,jump,1738999837,0.8888888888888888,0.014508969861859698,,0,-0.3395622360152768
409,jump,1738999837,0.9444444444444444,0.07552927701879572,,0,-0.3395622360152768
409,jump,1738999837,1.0,0.0696425974588415,0.10238393927279796,0,-0.3395622360152768
410,branch_reorganization,31625281,0.0,-0.3395622360152768,-0.280839994423994,0,-0.3395622360152768
410,branch_reorganization,31625281,0.05555555555555555,-0.4231850499071532,,0,-0.3395622360152768
410,branch_reorganization,31625281,0.1111111111111111,-0.3818074101760888,,0,-0.3395622360152768
410,branch_reorganization,31625281,0.16666666666666666,-0.3778220734334665,,0,-0.3395622360152768
410,branch_reorganization,31625281,0.2222222222222222,-0.41842516283798126,,0,-0.3395622360152768
410,branch_reorganization,31625281,0.2777777777777778,-0.41789856737149755,,0,-0.3395622360152768
410,branch_reorganization,31625281,0.3333333333333333,-0.43672500854067664,,0,-0.3395622360152768
410,branch_reorganization,31625281,0.38888888888888884,-0.5125975818223439,,0,-0.3395622360152768
410,branch_reorganization,31625281,0.4444444444444444,-0.5612518083118284,,0,-0.3395622360152768
410,branch_reorganization,31625281,0.5,-0.6118998727494607,,0,-0.3395622360152768
410,branch_reorganization,31625281,0.5555555555555556,-0.5940525813172319,,0,-0.3395622360152768
410,branch_reorganization,31625281,0.611111111111111,-0.5429695080383481,,1,0.3395622360152768
410,branch_reorganization,31625281,0.6666666666666666,-0.46411131764821,,1,0.3395622360152768
410,branch_reorganization,31625281,0.7222222222222222,-0.35615210464743574,,1,0.3395622360152768
410,branch_reorganization,31625281,0.7777777777777777,-0.29165818358412005,,1,0.3395622360152768
410,branch_reorganization,31625281,0.8333333333333333,-0.2549611733667948,,1,0.3395622360152768
410,branch_reorganization,31625281,0.8888888888888888,-0.23988691014666882,,1,0.3395622360152768
410,branch_reorganization,31625281,0.9444444444444444,-0.2100814248678387,,1,0.3395622360152768
410,branch_reorganization,31625281,1.0,-0.2586739622324309,-0.26327907156183145,1,0.3395622360152768
411,retention,814905972,0.0,0.0,-0.06405281877796877,0,-0.3395622360152768
411,retention,814905972,0.05555555555555555,0.021972237533936477,,0,-0.3395622360152768
411,retention,814905972,0.1111111111111111,0.04249329961576026,,0,-0.3395622360152768
411,retention,814905972,0.16666666666666666,-0.09216125547609738,,0,-0.3395622360152768
411,retention,814905972,0.2222222222222222,0.05721884141727242,,0,-0.3395622360152768
411,retention,814905972,0.2777777777777778,0.018722334463379064,,0,-0.3395622360152768
411,retention,814905972,0.3333333333333333,0.04003013988779718,,0,-0.3395622360152768
411,retention,814905972,0.38888888888888884,0.0158665669836234,,0,-0.3395622360152768
411,retention,814905972,0.4444444444444444,-0.05257560553504824,,0,-0.3395622360152768
411,retention,814905972,0.5,-0.05495254586842892,,0,-0.3395622360152768
411,retention,814905972,0.5555555555555556,-0.06322826259545877,,0,-0.3395622360152768
411,retention,814905972,0.611111111111111,-0.09955960955397203,,0,-0.3395622360152768
411,retention,814905972,0.6666666666666666,-0.047595259188072246,,0,-0.3395622360152768
411,retention,814905972,0.7222222222222222,-0.05424092256893796,,0,-0.3395622360152768
411,retention,814905972,0.7777777777777777,-0.10133579334385644,,0,-0.3395622360152768
411,retention,814905972,0.8333333333333333,-0.13705365085424331,,0,-0.3395622360152768
411,retention,814905972,0.8888888888888888,-0.06414118656356566,,0,-0.3395622360152768
411,retention,814905972,0.9444444444444444,-0.05708604693207353,,0,-0.3395622360152768
411,retention,814905972,1.0,-0.11340668736307583,-0.11110468345917175,0,-0.3395622360152768
412,jump,959225403,0.0,0.0,0.014759409021676707,0,-0.3395622360152768
412,jump,959225403,0.05555555555555555,0.032593238080190115,,0,-0.3395622360152768
412,jump,959225403,0.1111111111111111,-0.0005852186269374726,,0,-0.3395622360152768
412,jump,959225403,0.16666666666666666,0.04695185627551728,,0,-0.3395622360152768
412,jump,959225403,0.2222222222222222,0.017097030962128675,,0,-0.3395622360152768
412,jump,959225403,0.2777777777777778,0.027047032532384517,,0,-0.3395622360152768
412,jump,959225403,0.3333333333333333,0.027185355973922947,,0,-0.3395622360152768
412,jump,959225403,0.38888888888888884,0.13202525173959503,,0,-0.3395622360152768
412,jump,959225403,0.4444444444444444,0.15292900305761487,,0,-0.3395622360152768
412,jump,959225403,0.5,0.12835887345462096,,0,-0.3395622360152768
412,jump,959225403,0.5555555555555556,0.15793720124199667,,0,-0.3395622360152768
412,jump,959225403,0.611111111111111,0.12367348930363126,,0,-0.3395622360152768
412,jump,959225403,0.6666666666666666,0.13457945615336325,,0,-0.3395622360152768
412,jump,959225403,0.7222222222222222,0.0960727212431281,,0,-0.3395622360152768
412,jump,959225403,0.7777777777777777,0.1916561099491951,,0,-0.3395622360152768
412,jump,959225403,0.8333333333333333,0.14285245374654776,,0,-0.3395622360152768
412,jump,959225403,0.8888888888888888,0.1340278722498855,,0,-0.3395622360152768
412,jump,959225403,0.9444444444444444,0.12493208603282639,,0,-0.3395622360152768
412,jump,959225403,1.0,0.07913914900683663,0.058542175178960834,0,-0.3395622360152768
413,branch_reorganization,742794661,0.0,-0.3395622360152768,-0.3484194663143005,0,-0.3395622360152768
413,branch_reorganization,742794661,0.05555555555555555,-0.28343914075297916,,0,-0.3395622360152768
413,branch_reorganization,742794661,0.1111111111111111,-0.2933577785228571,,0,-0.3395622360152768
413,branch_reorganization,742794661,0.16666666666666666,-0.2574610103728425,,0,-0.3395622360152768
413,branch_reorganization,742794661,0.2222222222222222,-0.26400823549531677,,0,-0.3395622360152768
413,branch_reorganization,742794661,0.2777777777777778,-0.2853063804445239,,0,-0.3395622360152768
413,branch_reorganization,742794661,0.3333333333333333,-0.25493072339107714,,0,-0.3395622360152768
413,branch_reorganization,742794661,0.38888888888888884,-0.21882202480175855,,0,-0.3395622360152768
413,branch_reorganization,742794661,0.4444444444444444,-0.21652743041964007,,0,-0.3395622360152768
413,branch_reorganization,742794661,0.5,-0.18266232495124904,,0,-0.3395622360152768
413,branch_reorganization,742794661,0.5555555555555556,-0.20034435320450114,,1,0.3395622360152768
413,branch_reorganization,742794661,0.611111111111111,-0.11204384303742007,,1,0.3395622360152768
413,branch_reorganization,742794661,0.6666666666666666,-0.05918420358700275,,1,0.3395622360152768
413,branch_reorganization,742794661,0.7222222222222222,-0.05822765963838311,,1,0.3395622360152768
413,branch_reorganization,742794661,0.7777777777777777,0.042285589936199686,,1,0.3395622360152768
413,branch_reorganization,742794661,0.8333333333333333,0.10384802794888062,,1,0.3395622360152768
413,branch_reorganization,742794661,0.8888888888888888,0.15865014686875345,,1,0.3395622360152768
413,branch_reorganization,742794661,0.9444444444444444,0.11829609592909682,,1,0.3395622360152768
413,branch_reorganization,742794661,1.0,0.07566137243630124,0.09254259026200919,1,0.3395622360152768
414,retention,246933852,0.0,0.0,-0.05658616460317309,0,-0.3395622360152768
414,retention,246933852,0.05555555555555555,-0.0001562931105762487,,0,-0.3395622360152768
414,retention,246933852,0.1111111111111111,0.018631900229694607,,0,-0.3395622360152768
414,retention,246933852,0.16666666666666666,0.03636692929519536,,0,-0.3395622360152768
414,retention,246933852,0.2222222222222222,0.030882079212804142,,0,-0.3395622360152768
414,retention,246933852,0.2777777777777778,0.17807086317525672,,0,-0.3395622360152768
414,retention,246933852,0.3333333333333333,0.2198099956850797,,0,-0.3395622360152768
414,retention,246933852,0.38888888888888884,0.18955665544195585,,0,-0.3395622360152768
414,retention,246933852,0.4444444444444444,0.20402104352081887,,0,-0.3395622360152768
414,retention,246933852,0.5,0.06504651547024479,,0,-0.3395622360152768
414,retention,246933852,0.5555555555555556,0.005014547970746991,,0,-0.3395622360152768
414,retention,246933852,0.611111111111111,-0.00508127779930147,,0,-0.3395622360152768
414,retention,246933852,0.6666666666666666,-0.019807936228700102,,0,-0.3395622360152768
414,retention,246933852,0.7222222222222222,-0.03722293819166915,,0,-0.3395622360152768
414,retention,246933852,0.7777777777777777,0.01744297995966699,,0,-0.3395622360152768
414,retention,246933852,0.8333333333333333,-0.02205349305407683,,0,-0.3395622360152768
414,retention,246933852,0.8888888888888888,-0.021035878439276512,,0,-0.3395622360152768
414,retention,246933852,0.9444444444444444,-0.047264644382084144,,0,-0.3395622360152768
414,retention,246933852,1.0,-0.17367803914664234,-0.14051570829124532,0,-0.3395622360152768
415,jump,1930876947,0.0,0.0,0.024425986589240178,0,-0.3395622360152768
415,jump,1930876947,0.05555555555555555,0.06511517398806328,,0,-0.3395622360152768
415,jump,1930876947,0.1111111111111111,-0.1501210761124071,,0,-0.3395622360152768
415,jump,1930876947,0.16666666666666666,-0.16329644415321895,,0,-0.3395622360152768
415,jump,1930876947,0.2222222222222222,-0.18978434411396752,,0,-0.3395622360152768
415,jump,1930876947,0.2777777777777778,-0.12192632289799063,,0,-0.3395622360152768
415,jump,1930876947,0.3333333333333333,-0.07821627207330928,,0,-0.3395622360152768
415,jump,1930876947,0.38888888888888884,-0.12649401502125285,,0,-0.3395622360152768
415,jump,1930876947,0.4444444444444444,-0.13177420373749224,,0,-0.3395622360152768
415,jump,1930876947,0.5,-0.11840408619210077,,0,-0.3395622360152768
415,jump,1930876947,0.5555555555555556,-0.1326432101352611,,0,-0.3395622360152768
415,jump,1930876947,0.611111111111111,-0.1607658975424325,,0,-0.3395622360152768
415,jump,1930876947,0.6666666666666666,-0.2228596947104643,,0,-0.3395622360152768
415,jump,1930876947,0.7222222222222222,-0.2694869012851684,,0,-0.3395622360152768
415,jump,1930876947,0.7777777777777777,-0.3292662238369721,,0,-0.3395622360152768
415,jump,1930876947,0.8333333333333333,-0.3520814085560646,,0,-0.3395622360152768
415,jump,1930876947,0.8888888888888888,-0.3569018963752715,,0,-0.3395622360152768
415,jump,1930876947,0.9444444444444444,-0.3543109501641917,,0,-0.3395622360152768
415,jump,1930876947,1.0,-0.4151957594793636,-0.37069334947472987,0,-0.3395622360152768
416,branch_reorganization,1733212487,0.0,-0.3395622360152768,-0.35017709175616457,0,-0.3395622360152768
416,branch_reorganization,1733212487,0.05555555555555555,-0.35975250817496335,,0,-0.3395622360152768
416,branch_reorganization,1733212487,0.1111111111111111,-0.4107671695424229,,0,-0.3395622360152768
416,branch_reorganization,1733212487,0.16666666666666666,-0.3868053228750998,,0,-0.3395622360152768
416,branch_reorganization,1733212487,0.2222222222222222,-0.4076086607097173,,0,-0.3395622360152768
416,branch_reorganization,1733212487,0.2777777777777778,-0.44200172206551674,,0,-0.3395622360152768
416,branch_reorganization,1733212487,0.3333333333333333,-0.4504309349076644,,0,-0.3395622360152768
416,branch_reorganization,1733212487,0.38888888888888884,-0.4106063366226069,,1,0.3395622360152768
416,branch_reorganization,1733212487,0.4444444444444444,-0.40077628213931893,,1,0.3395622360152768
416,branch_reorganization,1733212487,0.5,-0.33226144509348066,,1,0.3395622360152768
416,branch_reorganization,1733212487,0.5555555555555556,-0.3719378765698709,,1,0.3395622360152768
416,branch_reorganization,1733212487,0.611111111111111,-0.2815771194570724,,1,0.3395622360152768
416,branch_reorganization,1733212487,0.6666666666666666,-0.22961051493484755,,1,0.3395622360152768
416,branch_reorganization,1733212487,0.7222222222222222,-0.24270794649999775,,1,0.3395622360152768
416,branch_reorganization,1733212487,0.7777777777777777,-0.2888448187840099,,1,0.3395622360152768
416,branch_reorganization,1733212487,0.8333333333333333,-0.37522217728012275,,1,0.3395622360152768
416,branch_reorganization,1733212487,0.8888888888888888,-0.3342783833133347,,1,0.3395622360152768
416,branch_reorganization,1733212487,0.9444444444444444,-0.3298182343454927,,1,0.3395622360152768
416,branch_reorganization,1733212487,1.0,-0.33189350870329737,-0.2915192710213391,1,0.3395622360152768
417,retention,1627966397,0.0,0.0,-0.009274893884836205,0,-0.3395622360152768
417,retention,1627966397,0.05555555555555555,-0.03870008166474679,,0,-0.3395622360152768
417,retention,1627966397,0.1111111111111111,-0.13816310767658635,,0,-0.3395622360152768
417,retention,1627966397,0.16666666666666666,-0.18848589976856064,,0,-0.3395622360152768
417,retention,1627966397,0.2222222222222222,-0.24312956410873532,,0,-0.3395622360152768
417,retention,1627966397,0.2777777777777778,-0.25045281619564597,,0,-0.3395622360152768
417,retention,1627966397,0.3333333333333333,-0.17257073749279556,,0,-0.3395622360152768
417,retention,1627966397,0.38888888888888884,-0.2522692198312889,,0,-0.3395622360152768
417,retention,1627966397,0.4444444444444444,-0.27712883435131297,,0,-0.3395622360152768
417,retention,1627966397,0.5,-0.2954072115743926,,0,-0.3395622360152768
417,retention,1627966397,0.5555555555555556,-0.29990842617248586,,0,-0.3395622360152768
417,retention,1627966397,0.611111111111111,-0.2992580278429994,,0,-0.3395622360152768
417,retention,1627966397,0.6666666666666666,-0.352696060942622,,0,-0.3395622360152768
417,retention,1627966397,0.7222222222222222,-0.4532433943946238,,0,-0.3395622360152768
417,retention,1627966397,0.7777777777777777,-0.3466972719435286,,0,-0.3395622360152768
417,retention,1627966397,0.8333333333333333,-0.34090399079352157,,0,-0.3395622360152768
417,retention,1627966397,0.8888888888888888,-0.3428746202876435,,0,-0.3395622360152768
417,retention,1627966397,0.9444444444444444,-0.3637932223218825,,0,-0.3395622360152768
417,retention,1627966397,1.0,-0.32554900603490683,-0.3571021559081955,0,-0.3395622360152768
418,jump,2109666763,0.0,0.0,-0.0038518624278913874,0,-0.3395622360152768
418,jump,2109666763,0.05555555555555555,0.024438346751312425,,0,-0.3395622360152768
418,jump,2109666763,0.1111111111111111,0.08080673428303513,,0,-0.3395622360152768
418,jump,2109666763,0.16666666666666666,0.16686053389541786,,0,-0.3395622360152768
418,jump,2109666763,0.2222222222222222,0.11531043130537709,,0,-0.3395622360152768
418,jump,2109666763,0.2777777777777778,0.13014791161564385,,0,-0.3395622360152768
418,jump,2109666763,0.3333333333333333,0.09240294093579926,,0,-0.3395622360152768
418,jump,2109666763,0.38888888888888884,0.0691972113586264,,0,-0.3395622360152768
418,jump,2109666763,0.4444444444444444,0.03979750357763308,,0,-0.3395622360152768
418,jump,2109666763,0.5,0.026142959469890748,,0,-0.3395622360152768
418,jump,2109666763,0.5555555555555556,0.0440928883234437,,0,-0.3395622360152768
418,jump,2109666763,0.611111111111111,-0.0004636533191512901,,0,-0.3395622360152768
418,jump,2109666763,0.6666666666666666,-0.0690517070529626,,0,-0.3395622360152768
418,jump,2109666763,0.7222222222222222,0.030520818975122835,,0,-0.3395622360152768
418,jump,2109666763,0.7777777777777777,0.11195464537800756,,0,-0.3395622360152768
418,jump,2109666763,0.8333333333333333,0.12597685862358574,,0,-0.3395622360152768
418,jump,2109666763,0.8888888888888888,0.1676321469710228,,0,-0.3395622360152768
418,jump,2109666763,0.9444444444444444,0.12421393543164982,,0,-0.3395622360152768
418,jump,2109666763,1.0,0.12485201370926252,0.19463483351300884,0,-0.3395622360152768
419,branch_reorganization,1444590062,0.0,-0.3395622360152768,-0.3095091629718919,0,-0.3395622360152768
419,branch_reorganization,1444590062,0.05555555555555555,-0.38808854791600667,,0,-0.3395622360152768
419,branch_reorganization,1444590062,0.1111111111111111,-0.4251033399734074,,0,-0.3395622360152768
419,branch_reorganization,1444590062,0.16666666666666666,-0.4430196148620601,,0,-0.3395622360152768
419,branch_reorganization,1444590062,0.2222222222222222,-0.4887543905285355,,0,-0.3395622360152768
419,branch_reorganization,1444590062,0.2777777777777778,-0.5298292096755004,,0,-0.3395622360152768
419,branch_reorganization,1444590062,0.3333333333333333,-0.5002206714386825,,0,-0.3395622360152768
419,branch_reorganization,1444590062,0.38888888888888884,-0.5827568678381605,,0,-0.3395622360152768
419,branch_reorganization,1444590062,0.4444444444444444,-0.6704733552234435,,0,-0.3395622360152768
419,branch_reorganization,1444590062,0.5,-0.7204319889440507,,0,-0.3395622360152768
419,branch_reorganization,1444590062,0.5555555555555556,-0.7323256640654979,,0,-0.3395622360152768
419,branch_reorganization,1444590062,0.611111111111111,-0.7910766297091386,,0,-0.3395622360152768
419,branch_reorganization,1444590062,0.6666666666666666,-0.8136285043554716,,0,-0.3395622360152768
419,branch_reorganization,1444590062,0.7222222222222222,-0.7862294048070207,,0,-0.3395622360152768
419,branch_reorganization,1444590062,0.7777777777777777,-0.6873378843419936,,0,-0.3395622360152768
419,branch_reorganization,1444590062,0.8333333333333333,-0.568812748284682,,0,-0.3395622360152768
419,branch_reorganization,1444590062,0.8888888888888888,-0.6178679038940593,,0,-0.3395622360152768
419,branch_reorganization,1444590062,0.9444444444444444,-0.6137685966970178,,0,-0.3395622360152768
419,branch_reorganization,1444590062,1.0,-0.5955623705081209,-0.6567320096185448,1,0.3395622360152768
420,retention,296660763,0.0,0.0,0.02101347271131517,0,-0.3395622360152768
420,retention,296660763,0.05555555555555555,0.07245862331248477,,0,-0.3395622360152768
420,retention,296660763,0.1111111111111111,0.041312728858720296,,0,-0.3395622360152768
420,retention,296660763,0.16666666666666666,0.12296619663511663,,0,-0.3395622360152768
420,retention,296660763,0.2222222222222222,0.11320796624415311,,0,-0.3395622360152768
420,retention,296660763,0.2777777777777778,0.030204181869692565,,0,-0.3395622360152768
420,retention,296660763,0.3333333333333333,0.05301093769952306,,0,-0.3395622360152768
420,retention,296660763,0.38888888888888884,0.07508154052009514,,0,-0.3395622360152768
420,retention,296660763,0.4444444444444444,0.1277556430475803,,0,-0.3395622360152768
420,retention,296660763,0.5,0.14032544535157032,,0,-0.3395622360152768
420,retention,296660763,0.5555555555555556,0.20509947902390943,,0,-0.3395622360152768
420,retention,296660763,0.611111111111111,0.11917022657307823,,0,-0.3395622360152768
420,retention,296660763,0.6666666666666666,0.20589288781312798,,0,-0.3395622360152768
420,retention,296660763,0.7222222222222222,0.20076273365700625,,0,-0.3395622360152768
420,retention,296660763,0.7777777777777777,0.20469399364633742,,0,-0.3395622360152768
420,retention,296660763,0.8333333333333333,0.20519450756936594,,0,-0.3395622360152768
420,retention,296660763,0.8888888888888888,0.2217970045249413,,0,-0.3395622360152768
420,retention,296660763,0.9444444444444444,0.1259526051666061,,0,-0.3395622360152768
420,retention,296660763,1.0,0.11968340666278193,0.1475300193383419,0,-0.3395622360152768
421,jump,962180205,0.0,0.0,-0.02935362419988057,0,-0.3395622360152768
421,jump,962180205,0.05555555555555555,-0.006897321320106056,,0,-0.3395622360152768
421,jump,962180205,0.1111111111111111,-0.03453780152754555,,0,-0.3395622360152768
421,jump,962180205,0.16666666666666666,-0.06812131434078583,,0,-0.3395622360152768
421,jump,962180205,0.2222222222222222,-0.02651766312709821,,0,-0.3395622360152768
421,jump,962180205,0.2777777777777778,0.005179367800269501,,0,-0.3395622360152768
421,jump,962180205,0.3333333333333333,-0.03897803447127906,,0,-0.3395622360152768
421,jump,962180205,0.38888888888888884,-0.030465480744061427,,0,-0.3395622360152768
421,jump,962180205,0.4444444444444444,-0.08218151231972962,,0,-0.3395622360152768
421,jump,962180205,0.5,-0.033951811139255834,,0,-0.3395622360152768
421,jump,962180205,0.5555555555555556,-0.028406033885876307,,0,-0.3395622360152768
421,jump,962180205,0.611111111111111,-0.0569928529971522,,0,-0.3395622360152768
421,jump,962180205,0.6666666666666666,-0.0969187861639243,,0,-0.3395622360152768
421,jump,962180205,0.7222222222222222,-0.10754516547224328,,0,-0.3395622360152768
421,jump,962180205,0.7777777777777777,-0.1437556673605617,,0,-0.3395622360152768
421,jump,962180205,0.8333333333333333,-0.10129609231051898,,0,-0.3395622360152768
421,jump,962180205,0.8888888888888888,-0.16114218476696152,,0,-0.3395622360152768
421,jump,962180205,0.9444444444444444,-0.17296614488374376,,0,-0.3395622360152768
421,jump,962180205,1.0,-0.23892061341378124,-0.24213725456982418,0,-0.3395622360152768
422,branch_reorganization,690980891,0.0,-0.3395622360152768,-0.3058236355697726,0,-0.3395622360152768
422,branch_reorganization,690980891,0.05555555555555555,-0.3297960583268423,,0,-0.3395622360152768
422,branch_reorganization,690980891,0.1111111111111111,-0.34476223327823424,,0,-0.3395622360152768
422,branch_reorganization,690980891,0.16666666666666666,-0.4869660392590578,,0,-0.3395622360152768
422,branch_reorganization,690980891,0.2222222222222222,-0.5787855517298469,,0,-0.3395622360152768
422,branch_reorganization,690980891,0.2777777777777778,-0.527949152586064,,0,-0.3395622360152768
422,branch_reorganization,690980891,0.3333333333333333,-0.5337759301571394,,0,-0.3395622360152768
422,branch_reorganization,690980891,0.38888888888888884,-0.6310720220453458,,0,-0.3395622360152768
422,branch_reorganization,690980891,0.4444444444444444,-0.6222973018522934,,0,-0.3395622360152768
422,branch_reorganization,690980891,0.5,-0.6541320475921281,,0,-0.3395622360152768
422,branch_reorganization,690980891,0.5555555555555556,-0.5370096158349398,,0,-0.3395622360152768
422,branch_reorganization,690980891,0.611111111111111,-0.5315782976952108,,0,-0.3395622360152768
422,branch_reorganization,690980891,0.6666666666666666,-0.5307908893750212,,0,-0.3395622360152768
422,branch_reorganization,690980891,0.7222222222222222,-0.5506214025544902,,0,-0.3395622360152768
422,branch_reorganization,690980891,0.7777777777777777,-0.49594414093705985,,0,-0.3395622360152768
422,branch_reorganization,690980891,0.8333333333333333,-0.4917317919681174,,0,-0.3395622360152768
422,branch_reorganization,690980891,0.8888888888888888,-0.44871003777990837,,0,-0.3395622360152768
422,branch_reorganization,690980891,0.9444444444444444,-0.5156344683205157,,0,-0.3395622360152768
422,branch_reorganization,690980891,1.0,-0.5827533687774376,-0.5570185524526581,0,-0.3395622360152768
423,retention,703227513,0.0,0.0,0.054773022840380395,0,-0.3395622360152768
423,retention,703227513,0.05555555555555555,-0.013391645258129794,,0,-0.3395622360152768
423,retention,703227513,0.1111111111111111,-0.09403937414791477,,0,-0.3395622360152768
423,retention,703227513,0.16666666666666666,-0.07576875374001397,,0,-0.3395622360152768
423,retention,703227513,0.2222222222222222,-0.029538483854515935,,0,-0.3395622360152768
423,retention,703227513,0.2777777777777778,-0.0748172904016709,,0,-0.3395622360152768
423,retention,703227513,0.3333333333333333,-0.04050908859247336,,0,-0.3395622360152768
423,retention,703227513,0.38888888888888884,-0.03981643246265088,,0,-0.3395622360152768
423,retention,703227513,0.4444444444444444,0.08358771044870521,,0,-0.3395622360152768
423,retention,703227513,0.5,0.02421835387651547,,0,-0.3395622360152768
423,retention,703227513,0.5555555555555556,0.004299206885927345,,0,-0.3395622360152768
423,retention,703227513,0.611111111111111,0.06215784915582889,,0,-0.3395622360152768
423,retention,703227513,0.6666666666666666,0.0700822446363942,,0,-0.3395622360152768
423,retention,703227513,0.7222222222222222,-0.04335134716431535,,0,-0.3395622360152768
423,retention,703227513,0.7777777777777777,-0.06390506423244355,,0,-0.3395622360152768
423,retention,703227513,0.8333333333333333,-0.08200056901322472,,0,-0.3395622360152768
423,retention,703227513,0.8888888888888888,-0.12212884521971575,,0,-0.3395622360152768
423,retention,703227513,0.9444444444444444,-0.03922244284684866,,0,-0.3395622360152768
423,retention,703227513,1.0,0.04598352080119735,0.05525192002154475,0,-0.3395622360152768
424,jump,557786377,0.0,0.0,0.03344013717894891,0,-0.3395622360152768
424,jump,557786377,0.05555555555555555,0.058690498812810916,,0,-0.3395622360152768
424,jump,557786377,0.1111111111111111,0.060902285848187195,,0,-0.3395622360152768
424,jump,557786377,0.16666666666666666,0.10389737249161671,,0,-0.3395622360152768
424,jump,557786377,0.2222222222222222,0.08732113529632778,,0,-0.3395622360152768
424,jump,557786377,0.2777777777777778,0.10336168634523928,,0,-0.3395622360152768
424,jump,557786377,0.3333333333333333,0.07295698068269232,,0,-0.3395622360152768
424,jump,557786377,0.38888888888888884,0.04695870499209277,,0,-0.3395622360152768
424,jump,557786377,0.4444444444444444,0.10980906852989222,,0,-0.3395622360152768
424,jump,557786377,0.5,0.0969830130141624,,0,-0.3395622360152768
424,jump,557786377,0.5555555555555556,0.0811527762083263,,0,-0.3395622360152768
424,jump,557786377,0.611111111111111,0.05193526096801385,,0,-0.3395622360152768
424,jump,557786377,0.6666666666666666,0.07041125176602421,,0,-0.3395622360152768
424,jump,557786377,0.7222222222222222,0.09766608524459278,,0,-0.3395622360152768
424,jump,557786377,0.7777777777777777,0.005640571975543393,,0,-0.3395622360152768
424,jump,557786377,0.8333333333333333,-0.014829546226204932,,0,-0.3395622360152768
424,jump,557786377,0.8888888888888888,-0.12311921865610417,,0,-0.3395622360152768
424,jump,557786377,0.9444444444444444,-0.13036709434358945,,0,-0.3395622360152768
424,jump,557786377,1.0,-0.16744955153913127,-0.24278513420364428,0,-0.3395622360152768
425,branch_reorganization,484433319,0.0,-0.3395622360152768,-0.3856108273780916,0,-0.3395622360152768
425,branch_reorganization,484433319,0.05555555555555555,-0.41731635582229976,,0,-0.3395622360152768
425,branch_reorganization,484433319,0.1111111111111111,-0.444064462534885,,0,-0.3395622360152768
425,branch_reorganization,484433319,0.16666666666666666,-0.4345105276131017,,0,-0.3395622360152768
425,branch_reorganization,484433319,0.2222222222222222,-0.42731938690541915,,0,-0.3395622360152768
425,branch_reorganization,484433319,0.2777777777777778,-0.41504357426983296,,0,-0.3395622360152768
425,branch_reorganization,484433319,0.3333333333333333,-0.3670469684855301,,0,-0.3395622360152768
425,branch_reorganization,484433319,0.38888888888888884,-0.30618762922699544,,0,-0.3395622360152768
425,branch_reorganization,484433319,0.4444444444444444,-0.2993415146383414,,0,-0.3395622360152768
425,branch_reorganization,484433319,0.5,-0.3773844247683119,,0,-0.3395622360152768
425,branch_reorganization,484433319,0.5555555555555556,-0.38071226107307843,,0,-0.3395622360152768
425,branch_reorganization,484433319,0.611111111111111,-0.3000262665350399,,1,0.3395622360152768
425,branch_reorganization,484433319,0.6666666666666666,-0.3718337500446206,,1,0.3395622360152768
425,branch_reorganization,484433319,0.7222222222222222,-0.3462876111005111,,0,-0.3395622360152768
425,branch_reorganization,484433319,0.7777777777777777,-0.32065478235621003,,0,-0.3395622360152768
425,branch_reorganization,484433319,0.8333333333333333,-0.2909365360496252,,0,-0.3395622360152768
425,branch_reorganization,484433319,0.8888888888888888,-0.3313909200257044,,0,-0.3395622360152768
425,branch_reorganization,484433319,0.9444444444444444,-0.35698776062120063,,0,-0.3395622360152768
425,branch_reorganization,484433319,1.0,-0.38912195567963564,-0.3326958567053213,1,0.3395622360152768
426,retention,458552441,0.0,0.0,-0.0007592367733225519,0,-0.3395622360152768
426,retention,458552441,0.05555555555555555,-0.023126091274067322,,0,-0.3395622360152768
426,retention,458552441,0.1111111111111111,-0.1087552387205098,,0,-0.3395622360152768
426,retention,458552441,0.16666666666666666,-0.1612731547627812,,0,-0.3395622360152768
426,retention,458552441,0.2222222222222222,-0.12823739649842691,,0,-0.3395622360152768
426,retention,458552441,0.2777777777777778,-0.02108386741093478,,0,-0.3395622360152768
426,retention,458552441,0.3333333333333333,0.07086155386622922,,0,-0.3395622360152768
426,retention,458552441,0.38888888888888884,-0.031241222339917024,,0,-0.3395622360152768
426,retention,458552441,0.4444444444444444,-0.022838243377067406,,0,-0.3395622360152768
426,retention,458552441,0.5,0.05915276634774434,,0,-0.3395622360152768
426,retention,458552441,0.5555555555555556,0.02269735193554618,,0,-0.3395622360152768
426,retention,458552441,0.611111111111111,-0.014648409815102001,,0,-0.3395622360152768
426,retention,458552441,0.6666666666666666,0.07415962565466752,,0,-0.3395622360152768
426,retention,458552441,0.7222222222222222,0.09437060207967182,,0,-0.3395622360152768
426,retention,458552441,0.7777777777777777,0.20085925423385212,,0,-0.3395622360152768
426,retention,458552441,0.8333333333333333,0.16846363477299145,,0,-0.3395622360152768
426,retention,458552441,0.8888888888888888,0.14837858687794314,,0,-0.3395622360152768
426,retention,458552441,0.9444444444444444,0.10145475954333993,,0,-0.3395622360152768
426,retention,458552441,1.0,0.019304451782016854,0.08939436928712549,0,-0.3395622360152768
427,jump,63878025,0.0,0.0,0.041215431291300335,0,-0.3395622360152768
427,jump,63878025,0.05555555555555555,0.021227445692998684,,0,-0.3395622360152768
427,jump,63878025,0.1111111111111111,0.0470334714716857,,0,-0.3395622360152768
427,jump,63878025,0.16666666666666666,0.04493378747595925,,0,-0.3395622360152768
427,jump,63878025,0.2222222222222222,0.06164281853846976,,0,-0.3395622360152768
427,jump,63878025,0.2777777777777778,0.07769514951624673,,0,-0.3395622360152768
427,jump,63878025,0.3333333333333333,0.05197724303723396,,0,-0.3395622360152768
427,jump,63878025,0.38888888888888884,0.09071025912347094,,0,-0.3395622360152768
427,jump,63878025,0.4444444444444444,0.036663153321672394,,0,-0.3395622360152768
427,jump,63878025,0.5,0.06124811011298662,,0,-0.3395622360152768
427,jump,63878025,0.5555555555555556,0.05818672787676457,,0,-0.3395622360152768
427,jump,63878025,0.611111111111111,0.04138517413310022,,0,-0.3395622360152768
427,jump,63878025,0.6666666666666666,-0.03713369035117067,,0,-0.3395622360152768
427,jump,63878025,0.7222222222222222,-0.05046938497096062,,0,-0.3395622360152768
427,jump,63878025,0.7777777777777777,-0.11778648821914958,,0,-0.3395622360152768
427,jump,63878025,0.8333333333333333,-0.054689319632483975,,0,-0.3395622360152768
427,jump,63878025,0.8888888888888888,-0.0054748260145867506,,0,-0.3395622360152768
427,jump,63878025,0.9444444444444444,-0.0823026084671071,,0,-0.3395622360152768
427,jump,63878025,1.0,-0.017981262905731522,-0.009185700276083293,0,-0.3395622360152768
428,branch_reorganization,472348011,0.0,-0.3395622360152768,-0.3379106654557072,0,-0.3395622360152768
428,branch_reorganization,472348011,0.05555555555555555,-0.4359939357639713,,0,-0.3395622360152768
428,branch_reorganization,472348011,0.1111111111111111,-0.42948409080020944,,0,-0.3395622360152768
428,branch_reorganization,472348011,0.16666666666666666,-0.5339714689136624,,0,-0.3395622360152768
428,branch_reorganization,472348011,0.2222222222222222,-0.49736361990741845,,0,-0.3395622360152768
428,branch_reorganization,472348011,0.2777777777777778,-0.47206563062201823,,0,-0.3395622360152768
428,branch_reorganization,472348011,0.3333333333333333,-0.49156754547834536,,0,-0.3395622360152768
428,branch_reorganization,472348011,0.38888888888888884,-0.4445136948595299,,0,-0.3395622360152768
428,branch_reorganization,472348011,0.4444444444444444,-0.36008410687306924,,0,-0.3395622360152768
428,branch_reorganization,472348011,0.5,-0.3223706824026062,,1,0.3395622360152768
428,branch_reorganization,472348011,0.5555555555555556,-0.2994245755509777,,1,0.3395622360152768
428,branch_reorganization,472348011,0.611111111111111,-0.2287091144796039,,1,0.3395622360152768
428,branch_reorganization,472348011,0.6666666666666666,-0.27618982456998376,,1,0.3395622360152768
428,branch_reorganization,472348011,0.7222222222222222,-0.19826314483105606,,1,0.3395622360152768
428,branch_reorganization,472348011,0.7777777777777777,-0.23498751094529732,,1,0.3395622360152768
428,branch_reorganization,472348011,0.8333333333333333,-0.24964332167626596,,1,0.3395622360152768
428,branch_reorganization,472348011,0.8888888888888888,-0.23715217257379206,,1,0.3395622360152768
428,branch_reorganization,472348011,0.9444444444444444,-0.21181273031813758,,1,0.3395622360152768
428,branch_reorganization,472348011,1.0,-0.2251739839433415,-0.17461581974710152,1,0.3395622360152768
429,retention,856897365,0.0,0.0,-0.017191979498677856,0,-0.3395622360152768
429,retention,856897365,0.05555555555555555,-0.02556898061793969,,0,-0.3395622360152768
429,retention,856897365,0.1111111111111111,-0.049438998694462014,,0,-0.3395622360152768
429,retention,856897365,0.16666666666666666,-0.021884336261276793,,0,-0.3395622360152768
429,retention,856897365,0.2222222222222222,-0.10051276223076265,,0,-0.3395622360152768
429,retention,856897365,0.2777777777777778,-0.006101689639267924,,0,-0.3395622360152768
429,retention,856897365,0.3333333333333333,-0.01946553472074533,,0,-0.3395622360152768
429,retention,856897365,0.38888888888888884,-0.10368857758658417,,0,-0.3395622360152768
429,retention,856897365,0.4444444444444444,-0.13678700677546216,,0,-0.3395622360152768
429,retention,856897365,0.5,-0.07808417607855453,,0,-0.3395622360152768
429,retention,856897365,0.5555555555555556,-0.054341454556532096,,0,-0.3395622360152768
429,retention,856897365,0.611111111111111,-0.08083455487295944,,0,-0.3395622360152768
429,retention,856897365,0.6666666666666666,-0.11370886006127182,,0,-0.3395622360152768
429,retention,856897365,0.7222222222222222,-0.11001211305525779,,0,-0.3395622360152768
429,retention,856897365,0.7777777777777777,-0.05389788826994474,,0,-0.3395622360152768
429,retention,856897365,0.8333333333333333,-0.0612215446008182,,0,-0.3395622360152768
429,retention,856897365,0.8888888888888888,-0.025292185484959526,,0,-0.3395622360152768
429,retention,856897365,0.9444444444444444,-0.04608438912770309,,0,-0.3395622360152768
429,retention,856897365,1.0,-0.03763318088324026,-0.032860542879722884,0,-0.3395622360152768
430,jump,583010391,0.0,0.0,0.03142258677710867,0,-0.3395622360152768
430,jump,583010391,0.05555555555555555,0.05904709907023368,,0,-0.3395622360152768
430,jump,583010391,0.1111111111111111,0.06323396651305867,,0,-0.3395622360152768
430,jump,583010391,0.16666666666666666,0.14720829064378582,,0,-0.3395622360152768
430,jump,583010391,0.2222222222222222,0.20191130144292185,,0,-0.3395622360152768
430,jump,583010391,0.2777777777777778,0.2528180862479384,,0,-0.3395622360152768
430,jump,583010391,0.3333333333333333,0.1821390244044457,,0,-0.3395622360152768
430,jump,583010391,0.38888888888888884,0.28811251599972765,,0,-0.3395622360152768
430,jump,583010391,0.4444444444444444,0.25651416616704176,,0,-0.3395622360152768
430,jump,583010391,0.5,0.21353818844238737,,0,-0.3395622360152768
430,jump,583010391,0.5555555555555556,0.19293243776624233,,0,-0.3395622360152768
430,jump,583010391,0.611111111111111,0.19020919982300305,,0,-0.3395622360152768
430,jump,583010391,0.6666666666666666,0.27479211597707554,,0,-0.3395622360152768
430,jump,583010391,0.7222222222222222,0.1261441671121048,,0,-0.3395622360152768
430,jump,583010391,0.7777777777777777,0.13358243216131777,,0,-0.3395622360152768
430,jump,583010391,0.8333333333333333,0.19739281980027923,,0,-0.3395622360152768
430,jump,583010391,0.8888888888888888,0.19581119476204678,,0,-0.3395622360152768
430,jump,583010391,0.9444444444444444,0.18318018939615002,,0,-0.3395622360152768
430,jump,583010391,1.0,0.16709775228485552,0.17519408341710674,0,-0.3395622360152768
431,branch_reorganization,1532851416,0.0,-0.3395622360152768,-0.282987967769926,0,-0.3395622360152768
431,branch_reorganization,1532851416,0.05555555555555555,-0.294023224910987,,0,-0.3395622360152768
431,branch_reorganization,1532851416,0.1111111111111111,-0.24971818219034034,,0,-0.3395622360152768
431,branch_reorganization,1532851416,0.16666666666666666,-0.2318645856044422,,0,-0.3395622360152768
431,branch_reorganization,1532851416,0.2222222222222222,-0.21077045789203372,,0,-0.3395622360152768
431,branch_reorganization,1532851416,0.2777777777777778,-0.2650561551794648,,0,-0.3395622360152768
431,branch_reorganization,1532851416,0.3333333333333333,-0.33172515380459167,,0,-0.3395622360152768
431,branch_reorganization,1532851416,0.38888888888888884,-0.34117397189597104,,0,-0.3395622360152768
431,branch_reorganization,1532851416,0.4444444444444444,-0.2793775788591315,,0,-0.3395622360152768
431,branch_reorganization,1532851416,0.5,-0.2916170980021339,,0,-0.3395622360152768
431,branch_reorganization,1532851416,0.5555555555555556,-0.1730003488848213,,0,-0.3395622360152768
431,branch_reorganization,1532851416,0.611111111111111,-0.148728996597928,,0,-0.3395622360152768
431,branch_reorganization,1532851416,0.6666666666666666,-0.13863631086285452,,1,0.3395622360152768
431,branch_reorganization,1532851416,0.7222222222222222,-0.18436836198189582,,1,0.3395622360152768
431,branch_reorganization,1532851416,0.7777777777777777,-0.19203980810662194,,1,0.3395622360152768
431,branch_reorganization,1532851416,0.8333333333333333,-0.21274243189021153,,1,0.3395622360152768
431,branch_reorganization,1532851416,0.8888888888888888,-0.1208161397368787,,1,0.3395622360152768
431,branch_reorganization,1532851416,0.9444444444444444,-0.11273779704042723,,1,0.3395622360152768
431,branch_reorganization,1532851416,1.0,0.03815102473416235,0.06828511513834486,1,0.3395622360152768
432,retention,1079221044,0.0,0.0,-0.02750555998995652,0,-0.3395622360152768
432,retention,1079221044,0.05555555555555555,-0.056854125685726856,,0,-0.3395622360152768
432,retention,1079221044,0.1111111111111111,-0.1309783144959407,,0,-0.3395622360152768
432,retention,1079221044,0.16666666666666666,-0.11281408657682662,,0,-0.3395622360152768
432,retention,1079221044,0.2222222222222222,-0.11760302606133421,,0,-0.3395622360152768
432,retention,1079221044,0.2777777777777778,-0.09827929282056291,,0,-0.3395622360152768
432,retention,1079221044,0.3333333333333333,-0.1362975665431362,,0,-0.3395622360152768
432,retention,1079221044,0.38888888888888884,-0.188490162304645,,0,-0.3395622360152768
432,retention,1079221044,0.4444444444444444,-0.13735576310711262,,0,-0.3395622360152768
432,retention,1079221044,0.5,-0.05806345765138696,,0,-0.3395622360152768
432,retention,1079221044,0.5555555555555556,-0.05634757292352551,,0,-0.3395622360152768
432,retention,1079221044,0.611111111111111,-0.07078992892007192,,0,-0.3395622360152768
432,retention,1079221044,0.6666666666666666,-0.10628374839336163,,0,-0.3395622360152768
432,retention,1079221044,0.7222222222222222,-0.18479534227444838,,0,-0.3395622360152768
432,retention,1079221044,0.7777777777777777,-0.1591054456589247,,0,-0.3395622360152768
432,retention,1079221044,0.8333333333333333,-0.14587861225370385,,0,-0.3395622360152768
432,retention,1079221044,0.8888888888888888,-0.07443869891720387,,0,-0.3395622360152768
432,retention,1079221044,0.9444444444444444,-0.12696168679193046,,0,-0.3395622360152768
432,retention,1079221044,1.0,-0.02780898033033853,-0.06246142532957013,0,-0.3395622360152768
433,jump,585505596,0.0,0.0,0.00762134428602305,0,-0.3395622360152768
433,jump,585505596,0.05555555555555555,0.11661451302595144,,0,-0.3395622360152768
433,jump,585505596,0.1111111111111111,0.09985285521796039,,0,-0.3395622360152768
433,jump,585505596,0.16666666666666666,0.12824454570829402,,0,-0.3395622360152768
433,jump,585505596,0.2222222222222222,0.07915923546620401,,0,-0.3395622360152768
433,jump,585505596,0.2777777777777778,0.0050342418579528425,,0,-0.3395622360152768
433,jump,585505596,0.3333333333333333,-0.013932960270733662,,0,-0.3395622360152768
433,jump,585505596,0.38888888888888884,0.030363171255874677,,0,-0.3395622360152768
433,jump,585505596,0.4444444444444444,-0.009553393944125865,,0,-0.3395622360152768
433,jump,585505596,0.5,-0.030503560490445714,,0,-0.3395622360152768
433,jump,585505596,0.5555555555555556,-0.04337877946179183,,0,-0.3395622360152768
433,jump,585505596,0.611111111111111,-0.032684990569325126,,0,-0.3395622360152768
433,jump,585505596,0.6666666666666666,-0.049915793867357006,,0,-0.3395622360152768
433,jump,585505596,0.7222222222222222,0.020425523308860404,,0,-0.3395622360152768
433,jump,585505596,0.7777777777777777,-0.03292194456723935,,0,-0.3395622360152768
433,jump,585505596,0.8333333333333333,-0.09585927795883406,,0,-0.3395622360152768
433,jump,585505596,0.8888888888888888,-0.12660955565302384,,0,-0.3395622360152768
433,jump,585505596,0.9444444444444444,-0.14885816458997578,,0,-0.3395622360152768
433,jump,585505596,1.0,-0.09026042016261776,-0.11522298716620169,0,-0.3395622360152768
434,branch_reorganization,1042413103,0.0,-0.3395622360152768,-0.31327938353287954,0,-0.3395622360152768
434,branch_reorganization,1042413103,0.05555555555555555,-0.33167769682389464,,0,-0.3395622360152768
434,branch_reorganization,1042413103,0.1111111111111111,-0.3921037570184667,,0,-0.3395622360152768
434,branch_reorganization,1042413103,0.16666666666666666,-0.3835936937064149,,0,-0.3395622360152768
434,branch_reorganization,1042413103,0.2222222222222222,-0.3718571901957351,,0,-0.3395622360152768
434,branch_reorganization,1042413103,0.2777777777777778,-0.40120442394920186,,0,-0.3395622360152768
434,branch_reorganization,1042413103,0.3333333333333333,-0.3983277176367544,,0,-0.3395622360152768
434,branch_reorganization,1042413103,0.38888888888888884,-0.310193489719463,,0,-0.3395622360152768
434,branch_reorganization,1042413103,0.4444444444444444,-0.27666263911916006,,0,-0.3395622360152768
434,branch_reorganization,1042413103,0.5,-0.20754925446149092,,0,-0.3395622360152768
434,branch_reorganization,1042413103,0.5555555555555556,-0.26183607507268397,,0,-0.3395622360152768
434,branch_reorganization,1042413103,0.611111111111111,-0.3755357318716514,,0,-0.3395622360152768
434,branch_reorganization,1042413103,0.6666666666666666,-0.4600740474974006,,0,-0.3395622360152768
434,branch_reorganization,1042413103,0.7222222222222222,-0.46908689431409,,0,-0.3395622360152768
434,branch_reorganization,1042413103,0.7777777777777777,-0.5002036551106516,,0,-0.3395622360152768
434,branch_reorganization,1042413103,0.8333333333333333,-0.521938380303288,,0,-0.3395622360152768
434,branch_reorganization,1042413103,0.8888888888888888,-0.4933355698736859,,0,-0.3395622360152768
434,branch_reorganization,1042413103,0.9444444444444444,-0.48515976864221383,,0,-0.3395622360152768
434,branch_reorganization,1042413103,1.0,-0.5485118920431745,-0.5038198489949761,0,-0.3395622360152768
435,retention,1711681262,0.0,0.0,0.04173056398352449,0,-0.3395622360152768
435,retention,1711681262,0.05555555555555555,0.0005241426505498112,,0,-0.3395622360152768
435,retention,1711681262,0.1111111111111111,-0.0004663981975687044,,0,-0.3395622360152768
435,retention,1711681262,0.16666666666666666,0.1276056988338211,,0,-0.3395622360152768
435,retention,1711681262,0.2222222222222222,0.130456130583606,,0,-0.3395622360152768
435,retention,1711681262,0.2777777777777778,0.11887256842469102,,0,-0.3395622360152768
435,retention,1711681262,0.3333333333333333,0.06969130996863096,,0,-0.3395622360152768
435,retention,1711681262,0.38888888888888884,0.04218734105081355,,0,-0.3395622360152768
435,retention,1711681262,0.4444444444444444,-0.02124305196433627,,0,-0.3395622360152768
435,retention,1711681262,0.5,-0.0646955722491348,,0,-0.3395622360152768
435,retention,1711681262,0.5555555555555556,-0.1461740533273033,,0,-0.3395622360152768
435,retention,1711681262,0.611111111111111,-0.12807149556256334,,0,-0.3395622360152768
435,retention,1711681262,0.6666666666666666,-0.1438566130475032,,0,-0.3395622360152768
435,retention,1711681262,0.7222222222222222,-0.11962808754586315,,0,-0.3395622360152768
435,retention,1711681262,0.7777777777777777,-0.16385397374168587,,0,-0.3395622360152768
435,retention,1711681262,0.8333333333333333,-0.10636788889786442,,0,-0.3395622360152768
435,retention,1711681262,0.8888888888888888,-0.036707497692101285,,0,-0.3395622360152768
435,retention,1711681262,0.9444444444444444,-0.11464084160619609,,0,-0.3395622360152768
435,retention,1711681262,1.0,-0.06440582873917133,-0.0352812943321634,0,-0.3395622360152768
436,jump,2057020295,0.0,0.0,-0.06280570731106863,0,-0.3395622360152768
436,jump,2057020295,0.05555555555555555,0.004329008796053645,,0,-0.3395622360152768
436,jump,2057020295,0.1111111111111111,-0.0013849076276046734,,0,-0.3395622360152768
436,jump,2057020295,0.16666666666666666,-0.014046090610978232,,0,-0.3395622360152768
436,jump,2057020295,0.2222222222222222,0.025894950824683655,,0,-0.3395622360152768
436,jump,2057020295,0.2777777777777778,-0.13725176007933793,,0,-0.3395622360152768
436,jump,2057020295,0.3333333333333333,-0.04327721926454714,,0,-0.3395622360152768
436,jump,2057020295,0.38888888888888884,-0.13555036353657912,,0,-0.3395622360152768
436,jump,2057020295,0.4444444444444444,-0.044367200162017825,,0,-0.3395622360152768
436,jump,2057020295,0.5,-0.02438425065435758,,0,-0.3395622360152768
436,jump,2057020295,0.5555555555555556,-0.07695289480801744,,0,-0.3395622360152768
436,jump,2057020295,0.611111111111111,-0.04081022424867521,,0,-0.3395622360152768
436,jump,2057020295,0.6666666666666666,0.07043082639160872,,0,-0.3395622360152768
436,jump,2057020295,0.7222222222222222,0.17437836739705093,,0,-0.3395622360152768
436,jump,2057020295,0.7777777777777777,0.1537827380302328,,0,-0.3395622360152768
436,jump,2057020295,0.8333333333333333,0.14653877028777132,,0,-0.3395622360152768
436,jump,2057020295,0.8888888888888888,0.215373588536994,,0,-0.3395622360152768
436,jump,2057020295,0.9444444444444444,0.25664378375993263,,0,-0.3395622360152768
436,jump,2057020295,1.0,0.24107938720417882,0.2040910648277612,0,-0.3395622360152768
437,branch_reorganization,769701025,0.0,-0.3395622360152768,-0.3228345041703747,0,-0.3395622360152768
437,branch_reorganization,769701025,0.05555555555555555,-0.28414534875603165,,0,-0.3395622360152768
437,branch_reorganization,769701025,0.1111111111111111,-0.18127026197865542,,0,-0.3395622360152768
437,branch_reorganization,769701025,0.16666666666666666,-0.20984167122824565,,0,-0.3395622360152768
437,branch_reorganization,769701025,0.2222222222222222,-0.1636894022638449,,0,-0.3395622360152768
437,branch_reorganization,769701025,0.2777777777777778,-0.20677729414385138,,0,-0.3395622360152768
437,branch_reorganization,769701025,0.3333333333333333,-0.23661553724303144,,0,-0.3395622360152768
437,branch_reorganization,769701025,0.38888888888888884,-0.1721562386234919,,0,-0.3395622360152768
437,branch_reorganization,769701025,0.4444444444444444,-0.10289237450558854,,0,-0.3395622360152768
437,branch_reorganization,769701025,0.5,-0.13548526697202454,,0,-0.3395622360152768
437,branch_reorganization,769701025,0.5555555555555556,-0.10379087863530509,,0,-0.3395622360152768
437,branch_reorganization,769701025,0.611111111111111,-0.1240303700108874,,0,-0.3395622360152768
437,branch_reorganization,769701025,0.6666666666666666,-0.17852151685896006,,0,-0.3395622360152768
437,branch_reorganization,769701025,0.7222222222222222,-0.2143371867439448,,0,-0.3395622360152768
437,branch_reorganization,769701025,0.7777777777777777,-0.17183301497951992,,0,-0.3395622360152768
437,branch_reorganization,769701025,0.8333333333333333,-0.16614149840354345,,0,-0.3395622360152768
437,branch_reorganization,769701025,0.8888888888888888,-0.0903513553446376,,0,-0.3395622360152768
437,branch_reorganization,769701025,0.9444444444444444,0.0070634331953536855,,0,-0.3395622360152768
437,branch_reorganization,769701025,1.0,0.015468473120721481,0.07870292810609587,0,-0.3395622360152768
438,retention,229834934,0.0,0.0,-0.01783817444646975,0,-0.3395622360152768
438,retention,229834934,0.05555555555555555,0.006391537405351443,,0,-0.3395622360152768
438,retention,229834934,0.1111111111111111,0.008015018448229385,,0,-0.3395622360152768
438,retention,229834934,0.16666666666666666,0.021716632104575882,,0,-0.3395622360152768
438,retention,229834934,0.2222222222222222,0.0929497986766402,,0,-0.3395622360152768
438,retention,229834934,0.2777777777777778,0.09409500399532561,,0,-0.3395622360152768
438,retention,229834934,0.3333333333333333,0.035431544465353515,,0,-0.3395622360152768
438,retention,229834934,0.38888888888888884,0.039974052245107666,,0,-0.3395622360152768
438,retention,229834934,0.4444444444444444,0.027098681200523642,,0,-0.3395622360152768
438,retention,229834934,0.5,-0.005448171452046093,,0,-0.3395622360152768
438,retention,229834934,0.5555555555555556,0.0005681844853486417,,0,-0.3395622360152768
438,retention,229834934,0.611111111111111,0.02075515850475122,,0,-0.3395622360152768
438,retention,229834934,0.6666666666666666,0.1280548869555253,,0,-0.3395622360152768
438,retention,229834934,0.7222222222222222,0.04521847129832228,,0,-0.3395622360152768
438,retention,229834934,0.7777777777777777,0.04726732355085774,,0,-0.3395622360152768
438,retention,229834934,0.8333333333333333,0.005303950814425293,,0,-0.3395622360152768
438,retention,229834934,0.8888888888888888,0.015850152466553524,,0,-0.3395622360152768
438,retention,229834934,0.9444444444444444,0.024659987620659657,,0,-0.3395622360152768
438,retention,229834934,1.0,-0.01529242213314334,0.008703074847552828,0,-0.3395622360152768
438,retention,229834934,1.0555555555555556,-0.008240974638729866,,0,-0.3395622360152768
438,retention,229834934,1.1111111111111112,-0.07004218566317258,,0,-0.3395622360152768
438,retention,229834934,1.1666666666666667,-0.04540387525327195,,0,-0.3395622360152768
438,retention,229834934,1.2222222222222223,-0.06877427557783068,,0,-0.3395622360152768
438,retention,229834934,1.2777777777777777,-0.011475865122528107,,0,-0.3395622360152768
438,retention,229834934,1.3333333333333333,0.001511641863884354,,0,-0.3395622360152768
438,retention,229834934,1.3888888888888888,-0.059040753254669204,,0,-0.3395622360152768
438,retention,229834934,1.4444444444444444,-0.0792914710675765,,0,-0.3395622360152768
438,retention,229834934,1.5,-0.10975231283845976,,0,-0.3395622360152768
438,retention,229834934,1.5555555555555556,-0.14983037257633808,,0,-0.3395622360152768
438,retention,229834934,1.6111111111111112,-0.19535525226101758,,0,-0.3395622360152768
438,retention,229834934,1.6666666666666665,-0.17794241678881703,,0,-0.3395622360152768
438,retention,229834934,1.7222222222222223,-0.08923301103432153,,0,-0.3395622360152768
438,retention,229834934,1.7777777777777777,-0.09069484609013313,,0,-0.3395622360152768
438,retention,229834934,1.8333333333333333,0.02492179567573498,,0,-0.3395622360152768
438,retention,229834934,1.8888888888888888,-0.028459205355613165,,0,-0.3395622360152768
438,retention,229834934,1.9444444444444444,-0.13547335308458125,,0,-0.3395622360152768
438,retention,229834934,2.0,-0.12705034860580053,-0.10269527488653964,0,-0.3395622360152768
438,retention,229834934,2.0555555555555554,-0.17618782597263244,,0,-0.3395622360152768
438,retention,229834934,2.111111111111111,-0.20984279415854715,,0,-0.3395622360152768
438,retention,229834934,2.1666666666666665,-0.1747844254656304,,0,-0.3395622360152768
438,retention,229834934,2.2222222222222223,-0.11068274372703882,,0,-0.3395622360152768
438,retention,229834934,2.2777777777777777,-0.05819280596807797,,0,-0.3395622360152768
438,retention,229834934,2.3333333333333335,-0.16498988296247602,,0,-0.3395622360152768
438,retention,229834934,2.388888888888889,-0.0908882975749028,,0,-0.3395622360152768
438,retention,229834934,2.4444444444444446,0.023916974447197675,,0,-0.3395622360152768
438,retention,229834934,2.5,0.013468202485575877,,0,-0.3395622360152768
438,retention,229834934,2.5555555555555554,0.08854151740259197,,0,-0.3395622360152768
438,retention,229834934,2.611111111111111,0.23659652671382353,,0,-0.3395622360152768
438,retention,229834934,2.6666666666666665,0.2026874356148977,,0,-0.3395622360152768
438,retention,229834934,2.7222222222222223,0.20015714707704899,,0,-0.3395622360152768
438,retention,229834934,2.7777777777777777,0.1363612838180832,,0,-0.3395622360152768
438,retention,229834934,2.833333333333333,0.15016556283515547,,0,-0.3395622360152768
438,retention,229834934,2.888888888888889,0.19121350692585765,,0,-0.3395622360152768
438,retention,229834934,2.9444444444444446,0.12883227605484657,,0,-0.3395622360152768
438,retention,229834934,3.0,0.13744555189255675,0.17603489905348346,0,-0.3395622360152768
439,jump,1882867377,0.0,0.0,0.021743197052659233,0,-0.3395622360152768
439,jump,1882867377,0.05555555555555555,0.0288946173419574,,0,-0.3395622360152768
439,jump,1882867377,0.1111111111111111,0.04522240426664256,,0,-0.3395622360152768
439,jump,1882867377,0.16666666666666666,-0.050789835852588665,,0,-0.3395622360152768
439,jump,1882867377,0.2222222222222222,-0.04557120359935483,,0,-0.3395622360152768
439,jump,1882867377,0.2777777777777778,-0.0749253870952728,,0,-0.3395622360152768
439,jump,1882867377,0.3333333333333333,-0.017408972449032084,,0,-0.3395622360152768
439,jump,1882867377,0.38888888888888884,0.004941852032669877,,0,-0.3395622360152768
439,jump,1882867377,0.4444444444444444,-0.035778522731796755,,0,-0.3395622360152768
439,jump,1882867377,0.5,-0.02934764910679708,,0,-0.3395622360152768
439,jump,1882867377,0.5555555555555556,-0.042169064789832636,,0,-0.3395622360152768
439,jump,1882867377,0.611111111111111,-0.11282606399617481,,0,-0.3395622360152768
439,jump,1882867377,0.6666666666666666,-0.15974403554945146,,0,-0.3395622360152768
439,jump,1882867377,0.7222222222222222,-0.15617914875437822,,0,-0.3395622360152768
439,jump,1882867377,0.7777777777777777,-0.17136880154325962,,0,-0.3395622360152768
439,jump,1882867377,0.8333333333333333,-0.06279393318855361,,0,-0.3395622360152768
439,jump,1882867377,0.8888888888888888,-0.04953778073987712,,0,-0.3395622360152768
439,jump,1882867377,0.9444444444444444,-0.004216020034531698,,0,-0.3395622360152768
439,jump,1882867377,1.0,-0.07363420620585501,-0.03594085903597994,0,-0.3395622360152768
440,branch_reorganization,140771106,0.0,-0.3395622360152768,-0.3926999614889911,0,-0.3395622360152768
440,branch_reorganization,140771106,0.05555555555555555,-0.4297739553985678,,0,-0.3395622360152768
440,branch_reorganization,140771106,0.1111111111111111,-0.5334055635212395,,0,-0.3395622360152768
440,branch_reorganization,140771106,0.16666666666666666,-0.45585591152184185,,0,-0.3395622360152768
440,branch_reorganization,140771106,0.2222222222222222,-0.4660008556729041,,0,-0.3395622360152768
440,branch_reorganization,140771106,0.2777777777777778,-0.4460187738123943,,0,-0.3395622360152768
440,branch_reorganization,140771106,0.3333333333333333,-0.4694373707088867,,0,-0.3395622360152768
440,branch_reorganization,140771106,0.38888888888888884,-0.4780973402241947,,0,-0.3395622360152768
440,branch_reorganization,140771106,0.4444444444444444,-0.4776261034611286,,0,-0.3395622360152768
440,branch_reorganization,140771106,0.5,-0.49050211131006244,,0,-0.3395622360152768
440,branch_reorganization,140771106,0.5555555555555556,-0.5515987414295048,,0,-0.3395622360152768
440,branch_reorganization,140771106,0.611111111111111,-0.5562295044363266,,0,-0.3395622360152768
440,branch_reorganization,140771106,0.6666666666666666,-0.554587594125844,,0,-0.3395622360152768
440,branch_reorganization,140771106,0.7222222222222222,-0.5011757002089045,,0,-0.3395622360152768
440,branch_reorganization,140771106,0.7777777777777777,-0.5442137725262005,,0,-0.3395622360152768
440,branch_reorganization,140771106,0.8333333333333333,-0.5912038263641903,,0,-0.3395622360152768
440,branch_reorganization,140771106,0.8888888888888888,-0.6489832158271085,,0,-0.3395622360152768
440,branch_reorganization,140771106,0.9444444444444444,-0.681266073438665,,0,-0.3395622360152768
440,branch_reorganization,140771106,1.0,-0.6418717319368006,-0.6859720596040497,0,-0.3395622360152768
441,retention,182339724,0.0,0.0,-0.04221045277203403,0,-0.3395622360152768
441,retention,182339724,0.05555555555555555,0.05230412666703423,,0,-0.3395622360152768
441,retention,182339724,0.1111111111111111,0.04771083691118627,,0,-0.3395622360152768
441,retention,182339724,0.16666666666666666,-0.051423596999233365,,0,-0.3395622360152768
441,retention,182339724,0.2222222222222222,-0.008467893563877053,,0,-0.3395622360152768
441,retention,182339724,0.2777777777777778,0.07877244738284032,,0,-0.3395622360152768
441,retention,182339724,0.3333333333333333,0.044724696513592954,,0,-0.3395622360152768
441,retention,182339724,0.38888888888888884,0.07041311752610291,,0,-0.3395622360152768
441,retention,182339724,0.4444444444444444,0.0908322770123689,,0,-0.3395622360152768
441,retention,182339724,0.5,0.0827805827140046,,0,-0.3395622360152768
441,retention,182339724,0.5555555555555556,0.06007615026265713,,0,-0.3395622360152768
441,retention,182339724,0.611111111111111,0.05075840605875276,,0,-0.3395622360152768
441,retention,182339724,0.6666666666666666,-0.005082575169400964,,0,-0.3395622360152768
441,retention,182339724,0.7222222222222222,0.04585393213425607,,0,-0.3395622360152768
441,retention,182339724,0.7777777777777777,0.019938982625634972,,0,-0.3395622360152768
441,retention,182339724,0.8333333333333333,-0.009609757257531201,,0,-0.3395622360152768
441,retention,182339724,0.8888888888888888,-0.01050905368455528,,0,-0.3395622360152768
441,retention,182339724,0.9444444444444444,-0.010825603993902401,,0,-0.3395622360152768
441,retention,182339724,1.0,-0.015206267792473761,-0.021021412027043676,0,-0.3395622360152768
442,jump,733017593,0.0,0.0,-0.022062848479147152,0,-0.3395622360152768
442,jump,733017593,0.05555555555555555,0.03587787126046554,,0,-0.3395622360152768
442,jump,733017593,0.1111111111111111,0.02951124998553701,,0,-0.3395622360152768
442,jump,733017593,0.16666666666666666,0.006712924542022988,,0,-0.3395622360152768
442,jump,733017593,0.2222222222222222,-0.0473686574945537,,0,-0.3395622360152768
442,jump,733017593,0.2777777777777778,-0.09876444581434417,,0,-0.3395622360152768
442,jump,733017593,0.3333333333333333,-0.08782265316933374,,0,-0.3395622360152768
442,jump,733017593,0.38888888888888884,-0.07685741331457967,,0,-0.3395622360152768
442,jump,733017593,0.4444444444444444,-0.09762319931281833,,0,-0.3395622360152768
442,jump,733017593,0.5,0.00397933978329329,,0,-0.3395622360152768
442,jump,733017593,0.5555555555555556,-0.019769647346360206,,0,-0.3395622360152768
442,jump,733017593,0.611111111111111,-0.03194326680052179,,0,-0.3395622360152768
442,jump,733017593,0.6666666666666666,0.012432962078786303,,0,-0.3395622360152768
442,jump,733017593,0.7222222222222222,0.16417051234423366,,0,-0.3395622360152768
442,jump,733017593,0.7777777777777777,0.28783487785842055,,0,-0.3395622360152768
442,jump,733017593,0.8333333333333333,0.34441188482876844,,0,-0.3395622360152768
442,jump,733017593,0.8888888888888888,0.4158269357984028,,0,-0.3395622360152768
442,jump,733017593,0.9444444444444444,0.43214770916683753,,0,-0.3395622360152768
442,jump,733017593,1.0,0.4511637164457631,0.4314523866842643,0,-0.3395622360152768
442,jump,733017593,1.0555555555555556,0.44572982334128064,,0,-0.3395622360152768
442,jump,733017593,1.1111111111111112,0.43489228199726254,,0,-0.3395622360152768
442,jump,733017593,1.1666666666666667,0.44351886393653756,,0,-0.3395622360152768
442,jump,733017593,1.2222222222222223,0.418212321205708,,0,-0.3395622360152768
442,jump,733017593,1.2777777777777777,0.44658596394764877,,0,-0.3395622360152768
442,jump,733017593,1.3333333333333333,0.3918163263202827,,0,-0.3395622360152768
442,jump,733017593,1.3888888888888888,0.4714750258170655,,0,-0.3395622360152768
442,jump,733017593,1.4444444444444444,0.40610174523195186,,0,-0.3395622360152768
442,jump,733017593,1.5,0.42031254891516867,,0,-0.3395622360152768
442,jump,733017593,1.5555555555555556,0.3595404723469259,,0,-0.3395622360152768
442,jump,733017593,1.6111111111111112,0.27784190570972,,0,-0.3395622360152768
442,jump,733017593,1.6666666666666665,0.1841857393130832,,0,-0.3395622360152768
442,jump,733017593,1.7222222222222223,0.07215372975812487,,0,-0.3395622360152768
442,jump,733017593,1.7777777777777777,0.15562167706140254,,0,-0.3395622360152768
442,jump,733017593,1.8333333333333333,0.11095154961537189,,0,-0.3395622360152768
442,jump,733017593,1.8888888888888888,0.10998863908330898,,0,-0.3395622360152768
442,jump,733017593,1.9444444444444444,0.181499982114337,,0,-0.3395622360152768
442,jump,733017593,2.0,0.13444172689099138,0.09257123569887957,0,-0.3395622360152768
442,jump,733017593,2.0555555555555554,0.11321974313243498,,0,-0.3395622360152768
442,jump,733017593,2.111111111111111,0.09959256478395344,,0,-0.3395622360152768
442,jump,733017593,2.1666666666666665,0.11205033603216868,,0,-0.3395622360152768
442,jump,733017593,2.2222222222222223,0.13334904672146958,,0,-0.3395622360152768
442,jump,733017593,2.2777777777777777,0.09979313945279585,,0,-0.3395622360152768
442,jump,733017593,2.3333333333333335,0.10724107573128384,,0,-0.3395622360152768
442,jump,733017593,2.388888888888889,0.1398159393878141,,0,-0.3395622360152768
442,jump,733017593,2.4444444444444446,0.1397827526171605,,0,-0.3395622360152768
442,jump,733017593,2.5,0.15374130609216757,,0,-0.3395622360152768
442,jump,733017593,2.5555555555555554,0.17634404544450685,,0,-0.3395622360152768
442,jump,733017593,2.611111111111111,0.0967065340286262,,0,-0.3395622360152768
442,jump,733017593,2.6666666666666665,0.05642877145365547,,0,-0.3395622360152768
442,jump,733017593,2.7222222222222223,0.06486330595097925,,0,-0.3395622360152768
442,jump,733017593,2.7777777777777777,0.0645719750809313,,0,-0.3395622360152768
442,jump,733017593,2.833333333333333,0.14028759237155253,,0,-0.3395622360152768
442,jump,733017593,2.888888888888889,0.05473179950752541,,0,-0.3395622360152768
442,jump,733017593,2.9444444444444446,0.07581764721768014,,0,-0.3395622360152768
442,jump,733017593,3.0,0.1683993950084925,0.2028918768603191,0,-0.3395622360152768
443,branch_reorganization,1080088458,0.0,-0.3395622360152768,-0.3463187161482121,0,-0.3395622360152768
443,branch_reorganization,1080088458,0.05555555555555555,-0.32698310444347806,,0,-0.3395622360152768
443,branch_reorganization,1080088458,0.1111111111111111,-0.2951121865637313,,0,-0.3395622360152768
443,branch_reorganization,1080088458,0.16666666666666666,-0.393410269312016,,0,-0.3395622360152768
443,branch_reorganization,1080088458,0.2222222222222222,-0.2861561348165275,,0,-0.3395622360152768
443,branch_reorganization,1080088458,0.2777777777777778,-0.24340154378644935,,0,-0.3395622360152768
443,branch_reorganization,1080088458,0.3333333333333333,-0.1919453729146321,,1,0.3395622360152768
443,branch_reorganization,1080088458,0.38888888888888884,-0.26635425624880976,,1,0.3395622360152768
443,branch_reorganization,1080088458,0.4444444444444444,-0.3176984074791966,,1,0.3395622360152768
443,branch_reorganization,1080088458,0.5,-0.28930398473447994,,1,0.3395622360152768
443,branch_reorganization,1080088458,0.5555555555555556,-0.32285479562308866,,0,-0.3395622360152768
443,branch_reorganization,1080088458,0.611111111111111,-0.3726241375820898,,0,-0.3395622360152768
443,branch_reorganization,1080088458,0.6666666666666666,-0.2592031654078205,,0,-0.3395622360152768
443,branch_reorganization,1080088458,0.7222222222222222,-0.21923452078376254,,0,-0.3395622360152768
443,branch_reorganization,1080088458,0.7777777777777777,-0.10706906051056335,,0,-0.3395622360152768
443,branch_reorganization,1080088458,0.8333333333333333,-0.1188884923098329,,0,-0.3395622360152768
443,branch_reorganization,1080088458,0.8888888888888888,-0.18497549360048102,,0,-0.3395622360152768
443,branch_reorganization,1080088458,0.9444444444444444,-0.18737104767809717,,0,-0.3395622360152768
443,branch_reorganization,1080088458,1.0,-0.14882255234259073,-0.0810245763188826,0,-0.3395622360152768
444,retention,673278090,0.0,0.0,-0.05027804004588151,0,-0.3395622360152768
444,retention,673278090,0.05555555555555555,-0.04672040747590253,,0,-0.3395622360152768
444,retention,673278090,0.1111111111111111,-0.016878118821636243,,0,-0.3395622360152768
444,retention,673278090,0.16666666666666666,0.054781464325048164,,0,-0.3395622360152768
444,retention,673278090,0.2222222222222222,0.024735732760657186,,0,-0.3395622360152768
444,retention,673278090,0.2777777777777778,0.010649964917425321,,0,-0.3395622360152768
444,retention,673278090,0.3333333333333333,-0.01193308775504226,,0,-0.3395622360152768
444,retention,673278090,0.38888888888888884,-0.028996084064205112,,0,-0.3395622360152768
444,retention,673278090,0.4444444444444444,0.028386166307008097,,0,-0.3395622360152768
444,retention,673278090,0.5,0.08612566924637714,,0,-0.3395622360152768
444,retention,673278090,0.5555555555555556,0.14378089709862996,,0,-0.3395622360152768
444,retention,673278090,0.611111111111111,0.15242628939961692,,0,-0.3395622360152768
444,retention,673278090,0.6666666666666666,0.0797590459794026,,0,-0.3395622360152768
444,retention,673278090,0.7222222222222222,0.0019555293735277895,,0,-0.3395622360152768
444,retention,673278090,0.7777777777777777,-0.0014295895820582278,,0,-0.3395622360152768
444,retention,673278090,0.8333333333333333,-0.04487812631734087,,0,-0.3395622360152768
444,retention,673278090,0.8888888888888888,-0.007312846691445156,,0,-0.3395622360152768
444,retention,673278090,0.9444444444444444,0.01408701985662563,,0,-0.3395622360152768
444,retention,673278090,1.0,0.08415489495578946,0.10258459416375462,0,-0.3395622360152768
445,jump,1902477763,0.0,0.0,0.039315531984371384,0,-0.3395622360152768
445,jump,1902477763,0.05555555555555555,0.03144738247935933,,0,-0.3395622360152768
445,jump,1902477763,0.1111111111111111,0.024416633277681638,,0,-0.3395622360152768
445,jump,1902477763,0.16666666666666666,0.0018292643331009918,,0,-0.3395622360152768
445,jump,1902477763,0.2222222222222222,0.057089366436353,,0,-0.3395622360152768
445,jump,1902477763,0.2777777777777778,0.031677980468873476,,0,-0.3395622360152768
445,jump,1902477763,0.3333333333333333,0.015906754615541613,,0,-0.3395622360152768
445,jump,1902477763,0.38888888888888884,-0.0073776700759518015,,0,-0.3395622360152768
445,jump,1902477763,0.4444444444444444,-0.0191006628372156,,0,-0.3395622360152768
445,jump,1902477763,0.5,-0.014305399079077467,,0,-0.3395622360152768
445,jump,1902477763,0.5555555555555556,-0.018521144055950366,,0,-0.3395622360152768
445,jump,1902477763,0.611111111111111,0.0433271605348913,,0,-0.3395622360152768
445,jump,1902477763,0.6666666666666666,0.0013673410576298464,,0,-0.3395622360152768
445,jump,1902477763,0.7222222222222222,0.053801370420839274,,0,-0.3395622360152768
445,jump,1902477763,0.7777777777777777,0.07096379631229992,,0,-0.3395622360152768
445,jump,1902477763,0.8333333333333333,0.10693464720295556,,0,-0.3395622360152768
445,jump,1902477763,0.8888888888888888,0.18060782325299712,,0,-0.3395622360152768
445,jump,1902477763,0.9444444444444444,0.13107725294634756,,0,-0.3395622360152768
445,jump,1902477763,1.0,0.1506339813037747,0.17942727375471584,0,-0.3395622360152768
446,branch_reorganization,1217332037,0.0,-0.3395622360152768,-0.2948610627017603,0,-0.3395622360152768
446,branch_reorganization,1217332037,0.05555555555555555,-0.37426285226371464,,0,-0.3395622360152768
446,branch_reorganization,1217332037,0.1111111111111111,-0.29458879632896684,,0,-0.3395622360152768
446,branch_reorganization,1217332037,0.16666666666666666,-0.33402760602976705,,0,-0.3395622360152768
446,branch_reorganization,1217332037,0.2222222222222222,-0.37876388587923104,,0,-0.3395622360152768
446,branch_reorganization,1217332037,0.2777777777777778,-0.42842150919285976,,0,-0.3395622360152768
446,branch_reorganization,1217332037,0.3333333333333333,-0.4704751295341775,,0,-0.3395622360152768
446,branch_reorganization,1217332037,0.38888888888888884,-0.42687069212721634,,0,-0.3395622360152768
446,branch_reorganization,1217332037,0.4444444444444444,-0.4355750634099434,,0,-0.3395622360152768
446,branch_reorganization,1217332037,0.5,-0.4712627806937616,,0,-0.3395622360152768
446,branch_reorganization,1217332037,0.5555555555555556,-0.4395920337265418,,0,-0.3395622360152768
446,branch_reorganization,1217332037,0.611111111111111,-0.4003994321172868,,0,-0.3395622360152768
446,branch_reorganization,1217332037,0.6666666666666666,-0.38901921154167485,,0,-0.3395622360152768
446,branch_reorganization,1217332037,0.7222222222222222,-0.41190006288652203,,0,-0.3395622360152768
446,branch_reorganization,1217332037,0.7777777777777777,-0.43028613446541203,,0,-0.3395622360152768
446,branch_reorganization,1217332037,0.8333333333333333,-0.40714240866291324,,0,-0.3395622360152768
446,branch_reorganization,1217332037,0.8888888888888888,-0.3922509297507421,,0,-0.3395622360152768
446,branch_reorganization,1217332037,0.9444444444444444,-0.3936265058294349,,0,-0.3395622360152768
446,branch_reorganization,1217332037,1.0,-0.45245268221401835,-0.39853761943372,0,-0.3395622360152768
447,retention,1013916682,0.0,0.0,0.01814572841086968,0,-0.3395622360152768
447,retention,1013916682,0.05555555555555555,-0.012184860308755523,,0,-0.3395622360152768
447,retention,1013916682,0.1111111111111111,-0.04018889806012359,,0,-0.3395622360152768
447,retention,1013916682,0.16666666666666666,-0.02266918450146888,,0,-0.3395622360152768
447,retention,1013916682,0.2222222222222222,-0.01924677865256119,,0,-0.3395622360152768
447,retention,1013916682,0.2777777777777778,0.023374383983799304,,0,-0.3395622360152768
447,retention,1013916682,0.3333333333333333,0.006236087115782621,,0,-0.3395622360152768
447,retention,1013916682,0.38888888888888884,0.008372215750944398,,0,-0.3395622360152768
447,retention,1013916682,0.4444444444444444,0.058799911056509876,,0,-0.3395622360152768
447,retention,1013916682,0.5,-0.033834607695444566,,0,-0.3395622360152768
447,retention,1013916682,0.5555555555555556,0.026378052707705192,,0,-0.3395622360152768
447,retention,1013916682,0.611111111111111,-0.009428090797722121,,0,-0.3395622360152768
447,retention,1013916682,0.6666666666666666,0.08979091573256091,,0,-0.3395622360152768
447,retention,1013916682,0.7222222222222222,0.10399525126829512,,0,-0.3395622360152768
447,retention,1013916682,0.7777777777777777,0.04288894355217644,,0,-0.3395622360152768
447,retention,1013916682,0.8333333333333333,0.05678198087096814,,0,-0.3395622360152768
447,retention,1013916682,0.8888888888888888,-0.030277952119066108,,0,-0.3395622360152768
447,retention,1013916682,0.9444444444444444,0.008772949857703213,,0,-0.3395622360152768
447,retention,1013916682,1.0,0.007164558175212541,-0.02469263578815619,0,-0.3395622360152768
448,jump,453655919,0.0,0.0,0.019274443176142946,0,-0.3395622360152768
448,jump,453655919,0.05555555555555555,-0.01853908246132034,,0,-0.3395622360152768
448,jump,453655919,0.1111111111111111,-0.0748962833054206,,0,-0.3395622360152768
448,jump,453655919,0.16666666666666666,-0.026232106407356057,,0,-0.3395622360152768
448,jump,453655919,0.2222222222222222,0.00566537264501716,,0,-0.3395622360152768
448,jump,453655919,0.2777777777777778,-0.022413253005610943,,0,-0.3395622360152768
448,jump,453655919,0.3333333333333333,-0.04494959093638515,,0,-0.3395622360152768
448,jump,453655919,0.38888888888888884,-0.005418261366698658,,0,-0.3395622360152768
448,jump,453655919,0.4444444444444444,0.02101033023545193,,0,-0.3395622360152768
448,jump,453655919,0.5,-0.03056842774719126,,0,-0.3395622360152768
448,jump,453655919,0.5555555555555556,0.0045329904851328165,,0,-0.3395622360152768
448,jump,453655919,0.611111111111111,0.02468882086333132,,0,-0.3395622360152768
448,jump,453655919,0.6666666666666666,-0.006754836912403379,,0,-0.3395622360152768
448,jump,453655919,0.7222222222222222,0.07625893250783553,,0,-0.3395622360152768
448,jump,453655919,0.7777777777777777,0.053984160149035273,,0,-0.3395622360152768
448,jump,453655919,0.8333333333333333,0.03991151095394495,,0,-0.3395622360152768
448,jump,453655919,0.8888888888888888,-0.009670397829968098,,0,-0.3395622360152768
448,jump,453655919,0.9444444444444444,-0.0004622736752483616,,0,-0.3395622360152768
448,jump,453655919,1.0,-0.04415526990972329,-0.02114539619614132,0,-0.3395622360152768
449,branch_reorganization,751532148,0.0,-0.3395622360152768,-0.2820826450990806,0,-0.3395622360152768
449,branch_reorganization,751532148,0.05555555555555555,-0.3081042008151347,,0,-0.3395622360152768
449,branch_reorganization,751532148,0.1111111111111111,-0.2751350118268601,,0,-0.3395622360152768
449,branch_reorganization,751532148,0.16666666666666666,-0.17279103136910454,,0,-0.3395622360152768
449,branch_reorganization,751532148,0.2222222222222222,-0.17115229973177304,,0,-0.3395622360152768
449,branch_reorganization,751532148,0.2777777777777778,-0.14940249656205687,,0,-0.3395622360152768
449,branch_reorganization,751532148,0.3333333333333333,-0.13016958011831856,,0,-0.3395622360152768
449,branch_reorganization,751532148,0.38888888888888884,-0.12523527250514077,,0,-0.3395622360152768
449,branch_reorganization,751532148,0.4444444444444444,-0.17574519960359591,,0,-0.3395622360152768
449,branch_reorganization,751532148,0.5,-0.1700941749409185,,0,-0.3395622360152768
449,branch_reorganization,751532148,0.5555555555555556,-0.1626413920559879,,0,-0.3395622360152768
449,branch_reorganization,751532148,0.611111111111111,-0.24835830478746468,,0,-0.3395622360152768
449,branch_reorganization,751532148,0.6666666666666666,-0.2059699706820894,,0,-0.3395622360152768
449,branch_reorganization,751532148,0.7222222222222222,-0.21205388192377989,,0,-0.3395622360152768
449,branch_reorganization,751532148,0.7777777777777777,-0.26469166615374135,,0,-0.3395622360152768
449,branch_reorganization,751532148,0.8333333333333333,-0.2169545586842256,,0,-0.3395622360152768
449,branch_reorganization,751532148,0.8888888888888888,-0.17325529700897238,,0,-0.3395622360152768
449,branch_reorganization,751532148,0.9444444444444444,-0.16109356628002225,,0,-0.3395622360152768
449,branch_reorganization,751532148,1.0,-0.132491775954614,-0.042941644591292405,0,-0.3395622360152768
450,retention,246316835,0.0,0.0,0.05493267941560432,0,-0.3395622360152768
450,retention,246316835,0.05555555555555555,-0.015947792770406862,,0,-0.3395622360152768
450,retention,246316835,0.1111111111111111,-0.024531788080678216,,0,-0.3395622360152768
450,retention,246316835,0.16666666666666666,-0.12070802115772553,,0,-0.3395622360152768
450,retention,246316835,0.2222222222222222,-0.14303222755456776,,0,-0.3395622360152768
450,retention,246316835,0.2777777777777778,-0.11377602950903098,,0,-0.3395622360152768
450,retention,246316835,0.3333333333333333,-0.033058354338796364,,0,-0.3395622360152768
450,retention,246316835,0.38888888888888884,0.018954327465963233,,0,-0.3395622360152768
450,retention,246316835,0.4444444444444444,0.032160471276357926,,0,-0.3395622360152768
450,retention,246316835,0.5,-0.0013200989686645154,,0,-0.3395622360152768
450,retention,246316835,0.5555555555555556,0.09548243654795673,,0,-0.3395622360152768
450,retention,246316835,0.611111111111111,0.12534799647642794,,0,-0.3395622360152768
450,retention,246316835,0.6666666666666666,0.09895404138075907,,0,-0.3395622360152768
450,retention,246316835,0.7222222222222222,0.08255296676792742,,0,-0.3395622360152768
450,retention,246316835,0.7777777777777777,0.02903122380424536,,0,-0.3395622360152768
450,retention,246316835,0.8333333333333333,-0.057498722722100784,,0,-0.3395622360152768
450,retention,246316835,0.8888888888888888,-0.026328232217451515,,0,-0.3395622360152768
450,retention,246316835,0.9444444444444444,0.04461385849331863,,0,-0.3395622360152768
450,retention,246316835,1.0,0.001457071088456205,0.004894993434054985,0,-0.3395622360152768
451,jump,428596290,0.0,0.0,0.023916562386469463,0,-0.3395622360152768
451,jump,428596290,0.05555555555555555,-0.10925560419840537,,0,-0.3395622360152768
451,jump,428596290,0.1111111111111111,-0.08059060996191056,,0,-0.3395622360152768
451,jump,428596290,0.16666666666666666,-0.08303836953534038,,0,-0.3395622360152768
451,jump,428596290,0.2222222222222222,-0.07426407614659702,,0,-0.3395622360152768
451,jump,428596290,0.2777777777777778,-0.0926639385383198,,0,-0.3395622360152768
451,jump,428596290,0.3333333333333333,-0.14089426467369465,,0,-0.3395622360152768
451,jump,428596290,0.38888888888888884,-0.07996270128471909,,0,-0.3395622360152768
451,jump,428596290,0.4444444444444444,-0.1105722433661434,,0,-0.3395622360152768
451,jump,428596290,0.5,-0.18981168805899062,,0,-0.3395622360152768
451,jump,428596290,0.5555555555555556,-0.1528663116232875,,0,-0.3395622360152768
451,jump,428596290,0.611111111111111,-0.1214243339127201,,0,-0.3395622360152768
451,jump,428596290,0.6666666666666666,-0.01969104885528848,,0,-0.3395622360152768
451,jump,428596290,0.7222222222222222,-0.016324816831772754,,0,-0.3395622360152768
451,jump,428596290,0.7777777777777777,0.021567351144120187,,0,-0.3395622360152768
451,jump,428596290,0.8333333333333333,-0.029259353602759927,,0,-0.3395622360152768
451,jump,428596290,0.8888888888888888,-0.10249589243145549,,0,-0.3395622360152768
451,jump,428596290,0.9444444444444444,-0.1085385853051523,,0,-0.3395622360152768
451,jump,428596290,1.0,-0.17497837728499696,-0.17299742584741634,0,-0.3395622360152768
451,jump,428596290,1.0555555555555556,-0.1827258383606555,,0,-0.3395622360152768
451,jump,428596290,1.1111111111111112,-0.19491983422860742,,0,-0.3395622360152768
451,jump,428596290,1.1666666666666667,-0.18808064062623367,,0,-0.3395622360152768
451,jump,428596290,1.2222222222222223,-0.16905566336986616,,0,-0.3395622360152768
451,jump,428596290,1.2777777777777777,-0.15378411921702473,,0,-0.3395622360152768
451,jump,428596290,1.3333333333333333,-0.11041226283741612,,0,-0.3395622360152768
451,jump,428596290,1.3888888888888888,-0.16374976629291316,,0,-0.3395622360152768
451,jump,428596290,1.4444444444444444,-0.18547778550314853,,0,-0.3395622360152768
451,jump,428596290,1.5,-0.20714704471355103,,0,-0.3395622360152768
451,jump,428596290,1.5555555555555556,-0.20163854365207212,,0,-0.3395622360152768
451,jump,428596290,1.6111111111111112,-0.14098411683468418,,0,-0.3395622360152768
451,jump,428596290,1.6666666666666665,-0.0762356102793777,,0,-0.3395622360152768
451,jump,428596290,1.7222222222222223,-0.05562381803290395,,0,-0.3395622360152768
451,jump,428596290,1.7777777777777777,-0.08033107757704588,,0,-0.3395622360152768
451,jump,428596290,1.8333333333333333,-0.005847959644893222,,0,-0.3395622360152768
451,jump,428596290,1.8888888888888888,-0.04383243157285133,,0,-0.3395622360152768
451,jump,428596290,1.9444444444444444,-0.012641718396414037,,0,-0.3395622360152768
451,jump,428596290,2.0,0.008732079695973604,-0.03483661480749785,0,-0.3395622360152768
451,jump,428596290,2.0555555555555554,-0.10929891060077378,,0,-0.3395622360152768
451,jump,428596290,2.111111111111111,-0.14089817516268327,,0,-0.3395622360152768
451,jump,428596290,2.1666666666666665,-0.13773608568708803,,0,-0.3395622360152768
451,jump,428596290,2.2222222222222223,-0.14902843642136265,,0,-0.3395622360152768
451,jump,428596290,2.2777777777777777,-0.1806713536269445,,0,-0.3395622360152768
451,jump,428596290,2.3333333333333335,-0.1855267085921694,,0,-0.3395622360152768
451,jump,428596290,2.388888888888889,-0.2031861119585173,,0,-0.3395622360152768
451,jump,428596290,2.4444444444444446,-0.19553112732051584,,0,-0.3395622360152768
451,jump,428596290,2.5,-0.2603586958720323,,0,-0.3395622360152768
451,jump,428596290,2.5555555555555554,-0.28610661840700774,,0,-0.3395622360152768
451,jump,428596290,2.611111111111111,-0.2279631614147936,,0,-0.3395622360152768
451,jump,428596290,2.6666666666666665,-0.26163431062823483,,0,-0.3395622360152768
451,jump,428596290,2.7222222222222223,-0.2708976976366749,,0,-0.3395622360152768
451,jump,428596290,2.7777777777777777,-0.24370445323440415,,0,-0.3395622360152768
451,jump,428596290,2.833333333333333,-0.21396462750447245,,0,-0.3395622360152768
451,jump,428596290,2.888888888888889,-0.28427731716878407,,0,-0.3395622360152768
451,jump,428596290,2.9444444444444446,-0.33378985431998,,0,-0.3395622360152768
451,jump,428596290,3.0,-0.2998909923518474,-0.3044583399856503,0,-0.3395622360152768
452,branch_reorganization,313107608,0.0,-0.3395622360152768,-0.323947365037205,0,-0.3395622360152768
452,branch_reorganization,313107608,0.05555555555555555,-0.27958749676439776,,0,-0.3395622360152768
452,branch_reorganization,313107608,0.1111111111111111,-0.2691471400300789,,0,-0.3395622360152768
452,branch_reorganization,313107608,0.16666666666666666,-0.3221562877141953,,0,-0.3395622360152768
452,branch_reorganization,313107608,0.2222222222222222,-0.2892728843635013,,0,-0.3395622360152768
452,branch_reorganization,313107608,0.2777777777777778,-0.32358404166302884,,0,-0.3395622360152768
452,branch_reorganization,313107608,0.3333333333333333,-0.394564473671658,,0,-0.3395622360152768
452,branch_reorganization,313107608,0.38888888888888884,-0.42704923696860464,,0,-0.3395622360152768
452,branch_reorganization,313107608,0.4444444444444444,-0.3742152650460851,,0,-0.3395622360152768
452,branch_reorganization,313107608,0.5,-0.3994744027629526,,0,-0.3395622360152768
452,branch_reorganization,313107608,0.5555555555555556,-0.4174805557938879,,0,-0.3395622360152768
452,branch_reorganization,313107608,0.611111111111111,-0.4809044001465894,,0,-0.3395622360152768
452,branch_reorganization,313107608,0.6666666666666666,-0.49523386799864866,,0,-0.3395622360152768
452,branch_reorganization,313107608,0.7222222222222222,-0.4949391763311062,,0,-0.3395622360152768
452,branch_reorganization,313107608,0.7777777777777777,-0.426006696300864,,0,-0.3395622360152768
452,branch_reorganization,313107608,0.8333333333333333,-0.3691846567176083,,0,-0.3395622360152768
452,branch_reorganization,313107608,0.8888888888888888,-0.3002846575059591,,0,-0.3395622360152768
452,branch_reorganization,313107608,0.9444444444444444,-0.3601209278731107,,0,-0.3395622360152768
452,branch_reorganization,313107608,1.0,-0.353660396013287,-0.2383333137393055,0,-0.3395622360152768
453,retention,658339255,0.0,0.0,-0.01581092844323983,0,-0.3395622360152768
453,retention,658339255,0.05555555555555555,-0.06567401729299623,,0,-0.3395622360152768
453,retention,658339255,0.1111111111111111,0.002520736145435881,,0,-0.3395622360152768
453,retention,658339255,0.16666666666666666,-0.0012536794554226325,,0,-0.3395622360152768
453,retention,658339255,0.2222222222222222,0.05088067891450179,,0,-0.3395622360152768
453,retention,658339255,0.2777777777777778,0.03562789440324802,,0,-0.3395622360152768
453,retention,658339255,0.3333333333333333,0.04344952995429689,,0,-0.3395622360152768
453,retention,658339255,0.38888888888888884,0.02374731642564612,,0,-0.3395622360152768
453,retention,658339255,0.4444444444444444,0.012071020314971445,,0,-0.3395622360152768
453,retention,658339255,0.5,-0.0323219939383145,,0,-0.3395622360152768
453,retention,658339255,0.5555555555555556,-0.142876152372783,,0,-0.3395622360152768
453,retention,658339255,0.611111111111111,-0.16050654092309335,,0,-0.3395622360152768
453,retention,658339255,0.6666666666666666,-0.10163401428368513,,0,-0.3395622360152768
453,retention,658339255,0.7222222222222222,-0.17546827532780873,,0,-0.3395622360152768
453,retention,658339255,0.7777777777777777,-0.11170012819690124,,0,-0.3395622360152768
453,retention,658339255,0.8333333333333333,-0.1591887211119483,,0,-0.3395622360152768
453,retention,658339255,0.8888888888888888,-0.15683589672634116,,0,-0.3395622360152768
453,retention,658339255,0.9444444444444444,-0.15121375217544772,,0,-0.3395622360152768
453,retention,658339255,1.0,-0.1345669472182667,-0.0694907338378709,0,-0.3395622360152768
454,jump,845757997,0.0,0.0,-0.06769482609537117,0,-0.3395622360152768
454,jump,845757997,0.05555555555555555,-0.017701848263063934,,0,-0.3395622360152768
454,jump,845757997,0.1111111111111111,0.04956611459806311,,0,-0.3395622360152768
454,jump,845757997,0.16666666666666666,-0.02764184162358231,,0,-0.3395622360152768
454,jump,845757997,0.2222222222222222,0.09589551214869421,,0,-0.3395622360152768
454,jump,845757997,0.2777777777777778,0.0646616024662913,,0,-0.3395622360152768
454,jump,845757997,0.3333333333333333,0.12743621176093964,,0,-0.3395622360152768
454,jump,845757997,0.38888888888888884,0.16278888911455203,,0,-0.3395622360152768
454,jump,845757997,0.4444444444444444,0.19314333189731187,,0,-0.3395622360152768
454,jump,845757997,0.5,0.1122011170095579,,0,-0.3395622360152768
454,jump,845757997,0.5555555555555556,0.04571368612463121,,0,-0.3395622360152768
454,jump,845757997,0.611111111111111,0.04916265356475796,,0,-0.3395622360152768
454,jump,845757997,0.6666666666666666,-0.03041247021388377,,0,-0.3395622360152768
454,jump,845757997,0.7222222222222222,-0.012298654564722535,,0,-0.3395622360152768
454,jump,845757997,0.7777777777777777,-0.02238682137062784,,0,-0.3395622360152768
454,jump,845757997,0.8333333333333333,0.010971574954979638,,0,-0.3395622360152768
454,jump,845757997,0.8888888888888888,0.037007580362931516,,0,-0.3395622360152768
454,jump,845757997,0.9444444444444444,0.06810701779276147,,0,-0.3395622360152768
454,jump,845757997,1.0,0.14841872399010747,0.13654185071243807,0,-0.3395622360152768
455,branch_reorganization,236473854,0.0,-0.3395622360152768,-0.355709156508281,0,-0.3395622360152768
455,branch_reorganization,236473854,0.05555555555555555,-0.3346004037723977,,0,-0.3395622360152768
455,branch_reorganization,236473854,0.1111111111111111,-0.3515747646589322,,0,-0.3395622360152768
455,branch_reorganization,236473854,0.16666666666666666,-0.4296269343457457,,0,-0.3395622360152768
455,branch_reorganization,236473854,0.2222222222222222,-0.3950704212643381,,0,-0.3395622360152768
455,branch_reorganization,236473854,0.2777777777777778,-0.41802393079812883,,0,-0.3395622360152768
455,branch_reorganization,236473854,0.3333333333333333,-0.47241996036326095,,0,-0.3395622360152768
455,branch_reorganization,236473854,0.38888888888888884,-0.44760408633384685,,0,-0.3395622360152768
455,branch_reorganization,236473854,0.4444444444444444,-0.4858307545887759,,0,-0.3395622360152768
455,branch_reorganization,236473854,0.5,-0.5051656667425922,,0,-0.3395622360152768
455,branch_reorganization,236473854,0.5555555555555556,-0.5808274821117472,,0,-0.3395622360152768
455,branch_reorganization,236473854,0.611111111111111,-0.5498374041696188,,0,-0.3395622360152768
455,branch_reorganization,236473854,0.6666666666666666,-0.5166429884412436,,0,-0.3395622360152768
455,branch_reorganization,236473854,0.7222222222222222,-0.48487543542056893,,0,-0.3395622360152768
455,branch_reorganization,236473854,0.7777777777777777,-0.4543552067041148,,0,-0.3395622360152768
455,branch_reorganization,236473854,0.8333333333333333,-0.48622694554622065,,0,-0.3395622360152768
455,branch_reorganization,236473854,0.8888888888888888,-0.5022267462373207,,0,-0.3395622360152768
455,branch_reorganization,236473854,0.9444444444444444,-0.5653057017209241,,0,-0.3395622360152768
455,branch_reorganization,236473854,1.0,-0.5781870878500557,-0.5982170876059687,0,-0.3395622360152768
456,retention,591116931,0.0,0.0,-0.001670788126957625,0,-0.3395622360152768
456,retention,591116931,0.05555555555555555,-0.018757098586960515,,0,-0.3395622360152768
456,retention,591116931,0.1111111111111111,0.03627905197335862,,0,-0.3395622360152768
456,retention,591116931,0.16666666666666666,-0.014564643510293733,,0,-0.3395622360152768
456,retention,591116931,0.2222222222222222,0.02419050475398451,,0,-0.3395622360152768
456,retention,591116931,0.2777777777777778,0.058920126436142486,,0,-0.3395622360152768
456,retention,591116931,0.3333333333333333,0.04774854327921774,,0,-0.3395622360152768
456,retention,591116931,0.38888888888888884,0.01005043484145806,,0,-0.3395622360152768
456,retention,591116931,0.4444444444444444,-0.09136723266122637,,0,-0.3395622360152768
456,retention,591116931,0.5,-0.16928951045436413,,0,-0.3395622360152768
456,retention,591116931,0.5555555555555556,-0.16306425148241133,,0,-0.3395622360152768
456,retention,591116931,0.611111111111111,-0.1020009518595819,,0,-0.3395622360152768
456,retention,591116931,0.6666666666666666,-0.14203640291902,,0,-0.3395622360152768
456,retention,591116931,0.7222222222222222,-0.08444857427724801,,0,-0.3395622360152768
456,retention,591116931,0.7777777777777777,-0.04329153696409696,,0,-0.3395622360152768
456,retention,591116931,0.8333333333333333,-0.028433186045900775,,0,-0.3395622360152768
456,retention,591116931,0.8888888888888888,0.0035243763392907197,,0,-0.3395622360152768
456,retention,591116931,0.9444444444444444,0.018476506921186464,,0,-0.3395622360152768
456,retention,591116931,1.0,0.12490122663865719,0.09294684587529664,0,-0.3395622360152768
457,jump,927493710,0.0,0.0,0.007666943028540338,0,-0.3395622360152768
457,jump,927493710,0.05555555555555555,-0.07261525061203958,,0,-0.3395622360152768
457,jump,927493710,0.1111111111111111,-0.1304998625302509,,0,-0.3395622360152768
457,jump,927493710,0.16666666666666666,-0.2149393841010132,,0,-0.3395622360152768
457,jump,927493710,0.2222222222222222,-0.2529674029226394,,0,-0.3395622360152768
457,jump,927493710,0.2777777777777778,-0.17114341571324126,,0,-0.3395622360152768
457,jump,927493710,0.3333333333333333,-0.20803497371504087,,0,-0.3395622360152768
457,jump,927493710,0.38888888888888884,-0.20931496686652618,,0,-0.3395622360152768
457,jump,927493710,0.4444444444444444,-0.14993596651628222,,0,-0.3395622360152768
457,jump,927493710,0.5,-0.13862540688073505,,0,-0.3395622360152768
457,jump,927493710,0.5555555555555556,-0.15639723998105945,,0,-0.3395622360152768
457,jump,927493710,0.611111111111111,-0.18994371634047363,,0,-0.3395622360152768
457,jump,927493710,0.6666666666666666,-0.14350273429744764,,0,-0.3395622360152768
457,jump,927493710,0.7222222222222222,-0.10891349825206313,,0,-0.3395622360152768
457,jump,927493710,0.7777777777777777,-0.04457487855774289,,0,-0.3395622360152768
457,jump,927493710,0.8333333333333333,-0.010954608538971282,,0,-0.3395622360152768
457,jump,927493710,0.8888888888888888,-0.07103755983186254,,0,-0.3395622360152768
457,jump,927493710,0.9444444444444444,-0.13903483224314234,,0,-0.3395622360152768
457,jump,927493710,1.0,-0.18984971087324287,-0.1497927811197649,0,-0.3395622360152768
458,branch_reorganization,1090605630,0.0,-0.3395622360152768,-0.3383531212425995,0,-0.3395622360152768
458,branch_reorganization,1090605630,0.05555555555555555,-0.27205190586007,,0,-0.3395622360152768
458,branch_reorganization,1090605630,0.1111111111111111,-0.31074398231120975,,0,-0.3395622360152768
458,branch_reorganization,1090605630,0.16666666666666666,-0.3853199858266116,,0,-0.3395622360152768
458,branch_reorganization,1090605630,0.2222222222222222,-0.40714948196426803,,0,-0.3395622360152768
458,branch_reorganization,1090605630,0.2777777777777778,-0.2871128123881378,,0,-0.3395622360152768
458,branch_reorganization,1090605630,0.3333333333333333,-0.30805148215856093,,0,-0.3395622360152768
458,branch_reorganization,1090605630,0.38888888888888884,-0.3844077743492317,,0,-0.3395622360152768
458,branch_reorganization,1090605630,0.4444444444444444,-0.4153416379818667,,0,-0.3395622360152768
458,branch_reorganization,1090605630,0.5,-0.5106549487601679,,0,-0.3395622360152768
458,branch_reorganization,1090605630,0.5555555555555556,-0.4614323305970872,,0,-0.3395622360152768
458,branch_reorganization,1090605630,0.611111111111111,-0.43116813506365126,,0,-0.3395622360152768
458,branch_reorganization,1090605630,0.6666666666666666,-0.46909447811758476,,0,-0.3395622360152768
458,branch_reorganization,1090605630,0.7222222222222222,-0.5163780481325165,,0,-0.3395622360152768
458,branch_reorganization,1090605630,0.7777777777777777,-0.5751978428972162,,0,-0.3395622360152768
458,branch_reorganization,1090605630,0.8333333333333333,-0.5412858370099459,,0,-0.3395622360152768
458,branch_reorganization,1090605630,0.8888888888888888,-0.5348183756308483,,0,-0.3395622360152768
458,branch_reorganization,1090605630,0.9444444444444444,-0.5968475211133748,,0,-0.3395622360152768
458,branch_reorganization,1090605630,1.0,-0.5313063057942408,-0.5157307203228357,0,-0.3395622360152768
459,retention,952365822,0.0,0.0,0.027134370442155373,0,-0.3395622360152768
459,retention,952365822,0.05555555555555555,0.0013534933886553478,,0,-0.3395622360152768
459,retention,952365822,0.1111111111111111,-0.004206665046208621,,0,-0.3395622360152768
459,retention,952365822,0.16666666666666666,0.03639745677378757,,0,-0.3395622360152768
459,retention,952365822,0.2222222222222222,-0.02017265981676237,,0,-0.3395622360152768
459,retention,952365822,0.2777777777777778,-0.12240781596288586,,0,-0.3395622360152768
459,retention,952365822,0.3333333333333333,-0.0589483867929412,,0,-0.3395622360152768
459,retention,952365822,0.38888888888888884,-0.14854564581011223,,0,-0.3395622360152768
459,retention,952365822,0.4444444444444444,-0.12035506949535638,,0,-0.3395622360152768
459,retention,952365822,0.5,-0.09899930166939615,,0,-0.3395622360152768
459,retention,952365822,0.5555555555555556,-0.0646956841707402,,0,-0.3395622360152768
459,retention,952365822,0.611111111111111,-0.14500381465783435,,0,-0.3395622360152768
459,retention,952365822,0.6666666666666666,-0.19673857340926804,,0,-0.3395622360152768
459,retention,952365822,0.7222222222222222,-0.1456364029266951,,0,-0.3395622360152768
459,retention,952365822,0.7777777777777777,-0.15829150075424497,,0,-0.3395622360152768
459,retention,952365822,0.8333333333333333,-0.15667937007626626,,0,-0.3395622360152768
459,retention,952365822,0.8888888888888888,-0.06343761478197019,,0,-0.3395622360152768
459,retention,952365822,0.9444444444444444,-0.07044392181098973,,0,-0.3395622360152768
459,retention,952365822,1.0,-0.02862775097270861,-0.01340276393542219,0,-0.3395622360152768
460,jump,792565180,0.0,0.0,0.025875933187964016,0,-0.3395622360152768
460,jump,792565180,0.05555555555555555,-0.04254022630269792,,0,-0.3395622360152768
460,jump,792565180,0.1111111111111111,-0.02202457092345115,,0,-0.3395622360152768
460,jump,792565180,0.16666666666666666,-0.012624955428411685,,0,-0.3395622360152768
460,jump,792565180,0.2222222222222222,0.04631717013799017,,0,-0.3395622360152768
460,jump,792565180,0.2777777777777778,-0.020023000409599416,,0,-0.3395622360152768
460,jump,792565180,0.3333333333333333,-0.036500433167947016,,0,-0.3395622360152768
460,jump,792565180,0.38888888888888884,-0.08094426570278138,,0,-0.3395622360152768
460,jump,792565180,0.4444444444444444,-0.06577413107865511,,0,-0.3395622360152768
460,jump,792565180,0.5,-0.061917994786015826,,0,-0.3395622360152768
460,jump,792565180,0.5555555555555556,-0.12452888967241577,,0,-0.3395622360152768
460,jump,792565180,0.611111111111111,-0.10732849232093243,,0,-0.3395622360152768
460,jump,792565180,0.6666666666666666,-0.15122691830985124,,0,-0.3395622360152768
460,jump,792565180,0.7222222222222222,-0.15853304431919274,,0,-0.3395622360152768
460,jump,792565180,0.7777777777777777,-0.12664883895163218,,0,-0.3395622360152768
460,jump,792565180,0.8333333333333333,-0.09695763751018142,,0,-0.3395622360152768
460,jump,792565180,0.8888888888888888,-0.09478348494257037,,0,-0.3395622360152768
460,jump,792565180,0.9444444444444444,-0.06454973716856882,,0,-0.3395622360152768
460,jump,792565180,1.0,-0.14085279535396358,-0.08321491823201085,0,-0.3395622360152768
461,branch_reorganization,1813445598,0.0,-0.3395622360152768,-0.32736325136173866,0,-0.3395622360152768
461,branch_reorganization,1813445598,0.05555555555555555,-0.3321664453807576,,0,-0.3395622360152768
461,branch_reorganization,1813445598,0.1111111111111111,-0.30169423398079265,,0,-0.3395622360152768
461,branch_reorganization,1813445598,0.16666666666666666,-0.3279081556313189,,0,-0.3395622360152768
461,branch_reorganization,1813445598,0.2222222222222222,-0.2774540494745238,,0,-0.3395622360152768
461,branch_reorganization,1813445598,0.2777777777777778,-0.3392236172909234,,0,-0.3395622360152768
461,branch_reorganization,1813445598,0.3333333333333333,-0.17810511022686126,,0,-0.3395622360152768
461,branch_reorganization,1813445598,0.38888888888888884,-0.17764938139139477,,0,-0.3395622360152768
461,branch_reorganization,1813445598,0.4444444444444444,-0.16888868617937053,,0,-0.3395622360152768
461,branch_reorganization,1813445598,0.5,-0.17255561695605554,,0,-0.3395622360152768
461,branch_reorganization,1813445598,0.5555555555555556,-0.15410801091625215,,0,-0.3395622360152768
461,branch_reorganization,1813445598,0.611111111111111,-0.1770075924114217,,0,-0.3395622360152768
461,branch_reorganization,1813445598,0.6666666666666666,-0.15789232626031663,,0,-0.3395622360152768
461,branch_reorganization,1813445598,0.7222222222222222,-0.1879478848540409,,0,-0.3395622360152768
461,branch_reorganization,1813445598,0.7777777777777777,-0.25933182998177473,,0,-0.3395622360152768
461,branch_reorganization,1813445598,0.8333333333333333,-0.3201231635668849,,0,-0.3395622360152768
461,branch_reorganization,1813445598,0.8888888888888888,-0.28674428260880264,,0,-0.3395622360152768
461,branch_reorganization,1813445598,0.9444444444444444,-0.3191074294686422,,0,-0.3395622360152768
461,branch_reorganization,1813445598,1.0,-0.2112593480566879,-0.24912791878934587,0,-0.3395622360152768
462,retention,2115668714,0.0,0.0,0.059433494339085284,0,-0.3395622360152768
462,retention,2115668714,0.05555555555555555,-0.0006999617175945706,,0,-0.3395622360152768
462,retention,2115668714,0.1111111111111111,0.08859787647630715,,0,-0.3395622360152768
462,retention,2115668714,0.16666666666666666,0.08223378107562744,,0,-0.3395622360152768
462,retention,2115668714,0.2222222222222222,0.06545611882306253,,0,-0.3395622360152768
462,retention,2115668714,0.2777777777777778,0.035836199406248756,,0,-0.3395622360152768
462,retention,2115668714,0.3333333333333333,0.039732341533111164,,0,-0.3395622360152768
462,retention,2115668714,0.38888888888888884,0.040315780441486905,,0,-0.3395622360152768
462,retention,2115668714,0.4444444444444444,0.06481018335920335,,0,-0.3395622360152768
462,retention,2115668714,0.5,0.026286720385816198,,0,-0.3395622360152768
462,retention,2115668714,0.5555555555555556,0.018497056641563907,,0,-0.3395622360152768
462,retention,2115668714,0.611111111111111,0.044158203909690705,,0,-0.3395622360152768
462,retention,2115668714,0.6666666666666666,-0.013795846275707652,,0,-0.3395622360152768
462,retention,2115668714,0.7222222222222222,-0.12291125962776944,,0,-0.3395622360152768
462,retention,2115668714,0.7777777777777777,-0.06798319179954862,,0,-0.3395622360152768
462,retention,2115668714,0.8333333333333333,-0.009337632496009177,,0,-0.3395622360152768
462,retention,2115668714,0.8888888888888888,0.019195028706121574,,0,-0.3395622360152768
462,retention,2115668714,0.9444444444444444,0.06798988232384777,,0,-0.3395622360152768
462,retention,2115668714,1.0,0.05134202539980962,0.045007583974872624,0,-0.3395622360152768
463,jump,162494089,0.0,0.0,0.03218604613945145,0,-0.3395622360152768
463,jump,162494089,0.05555555555555555,-0.02209431914050493,,0,-0.3395622360152768
463,jump,162494089,0.1111111111111111,0.00027368917671601045,,0,-0.3395622360152768
463,jump,162494089,0.16666666666666666,0.015368767730277174,,0,-0.3395622360152768
463,jump,162494089,0.2222222222222222,0.08235138010341386,,0,-0.3395622360152768
463,jump,162494089,0.2777777777777778,0.11434046883179964,,0,-0.3395622360152768
463,jump,162494089,0.3333333333333333,0.08215375585757079,,0,-0.3395622360152768
463,jump,162494089,0.38888888888888884,0.09797047985499067,,0,-0.3395622360152768
463,jump,162494089,0.4444444444444444,0.040180933963117525,,0,-0.3395622360152768
463,jump,162494089,0.5,0.0471815906253813,,0,-0.3395622360152768
463,jump,162494089,0.5555555555555556,0.05222634821404921,,0,-0.3395622360152768
463,jump,162494089,0.611111111111111,0.045438105537424216,,0,-0.3395622360152768
463,jump,162494089,0.6666666666666666,0.08684806253001395,,0,-0.3395622360152768
463,jump,162494089,0.7222222222222222,0.09294068454059963,,0,-0.3395622360152768
463,jump,162494089,0.7777777777777777,0.08896935990572558,,0,-0.3395622360152768
463,jump,162494089,0.8333333333333333,0.09251355814076277,,0,-0.3395622360152768
463,jump,162494089,0.8888888888888888,0.01886209336979372,,0,-0.3395622360152768
463,jump,162494089,0.9444444444444444,-0.006539077236056241,,0,-0.3395622360152768
463,jump,162494089,1.0,-0.019110835560537547,-0.08348444279378608,0,-0.3395622360152768
464,branch_reorganization,950033764,0.0,-0.3395622360152768,-0.28869718135916006,0,-0.3395622360152768
464,branch_reorganization,950033764,0.05555555555555555,-0.35478702689766983,,1,0.3395622360152768
464,branch_reorganization,950033764,0.1111111111111111,-0.30505967390800454,,1,0.3395622360152768
464,branch_reorganization,950033764,0.16666666666666666,-0.3740304717407677,,1,0.3395622360152768
464,branch_reorganization,950033764,0.2222222222222222,-0.29490432384428644,,1,0.3395622360152768
464,branch_reorganization,950033764,0.2777777777777778,-0.18851827047977435,,1,0.3395622360152768
464,branch_reorganization,950033764,0.3333333333333333,-0.15510868211671486,,1,0.3395622360152768
464,branch_reorganization,950033764,0.38888888888888884,-0.11139340889604513,,1,0.3395622360152768
464,branch_reorganization,950033764,0.4444444444444444,-0.07186510056734799,,1,0.3395622360152768
464,branch_reorganization,950033764,0.5,0.05188388637948954,,1,0.3395622360152768
464,branch_reorganization,950033764,0.5555555555555556,-0.04323744140849814,,1,0.3395622360152768
464,branch_reorganization,950033764,0.611111111111111,-0.055859350041394036,,1,0.3395622360152768
464,branch_reorganization,950033764,0.6666666666666666,-0.12862941406604816,,1,0.3395622360152768
464,branch_reorganization,950033764,0.7222222222222222,-0.12009743341469878,,1,0.3395622360152768
464,branch_reorganization,950033764,0.7777777777777777,-0.09126464950223685,,1,0.3395622360152768
464,branch_reorganization,950033764,0.8333333333333333,-0.11160067795312821,,1,0.3395622360152768
464,branch_reorganization,950033764,0.8888888888888888,-0.04558617527110452,,1,0.3395622360152768
464,branch_reorganization,950033764,0.9444444444444444,0.04216272547843923,,1,0.3395622360152768
464,branch_reorganization,950033764,1.0,0.11182230280952565,0.1299202697130083,1,0.3395622360152768
465,retention,428815916,0.0,0.0,0.013774499811029664,0,-0.3395622360152768
465,retention,428815916,0.05555555555555555,0.02654876043849152,,0,-0.3395622360152768
465,retention,428815916,0.1111111111111111,0.04889214333467366,,0,-0.3395622360152768
465,retention,428815916,0.16666666666666666,-0.009358692764797144,,0,-0.3395622360152768
465,retention,428815916,0.2222222222222222,0.005754792272696874,,0,-0.3395622360152768
465,retention,428815916,0.2777777777777778,0.05987690585412242,,0,-0.3395622360152768
465,retention,428815916,0.3333333333333333,0.07488268915641624,,0,-0.3395622360152768
465,retention,428815916,0.38888888888888884,0.12760093534008407,,0,-0.3395622360152768
465,retention,428815916,0.4444444444444444,0.20927372638302777,,0,-0.3395622360152768
465,retention,428815916,0.5,0.15873256162425162,,0,-0.3395622360152768
465,retention,428815916,0.5555555555555556,0.08737790904507066,,0,-0.3395622360152768
465,retention,428815916,0.611111111111111,0.10390393513648222,,0,-0.3395622360152768
465,retention,428815916,0.6666666666666666,0.009700493681592134,,0,-0.3395622360152768
465,retention,428815916,0.7222222222222222,0.005757471032581667,,0,-0.3395622360152768
465,retention,428815916,0.7777777777777777,-0.061980262816399734,,0,-0.3395622360152768
465,retention,428815916,0.8333333333333333,-0.027076690116869265,,0,-0.3395622360152768
465,retention,428815916,0.8888888888888888,-0.07239537680871026,,0,-0.3395622360152768
465,retention,428815916,0.9444444444444444,-0.07064216700905833,,0,-0.3395622360152768
465,retention,428815916,1.0,-0.16525380189857125,-0.17298808734975768,0,-0.3395622360152768
466,jump,882650926,0.0,0.0,0.01959514112938684,0,-0.3395622360152768
466,jump,882650926,0.05555555555555555,-0.005916742287444837,,0,-0.3395622360152768
466,jump,882650926,0.1111111111111111,0.03019687354371665,,0,-0.3395622360152768
466,jump,882650926,0.16666666666666666,0.05562223586691802,,0,-0.3395622360152768
466,jump,882650926,0.2222222222222222,-0.0017419793421495286,,0,-0.3395622360152768
466,jump,882650926,0.2777777777777778,0.04603872328781558,,0,-0.3395622360152768
466,jump,882650926,0.3333333333333333,0.016194828028554997,,0,-0.3395622360152768
466,jump,882650926,0.38888888888888884,0.010815941601849014,,0,-0.3395622360152768
466,jump,882650926,0.4444444444444444,-0.022453999693062762,,0,-0.3395622360152768
466,jump,882650926,0.5,0.1031769808991358,,0,-0.3395622360152768
466,jump,882650926,0.5555555555555556,-0.017326494021660754,,0,-0.3395622360152768
466,jump,882650926,0.611111111111111,-0.10546179533124157,,0,-0.3395622360152768
466,jump,882650926,0.6666666666666666,-0.0537972220573241,,0,-0.3395622360152768
466,jump,882650926,0.7222222222222222,-0.05687850676297426,,0,-0.3395622360152768
466,jump,882650926,0.7777777777777777,-0.016452642972880856,,0,-0.3395622360152768
466,jump,882650926,0.8333333333333333,-0.07967777161380395,,0,-0.3395622360152768
466,jump,882650926,0.8888888888888888,-0.03597160541634263,,0,-0.3395622360152768
466,jump,882650926,0.9444444444444444,-0.04030535167055962,,0,-0.3395622360152768
466,jump,882650926,1.0,-0.02873965815548303,-0.03678792997650587,0,-0.3395622360152768
467,branch_reorganization,959336933,0.0,-0.3395622360152768,-0.4104618043458232,0,-0.3395622360152768
467,branch_reorganization,959336933,0.05555555555555555,-0.31306406494738276,,0,-0.3395622360152768
467,branch_reorganization,959336933,0.1111111111111111,-0.3513161940821773,,0,-0.3395622360152768
467,branch_reorganization,959336933,0.16666666666666666,-0.3349411912021975,,0,-0.3395622360152768
467,branch_reorganization,959336933,0.2222222222222222,-0.34105720463637523,,0,-0.3395622360152768
467,branch_reorganization,959336933,0.2777777777777778,-0.3137399701341683,,0,-0.3395622360152768
467,branch_reorganization,959336933,0.3333333333333333,-0.22766634967549937,,1,0.3395622360152768
467,branch_reorganization,959336933,0.38888888888888884,-0.1871826205413433,,1,0.3395622360152768
467,branch_reorganization,959336933,0.4444444444444444,-0.05156687837318007,,1,0.3395622360152768
467,branch_reorganization,959336933,0.5,-0.08585708064339567,,1,0.3395622360152768
467,branch_reorganization,959336933,0.5555555555555556,-0.04676370253632585,,1,0.3395622360152768
467,branch_reorganization,959336933,0.611111111111111,0.061990554392349254,,1,0.3395622360152768
467,branch_reorganization,959336933,0.6666666666666666,0.026946889068680965,,1,0.3395622360152768
467,branch_reorganization,959336933,0.7222222222222222,0.0008900974585562826,,1,0.3395622360152768
467,branch_reorganization,959336933,0.7777777777777777,0.04418951316655456,,1,0.3395622360152768
467,branch_reorganization,959336933,0.8333333333333333,-0.08677681191647243,,1,0.3395622360152768
467,branch_reorganization,959336933,0.8888888888888888,-0.11373458843923505,,1,0.3395622360152768
467,branch_reorganization,959336933,0.9444444444444444,-0.17649048309150428,,1,0.3395622360152768
467,branch_reorganization,959336933,1.0,-0.11600484087798282,-0.06496067471743788,1,0.3395622360152768
468,retention,2097332367,0.0,0.0,0.03357775564403534,0,-0.3395622360152768
468,retention,2097332367,0.05555555555555555,-0.01231308951636441,,0,-0.3395622360152768
468,retention,2097332367,0.1111111111111111,-0.06428064017034635,,0,-0.3395622360152768
468,retention,2097332367,0.16666666666666666,-0.09815180429941439,,0,-0.3395622360152768
468,retention,2097332367,0.2222222222222222,-0.09957063833194538,,0,-0.3395622360152768
468,retention,2097332367,0.2777777777777778,0.007271575764277602,,0,-0.3395622360152768
468,retention,2097332367,0.3333333333333333,-0.05656912264106027,,0,-0.3395622360152768
468,retention,2097332367,0.38888888888888884,-0.0382321985091217,,0,-0.3395622360152768
468,retention,2097332367,0.4444444444444444,0.01284945452542563,,0,-0.3395622360152768
468,retention,2097332367,0.5,-0.04236066817881806,,0,-0.3395622360152768
468,retention,2097332367,0.5555555555555556,-0.02722060123905421,,0,-0.3395622360152768
468,retention,2097332367,0.611111111111111,0.013146966251666916,,0,-0.3395622360152768
468,retention,2097332367,0.6666666666666666,-0.03017490635492457,,0,-0.3395622360152768
468,retention,2097332367,0.7222222222222222,-0.01206111617990217,,0,-0.3395622360152768
468,retention,2097332367,0.7777777777777777,0.09762937547289936,,0,-0.3395622360152768
468,retention,2097332367,0.8333333333333333,0.014556677761573489,,0,-0.3395622360152768
468,retention,2097332367,0.8888888888888888,-0.0558204152482597,,0,-0.3395622360152768
468,retention,2097332367,0.9444444444444444,0.01842219045856197,,0,-0.3395622360152768
468,retention,2097332367,1.0,0.0007097089298187705,-0.03113282974576578,0,-0.3395622360152768
469,jump,34138176,0.0,0.0,0.0832765775239417,0,-0.3395622360152768
469,jump,34138176,0.05555555555555555,-0.0059028405869657454,,0,-0.3395622360152768
469,jump,34138176,0.1111111111111111,-0.01966014606349292,,0,-0.3395622360152768
469,jump,34138176,0.16666666666666666,0.009565837869884897,,0,-0.3395622360152768
469,jump,34138176,0.2222222222222222,-0.020751131090342732,,0,-0.3395622360152768
469,jump,34138176,0.2777777777777778,-0.09906465494226975,,0,-0.3395622360152768
469,jump,34138176,0.3333333333333333,-0.0294541880345119,,0,-0.3395622360152768
469,jump,34138176,0.38888888888888884,0.010025806094288877,,0,-0.3395622360152768
469,jump,34138176,0.4444444444444444,-0.02326837805284077,,0,-0.3395622360152768
469,jump,34138176,0.5,-0.07516490279696375,,0,-0.3395622360152768
469,jump,34138176,0.5555555555555556,-0.11108787409368959,,0,-0.3395622360152768
469,jump,34138176,0.611111111111111,-0.16503984060457363,,0,-0.3395622360152768
469,jump,34138176,0.6666666666666666,-0.19099034675926047,,0,-0.3395622360152768
469,jump,34138176,0.7222222222222222,-0.23083236566404847,,0,-0.3395622360152768
469,jump,34138176,0.7777777777777777,-0.2638102825084693,,0,-0.3395622360152768
469,jump,34138176,0.8333333333333333,-0.15807999068637096,,0,-0.3395622360152768
469,jump,34138176,0.8888888888888888,-0.1325590870128858,,0,-0.3395622360152768
469,jump,34138176,0.9444444444444444,-0.18353472560213865,,0,-0.3395622360152768
469,jump,34138176,1.0,-0.17036983561345406,-0.13205349433912342,0,-0.3395622360152768
470,branch_reorganization,88724846,0.0,-0.3395622360152768,-0.3684648188663923,0,-0.3395622360152768
470,branch_reorganization,88724846,0.05555555555555555,-0.3172472730582459,,0,-0.3395622360152768
470,branch_reorganization,88724846,0.1111111111111111,-0.3064244896900526,,0,-0.3395622360152768
470,branch_reorganization,88724846,0.16666666666666666,-0.3036560502321338,,0,-0.3395622360152768
470,branch_reorganization,88724846,0.2222222222222222,-0.3717458322766868,,0,-0.3395622360152768
470,branch_reorganization,88724846,0.2777777777777778,-0.35659470714915803,,0,-0.3395622360152768
470,branch_reorganization,88724846,0.3333333333333333,-0.4899257915491998,,0,-0.3395622360152768
470,branch_reorganization,88724846,0.38888888888888884,-0.39318855832886707,,0,-0.3395622360152768
470,branch_reorganization,88724846,0.4444444444444444,-0.31055604548343035,,0,-0.3395622360152768
470,branch_reorganization,88724846,0.5,-0.3157222949897499,,0,-0.3395622360152768
470,branch_reorganization,88724846,0.5555555555555556,-0.353883919070705,,0,-0.3395622360152768
470,branch_reorganization,88724846,0.611111111111111,-0.3002316812939328,,0,-0.3395622360152768
470,branch_reorganization,88724846,0.6666666666666666,-0.37720223154963156,,0,-0.3395622360152768
470,branch_reorganization,88724846,0.7222222222222222,-0.32824188558317324,,0,-0.3395622360152768
470,branch_reorganization,88724846,0.7777777777777777,-0.37444411428264973,,0,-0.3395622360152768
470,branch_reorganization,88724846,0.8333333333333333,-0.33405402286309915,,0,-0.3395622360152768
470,branch_reorganization,88724846,0.8888888888888888,-0.26727745300373373,,0,-0.3395622360152768
470,branch_reorganization,88724846,0.9444444444444444,-0.23925185873455412,,0,-0.3395622360152768
470,branch_reorganization,88724846,1.0,-0.2686511275612869,-0.284212057735901,0,-0.3395622360152768
471,retention,607314709,0.0,0.0,0.0005775577136987792,0,-0.3395622360152768
471,retention,607314709,0.05555555555555555,0.011728370483924657,,0,-0.3395622360152768
471,retention,607314709,0.1111111111111111,0.07270763701473795,,0,-0.3395622360152768
471,retention,607314709,0.16666666666666666,0.0618354500312203,,0,-0.3395622360152768
471,retention,607314709,0.2222222222222222,0.07249868661034115,,0,-0.3395622360152768
471,retention,607314709,0.2777777777777778,0.08363276923004107,,0,-0.3395622360152768
471,retention,607314709,0.3333333333333333,0.0799132604023185,,0,-0.3395622360152768
471,retention,607314709,0.38888888888888884,0.1404017521870708,,0,-0.3395622360152768
471,retention,607314709,0.4444444444444444,0.10513826888444318,,0,-0.3395622360152768
471,retention,607314709,0.5,0.12088246095340711,,0,-0.3395622360152768
471,retention,607314709,0.5555555555555556,0.171325480200173,,0,-0.3395622360152768
471,retention,607314709,0.611111111111111,0.0741849692606204,,0,-0.3395622360152768
471,retention,607314709,0.6666666666666666,0.16574015386528504,,0,-0.3395622360152768
471,retention,607314709,0.7222222222222222,0.11943241799206565,,0,-0.3395622360152768
471,retention,607314709,0.7777777777777777,0.12515353026263576,,0,-0.3395622360152768
471,retention,607314709,0.8333333333333333,0.09411743890543194,,0,-0.3395622360152768
471,retention,607314709,0.8888888888888888,0.10026068222268461,,0,-0.3395622360152768
471,retention,607314709,0.9444444444444444,0.09202503199568282,,0,-0.3395622360152768
471,retention,607314709,1.0,0.05593090417259754,0.025334778497266883,0,-0.3395622360152768
472,jump,1978389461,0.0,0.0,-0.023923467461673325,0,-0.3395622360152768
472,jump,1978389461,0.05555555555555555,-0.0028472895394083693,,0,-0.3395622360152768
472,jump,1978389461,0.1111111111111111,-0.00954652863739281,,0,-0.3395622360152768
472,jump,1978389461,0.16666666666666666,-0.017543948835033525,,0,-0.3395622360152768
472,jump,1978389461,0.2222222222222222,0.04819061525786815,,0,-0.3395622360152768
472,jump,1978389461,0.2777777777777778,0.04748847415039943,,0,-0.3395622360152768
472,jump,1978389461,0.3333333333333333,0.09822910028649043,,0,-0.3395622360152768
472,jump,1978389461,0.38888888888888884,0.09109388034315859,,0,-0.3395622360152768
472,jump,1978389461,0.4444444444444444,0.06741571090063725,,0,-0.3395622360152768
472,jump,1978389461,0.5,0.010550288739111353,,0,-0.3395622360152768
472,jump,1978389461,0.5555555555555556,0.04504524921059055,,0,-0.3395622360152768
472,jump,1978389461,0.611111111111111,0.05638970638152115,,0,-0.3395622360152768
472,jump,1978389461,0.6666666666666666,0.11989091433437987,,0,-0.3395622360152768
472,jump,1978389461,0.7222222222222222,0.14536799514313975,,0,-0.3395622360152768
472,jump,1978389461,0.7777777777777777,0.0818569365824957,,0,-0.3395622360152768
472,jump,1978389461,0.8333333333333333,0.09879235667240129,,0,-0.3395622360152768
472,jump,1978389461,0.8888888888888888,0.06988643176107104,,0,-0.3395622360152768
472,jump,1978389461,0.9444444444444444,0.08006898458788012,,0,-0.3395622360152768
472,jump,1978389461,1.0,0.02985971214038992,0.08507458957498959,0,-0.3395622360152768
473,branch_reorganization,1257690755,0.0,-0.3395622360152768,-0.3214278479063427,0,-0.3395622360152768
473,branch_reorganization,1257690755,0.05555555555555555,-0.34709123214310195,,0,-0.3395622360152768
473,branch_reorganization,1257690755,0.1111111111111111,-0.28675217898077004,,1,0.3395622360152768
473,branch_reorganization,1257690755,0.16666666666666666,-0.28897268881520555,,1,0.3395622360152768
473,branch_reorganization,1257690755,0.2222222222222222,-0.2759666628821766,,1,0.3395622360152768
473,branch_reorganization,1257690755,0.2777777777777778,-0.23443111283542362,,1,0.3395622360152768
473,branch_reorganization,1257690755,0.3333333333333333,-0.13398458225494753,,1,0.3395622360152768
473,branch_reorganization,1257690755,0.38888888888888884,-0.2737601270766702,,1,0.3395622360152768
473,branch_reorganization,1257690755,0.4444444444444444,-0.24031551214320065,,1,0.3395622360152768
473,branch_reorganization,1257690755,0.5,-0.2363532249149394,,0,-0.3395622360152768
473,branch_reorganization,1257690755,0.5555555555555556,-0.3622463217177998,,0,-0.3395622360152768
473,branch_reorganization,1257690755,0.611111111111111,-0.29689296885922406,,1,0.3395622360152768
473,branch_reorganization,1257690755,0.6666666666666666,-0.2798851689005146,,1,0.3395622360152768
473,branch_reorganization,1257690755,0.7222222222222222,-0.22105335295437037,,1,0.3395622360152768
473,branch_reorganization,1257690755,0.7777777777777777,-0.1903891019338018,,1,0.3395622360152768
473,branch_reorganization,1257690755,0.8333333333333333,-0.12546753910342814,,1,0.3395622360152768
473,branch_reorganization,1257690755,0.8888888888888888,-0.05899847312772173,,1,0.3395622360152768
473,branch_reorganization,1257690755,0.9444444444444444,-0.07231055176324702,,1,0.3395622360152768
473,branch_reorganization,1257690755,1.0,-0.02571175123897417,0.0028077568995866636,1,0.3395622360152768
474,retention,772682052,0.0,0.0,-0.05876141037047388,0,-0.3395622360152768
474,retention,772682052,0.05555555555555555,-0.04980677194297532,,0,-0.3395622360152768
474,retention,772682052,0.1111111111111111,-0.048796779155582753,,0,-0.3395622360152768
474,retention,772682052,0.16666666666666666,-0.0898583417025037,,0,-0.3395622360152768
474,retention,772682052,0.2222222222222222,-0.0943662769417984,,0,-0.3395622360152768
474,retention,772682052,0.2777777777777778,-0.0338621978553171,,0,-0.3395622360152768
474,retention,772682052,0.3333333333333333,-0.0639744671706448,,0,-0.3395622360152768
474,retention,772682052,0.38888888888888884,-0.07163236727954803,,0,-0.3395622360152768
474,retention,772682052,0.4444444444444444,-0.1244502846976512,,0,-0.3395622360152768
474,retention,772682052,0.5,-0.1328717654894711,,0,-0.3395622360152768
474,retention,772682052,0.5555555555555556,-0.12305345640947328,,0,-0.3395622360152768
474,retention,772682052,0.611111111111111,-0.17165033111516104,,0,-0.3395622360152768
474,retention,772682052,0.6666666666666666,-0.20203776026677697,,0,-0.3395622360152768
474,retention,772682052,0.7222222222222222,-0.2118254395685743,,0,-0.3395622360152768
474,retention,772682052,0.7777777777777777,-0.19820643354588544,,0,-0.3395622360152768
474,retention,772682052,0.8333333333333333,-0.19435598227850462,,0,-0.3395622360152768
474,retention,772682052,0.8888888888888888,-0.23369437057631642,,0,-0.3395622360152768
474,retention,772682052,0.9444444444444444,-0.16968889083188687,,0,-0.3395622360152768
474,retention,772682052,1.0,-0.16871177498387874,-0.11128967704458266,0,-0.3395622360152768
475,jump,22059112,0.0,0.0,-0.027966586236502455,0,-0.3395622360152768
475,jump,22059112,0.05555555555555555,-0.08445554200048463,,0,-0.3395622360152768
475,jump,22059112,0.1111111111111111,-0.1828293107405849,,0,-0.3395622360152768
475,jump,22059112,0.16666666666666666,-0.08366118208834977,,0,-0.3395622360152768
475,jump,22059112,0.2222222222222222,-0.05857515318983521,,0,-0.3395622360152768
475,jump,22059112,0.2777777777777778,0.026755939079783443,,0,-0.3395622360152768
475,jump,22059112,0.3333333333333333,0.044110098983966964,,0,-0.3395622360152768
475,jump,22059112,0.38888888888888884,0.0005082519423496648,,0,-0.3395622360152768
475,jump,22059112,0.4444444444444444,0.038239222592793366,,0,-0.3395622360152768
475,jump,22059112,0.5,-0.04811623301684355,,0,-0.3395622360152768
475,jump,22059112,0.5555555555555556,0.00607130590501722,,0,-0.3395622360152768
475,jump,22059112,0.611111111111111,0.027419516148992146,,0,-0.3395622360152768
475,jump,22059112,0.6666666666666666,-0.026143325077961195,,0,-0.3395622360152768
475,jump,22059112,0.7222222222222222,-0.12667361927851006,,0,-0.3395622360152768
475,jump,22059112,0.7777777777777777,-0.11209465216384548,,0,-0.3395622360152768
475,jump,22059112,0.8333333333333333,-0.11176746585624248,,0,-0.3395622360152768
475,jump,22059112,0.8888888888888888,-0.11028705181708676,,0,-0.3395622360152768
475,jump,22059112,0.9444444444444444,-0.07630232528913744,,0,-0.3395622360152768
475,jump,22059112,1.0,-0.028683893635932184,-0.09100587946127514,0,-0.3395622360152768
476,branch_reorganization,195476091,0.0,-0.3395622360152768,-0.37392639680167017,0,-0.3395622360152768
476,branch_reorganization,195476091,0.05555555555555555,-0.3397816100967017,,0,-0.3395622360152768
476,branch_reorganization,195476091,0.1111111111111111,-0.34589533248736704,,0,-0.3395622360152768
476,branch_reorganization,195476091,0.16666666666666666,-0.3726196326550191,,0,-0.3395622360152768
476,branch_reorganization,195476091,0.2222222222222222,-0.4166826482442856,,0,-0.3395622360152768
476,branch_reorganization,195476091,0.2777777777777778,-0.3745817284725913,,0,-0.3395622360152768
476,branch_reorganization,195476091,0.3333333333333333,-0.4085755653367639,,0,-0.3395622360152768
476,branch_reorganization,195476091,0.38888888888888884,-0.4993998030677743,,0,-0.3395622360152768
476,branch_reorganization,195476091,0.4444444444444444,-0.4422720750645191,,0,-0.3395622360152768
476,branch_reorganization,195476091,0.5,-0.4537617903161521,,0,-0.3395622360152768
476,branch_reorganization,195476091,0.5555555555555556,-0.414547120716598,,0,-0.3395622360152768
476,branch_reorganization,195476091,0.611111111111111,-0.41093969897724214,,0,-0.3395622360152768
476,branch_reorganization,195476091,0.6666666666666666,-0.4358567449624305,,0,-0.3395622360152768
476,branch_reorganization,195476091,0.7222222222222222,-0.3954967333624465,,0,-0.3395622360152768
476,branch_reorganization,195476091,0.7777777777777777,-0.43430167002287334,,0,-0.3395622360152768
476,branch_reorganization,195476091,0.8333333333333333,-0.4756234804101247,,0,-0.3395622360152768
476,branch_reorganization,195476091,0.8888888888888888,-0.5553938850670216,,0,-0.3395622360152768
476,branch_reorganization,195476091,0.9444444444444444,-0.47913661965918125,,0,-0.3395622360152768
476,branch_reorganization,195476091,1.0,-0.47775262806630525,-0.5224744672307096,0,-0.3395622360152768
476,branch_reorganization,195476091,1.0555555555555556,-0.4569972845729345,,0,-0.3395622360152768
476,branch_reorganization,195476091,1.1111111111111112,-0.4214876150960433,,0,-0.3395622360152768
476,branch_reorganization,195476091,1.1666666666666667,-0.4100546467497183,,0,-0.3395622360152768
476,branch_reorganization,195476091,1.2222222222222223,-0.34040937022844386,,0,-0.3395622360152768
476,branch_reorganization,195476091,1.2777777777777777,-0.379461454746312,,0,-0.3395622360152768
476,branch_reorganization,195476091,1.3333333333333333,-0.46264987251547296,,0,-0.3395622360152768
476,branch_reorganization,195476091,1.3888888888888888,-0.5308111910686248,,0,-0.3395622360152768
476,branch_reorganization,195476091,1.4444444444444444,-0.40513185571267996,,0,-0.3395622360152768
476,branch_reorganization,195476091,1.5,-0.44183190597644234,,0,-0.3395622360152768
476,branch_reorganization,195476091,1.5555555555555556,-0.3913443441854245,,0,-0.3395622360152768
476,branch_reorganization,195476091,1.6111111111111112,-0.325035762559612,,1,0.3395622360152768
476,branch_reorganization,195476091,1.6666666666666665,-0.1883982520372145,,1,0.3395622360152768
476,branch_reorganization,195476091,1.7222222222222223,-0.17491584882284208,,1,0.3395622360152768
476,branch_reorganization,195476091,1.7777777777777777,-0.21977578754343685,,1,0.3395622360152768
476,branch_reorganization,195476091,1.8333333333333333,-0.15145234370414568,,1,0.3395622360152768
476,branch_reorganization,195476091,1.8888888888888888,-0.18242216094630587,,1,0.3395622360152768
476,branch_reorganization,195476091,1.9444444444444444,-0.21356102682063202,,1,0.3395622360152768
476,branch_reorganization,195476091,2.0,-0.21290144364590063,-0.18493864216359454,1,0.3395622360152768
476,branch_reorganization,195476091,2.0555555555555554,-0.14937217586160645,,1,0.3395622360152768
476,branch_reorganization,195476091,2.111111111111111,-0.10830222333315359,,0,-0.3395622360152768
476,branch_reorganization,195476091,2.1666666666666665,-0.15901457604284355,,0,-0.3395622360152768
476,branch_reorganization,195476091,2.2222222222222223,-0.11084154838073629,,0,-0.3395622360152768
476,branch_reorganization,195476091,2.2777777777777777,-0.10456775417181464,,0,-0.3395622360152768
476,branch_reorganization,195476091,2.3333333333333335,-0.06924090728002293,,0,-0.3395622360152768
476,branch_reorganization,195476091,2.388888888888889,-0.2160074968223044,,0,-0.3395622360152768
476,branch_reorganization,195476091,2.4444444444444446,-0.10758280863204289,,0,-0.3395622360152768
476,branch_reorganization,195476091,2.5,-0.13875279463657442,,0,-0.3395622360152768
476,branch_reorganization,195476091,2.5555555555555554,-0.15732516664311164,,0,-0.3395622360152768
476,branch_reorganization,195476091,2.611111111111111,-0.19857207705079655,,0,-0.3395622360152768
476,branch_reorganization,195476091,2.6666666666666665,-0.24147008067328524,,0,-0.3395622360152768
476,branch_reorganization,195476091,2.7222222222222223,-0.211505814576652,,0,-0.3395622360152768
476,branch_reorganization,195476091,2.7777777777777777,-0.14444075437851717,,0,-0.3395622360152768
476,branch_reorganization,195476091,2.833333333333333,-0.08060765190688245,,0,-0.3395622360152768
476,branch_reorganization,195476091,2.888888888888889,-0.045607698028420296,,0,-0.3395622360152768
476,branch_reorganization,195476091,2.9444444444444446,-0.14273478278013296,,0,-0.3395622360152768
476,branch_reorganization,195476091,3.0,-0.16634679843161307,-0.14614329929486528,0,-0.3395622360152768
477,retention,1313177731,0.0,0.0,0.0017596764009150682,0,-0.3395622360152768
477,retention,1313177731,0.05555555555555555,0.06532663577996987,,0,-0.3395622360152768
477,retention,1313177731,0.1111111111111111,0.006618719234563877,,0,-0.3395622360152768
477,retention,1313177731,0.16666666666666666,0.06345878945881417,,0,-0.3395622360152768
477,retention,1313177731,0.2222222222222222,0.03812901128393205,,0,-0.3395622360152768
477,retention,1313177731,0.2777777777777778,-0.008846210036844764,,0,-0.3395622360152768
477,retention,1313177731,0.3333333333333333,-0.08354104271118099,,0,-0.3395622360152768
477,retention,1313177731,0.38888888888888884,-0.0858526050845846,,0,-0.3395622360152768
477,retention,1313177731,0.4444444444444444,-0.03586408465105503,,0,-0.3395622360152768
477,retention,1313177731,0.5,0.024205621574904697,,0,-0.3395622360152768
477,retention,1313177731,0.5555555555555556,0.06205510255510414,,0,-0.3395622360152768
477,retention,1313177731,0.611111111111111,0.0973363327657317,,0,-0.3395622360152768
477,retention,1313177731,0.6666666666666666,0.0891718395720695,,0,-0.3395622360152768
477,retention,1313177731,0.7222222222222222,0.15312451142824174,,0,-0.3395622360152768
477,retention,1313177731,0.7777777777777777,0.22470583569087826,,0,-0.3395622360152768
477,retention,1313177731,0.8333333333333333,0.2501606326875304,,0,-0.3395622360152768
477,retention,1313177731,0.8888888888888888,0.1300932816158143,,0,-0.3395622360152768
477,retention,1313177731,0.9444444444444444,0.09379610959859058,,0,-0.3395622360152768
477,retention,1313177731,1.0,0.08227373451571386,0.13140737139390143,0,-0.3395622360152768
477,retention,1313177731,1.0555555555555556,0.09759376734060086,,0,-0.3395622360152768
477,retention,1313177731,1.1111111111111112,0.06842945907951942,,0,-0.3395622360152768
477,retention,1313177731,1.1666666666666667,0.08683034604001497,,0,-0.3395622360152768
477,retention,1313177731,1.2222222222222223,0.025266736419347874,,0,-0.3395622360152768
477,retention,1313177731,1.2777777777777777,0.07516616790084815,,0,-0.3395622360152768
477,retention,1313177731,1.3333333333333333,0.05350113620071456,,0,-0.3395622360152768
477,retention,1313177731,1.3888888888888888,0.09032154846743186,,0,-0.3395622360152768
477,retention,1313177731,1.4444444444444444,0.10348649995289214,,0,-0.3395622360152768
477,retention,1313177731,1.5,0.0633082764286082,,0,-0.3395622360152768
477,retention,1313177731,1.5555555555555556,0.06177922167525807,,0,-0.3395622360152768
477,retention,1313177731,1.6111111111111112,0.05361252808124025,,0,-0.3395622360152768
477,retention,1313177731,1.6666666666666665,0.09476542841369948,,0,-0.3395622360152768
477,retention,1313177731,1.7222222222222223,0.03807958932253837,,0,-0.3395622360152768
477,retention,1313177731,1.7777777777777777,0.07529196726244962,,0,-0.3395622360152768
477,retention,1313177731,1.8333333333333333,0.2063859804804597,,0,-0.3395622360152768
477,retention,1313177731,1.8888888888888888,0.1988670542548173,,0,-0.3395622360152768
477,retention,1313177731,1.9444444444444444,0.1413901647865536,,0,-0.3395622360152768
477,retention,1313177731,2.0,0.12107448491890031,0.08644840300155443,0,-0.3395622360152768
477,retention,1313177731,2.0555555555555554,0.06944462143895452,,0,-0.3395622360152768
477,retention,1313177731,2.111111111111111,0.13825932522374168,,0,-0.3395622360152768
477,retention,1313177731,2.1666666666666665,0.1983324117221541,,0,-0.3395622360152768
477,retention,1313177731,2.2222222222222223,0.2560932645142028,,0,-0.3395622360152768
477,retention,1313177731,2.2777777777777777,0.2258692096606053,,0,-0.3395622360152768
477,retention,1313177731,2.3333333333333335,0.1756233494405255,,0,-0.3395622360152768
477,retention,1313177731,2.388888888888889,0.15825585044392304,,0,-0.3395622360152768
477,retention,1313177731,2.4444444444444446,0.07287044573216957,,0,-0.3395622360152768
477,retention,1313177731,2.5,-0.019602776035174532,,0,-0.3395622360152768
477,retention,1313177731,2.5555555555555554,-0.07393001360361524,,0,-0.3395622360152768
477,retention,1313177731,2.611111111111111,-0.16555775209978724,,0,-0.3395622360152768
477,retention,1313177731,2.6666666666666665,-0.12850011980101142,,0,-0.3395622360152768
477,retention,1313177731,2.7222222222222223,-0.14251416649605103,,0,-0.3395622360152768
477,retention,1313177731,2.7777777777777777,-0.23617820714237914,,0,-0.3395622360152768
477,retention,1313177731,2.833333333333333,-0.21391364399868415,,0,-0.3395622360152768
477,retention,1313177731,2.888888888888889,-0.20981978112929708,,0,-0.3395622360152768
477,retention,1313177731,2.9444444444444446,-0.1214991574032962,,0,-0.3395622360152768
477,retention,1313177731,3.0,-0.1288693349284846,-0.16138524508279428,0,-0.3395622360152768
478,jump,1204769082,0.0,0.0,0.01670765546490572,0,-0.3395622360152768
478,jump,1204769082,0.05555555555555555,0.017195159875061324,,0,-0.3395622360152768
478,jump,1204769082,0.1111111111111111,-0.011123048053111814,,0,-0.3395622360152768
478,jump,1204769082,0.16666666666666666,0.05168178993136519,,0,-0.3395622360152768
478,jump,1204769082,0.2222222222222222,0.09217006086625609,,0,-0.3395622360152768
478,jump,1204769082,0.2777777777777778,0.04118320637422986,,0,-0.3395622360152768
478,jump,1204769082,0.3333333333333333,0.09267761137108395,,0,-0.3395622360152768
478,jump,1204769082,0.38888888888888884,0.0728234986631046,,0,-0.3395622360152768
478,jump,1204769082,0.4444444444444444,0.007226890099473533,,0,-0.3395622360152768
478,jump,1204769082,0.5,0.025581749915485088,,0,-0.3395622360152768
478,jump,1204769082,0.5555555555555556,0.008582267345353573,,0,-0.3395622360152768
478,jump,1204769082,0.611111111111111,0.04355460152021015,,0,-0.3395622360152768
478,jump,1204769082,0.6666666666666666,0.04849120110468023,,0,-0.3395622360152768
478,jump,1204769082,0.7222222222222222,0.09804262898206652,,0,-0.3395622360152768
478,jump,1204769082,0.7777777777777777,0.061413176002956295,,0,-0.3395622360152768
478,jump,1204769082,0.8333333333333333,0.12906750141251216,,0,-0.3395622360152768
478,jump,1204769082,0.8888888888888888,0.08992323986830936,,0,-0.3395622360152768
478,jump,1204769082,0.9444444444444444,0.11269762593592306,,0,-0.3395622360152768
478,jump,1204769082,1.0,0.1474333114187359,0.16872970861260822,0,-0.3395622360152768
479,branch_reorganization,1148853776,0.0,-0.3395622360152768,-0.3217735556227666,0,-0.3395622360152768
479,branch_reorganization,1148853776,0.05555555555555555,-0.3268332457223485,,0,-0.3395622360152768
479,branch_reorganization,1148853776,0.1111111111111111,-0.3455834551997658,,0,-0.3395622360152768
479,branch_reorganization,1148853776,0.16666666666666666,-0.35928838754336784,,0,-0.3395622360152768
479,branch_reorganization,1148853776,0.2222222222222222,-0.34380705792348093,,0,-0.3395622360152768
479,branch_reorganization,1148853776,0.2777777777777778,-0.2928118004817194,,0,-0.3395622360152768
479,branch_reorganization,1148853776,0.3333333333333333,-0.34334852473754535,,0,-0.3395622360152768
479,branch_reorganization,1148853776,0.38888888888888884,-0.2696610176121439,,0,-0.3395622360152768
479,branch_reorganization,1148853776,0.4444444444444444,-0.23238276805008345,,0,-0.3395622360152768
479,branch_reorganization,1148853776,0.5,-0.2525197892612491,,0,-0.3395622360152768
479,branch_reorganization,1148853776,0.5555555555555556,-0.3346823774205286,,0,-0.3395622360152768
479,branch_reorganization,1148853776,0.611111111111111,-0.4124760586577024,,0,-0.3395622360152768
479,branch_reorganization,1148853776,0.6666666666666666,-0.4516184349239825,,0,-0.3395622360152768
479,branch_reorganization,1148853776,0.7222222222222222,-0.5129554680598566,,0,-0.3395622360152768
479,branch_reorganization,1148853776,0.7777777777777777,-0.4640089897587307,,0,-0.3395622360152768
479,branch_reorganization,1148853776,0.8333333333333333,-0.46645465620604626,,0,-0.3395622360152768
479,branch_reorganization,1148853776,0.8888888888888888,-0.5151349896777458,,0,-0.3395622360152768
479,branch_reorganization,1148853776,0.9444444444444444,-0.4994100034139908,,0,-0.3395622360152768
479,branch_reorganization,1148853776,1.0,-0.4268115409525987,-0.35845142762350113,0,-0.3395622360152768
480,retention,746220583,0.0,0.0,-0.054803874866641684,0,-0.3395622360152768
480,retention,746220583,0.05555555555555555,0.003704614502760241,,0,-0.3395622360152768
480,retention,746220583,0.1111111111111111,-0.007744526388222607,,0,-0.3395622360152768
480,retention,746220583,0.16666666666666666,-0.004316540486399791,,0,-0.3395622360152768
480,retention,746220583,0.2222222222222222,0.008263097614851635,,0,-0.3395622360152768
480,retention,746220583,0.2777777777777778,0.01595849306399961,,0,-0.3395622360152768
480,retention,746220583,0.3333333333333333,-0.01481074281779907,,0,-0.3395622360152768
480,retention,746220583,0.38888888888888884,-0.0461816656964198,,0,-0.3395622360152768
480,retention,746220583,0.4444444444444444,-0.06148173723235792,,0,-0.3395622360152768
480,retention,746220583,0.5,-0.047217805750343324,,0,-0.3395622360152768
480,retention,746220583,0.5555555555555556,-0.024022713663581854,,0,-0.3395622360152768
480,retention,746220583,0.611111111111111,0.028795437238148095,,0,-0.3395622360152768
480,retention,746220583,0.6666666666666666,0.06789503938199942,,0,-0.3395622360152768
480,retention,746220583,0.7222222222222222,0.020738362265155595,,0,-0.3395622360152768
480,retention,746220583,0.7777777777777777,0.14812869044121812,,0,-0.3395622360152768
480,retention,746220583,0.8333333333333333,0.13068522540365143,,0,-0.3395622360152768
480,retention,746220583,0.8888888888888888,0.11651368392434311,,0,-0.3395622360152768
480,retention,746220583,0.9444444444444444,0.1318737425348831,,0,-0.3395622360152768
480,retention,746220583,1.0,0.0709292518449833,-0.012241987676872332,0,-0.3395622360152768
481,jump,1096169272,0.0,0.0,0.021172239899690862,0,-0.3395622360152768
481,jump,1096169272,0.05555555555555555,0.04681511265411083,,0,-0.3395622360152768
481,jump,1096169272,0.1111111111111111,0.00272009764956372,,0,-0.3395622360152768
481,jump,1096169272,0.16666666666666666,-0.06786856570700901,,0,-0.3395622360152768
481,jump,1096169272,0.2222222222222222,-0.03642492954209783,,0,-0.3395622360152768
481,jump,1096169272,0.2777777777777778,0.058062997394991295,,0,-0.3395622360152768
481,jump,1096169272,0.3333333333333333,0.13730081832627977,,0,-0.3395622360152768
481,jump,1096169272,0.38888888888888884,0.15196435408382244,,0,-0.3395622360152768
481,jump,1096169272,0.4444444444444444,0.08104413151517464,,0,-0.3395622360152768
481,jump,1096169272,0.5,0.1410225431235973,,0,-0.3395622360152768
481,jump,1096169272,0.5555555555555556,0.11416185945642934,,0,-0.3395622360152768
481,jump,1096169272,0.611111111111111,0.11675085249760989,,0,-0.3395622360152768
481,jump,1096169272,0.6666666666666666,0.09375982193281585,,0,-0.3395622360152768
481,jump,1096169272,0.7222222222222222,-0.024170152472224038,,0,-0.3395622360152768
481,jump,1096169272,0.7777777777777777,0.0019157575562651526,,0,-0.3395622360152768
481,jump,1096169272,0.8333333333333333,0.08940613906098145,,0,-0.3395622360152768
481,jump,1096169272,0.8888888888888888,0.21925344050133383,,0,-0.3395622360152768
481,jump,1096169272,0.9444444444444444,0.20478513980004126,,0,-0.3395622360152768
481,jump,1096169272,1.0,0.08582074890985585,0.0688666903973319,0,-0.3395622360152768
482,branch_reorganization,981764555,0.0,-0.3395622360152768,-0.3611452082627528,0,-0.3395622360152768
482,branch_reorganization,981764555,0.05555555555555555,-0.3259452444312053,,0,-0.3395622360152768
482,branch_reorganization,981764555,0.1111111111111111,-0.41501350087421407,,0,-0.3395622360152768
482,branch_reorganization,981764555,0.16666666666666666,-0.4517028852092467,,0,-0.3395622360152768
482,branch_reorganization,981764555,0.2222222222222222,-0.4591372544208632,,0,-0.3395622360152768
482,branch_reorganization,981764555,0.2777777777777778,-0.44312049323447267,,0,-0.3395622360152768
482,branch_reorganization,981764555,0.3333333333333333,-0.5349592922520701,,0,-0.3395622360152768
482,branch_reorganization,981764555,0.38888888888888884,-0.5653035793332752,,0,-0.3395622360152768
482,branch_reorganization,981764555,0.4444444444444444,-0.5355737963589582,,0,-0.3395622360152768
482,branch_reorganization,981764555,0.5,-0.5150124437585015,,0,-0.3395622360152768
482,branch_reorganization,981764555,0.5555555555555556,-0.5007011702240451,,0,-0.3395622360152768
482,branch_reorganization,981764555,0.611111111111111,-0.443203581350373,,0,-0.3395622360152768
482,branch_reorganization,981764555,0.6666666666666666,-0.3992935940061603,,0,-0.3395622360152768
482,branch_reorganization,981764555,0.7222222222222222,-0.4883296194862494,,0,-0.3395622360152768
482,branch_reorganization,981764555,0.7777777777777777,-0.3368813300479352,,0,-0.3395622360152768
482,branch_reorganization,981764555,0.8333333333333333,-0.3650938248253027,,0,-0.3395622360152768
482,branch_reorganization,981764555,0.8888888888888888,-0.4557673713434648,,0,-0.3395622360152768
482,branch_reorganization,981764555,0.9444444444444444,-0.43760254081292854,,0,-0.3395622360152768
482,branch_reorganization,981764555,1.0,-0.36036359225820586,-0.4225419398344894,0,-0.3395622360152768
483,retention,572569420,0.0,0.0,-0.0435143192912443,0,-0.3395622360152768
483,retention,572569420,0.05555555555555555,-0.0549910495301133,,0,-0.3395622360152768
483,retention,572569420,0.1111111111111111,-0.06077785909497929,,0,-0.3395622360152768
483,retention,572569420,0.16666666666666666,-0.05824976561986019,,0,-0.3395622360152768
483,retention,572569420,0.2222222222222222,-0.0017112184928611274,,0,-0.3395622360152768
483,retention,572569420,0.2777777777777778,0.08058348646218447,,0,-0.3395622360152768
483,retention,572569420,0.3333333333333333,0.039362428386294536,,0,-0.3395622360152768
483,retention,572569420,0.38888888888888884,0.07379256218925001,,0,-0.3395622360152768
483,retention,572569420,0.4444444444444444,0.05769643078619655,,0,-0.3395622360152768
483,retention,572569420,0.5,0.0560017501909064,,0,-0.3395622360152768
483,retention,572569420,0.5555555555555556,0.04931578937090897,,0,-0.3395622360152768
483,retention,572569420,0.611111111111111,0.03798865874163021,,0,-0.3395622360152768
483,retention,572569420,0.6666666666666666,0.07792862376489694,,0,-0.3395622360152768
483,retention,572569420,0.7222222222222222,0.11566805360772814,,0,-0.3395622360152768
483,retention,572569420,0.7777777777777777,-0.03477848685281529,,0,-0.3395622360152768
483,retention,572569420,0.8333333333333333,-0.12811584163823486,,0,-0.3395622360152768
483,retention,572569420,0.8888888888888888,-0.12177676695338008,,0,-0.3395622360152768
483,retention,572569420,0.9444444444444444,-0.16254650677086413,,0,-0.3395622360152768
483,retention,572569420,1.0,-0.22093798103966178,-0.19489630862586627,0,-0.3395622360152768
484,jump,390320442,0.0,0.0,-0.04634115384438714,0,-0.3395622360152768
484,jump,390320442,0.05555555555555555,0.035014079632725646,,0,-0.3395622360152768
484,jump,390320442,0.1111111111111111,0.018816334563528367,,0,-0.3395622360152768
484,jump,390320442,0.16666666666666666,0.09698481731473008,,0,-0.3395622360152768
484,jump,390320442,0.2222222222222222,0.16669913121699242,,0,-0.3395622360152768
484,jump,390320442,0.2777777777777778,0.12223387208407321,,0,-0.3395622360152768
484,jump,390320442,0.3333333333333333,0.07404663427502661,,0,-0.3395622360152768
484,jump,390320442,0.38888888888888884,-0.02238853649909106,,0,-0.3395622360152768
484,jump,390320442,0.4444444444444444,0.01902724941271922,,0,-0.3395622360152768
484,jump,390320442,0.5,-0.006711251758824085,,0,-0.3395622360152768
484,jump,390320442,0.5555555555555556,0.06440697618673667,,0,-0.3395622360152768
484,jump,390320442,0.611111111111111,0.12572296172478767,,0,-0.3395622360152768
484,jump,390320442,0.6666666666666666,0.1836902495339764,,0,-0.3395622360152768
484,jump,390320442,0.7222222222222222,0.1975022411334863,,0,-0.3395622360152768
484,jump,390320442,0.7777777777777777,0.08623323546160423,,0,-0.3395622360152768
484,jump,390320442,0.8333333333333333,0.16073237617240133,,0,-0.3395622360152768
484,jump,390320442,0.8888888888888888,0.13019960531646432,,0,-0.3395622360152768
484,jump,390320442,0.9444444444444444,0.1843794767206116,,0,-0.3395622360152768
484,jump,390320442,1.0,0.10903647162619837,0.14223502351066258,0,-0.3395622360152768
485,branch_reorganization,2077823065,0.0,-0.3395622360152768,-0.3536426536360252,0,-0.3395622360152768
485,branch_reorganization,2077823065,0.05555555555555555,-0.2896104833235057,,0,-0.3395622360152768
485,branch_reorganization,2077823065,0.1111111111111111,-0.29385139468985744,,0,-0.3395622360152768
485,branch_reorganization,2077823065,0.16666666666666666,-0.2929079894768957,,0,-0.3395622360152768
485,branch_reorganization,2077823065,0.2222222222222222,-0.29092956948304255,,0,-0.3395622360152768
485,branch_reorganization,2077823065,0.2777777777777778,-0.3458473991377152,,0,-0.3395622360152768
485,branch_reorganization,2077823065,0.3333333333333333,-0.39223363095346664,,0,-0.3395622360152768
485,branch_reorganization,2077823065,0.38888888888888884,-0.4049611222206968,,0,-0.3395622360152768
485,branch_reorganization,2077823065,0.4444444444444444,-0.4921073406637123,,0,-0.3395622360152768
485,branch_reorganization,2077823065,0.5,-0.4894852173945487,,0,-0.3395622360152768
485,branch_reorganization,2077823065,0.5555555555555556,-0.4815847821395373,,0,-0.3395622360152768
485,branch_reorganization,2077823065,0.611111111111111,-0.5163916544467122,,0,-0.3395622360152768
485,branch_reorganization,2077823065,0.6666666666666666,-0.5326942417916302,,0,-0.3395622360152768
485,branch_reorganization,2077823065,0.7222222222222222,-0.5227603723663625,,0,-0.3395622360152768
485,branch_reorganization,2077823065,0.7777777777777777,-0.47266388893987193,,0,-0.3395622360152768
485,branch_reorganization,2077823065,0.8333333333333333,-0.410823708099973,,0,-0.3395622360152768
485,branch_reorganization,2077823065,0.8888888888888888,-0.42503847108271137,,0,-0.3395622360152768
485,branch_reorganization,2077823065,0.9444444444444444,-0.42109225483585866,,0,-0.3395622360152768
485,branch_reorganization,2077823065,1.0,-0.3507694150708345,-0.3650294841981175,0,-0.3395622360152768
486,retention,520315708,0.0,0.0,0.06539118660966853,0,-0.3395622360152768
486,retention,520315708,0.05555555555555555,-0.035932108940800414,,0,-0.3395622360152768
486,retention,520315708,0.1111111111111111,-0.05122414786006286,,0,-0.3395622360152768
486,retention,520315708,0.16666666666666666,-0.07779966980369386,,0,-0.3395622360152768
486,retention,520315708,0.2222222222222222,-0.13673332594225157,,0,-0.3395622360152768
486,retention,520315708,0.2777777777777778,-0.11829175433777293,,0,-0.3395622360152768
486,retention,520315708,0.3333333333333333,-0.1411056944091678,,0,-0.3395622360152768
486,retention,520315708,0.38888888888888884,-0.18213192936997896,,0,-0.3395622360152768
486,retention,520315708,0.4444444444444444,-0.1429540268277097,,0,-0.3395622360152768
486,retention,520315708,0.5,-0.14562951448307207,,0,-0.3395622360152768
486,retention,520315708,0.5555555555555556,-0.1948777599348039,,0,-0.3395622360152768
486,retention,520315708,0.611111111111111,-0.2247814553513099,,0,-0.3395622360152768
486,retention,520315708,0.6666666666666666,-0.15615467118744814,,0,-0.3395622360152768
486,retention,520315708,0.7222222222222222,-0.08578858637814443,,0,-0.3395622360152768
486,retention,520315708,0.7777777777777777,-0.17907625669885036,,0,-0.3395622360152768
486,retention,520315708,0.8333333333333333,-0.2975421330110477,,0,-0.3395622360152768
486,retention,520315708,0.8888888888888888,-0.2517367875424746,,0,-0.3395622360152768
486,retention,520315708,0.9444444444444444,-0.2421470366442324,,0,-0.3395622360152768
486,retention,520315708,1.0,-0.2321421503904671,-0.1500601576193233,0,-0.3395622360152768
487,jump,2042794202,0.0,0.0,-0.01584710605765518,0,-0.3395622360152768
487,jump,2042794202,0.05555555555555555,0.0058368945342661595,,0,-0.3395622360152768
487,jump,2042794202,0.1111111111111111,0.07820902880919668,,0,-0.3395622360152768
487,jump,2042794202,0.16666666666666666,0.1369943062620827,,0,-0.3395622360152768
487,jump,2042794202,0.2222222222222222,0.10810881921341889,,0,-0.3395622360152768
487,jump,2042794202,0.2777777777777778,0.18330636844822815,,0,-0.3395622360152768
487,jump,2042794202,0.3333333333333333,0.13830944545069382,,0,-0.3395622360152768
487,jump,2042794202,0.38888888888888884,0.10284835307779457,,0,-0.3395622360152768
487,jump,2042794202,0.4444444444444444,-0.003048551932952212,,0,-0.3395622360152768
487,jump,2042794202,0.5,0.05451252666235356,,0,-0.3395622360152768
487,jump,2042794202,0.5555555555555556,0.04085952871994875,,0,-0.3395622360152768
487,jump,2042794202,0.611111111111111,0.0365433247549943,,0,-0.3395622360152768
487,jump,2042794202,0.6666666666666666,-0.05528841741744225,,0,-0.3395622360152768
487,jump,2042794202,0.7222222222222222,-0.059010663149834934,,0,-0.3395622360152768
487,jump,2042794202,0.7777777777777777,0.012066573245900117,,0,-0.3395622360152768
487,jump,2042794202,0.8333333333333333,0.07659175610927169,,0,-0.3395622360152768
487,jump,2042794202,0.8888888888888888,0.06222163010322064,,0,-0.3395622360152768
487,jump,2042794202,0.9444444444444444,0.06838662975443464,,0,-0.3395622360152768
487,jump,2042794202,1.0,0.12459391644811574,0.05676929268376257,0,-0.3395622360152768
488,branch_reorganization,2123462001,0.0,-0.3395622360152768,-0.32313191131290325,0,-0.3395622360152768
488,branch_reorganization,2123462001,0.05555555555555555,-0.36619414744793644,,0,-0.3395622360152768
488,branch_reorganization,2123462001,0.1111111111111111,-0.3193369871678753,,0,-0.3395622360152768
488,branch_reorganization,2123462001,0.16666666666666666,-0.34544881111256115,,0,-0.3395622360152768
488,branch_reorganization,2123462001,0.2222222222222222,-0.33837424102522456,,0,-0.3395622360152768
488,branch_reorganization,2123462001,0.2777777777777778,-0.4181238242657313,,0,-0.3395622360152768
488,branch_reorganization,2123462001,0.3333333333333333,-0.4621367155071412,,0,-0.3395622360152768
488,branch_reorganization,2123462001,0.38888888888888884,-0.5557276919275221,,0,-0.3395622360152768
488,branch_reorganization,2123462001,0.4444444444444444,-0.6622464788682729,,0,-0.3395622360152768
488,branch_reorganization,2123462001,0.5,-0.661773304352526,,0,-0.3395622360152768
488,branch_reorganization,2123462001,0.5555555555555556,-0.6583891845372073,,0,-0.3395622360152768
488,branch_reorganization,2123462001,0.611111111111111,-0.6503896307911181,,0,-0.3395622360152768
488,branch_reorganization,2123462001,0.6666666666666666,-0.6392742829587864,,0,-0.3395622360152768
488,branch_reorganization,2123462001,0.7222222222222222,-0.616754018721613,,0,-0.3395622360152768
488,branch_reorganization,2123462001,0.7777777777777777,-0.6246010486721292,,0,-0.3395622360152768
488,branch_reorganization,2123462001,0.8333333333333333,-0.626862938390363,,0,-0.3395622360152768
488,branch_reorganization,2123462001,0.8888888888888888,-0.6160547981519962,,1,0.3395622360152768
488,branch_reorganization,2123462001,0.9444444444444444,-0.6748195791467412,,1,0.3395622360152768
488,branch_reorganization,2123462001,1.0,-0.6357400732568194,-0.5709667522919306,1,0.3395622360152768
489,retention,977419894,0.0,0.0,-0.015312226910491956,0,-0.3395622360152768
489,retention,977419894,0.05555555555555555,0.007570637552277811,,0,-0.3395622360152768
489,retention,977419894,0.1111111111111111,0.02276572553681972,,0,-0.3395622360152768
489,retention,977419894,0.16666666666666666,0.03593839053209438,,0,-0.3395622360152768
489,retention,977419894,0.2222222222222222,0.03375811082607266,,0,-0.3395622360152768
489,retention,977419894,0.2777777777777778,0.03957031505455501,,0,-0.3395622360152768
489,retention,977419894,0.3333333333333333,-0.017908305410691883,,0,-0.3395622360152768
489,retention,977419894,0.38888888888888884,-0.03971355344338863,,0,-0.3395622360152768
489,retention,977419894,0.4444444444444444,-0.0312137651715952,,0,-0.3395622360152768
489,retention,977419894,0.5,0.004417734341821262,,0,-0.3395622360152768
489,retention,977419894,0.5555555555555556,-0.05025987822998194,,0,-0.3395622360152768
489,retention,977419894,0.611111111111111,0.0024602861129977976,,0,-0.3395622360152768
489,retention,977419894,0.6666666666666666,0.023665896223850947,,0,-0.3395622360152768
489,retention,977419894,0.7222222222222222,-0.01853719043502207,,0,-0.3395622360152768
489,retention,977419894,0.7777777777777777,-0.054578244741098667,,0,-0.3395622360152768
489,retention,977419894,0.8333333333333333,-0.07528827476154978,,0,-0.3395622360152768
489,retention,977419894,0.8888888888888888,-0.062373115272473426,,0,-0.3395622360152768
489,retention,977419894,0.9444444444444444,-0.05000158783539331,,0,-0.3395622360152768
489,retention,977419894,1.0,-0.047988212061464246,-0.11499606319682779,0,-0.3395622360152768
490,jump,1317696963,0.0,0.0,0.026255715948068352,0,-0.3395622360152768
490,jump,1317696963,0.05555555555555555,-0.005171980812625001,,0,-0.3395622360152768
490,jump,1317696963,0.1111111111111111,-0.09988393016105045,,0,-0.3395622360152768
490,jump,1317696963,0.16666666666666666,-0.1206201711769508,,0,-0.3395622360152768
490,jump,1317696963,0.2222222222222222,-0.2382980918672956,,0,-0.3395622360152768
490,jump,1317696963,0.2777777777777778,-0.12895724869784697,,0,-0.3395622360152768
490,jump,1317696963,0.3333333333333333,-0.10126835019241973,,0,-0.3395622360152768
490,jump,1317696963,0.38888888888888884,-0.1373913032071141,,0,-0.3395622360152768
490,jump,1317696963,0.4444444444444444,-0.089595100053218,,0,-0.3395622360152768
490,jump,1317696963,0.5,-0.10928551497352865,,0,-0.3395622360152768
490,jump,1317696963,0.5555555555555556,-0.1464424655407059,,0,-0.3395622360152768
490,jump,1317696963,0.611111111111111,-0.21990644165743864,,0,-0.3395622360152768
490,jump,1317696963,0.6666666666666666,-0.22898965893925152,,0,-0.3395622360152768
490,jump,1317696963,0.7222222222222222,-0.25139049675307534,,0,-0.3395622360152768
490,jump,1317696963,0.7777777777777777,-0.3197236016292084,,0,-0.3395622360152768
490,jump,1317696963,0.8333333333333333,-0.28230680665126373,,0,-0.3395622360152768
490,jump,1317696963,0.8888888888888888,-0.2904491170129815,,0,-0.3395622360152768
490,jump,1317696963,0.9444444444444444,-0.32003842884790484,,0,-0.3395622360152768
490,jump,1317696963,1.0,-0.3256704462151914,-0.24834131107299437,0,-0.3395622360152768
491,branch_reorganization,2003094550,0.0,-0.3395622360152768,-0.3866460566514483,0,-0.3395622360152768
491,branch_reorganization,2003094550,0.05555555555555555,-0.3266161275996539,,0,-0.3395622360152768
491,branch_reorganization,2003094550,0.1111111111111111,-0.3397551390083486,,0,-0.3395622360152768
491,branch_reorganization,2003094550,0.16666666666666666,-0.33877368053952106,,0,-0.3395622360152768
491,branch_reorganization,2003094550,0.2222222222222222,-0.3608575570903503,,0,-0.3395622360152768
491,branch_reorganization,2003094550,0.2777777777777778,-0.2115669936864378,,1,0.3395622360152768
491,branch_reorganization,2003094550,0.3333333333333333,-0.18579240774289418,,1,0.3395622360152768
491,branch_reorganization,2003094550,0.38888888888888884,-0.20045607078547512,,1,0.3395622360152768
491,branch_reorganization,2003094550,0.4444444444444444,-0.13706802861657041,,1,0.3395622360152768
491,branch_reorganization,2003094550,0.5,-0.15520395835738796,,1,0.3395622360152768
491,branch_reorganization,2003094550,0.5555555555555556,-0.04556817522764095,,1,0.3395622360152768
491,branch_reorganization,2003094550,0.611111111111111,0.016373540113717215,,1,0.3395622360152768
491,branch_reorganization,2003094550,0.6666666666666666,0.023993225456384003,,1,0.3395622360152768
491,branch_reorganization,2003094550,0.7222222222222222,-0.035635411789726415,,1,0.3395622360152768
491,branch_reorganization,2003094550,0.7777777777777777,0.03332221631849349,,1,0.3395622360152768
491,branch_reorganization,2003094550,0.8333333333333333,0.04061467256456551,,1,0.3395622360152768
491,branch_reorganization,2003094550,0.8888888888888888,-0.0006913033914306838,,1,0.3395622360152768
491,branch_reorganization,2003094550,0.9444444444444444,-0.006896472504025419,,1,0.3395622360152768
491,branch_reorganization,2003094550,1.0,0.009901101818759993,0.03813685786351024,1,0.3395622360152768
492,retention,640654215,0.0,0.0,0.014147770528847898,0,-0.3395622360152768
492,retention,640654215,0.05555555555555555,0.03077086304762198,,0,-0.3395622360152768
492,retention,640654215,0.1111111111111111,0.11338016219601224,,0,-0.3395622360152768
492,retention,640654215,0.16666666666666666,0.14976119676653896,,0,-0.3395622360152768
492,retention,640654215,0.2222222222222222,0.09405132161754551,,0,-0.3395622360152768
492,retention,640654215,0.2777777777777778,0.11163922089391898,,0,-0.3395622360152768
492,retention,640654215,0.3333333333333333,-0.01595054814456852,,0,-0.3395622360152768
492,retention,640654215,0.38888888888888884,-0.025006775966333186,,0,-0.3395622360152768
492,retention,640654215,0.4444444444444444,-0.04003420991213689,,0,-0.3395622360152768
492,retention,640654215,0.5,0.031568438974088626,,0,-0.3395622360152768
492,retention,640654215,0.5555555555555556,0.1682807924330893,,0,-0.3395622360152768
492,retention,640654215,0.611111111111111,0.05764978261451856,,0,-0.3395622360152768
492,retention,640654215,0.6666666666666666,0.10142554790382641,,0,-0.3395622360152768
492,retention,640654215,0.7222222222222222,0.002141288549199108,,0,-0.3395622360152768
492,retention,640654215,0.7777777777777777,-0.0027523090417416476,,0,-0.3395622360152768
492,retention,640654215,0.8333333333333333,0.0017160379216600414,,0,-0.3395622360152768
492,retention,640654215,0.8888888888888888,0.047225834512797694,,0,-0.3395622360152768
492,retention,640654215,0.9444444444444444,0.09934722604141219,,0,-0.3395622360152768
492,retention,640654215,1.0,0.1254901836888155,0.14337637142971965,0,-0.3395622360152768
493,jump,1623321057,0.0,0.0,-0.04769880073353289,0,-0.3395622360152768
493,jump,1623321057,0.05555555555555555,-0.062183056508227294,,0,-0.3395622360152768
493,jump,1623321057,0.1111111111111111,-0.07092926628105876,,0,-0.3395622360152768
493,jump,1623321057,0.16666666666666666,-0.03614008544050634,,0,-0.3395622360152768
493,jump,1623321057,0.2222222222222222,-0.01151041173759143,,0,-0.3395622360152768
493,jump,1623321057,0.2777777777777778,-0.07524304593167166,,0,-0.3395622360152768
493,jump,1623321057,0.3333333333333333,-0.0491498854208153,,0,-0.3395622360152768
493,jump,1623321057,0.38888888888888884,-0.06869033505979547,,0,-0.3395622360152768
493,jump,1623321057,0.4444444444444444,-0.11537061813831795,,0,-0.3395622360152768
493,jump,1623321057,0.5,-0.08807765943476764,,0,-0.3395622360152768
493,jump,1623321057,0.5555555555555556,-0.044270372142510006,,0,-0.3395622360152768
493,jump,1623321057,0.611111111111111,-0.04879364408994397,,0,-0.3395622360152768
493,jump,1623321057,0.6666666666666666,0.03894866331268668,,0,-0.3395622360152768
493,jump,1623321057,0.7222222222222222,0.049152596619542244,,0,-0.3395622360152768
493,jump,1623321057,0.7777777777777777,0.06982550605513872,,0,-0.3395622360152768
493,jump,1623321057,0.8333333333333333,0.1250848642052451,,0,-0.3395622360152768
493,jump,1623321057,0.8888888888888888,0.09057748627558136,,0,-0.3395622360152768
493,jump,1623321057,0.9444444444444444,0.0439297646014887,,0,-0.3395622360152768
493,jump,1623321057,1.0,-0.06223768463749437,-0.15081378817441315,0,-0.3395622360152768
494,branch_reorganization,706079318,0.0,-0.3395622360152768,-0.3840854602075677,0,-0.3395622360152768
494,branch_reorganization,706079318,0.05555555555555555,-0.3778667614459945,,0,-0.3395622360152768
494,branch_reorganization,706079318,0.1111111111111111,-0.43075807248281167,,0,-0.3395622360152768
494,branch_reorganization,706079318,0.16666666666666666,-0.43017486336897376,,0,-0.3395622360152768
494,branch_reorganization,706079318,0.2222222222222222,-0.4736946173819232,,0,-0.3395622360152768
494,branch_reorganization,706079318,0.2777777777777778,-0.5207495508785319,,0,-0.3395622360152768
494,branch_reorganization,706079318,0.3333333333333333,-0.44726672942154777,,0,-0.3395622360152768
494,branch_reorganization,706079318,0.38888888888888884,-0.52528272170675,,0,-0.3395622360152768
494,branch_reorganization,706079318,0.4444444444444444,-0.4632243010666029,,0,-0.3395622360152768
494,branch_reorganization,706079318,0.5,-0.49161667332856573,,0,-0.3395622360152768
494,branch_reorganization,706079318,0.5555555555555556,-0.4208055723653139,,0,-0.3395622360152768
494,branch_reorganization,706079318,0.611111111111111,-0.43242746243893687,,0,-0.3395622360152768
494,branch_reorganization,706079318,0.6666666666666666,-0.3650978475751333,,0,-0.3395622360152768
494,branch_reorganization,706079318,0.7222222222222222,-0.43001320848230434,,0,-0.3395622360152768
494,branch_reorganization,706079318,0.7777777777777777,-0.3542581425285289,,0,-0.3395622360152768
494,branch_reorganization,706079318,0.8333333333333333,-0.3853056491163417,,0,-0.3395622360152768
494,branch_reorganization,706079318,0.8888888888888888,-0.38542715159949936,,0,-0.3395622360152768
494,branch_reorganization,706079318,0.9444444444444444,-0.3653600686121078,,0,-0.3395622360152768
494,branch_reorganization,706079318,1.0,-0.3953512293069975,-0.37927904299673165,0,-0.3395622360152768
495,retention,1020051840,0.0,0.0,-0.0374235419173256,0,-0.3395622360152768
495,retention,1020051840,0.05555555555555555,0.024201874268053956,,0,-0.3395622360152768
495,retention,1020051840,0.1111111111111111,0.005383255647187064,,0,-0.3395622360152768
495,retention,1020051840,0.16666666666666666,-0.027632431539939058,,0,-0.3395622360152768
495,retention,1020051840,0.2222222222222222,-0.04485820852284881,,0,-0.3395622360152768
495,retention,1020051840,0.2777777777777778,0.00789301698793747,,0,-0.3395622360152768
495,retention,1020051840,0.3333333333333333,0.044131984921040826,,0,-0.3395622360152768
495,retention,1020051840,0.38888888888888884,0.08513690275885683,,0,-0.3395622360152768
495,retention,1020051840,0.4444444444444444,0.09093039866660767,,0,-0.3395622360152768
495,retention,1020051840,0.5,0.09095009762899542,,0,-0.3395622360152768
495,retention,1020051840,0.5555555555555556,0.10432604802829133,,0,-0.3395622360152768
495,retention,1020051840,0.611111111111111,0.05511833909607318,,0,-0.3395622360152768
495,retention,1020051840,0.6666666666666666,0.09250654317601123,,0,-0.3395622360152768
495,retention,1020051840,0.7222222222222222,0.0726777414329368,,0,-0.3395622360152768
495,retention,1020051840,0.7777777777777777,0.14138994095930246,,0,-0.3395622360152768
495,retention,1020051840,0.8333333333333333,0.13792665648799501,,0,-0.3395622360152768
495,retention,1020051840,0.8888888888888888,0.09151796622298113,,0,-0.3395622360152768
495,retention,1020051840,0.9444444444444444,0.13539833648643013,,0,-0.3395622360152768
495,retention,1020051840,1.0,0.12881557721494807,0.18342534411904496,0,-0.3395622360152768
496,jump,580364708,0.0,0.0,0.007242873355369922,0,-0.3395622360152768
496,jump,580364708,0.05555555555555555,0.0009011873147554957,,0,-0.3395622360152768
496,jump,580364708,0.1111111111111111,-0.0219180552232281,,0,-0.3395622360152768
496,jump,580364708,0.16666666666666666,-0.06598540652230822,,0,-0.3395622360152768
496,jump,580364708,0.2222222222222222,-0.043201617533800904,,0,-0.3395622360152768
496,jump,580364708,0.2777777777777778,-0.10952469020212635,,0,-0.3395622360152768
496,jump,580364708,0.3333333333333333,-0.08723245732541395,,0,-0.3395622360152768
496,jump,580364708,0.38888888888888884,-0.17182890411726093,,0,-0.3395622360152768
496,jump,580364708,0.4444444444444444,-0.13070493200583921,,0,-0.3395622360152768
496,jump,580364708,0.5,-0.1856084450139351,,0,-0.3395622360152768
496,jump,580364708,0.5555555555555556,-0.16688499250087732,,0,-0.3395622360152768
496,jump,580364708,0.611111111111111,-0.3466148139868675,,0,-0.3395622360152768
496,jump,580364708,0.6666666666666666,-0.2573158893924035,,0,-0.3395622360152768
496,jump,580364708,0.7222222222222222,-0.2046167330029391,,0,-0.3395622360152768
496,jump,580364708,0.7777777777777777,-0.20538308619655082,,0,-0.3395622360152768
496,jump,580364708,0.8333333333333333,-0.12542025557901154,,0,-0.3395622360152768
496,jump,580364708,0.8888888888888888,-0.05914490614909063,,0,-0.3395622360152768
496,jump,580364708,0.9444444444444444,-0.12197185598730242,,0,-0.3395622360152768
496,jump,580364708,1.0,-0.09747814241377603,-0.04348393077981386,0,-0.3395622360152768
497,branch_reorganization,864830575,0.0,-0.3395622360152768,-0.38736377519692267,0,-0.3395622360152768
497,branch_reorganization,864830575,0.05555555555555555,-0.4122004547574972,,0,-0.3395622360152768
497,branch_reorganization,864830575,0.1111111111111111,-0.4381261611866074,,0,-0.3395622360152768
497,branch_reorganization,864830575,0.16666666666666666,-0.3953565910972416,,0,-0.3395622360152768
497,branch_reorganization,864830575,0.2222222222222222,-0.4440023745799588,,0,-0.3395622360152768
497,branch_reorganization,864830575,0.2777777777777778,-0.42370098828720815,,0,-0.3395622360152768
497,branch_reorganization,864830575,0.3333333333333333,-0.4441330763920004,,0,-0.3395622360152768
497,branch_reorganization,864830575,0.38888888888888884,-0.3938179579235273,,0,-0.3395622360152768
497,branch_reorganization,864830575,0.4444444444444444,-0.3953011724016722,,0,-0.3395622360152768
497,branch_reorganization,864830575,0.5,-0.41758457774077357,,0,-0.3395622360152768
497,branch_reorganization,864830575,0.5555555555555556,-0.37728952055182485,,0,-0.3395622360152768
497,branch_reorganization,864830575,0.611111111111111,-0.42018393639003515,,0,-0.3395622360152768
497,branch_reorganization,864830575,0.6666666666666666,-0.36695355326047313,,0,-0.3395622360152768
497,branch_reorganization,864830575,0.7222222222222222,-0.31710412568252405,,0,-0.3395622360152768
497,branch_reorganization,864830575,0.7777777777777777,-0.2399007918377703,,0,-0.3395622360152768
497,branch_reorganization,864830575,0.8333333333333333,-0.34916225587334004,,0,-0.3395622360152768
497,branch_reorganization,864830575,0.8888888888888888,-0.3815523329080798,,0,-0.3395622360152768
497,branch_reorganization,864830575,0.9444444444444444,-0.37680715898292005,,0,-0.3395622360152768
497,branch_reorganization,864830575,1.0,-0.34842769763649023,-0.32695865653843126,0,-0.3395622360152768
498,retention,1309368306,0.0,0.0,-0.02778061828262241,0,-0.3395622360152768
498,retention,1309368306,0.05555555555555555,-0.04290870192366443,,0,-0.3395622360152768
498,retention,1309368306,0.1111111111111111,0.019034421476400075,,0,-0.3395622360152768
498,retention,1309368306,0.16666666666666666,0.011924901114230333,,0,-0.3395622360152768
498,retention,1309368306,0.2222222222222222,-0.06085147981799075,,0,-0.3395622360152768
498,retention,1309368306,0.2777777777777778,-0.03167445898321389,,0,-0.3395622360152768
498,retention,1309368306,0.3333333333333333,-0.04050133089606001,,0,-0.3395622360152768
498,retention,1309368306,0.38888888888888884,-0.024664870566936718,,0,-0.3395622360152768
498,retention,1309368306,0.4444444444444444,0.045560715070006565,,0,-0.3395622360152768
498,retention,1309368306,0.5,0.01840636488907001,,0,-0.3395622360152768
498,retention,1309368306,0.5555555555555556,-0.07182411267188948,,0,-0.3395622360152768
498,retention,1309368306,0.611111111111111,-0.11961972993927754,,0,-0.3395622360152768
498,retention,1309368306,0.6666666666666666,-0.052298594953534255,,0,-0.3395622360152768
498,retention,1309368306,0.7222222222222222,-0.028747853841126193,,0,-0.3395622360152768
498,retention,1309368306,0.7777777777777777,-0.05268479327718938,,0,-0.3395622360152768
498,retention,1309368306,0.8333333333333333,0.03214677975840233,,0,-0.3395622360152768
498,retention,1309368306,0.8888888888888888,-0.011715514240673141,,0,-0.3395622360152768
498,retention,1309368306,0.9444444444444444,-0.013495073688509543,,0,-0.3395622360152768
498,retention,1309368306,1.0,-0.09153599962841198,-0.07378549418193046,0,-0.3395622360152768
498,retention,1309368306,1.0555555555555556,-0.018302062151765233,,0,-0.3395622360152768
498,retention,1309368306,1.1111111111111112,-0.03459348057573788,,0,-0.3395622360152768
498,retention,1309368306,1.1666666666666667,0.009725547293561593,,0,-0.3395622360152768
498,retention,1309368306,1.2222222222222223,0.08232303633899159,,0,-0.3395622360152768
498,retention,1309368306,1.2777777777777777,0.1316633850398564,,0,-0.3395622360152768
498,retention,1309368306,1.3333333333333333,0.051610266005124805,,0,-0.3395622360152768
498,retention,1309368306,1.3888888888888888,0.01658245430673938,,0,-0.3395622360152768
498,retention,1309368306,1.4444444444444444,-0.016781438990877168,,0,-0.3395622360152768
498,retention,1309368306,1.5,-0.024741749001456426,,0,-0.3395622360152768
498,retention,1309368306,1.5555555555555556,-0.06162836334057653,,0,-0.3395622360152768
498,retention,1309368306,1.6111111111111112,-0.05704757808950944,,0,-0.3395622360152768
498,retention,1309368306,1.6666666666666665,-0.00916084231494297,,0,-0.3395622360152768
498,retention,1309368306,1.7222222222222223,-0.018143128506259196,,0,-0.3395622360152768
498,retention,1309368306,1.7777777777777777,-0.05730769922381231,,0,-0.3395622360152768
498,retention,1309368306,1.8333333333333333,0.03593956035330353,,0,-0.3395622360152768
498,retention,1309368306,1.8888888888888888,0.02446810423876979,,0,-0.3395622360152768
498,retention,1309368306,1.9444444444444444,-0.05348024434531648,,0,-0.3395622360152768
498,retention,1309368306,2.0,0.02622293094923011,0.007890122110171247,0,-0.3395622360152768
498,retention,1309368306,2.0555555555555554,-0.021217296714623763,,0,-0.3395622360152768
498,retention,1309368306,2.111111111111111,0.02115938608600112,,0,-0.3395622360152768
498,retention,1309368306,2.1666666666666665,-0.008193871926862453,,0,-0.3395622360152768
498,retention,1309368306,2.2222222222222223,0.05687998095598632,,0,-0.3395622360152768
498,retention,1309368306,2.2777777777777777,0.0634965545524569,,0,-0.3395622360152768
498,retention,1309368306,2.3333333333333335,0.03721142286476577,,0,-0.3395622360152768
498,retention,1309368306,2.388888888888889,0.039120786444814516,,0,-0.3395622360152768
498,retention,1309368306,2.4444444444444446,0.028773227501228016,,0,-0.3395622360152768
498,retention,1309368306,2.5,0.0020099687084644408,,0,-0.3395622360152768
498,retention,1309368306,2.5555555555555554,0.04495270079081815,,0,-0.3395622360152768
498,retention,1309368306,2.611111111111111,0.1725282145088285,,0,-0.3395622360152768
498,retention,1309368306,2.6666666666666665,0.10731816209565756,,0,-0.3395622360152768
498,retention,1309368306,2.7222222222222223,0.17748499841263374,,0,-0.3395622360152768
498,retention,1309368306,2.7777777777777777,0.20681799914463764,,0,-0.3395622360152768
498,retention,1309368306,2.833333333333333,0.22442515020877932,,0,-0.3395622360152768
498,retention,1309368306,2.888888888888889,0.24915078615829067,,0,-0.3395622360152768
498,retention,1309368306,2.9444444444444446,0.33806024053176076,,0,-0.3395622360152768
498,retention,1309368306,3.0,0.33001160238881744,0.317630925693943,0,-0.3395622360152768
499,jump,1913722995,0.0,0.0,0.04850641358380513,0,-0.3395622360152768
499,jump,1913722995,0.05555555555555555,0.051263023805395574,,0,-0.3395622360152768
499,jump,1913722995,0.1111111111111111,0.15037292365738963,,0,-0.3395622360152768
499,jump,1913722995,0.16666666666666666,0.1390835415650187,,0,-0.3395622360152768
499,jump,1913722995,0.2222222222222222,0.08758640260827696,,0,-0.3395622360152768
499,jump,1913722995,0.2777777777777778,0.16496381925700393,,0,-0.3395622360152768
499,jump,1913722995,0.3333333333333333,0.13208108839515598,,0,-0.3395622360152768
499,jump,1913722995,0.38888888888888884,0.0629735973369105,,0,-0.3395622360152768
499,jump,1913722995,0.4444444444444444,-0.006192654032121936,,0,-0.3395622360152768
499,jump,1913722995,0.5,-0.06656655936838952,,0,-0.3395622360152768
499,jump,1913722995,0.5555555555555556,-0.11119881025173836,,0,-0.3395622360152768
499,jump,1913722995,0.611111111111111,-0.09099247956743838,,0,-0.3395622360152768
499,jump,1913722995,0.6666666666666666,-0.1093562829998557,,0,-0.3395622360152768
499,jump,1913722995,0.7222222222222222,-0.07669722325004484,,0,-0.3395622360152768
499,jump,1913722995,0.7777777777777777,0.05124902554991388,,0,-0.3395622360152768
499,jump,1913722995,0.8333333333333333,0.045515315104502685,,0,-0.3395622360152768
499,jump,1913722995,0.8888888888888888,0.10513361927008813,,0,-0.3395622360152768
499,jump,1913722995,0.9444444444444444,0.14032097483948094,,0,-0.3395622360152768
499,jump,1913722995,1.0,0.19153524195496557,0.2714542397872946,0,-0.3395622360152768
