replicate,seed,jump_rate,jump_scale,diffusion_sigma,observation_noise,n_observations,n_observed,n_true_jumps,n_detected_jumps,tp,fp,tn,fn,precision,recall,false_positive_rate,f1,condition_index
0,1571108490,0.1,0.2,0.1,0.0,20,20,0,0,0,0,19,0,,,0.0,,0
1,480164628,0.1,0.2,0.1,0.0,20,20,0,0,0,0,19,0,,,0.0,,0
2,1174453063,0.1,0.2,0.1,0.0,20,20,1,1,1,0,18,0,1.0,1.0,0.0,1.0,0
3,197204134,0.1,0.2,0.1,0.0,20,20,0,0,0,0,19,0,,,0.0,,0
4,1393390384,0.1,0.2,0.1,0.0,20,20,1,0,0,0,18,1,,0.0,0.0,,0
5,1358990260,0.1,0.2,0.1,0.0,20,20,1,1,1,0,18,0,1.0,1.0,0.0,1.0,0
6,822560579,0.1,0.2,0.1,0.0,20,20,2,0,0,0,17,2,,0.0,0.0,,0
7,485145305,0.1,0.2,0.1,0.0,20,20,1,0,0,0,18,1,,0.0,0.0,,0
8,510471467,0.1,0.2,0.1,0.0,20,20,0,0,0,0,19,0,,,0.0,,0
9,2014066796,0.1,0.2,0.1,0.0,20,20,0,0,0,0,19,0,,,0.0,,0
10,1724481243,0.1,0.2,0.1,0.0,20,20,0,0,0,0,19,0,,,0.0,,0
11,2128948276,0.1,0.2,0.1,0.0,20,20,0,0,0,0,19,0,,,0.0,,0
12,1566959402,0.1,0.2,0.1,0.0,20,20,0,0,0,0,19,0,,,0.0,,0
13,1710223569,0.1,0.2,0.1,0.0,20,20,0,0,0,0,19,0,,,0.0,,0
14,1783823640,0.1,0.2,0.1,0.0,20,20,0,0,0,0,19,0,,,0.0,,0
15,68804546,0.1,0.2,0.1,0.0,20,20,0,0,0,0,19,0,,,0.0,,0
16,1836656256,0.1,0.2,0.1,0.0,20,20,0,0,0,0,19,0,,,0.0,,0
17,722347264,0.1,0.2,0.1,0.0,20,20,1,1,1,0,18,0,1.0,1.0,0.0,1.0,0
18,942034838,0.1,0.2,0.1,0.0,20,20,0,0,0,0,19,0,,,0.0,,0
19,216931757,0.1,0.2,0.1,0.0,20,20,0,0,0,0,19,0,,,0.0,,0
20,845647877,0.1,0.2,0.1,0.0,20,20,0,0,0,0,19,0,,,0.0,,0
21,1772091222,0.1,0.2,0.1,0.0,20,20,1,0,0,0,18,1,,0.0,0.0,,0
22,1140728867,0.1,0.2,0.1,0.0,20,20,0,0,0,0,19,0,,,0.0,,0
23,535778116,0.1,0.2,0.1,0.0,20,20,0,0,0,0,19,0,,,0.0,,0
24,87484767,0.1,0.2,0.1,0.0,20,20,2,2,2,0,17,0,1.0,1.0,0.0,1.0,0
25,78828665,0.1,0.2,0.1,0.0,20,20,0,0,0,0,19,0,,,0.0,,0
26,705013170,0.1,0.2,0.1,0.0,20,20,0,0,0,0,19,0,,,0.0,,0
27,80653782,0.1,0.2,0.1,0.0,20,20,0,0,0,0,19,0,,,0.0,,0
28,1253611760,0.1,0.2,0.1,0.0,20,20,1,0,0,0,18,1,,0.0,0.0,,0
29,2042825504,0.1,0.2,0.1,0.0,20,20,0,0,0,0,19,0,,,0.0,,0
30,1795796189,0.1,0.2,0.1,0.0,20,20,0,0,0,0,19,0,,,0.0,,0
31,1928097965,0.1,0.2,0.1,0.0,20,20,1,0,0,0,18,1,,0.0,0.0,,0
32,1504831693,0.1,0.2,0.1,0.0,20,20,0,0,0,0,19,0,,,0.0,,0
33,71380356,0.1,0.2,0.1,0.0,20,20,0,0,0,0,19,0,,,0.0,,0
34,1176100681,0.1,0.2,0.1,0.0,20,20,0,0,0,0,19,0,,,0.0,,0
35,1569300292,0.1,0.2,0.1,0.0,20,20,0,0,0,0,19,0,,,0.0,,0
36,847924436,0.1,0.2,0.1,0.0,20,20,2,2,2,0,17,0,1.0,1.0,0.0,1.0,0
37,1488421648,0.1,0.2,0.1,0.0,20,20,0,0,0,0,19,0,,,0.0,,0
38,1880313774,0.1,0.2,0.1,0.0,20,20,0,0,0,0,19,0,,,0.0,,0
39,430225664,0.1,0.2,0.1,0.0,20,20,0,0,0,0,19,0,,,0.0,,0
40,323683063,0.1,0.2,0.1,0.0,20,20,0,0,0,0,19,0,,,0.0,,0
41,722824817,0.1,0.2,0.1,0.0,20,20,1,1,1,0,18,0,1.0,1.0,0.0,1.0,0
42,1309967485,0.1,0.2,0.1,0.0,20,20,0,0,0,0,19,0,,,0.0,,0
43,1936360609,0.1,0.2,0.1,0.0,20,20,0,0,0,0,19,0,,,0.0,,0
44,1936407779,0.1,0.2,0.1,0.0,20,20,0,0,0,0,19,0,,,0.0,,0
45,561484650,0.1,0.2,0.1,0.0,20,20,1,1,1,0,18,0,1.0,1.0,0.0,1.0,0
46,1115231217,0.1,0.2,0.1,0.0,20,20,0,0,0,0,19,0,,,0.0,,0
47,1606958418,0.1,0.2,0.1,0.0,20,20,1,0,0,0,18,1,,0.0,0.0,,0
48,1141866412,0.1,0.2,0.1,0.0,20,20,0,1,0,1,18,0,0.0,,0.05263157894736842,,0
49,1820056609,0.1,0.2,0.1,0.0,20,20,0,0,0,0,19,0,,,0.0,,0
0,1286995572,0.1,0.2,0.1,0.0,40,40,0,0,0,0,39,0,,,0.0,,1
1,106328705,0.1,0.2,0.1,0.0,40,40,0,0,0,0,39,0,,,0.0,,1
2,806775638,0.1,0.2,0.1,0.0,40,40,0,0,0,0,39,0,,,0.0,,1
3,308331969,0.1,0.2,0.1,0.0,40,40,1,1,1,0,38,0,1.0,1.0,0.0,1.0,1
4,904997587,0.1,0.2,0.1,0.0,40,40,1,0,0,0,38,1,,0.0,0.0,,1
5,2128626348,0.1,0.2,0.1,0.0,40,40,1,0,0,0,38,1,,0.0,0.0,,1
6,1234402299,0.1,0.2,0.1,0.0,40,40,0,0,0,0,39,0,,,0.0,,1
7,1822568212,0.1,0.2,0.1,0.0,40,40,2,1,1,0,37,1,1.0,0.5,0.0,0.6666666666666666,1
8,2138485656,0.1,0.2,0.1,0.0,40,40,0,0,0,0,39,0,,,0.0,,1
9,1364095658,0.1,0.2,0.1,0.0,40,40,0,0,0,0,39,0,,,0.0,,1
10,1080299939,0.1,0.2,0.1,0.0,40,40,1,1,1,0,38,0,1.0,1.0,0.0,1.0,1
11,1806420015,0.1,0.2,0.1,0.0,40,40,2,3,2,1,36,0,0.6666666666666666,1.0,0.02702702702702703,0.8,1
12,880957711,0.1,0.2,0.1,0.0,40,40,0,1,0,1,38,0,0.0,,0.02564102564102564,,1
13,1769911050,0.1,0.2,0.1,0.0,40,40,0,0,0,0,39,0,,,0.0,,1
14,86077470,0.1,0.2,0.1,0.0,40,40,0,0,0,0,39,0,,,0.0,,1
15,2017701528,0.1,0.2,0.1,0.0,40,40,0,0,0,0,39,0,,,0.0,,1
16,759129901,0.1,0.2,0.1,0.0,40,40,0,0,0,0,39,0,,,0.0,,1
17,938899003,0.1,0.2,0.1,0.0,40,40,0,0,0,0,39,0,,,0.0,,1
18,1941176562,0.1,0.2,0.1,0.0,40,40,2,1,1,0,37,1,1.0,0.5,0.0,0.6666666666666666,1
19,317204157,0.1,0.2,0.1,0.0,40,40,1,1,1,0,38,0,1.0,1.0,0.0,1.0,1
20,1809310236,0.1,0.2,0.1,0.0,40,40,0,0,0,0,39,0,,,0.0,,1
21,1280915368,0.1,0.2,0.1,0.0,40,40,0,0,0,0,39,0,,,0.0,,1
22,692026280,0.1,0.2,0.1,0.0,40,40,2,2,2,0,37,0,1.0,1.0,0.0,1.0,1
23,1353586485,0.1,0.2,0.1,0.0,40,40,0,0,0,0,39,0,,,0.0,,1
24,708173904,0.1,0.2,0.1,0.0,40,40,0,0,0,0,39,0,,,0.0,,1
25,1707497775,0.1,0.2,0.1,0.0,40,40,0,0,0,0,39,0,,,0.0,,1
26,1521306519,0.1,0.2,0.1,0.0,40,40,0,0,0,0,39,0,,,0.0,,1
27,1540684928,0.1,0.2,0.1,0.0,40,40,0,0,0,0,39,0,,,0.0,,1
28,1506806424,0.1,0.2,0.1,0.0,40,40,0,0,0,0,39,0,,,0.0,,1
29,2053047973,0.1,0.2,0.1,0.0,40,40,0,0,0,0,39,0,,,0.0,,1
30,1728793733,0.1,0.2,0.1,0.0,40,40,0,0,0,0,39,0,,,0.0,,1
31,914909442,0.1,0.2,0.1,0.0,40,40,0,1,0,1,38,0,0.0,,0.02564102564102564,,1
32,336875329,0.1,0.2,0.1,0.0,40,40,1,1,1,0,38,0,1.0,1.0,0.0,1.0,1
33,1299066364,0.1,0.2,0.1,0.0,40,40,1,0,0,0,38,1,,0.0,0.0,,1
34,770243748,0.1,0.2,0.1,0.0,40,40,1,0,0,0,38,1,,0.0,0.0,,1
35,1161556654,0.1,0.2,0.1,0.0,40,40,1,1,1,0,38,0,1.0,1.0,0.0,1.0,1
36,198477208,0.1,0.2,0.1,0.0,40,40,0,0,0,0,39,0,,,0.0,,1
37,1834537503,0.1,0.2,0.1,0.0,40,40,0,0,0,0,39,0,,,0.0,,1
38,567543608,0.1,0.2,0.1,0.0,40,40,0,0,0,0,39,0,,,0.0,,1
39,1697469599,0.1,0.2,0.1,0.0,40,40,0,0,0,0,39,0,,,0.0,,1
40,1019841000,0.1,0.2,0.1,0.0,40,40,0,0,0,0,39,0,,,0.0,,1
41,1870673622,0.1,0.2,0.1,0.0,40,40,0,0,0,0,39,0,,,0.0,,1
42,114494358,0.1,0.2,0.1,0.0,40,40,0,0,0,0,39,0,,,0.0,,1
43,1004930357,0.1,0.2,0.1,0.0,40,40,0,0,0,0,39,0,,,0.0,,1
44,130297517,0.1,0.2,0.1,0.0,40,40,1,1,1,0,38,0,1.0,1.0,0.0,1.0,1
45,1861438434,0.1,0.2,0.1,0.0,40,40,1,1,1,0,38,0,1.0,1.0,0.0,1.0,1
46,1159690148,0.1,0.2,0.1,0.0,40,40,1,0,0,0,38,1,,0.0,0.0,,1
47,468893596,0.1,0.2,0.1,0.0,40,40,0,0,0,0,39,0,,,0.0,,1
48,1371950262,0.1,0.2,0.1,0.0,40,40,0,0,0,0,39,0,,,0.0,,1
49,1005291074,0.1,0.2,0.1,0.0,40,40,0,0,0,0,39,0,,,0.0,,1
0,1778453090,0.1,0.2,0.1,0.1,20,20,0,3,0,3,16,0,0.0,,0.15789473684210525,,2
1,1296073586,0.1,0.2,0.1,0.1,20,20,0,9,0,9,10,0,0.0,,0.47368421052631576,,2
2,1533833383,0.1,0.2,0.1,0.1,20,20,1,5,1,4,14,0,0.2,1.0,0.2222222222222222,0.33333333333333337,2
3,430563326,0.1,0.2,0.1,0.1,20,20,0,5,0,5,14,0,0.0,,0.2631578947368421,,2
4,1813397872,0.1,0.2,0.1,0.1,20,20,2,8,1,7,10,1,0.125,0.5,0.4117647058823529,0.2,2
5,1403735688,0.1,0.2,0.1,0.1,20,20,1,6,1,5,13,0,0.16666666666666666,1.0,0.2777777777777778,0.2857142857142857,2
6,1819031028,0.1,0.2,0.1,0.1,20,20,0,5,0,5,14,0,0.0,,0.2631578947368421,,2
7,266122179,0.1,0.2,0.1,0.1,20,20,0,4,0,4,15,0,0.0,,0.21052631578947367,,2
8,1538765539,0.1,0.2,0.1,0.1,20,20,0,5,0,5,14,0,0.0,,0.2631578947368421,,2
9,1688125178,0.1,0.2,0.1,0.1,20,20,1,8,1,7,11,0,0.125,1.0,0.3888888888888889,0.2222222222222222,2
10,1220622018,0.1,0.2,0.1,0.1,20,20,1,4,0,4,14,1,0.0,0.0,0.2222222222222222,0.0,2
11,2064324441,0.1,0.2,0.1,0.1,20,20,2,3,1,2,15,1,0.3333333333333333,0.5,0.11764705882352941,0.4,2
12,1878942799,0.1,0.2,0.1,0.1,20,20,0,6,0,6,13,0,0.0,,0.3157894736842105,,2
13,63495386,0.1,0.2,0.1,0.1,20,20,0,5,0,5,14,0,0.0,,0.2631578947368421,,2
14,545826141,0.1,0.2,0.1,0.1,20,20,1,8,0,8,10,1,0.0,0.0,0.4444444444444444,0.0,2
15,1930182468,0.1,0.2,0.1,0.1,20,20,0,7,0,7,12,0,0.0,,0.3684210526315789,,2
16,1471278940,0.1,0.2,0.1,0.1,20,20,0,5,0,5,14,0,0.0,,0.2631578947368421,,2
17,1646927922,0.1,0.2,0.1,0.1,20,20,0,4,0,4,15,0,0.0,,0.21052631578947367,,2
18,1180636031,0.1,0.2,0.1,0.1,20,20,2,4,1,3,14,1,0.25,0.5,0.17647058823529413,0.3333333333333333,2
19,1498416876,0.1,0.2,0.1,0.1,20,20,2,8,2,6,11,0,0.25,1.0,0.35294117647058826,0.4,2
20,132628910,0.1,0.2,0.1,0.1,20,20,0,5,0,5,14,0,0.0,,0.2631578947368421,,2
21,198860679,0.1,0.2,0.1,0.1,20,20,1,4,1,3,15,0,0.25,1.0,0.16666666666666666,0.4,2
22,608124517,0.1,0.2,0.1,0.1,20,20,0,7,0,7,12,0,0.0,,0.3684210526315789,,2
23,1441580285,0.1,0.2,0.1,0.1,20,20,1,3,1,2,16,0,0.3333333333333333,1.0,0.1111111111111111,0.5,2
24,963274389,0.1,0.2,0.1,0.1,20,20,0,4,0,4,15,0,0.0,,0.21052631578947367,,2
25,235241185,0.1,0.2,0.1,0.1,20,20,0,5,0,5,14,0,0.0,,0.2631578947368421,,2
26,381520035,0.1,0.2,0.1,0.1,20,20,1,5,1,4,14,0,0.2,1.0,0.2222222222222222,0.33333333333333337,2
27,1090277038,0.1,0.2,0.1,0.1,20,20,0,7,0,7,12,0,0.0,,0.3684210526315789,,2
28,1307569330,0.1,0.2,0.1,0.1,20,20,1,6,0,6,12,1,0.0,0.0,0.3333333333333333,0.0,2
29,1320229732,0.1,0.2,0.1,0.1,20,20,0,3,0,3,16,0,0.0,,0.15789473684210525,,2
30,1619196013,0.1,0.2,0.1,0.1,20,20,0,5,0,5,14,0,0.0,,0.2631578947368421,,2
31,1708037070,0.1,0.2,0.1,0.1,20,20,0,9,0,9,10,0,0.0,,0.47368421052631576,,2
32,834279182,0.1,0.2,0.1,0.1,20,20,2,11,1,10,7,1,0.09090909090909091,0.5,0.5882352941176471,0.15384615384615385,2
33,1914225626,0.1,0.2,0.1,0.1,20,20,0,6,0,6,13,0,0.0,,0.3157894736842105,,2
34,658348529,0.1,0.2,0.1,0.1,20,20,1,2,0,2,16,1,0.0,0.0,0.1111111111111111,0.0,2
35,1422270540,0.1,0.2,0.1,0.1,20,20,1,9,0,9,9,1,0.0,0.0,0.5,0.0,2
36,1478957774,0.1,0.2,0.1,0.1,20,20,0,4,0,4,15,0,0.0,,0.21052631578947367,,2
37,1675604729,0.1,0.2,0.1,0.1,20,20,1,5,0,5,13,1,0.0,0.0,0.2777777777777778,0.0,2
38,1511794137,0.1,0.2,0.1,0.1,20,20,0,6,0,6,13,0,0.0,,0.3157894736842105,,2
39,1571649205,0.1,0.2,0.1,0.1,20,20,0,4,0,4,15,0,0.0,,0.21052631578947367,,2
40,872638314,0.1,0.2,0.1,0.1,20,20,0,3,0,3,16,0,0.0,,0.15789473684210525,,2
41,1757254007,0.1,0.2,0.1,0.1,20,20,0,8,0,8,11,0,0.0,,0.42105263157894735,,2
42,651043144,0.1,0.2,0.1,0.1,20,20,0,5,0,5,14,0,0.0,,0.2631578947368421,,2
43,424265003,0.1,0.2,0.1,0.1,20,20,0,8,0,8,11,0,0.0,,0.42105263157894735,,2
44,2068985937,0.1,0.2,0.1,0.1,20,20,1,4,0,4,14,1,0.0,0.0,0.2222222222222222,0.0,2
45,1453573821,0.1,0.2,0.1,0.1,20,20,1,9,0,9,9,1,0.0,0.0,0.5,0.0,2
46,1713292370,0.1,0.2,0.1,0.1,20,20,0,4,0,4,15,0,0.0,,0.21052631578947367,,2
47,337983612,0.1,0.2,0.1,0.1,20,20,0,8,0,8,11,0,0.0,,0.42105263157894735,,2
48,721714545,0.1,0.2,0.1,0.1,20,20,0,6,0,6,13,0,0.0,,0.3157894736842105,,2
49,1921641112,0.1,0.2,0.1,0.1,20,20,2,4,1,3,14,1,0.25,0.5,0.17647058823529413,0.3333333333333333,2
0,560494785,0.1,0.2,0.1,0.1,40,40,0,17,0,17,22,0,0.0,,0.4358974358974359,,3
1,1911014047,0.1,0.2,0.1,0.1,40,40,1,15,1,14,24,0,0.06666666666666667,1.0,0.3684210526315789,0.125,3
2,1878963715,0.1,0.2,0.1,0.1,40,40,1,18,1,17,21,0,0.05555555555555555,1.0,0.4473684210526316,0.10526315789473684,3
3,833072958,0.1,0.2,0.1,0.1,40,40,2,18,1,17,20,1,0.05555555555555555,0.5,0.4594594594594595,0.09999999999999999,3
4,112301314,0.1,0.2,0.1,0.1,40,40,1,16,1,15,23,0,0.0625,1.0,0.39473684210526316,0.11764705882352941,3
5,1902658666,0.1,0.2,0.1,0.1,40,40,0,22,0,22,17,0,0.0,,0.5641025641025641,,3
6,1308899199,0.1,0.2,0.1,0.1,40,40,0,14,0,14,25,0,0.0,,0.358974358974359,,3
7,71284433,0.1,0.2,0.1,0.1,40,40,0,18,0,18,21,0,0.0,,0.46153846153846156,,3
8,2145380984,0.1,0.2,0.1,0.1,40,40,0,10,0,10,29,0,0.0,,0.2564102564102564,,3
9,20913095,0.1,0.2,0.1,0.1,40,40,1,17,0,17,21,1,0.0,0.0,0.4473684210526316,0.0,3
10,1332800027,0.1,0.2,0.1,0.1,40,40,0,23,0,23,16,0,0.0,,0.5897435897435898,,3
11,1973966048,0.1,0.2,0.1,0.1,40,40,0,17,0,17,22,0,0.0,,0.4358974358974359,,3
12,2008568968,0.1,0.2,0.1,0.1,40,40,0,17,0,17,22,0,0.0,,0.4358974358974359,,3
13,1968535138,0.1,0.2,0.1,0.1,40,40,0,18,0,18,21,0,0.0,,0.46153846153846156,,3
14,2066072040,0.1,0.2,0.1,0.1,40,40,0,21,0,21,18,0,0.0,,0.5384615384615384,,3
15,695063271,0.1,0.2,0.1,0.1,40,40,1,16,1,15,23,0,0.0625,1.0,0.39473684210526316,0.11764705882352941,3
16,2038325710,0.1,0.2,0.1,0.1,40,40,0,16,0,16,23,0,0.0,,0.41025641025641024,,3
17,2005883403,0.1,0.2,0.1,0.1,40,40,2,19,1,18,19,1,0.05263157894736842,0.5,0.4864864864864865,0.09523809523809525,3
18,184177968,0.1,0.2,0.1,0.1,40,40,0,19,0,19,20,0,0.0,,0.48717948717948717,,3
19,623116863,0.1,0.2,0.1,0.1,40,40,0,17,0,17,22,0,0.0,,0.4358974358974359,,3
20,576064910,0.1,0.2,0.1,0.1,40,40,1,15,1,14,24,0,0.06666666666666667,1.0,0.3684210526315789,0.125,3
21,41916542,0.1,0.2,0.1,0.1,40,40,1,19,1,18,20,0,0.05263157894736842,1.0,0.47368421052631576,0.1,3
22,450862273,0.1,0.2,0.1,0.1,40,40,1,21,1,20,18,0,0.047619047619047616,1.0,0.5263157894736842,0.0909090909090909,3
23,1992759614,0.1,0.2,0.1,0.1,40,40,0,14,0,14,25,0,0.0,,0.358974358974359,,3
24,2129204255,0.1,0.2,0.1,0.1,40,40,0,16,0,16,23,0,0.0,,0.41025641025641024,,3
25,1228903895,0.1,0.2,0.1,0.1,40,40,0,18,0,18,21,0,0.0,,0.46153846153846156,,3
26,1226057749,0.1,0.2,0.1,0.1,40,40,1,15,1,14,24,0,0.06666666666666667,1.0,0.3684210526315789,0.125,3
27,617257420,0.1,0.2,0.1,0.1,40,40,0,10,0,10,29,0,0.0,,0.2564102564102564,,3
28,214085012,0.1,0.2,0.1,0.1,40,40,0,17,0,17,22,0,0.0,,0.4358974358974359,,3
29,319742750,0.1,0.2,0.1,0.1,40,40,1,18,0,18,20,1,0.0,0.0,0.47368421052631576,0.0,3
30,26239752,0.1,0.2,0.1,0.1,40,40,0,18,0,18,21,0,0.0,,0.46153846153846156,,3
31,1211669464,0.1,0.2,0.1,0.1,40,40,0,17,0,17,22,0,0.0,,0.4358974358974359,,3
32,130979062,0.1,0.2,0.1,0.1,40,40,0,12,0,12,27,0,0.0,,0.3076923076923077,,3
33,341964432,0.1,0.2,0.1,0.1,40,40,1,14,1,13,25,0,0.07142857142857142,1.0,0.34210526315789475,0.13333333333333333,3
34,2041571651,0.1,0.2,0.1,0.1,40,40,3,15,2,13,23,1,0.13333333333333333,0.6666666666666666,0.3611111111111111,0.2222222222222222,3
35,1144837778,0.1,0.2,0.1,0.1,40,40,1,19,1,18,20,0,0.05263157894736842,1.0,0.47368421052631576,0.1,3
36,140304656,0.1,0.2,0.1,0.1,40,40,1,22,1,21,17,0,0.045454545454545456,1.0,0.5526315789473685,0.08695652173913045,3
37,452201905,0.1,0.2,0.1,0.1,40,40,3,21,2,19,17,1,0.09523809523809523,0.6666666666666666,0.5277777777777778,0.16666666666666666,3
38,239835878,0.1,0.2,0.1,0.1,40,40,1,18,1,17,21,0,0.05555555555555555,1.0,0.4473684210526316,0.10526315789473684,3
39,338587302,0.1,0.2,0.1,0.1,40,40,1,20,1,19,19,0,0.05,1.0,0.5,0.09523809523809523,3
40,310143779,0.1,0.2,0.1,0.1,40,40,0,15,0,15,24,0,0.0,,0.38461538461538464,,3
41,229793209,0.1,0.2,0.1,0.1,40,40,0,16,0,16,23,0,0.0,,0.41025641025641024,,3
42,337237208,0.1,0.2,0.1,0.1,40,40,0,11,0,11,28,0,0.0,,0.28205128205128205,,3
43,592654303,0.1,0.2,0.1,0.1,40,40,1,14,1,13,25,0,0.07142857142857142,1.0,0.34210526315789475,0.13333333333333333,3
44,1269997257,0.1,0.2,0.1,0.1,40,40,0,22,0,22,17,0,0.0,,0.5641025641025641,,3
45,191844329,0.1,0.2,0.1,0.1,40,40,0,18,0,18,21,0,0.0,,0.46153846153846156,,3
46,1173680078,0.1,0.2,0.1,0.1,40,40,0,15,0,15,24,0,0.0,,0.38461538461538464,,3
47,121191698,0.1,0.2,0.1,0.1,40,40,0,21,0,21,18,0,0.0,,0.5384615384615384,,3
48,1881705990,0.1,0.2,0.1,0.1,40,40,1,21,1,20,18,0,0.047619047619047616,1.0,0.5263157894736842,0.0909090909090909,3
49,672673040,0.1,0.2,0.1,0.1,40,40,0,17,0,17,22,0,0.0,,0.4358974358974359,,3
0,1723241643,0.1,0.2,0.1,0.25,20,20,1,12,1,11,7,0,0.08333333333333333,1.0,0.6111111111111112,0.15384615384615385,4
1,2019195173,0.1,0.2,0.1,0.25,20,20,0,15,0,15,4,0,0.0,,0.7894736842105263,,4
2,1994438855,0.1,0.2,0.1,0.25,20,20,1,10,0,10,8,1,0.0,0.0,0.5555555555555556,0.0,4
3,1614472145,0.1,0.2,0.1,0.25,20,20,1,15,0,15,3,1,0.0,0.0,0.8333333333333334,0.0,4
4,446122326,0.1,0.2,0.1,0.25,20,20,1,13,1,12,6,0,0.07692307692307693,1.0,0.6666666666666666,0.14285714285714288,4
5,698140458,0.1,0.2,0.1,0.25,20,20,1,14,1,13,5,0,0.07142857142857142,1.0,0.7222222222222222,0.13333333333333333,4
6,1544098723,0.1,0.2,0.1,0.25,20,20,0,14,0,14,5,0,0.0,,0.7368421052631579,,4
7,1139952121,0.1,0.2,0.1,0.25,20,20,1,11,1,10,8,0,0.09090909090909091,1.0,0.5555555555555556,0.16666666666666669,4
8,874748641,0.1,0.2,0.1,0.25,20,20,0,15,0,15,4,0,0.0,,0.7894736842105263,,4
9,1130547550,0.1,0.2,0.1,0.25,20,20,0,10,0,10,9,0,0.0,,0.5263157894736842,,4
10,317427682,0.1,0.2,0.1,0.25,20,20,0,11,0,11,8,0,0.0,,0.5789473684210527,,4
11,163629530,0.1,0.2,0.1,0.25,20,20,2,10,1,9,8,1,0.1,0.5,0.5294117647058824,0.16666666666666669,4
12,1855359698,0.1,0.2,0.1,0.25,20,20,2,11,2,9,8,0,0.18181818181818182,1.0,0.5294117647058824,0.3076923076923077,4
13,427002965,0.1,0.2,0.1,0.25,20,20,2,12,2,10,7,0,0.16666666666666666,1.0,0.5882352941176471,0.2857142857142857,4
14,545599248,0.1,0.2,0.1,0.25,20,20,0,12,0,12,7,0,0.0,,0.631578947368421,,4
15,1002077732,0.1,0.2,0.1,0.25,20,20,0,14,0,14,5,0,0.0,,0.7368421052631579,,4
16,872285159,0.1,0.2,0.1,0.25,20,20,1,11,0,11,7,1,0.0,0.0,0.6111111111111112,0.0,4
17,1340237591,0.1,0.2,0.1,0.25,20,20,1,16,0,16,2,1,0.0,0.0,0.8888888888888888,0.0,4
18,1739540739,0.1,0.2,0.1,0.25,20,20,0,15,0,15,4,0,0.0,,0.7894736842105263,,4
19,1239599576,0.1,0.2,0.1,0.25,20,20,0,13,0,13,6,0,0.0,,0.6842105263157895,,4
20,643261323,0.1,0.2,0.1,0.25,20,20,0,14,0,14,5,0,0.0,,0.7368421052631579,,4
21,1873644742,0.1,0.2,0.1,0.25,20,20,1,14,0,14,4,1,0.0,0.0,0.7777777777777778,0.0,4
22,1013050606,0.1,0.2,0.1,0.25,20,20,1,11,1,10,8,0,0.09090909090909091,1.0,0.5555555555555556,0.16666666666666669,4
23,655314926,0.1,0.2,0.1,0.25,20,20,0,10,0,10,9,0,0.0,,0.5263157894736842,,4
24,1999059433,0.1,0.2,0.1,0.25,20,20,0,13,0,13,6,0,0.0,,0.6842105263157895,,4
25,225857611,0.1,0.2,0.1,0.25,20,20,0,10,0,10,9,0,0.0,,0.5263157894736842,,4
26,1385459197,0.1,0.2,0.1,0.25,20,20,1,16,1,15,3,0,0.0625,1.0,0.8333333333333334,0.11764705882352941,4
27,98545394,0.1,0.2,0.1,0.25,20,20,0,19,0,19,0,0,0.0,,1.0,,4
28,620331061,0.1,0.2,0.1,0.25,20,20,0,13,0,13,6,0,0.0,,0.6842105263157895,,4
29,1323542817,0.1,0.2,0.1,0.25,20,20,0,11,0,11,8,0,0.0,,0.5789473684210527,,4
30,178987114,0.1,0.2,0.1,0.25,20,20,0,17,0,17,2,0,0.0,,0.8947368421052632,,4
31,925815851,0.1,0.2,0.1,0.25,20,20,0,14,0,14,5,0,0.0,,0.7368421052631579,,4
32,411344884,0.1,0.2,0.1,0.25,20,20,1,10,0,10,8,1,0.0,0.0,0.5555555555555556,0.0,4
33,1862309009,0.1,0.2,0.1,0.25,20,20,0,10,0,10,9,0,0.0,,0.5263157894736842,,4
34,1142783938,0.1,0.2,0.1,0.25,20,20,0,11,0,11,8,0,0.0,,0.5789473684210527,,4
35,494494045,0.1,0.2,0.1,0.25,20,20,0,12,0,12,7,0,0.0,,0.631578947368421,,4
36,1372681071,0.1,0.2,0.1,0.25,20,20,0,14,0,14,5,0,0.0,,0.7368421052631579,,4
37,656688977,0.1,0.2,0.1,0.25,20,20,0,16,0,16,3,0,0.0,,0.8421052631578947,,4
38,1378478481,0.1,0.2,0.1,0.25,20,20,1,13,1,12,6,0,0.07692307692307693,1.0,0.6666666666666666,0.14285714285714288,4
39,1489231329,0.1,0.2,0.1,0.25,20,20,0,16,0,16,3,0,0.0,,0.8421052631578947,,4
40,502075391,0.1,0.2,0.1,0.25,20,20,1,16,1,15,3,0,0.0625,1.0,0.8333333333333334,0.11764705882352941,4
41,1067660514,0.1,0.2,0.1,0.25,20,20,0,14,0,14,5,0,0.0,,0.7368421052631579,,4
42,1726733383,0.1,0.2,0.1,0.25,20,20,0,16,0,16,3,0,0.0,,0.8421052631578947,,4
43,1769456982,0.1,0.2,0.1,0.25,20,20,0,14,0,14,5,0,0.0,,0.7368421052631579,,4
44,863653320,0.1,0.2,0.1,0.25,20,20,0,15,0,15,4,0,0.0,,0.7894736842105263,,4
45,736099980,0.1,0.2,0.1,0.25,20,20,1,15,1,14,4,0,0.06666666666666667,1.0,0.7777777777777778,0.125,4
46,682629308,0.1,0.2,0.1,0.25,20,20,0,15,0,15,4,0,0.0,,0.7894736842105263,,4
47,995557851,0.1,0.2,0.1,0.25,20,20,0,14,0,14,5,0,0.0,,0.7368421052631579,,4
48,1617559305,0.1,0.2,0.1,0.25,20,20,0,11,0,11,8,0,0.0,,0.5789473684210527,,4
49,431765160,0.1,0.2,0.1,0.25,20,20,0,14,0,14,5,0,0.0,,0.7368421052631579,,4
0,2145401318,0.1,0.2,0.1,0.25,40,40,0,30,0,30,9,0,0.0,,0.7692307692307693,,5
1,1674345594,0.1,0.2,0.1,0.25,40,40,1,35,1,34,4,0,0.02857142857142857,1.0,0.8947368421052632,0.05555555555555556,5
2,761279891,0.1,0.2,0.1,0.25,40,40,1,32,1,31,7,0,0.03125,1.0,0.8157894736842105,0.06060606060606061,5
3,2017206007,0.1,0.2,0.1,0.25,40,40,0,33,0,33,6,0,0.0,,0.8461538461538461,,5
4,1270906869,0.1,0.2,0.1,0.25,40,40,0,26,0,26,13,0,0.0,,0.6666666666666666,,5
5,1438101570,0.1,0.2,0.1,0.25,40,40,1,30,1,29,9,0,0.03333333333333333,1.0,0.7631578947368421,0.06451612903225806,5
6,2077740831,0.1,0.2,0.1,0.25,40,40,1,32,1,31,7,0,0.03125,1.0,0.8157894736842105,0.06060606060606061,5
7,1390096793,0.1,0.2,0.1,0.25,40,40,0,24,0,24,15,0,0.0,,0.6153846153846154,,5
8,859733106,0.1,0.2,0.1,0.25,40,40,1,34,1,33,5,0,0.029411764705882353,1.0,0.868421052631579,0.05714285714285715,5
9,1233640465,0.1,0.2,0.1,0.25,40,40,0,24,0,24,15,0,0.0,,0.6153846153846154,,5
10,64336258,0.1,0.2,0.1,0.25,40,40,0,33,0,33,6,0,0.0,,0.8461538461538461,,5
11,2014181733,0.1,0.2,0.1,0.25,40,40,1,31,0,31,7,1,0.0,0.0,0.8157894736842105,0.0,5
12,1751978551,0.1,0.2,0.1,0.25,40,40,0,30,0,30,9,0,0.0,,0.7692307692307693,,5
13,1536612439,0.1,0.2,0.1,0.25,40,40,0,28,0,28,11,0,0.0,,0.717948717948718,,5
14,814908030,0.1,0.2,0.1,0.25,40,40,0,30,0,30,9,0,0.0,,0.7692307692307693,,5
15,1089463813,0.1,0.2,0.1,0.25,40,40,0,34,0,34,5,0,0.0,,0.8717948717948718,,5
16,1673709518,0.1,0.2,0.1,0.25,40,40,1,31,1,30,8,0,0.03225806451612903,1.0,0.7894736842105263,0.0625,5
17,269730815,0.1,0.2,0.1,0.25,40,40,2,28,1,27,10,1,0.03571428571428571,0.5,0.7297297297297297,0.06666666666666667,5
18,459206945,0.1,0.2,0.1,0.25,40,40,1,27,1,26,12,0,0.037037037037037035,1.0,0.6842105263157895,0.07142857142857142,5
19,44904201,0.1,0.2,0.1,0.25,40,40,1,29,0,29,9,1,0.0,0.0,0.7631578947368421,0.0,5
20,1028079562,0.1,0.2,0.1,0.25,40,40,0,27,0,27,12,0,0.0,,0.6923076923076923,,5
21,1857969023,0.1,0.2,0.1,0.25,40,40,0,29,0,29,10,0,0.0,,0.7435897435897436,,5
22,89910815,0.1,0.2,0.1,0.25,40,40,0,33,0,33,6,0,0.0,,0.8461538461538461,,5
23,1053723744,0.1,0.2,0.1,0.25,40,40,1,28,1,27,11,0,0.03571428571428571,1.0,0.7105263157894737,0.0689655172413793,5
24,646142173,0.1,0.2,0.1,0.25,40,40,1,28,0,28,10,1,0.0,0.0,0.7368421052631579,0.0,5
25,1740330889,0.1,0.2,0.1,0.25,40,40,1,27,1,26,12,0,0.037037037037037035,1.0,0.6842105263157895,0.07142857142857142,5
26,1528135006,0.1,0.2,0.1,0.25,40,40,2,27,1,26,11,1,0.037037037037037035,0.5,0.7027027027027027,0.06896551724137931,5
27,931424579,0.1,0.2,0.1,0.25,40,40,3,26,3,23,13,0,0.11538461538461539,1.0,0.6388888888888888,0.20689655172413793,5
28,681849341,0.1,0.2,0.1,0.25,40,40,0,32,0,32,7,0,0.0,,0.8205128205128205,,5
29,351035726,0.1,0.2,0.1,0.25,40,40,1,26,1,25,13,0,0.038461538461538464,1.0,0.6578947368421053,0.07407407407407407,5
30,115566131,0.1,0.2,0.1,0.25,40,40,0,31,0,31,8,0,0.0,,0.7948717948717948,,5
31,2056927837,0.1,0.2,0.1,0.25,40,40,2,32,2,30,7,0,0.0625,1.0,0.8108108108108109,0.11764705882352941,5
32,1009270743,0.1,0.2,0.1,0.25,40,40,1,31,1,30,8,0,0.03225806451612903,1.0,0.7894736842105263,0.0625,5
33,2135643615,0.1,0.2,0.1,0.25,40,40,1,30,1,29,9,0,0.03333333333333333,1.0,0.7631578947368421,0.06451612903225806,5
34,1955281410,0.1,0.2,0.1,0.25,40,40,0,30,0,30,9,0,0.0,,0.7692307692307693,,5
35,749252620,0.1,0.2,0.1,0.25,40,40,0,28,0,28,11,0,0.0,,0.717948717948718,,5
36,961310987,0.1,0.2,0.1,0.25,40,40,0,30,0,30,9,0,0.0,,0.7692307692307693,,5
37,732381694,0.1,0.2,0.1,0.25,40,40,1,28,1,27,11,0,0.03571428571428571,1.0,0.7105263157894737,0.0689655172413793,5
38,1186429678,0.1,0.2,0.1,0.25,40,40,0,28,0,28,11,0,0.0,,0.717948717948718,,5
39,799033446,0.1,0.2,0.1,0.25,40,40,0,31,0,31,8,0,0.0,,0.7948717948717948,,5
40,1351903961,0.1,0.2,0.1,0.25,40,40,1,30,1,29,9,0,0.03333333333333333,1.0,0.7631578947368421,0.06451612903225806,5
41,2116775568,0.1,0.2,0.1,0.25,40,40,0,30,0,30,9,0,0.0,,0.7692307692307693,,5
42,1945373537,0.1,0.2,0.1,0.25,40,40,1,29,1,28,10,0,0.034482758620689655,1.0,0.7368421052631579,0.06666666666666667,5
43,1176056943,0.1,0.2,0.1,0.25,40,40,0,29,0,29,10,0,0.0,,0.7435897435897436,,5
44,322480713,0.1,0.2,0.1,0.25,40,40,1,29,1,28,10,0,0.034482758620689655,1.0,0.7368421052631579,0.06666666666666667,5
45,1591697581,0.1,0.2,0.1,0.25,40,40,0,35,0,35,4,0,0.0,,0.8974358974358975,,5
46,1122310088,0.1,0.2,0.1,0.25,40,40,1,29,1,28,10,0,0.034482758620689655,1.0,0.7368421052631579,0.06666666666666667,5
47,2110191625,0.1,0.2,0.1,0.25,40,40,0,24,0,24,15,0,0.0,,0.6153846153846154,,5
48,81989145,0.1,0.2,0.1,0.25,40,40,1,28,0,28,10,1,0.0,0.0,0.7368421052631579,0.0,5
49,486353643,0.1,0.2,0.1,0.25,40,40,1,27,1,26,12,0,0.037037037037037035,1.0,0.6842105263157895,0.07142857142857142,5
0,200353546,0.1,0.2,0.2,0.0,20,20,1,0,0,0,18,1,,0.0,0.0,,6
1,1385309477,0.1,0.2,0.2,0.0,20,20,0,0,0,0,19,0,,,0.0,,6
2,651035196,0.1,0.2,0.2,0.0,20,20,0,0,0,0,19,0,,,0.0,,6
3,625164875,0.1,0.2,0.2,0.0,20,20,0,0,0,0,19,0,,,0.0,,6
4,2035418180,0.1,0.2,0.2,0.0,20,20,0,0,0,0,19,0,,,0.0,,6
5,448545489,0.1,0.2,0.2,0.0,20,20,1,0,0,0,18,1,,0.0,0.0,,6
6,1443063729,0.1,0.2,0.2,0.0,20,20,0,0,0,0,19,0,,,0.0,,6
7,75314522,0.1,0.2,0.2,0.0,20,20,3,1,1,0,16,2,1.0,0.3333333333333333,0.0,0.5,6
8,1433706173,0.1,0.2,0.2,0.0,20,20,0,0,0,0,19,0,,,0.0,,6
9,1751524696,0.1,0.2,0.2,0.0,20,20,0,0,0,0,19,0,,,0.0,,6
10,1715075858,0.1,0.2,0.2,0.0,20,20,0,0,0,0,19,0,,,0.0,,6
11,977679802,0.1,0.2,0.2,0.0,20,20,0,0,0,0,19,0,,,0.0,,6
12,70885524,0.1,0.2,0.2,0.0,20,20,0,0,0,0,19,0,,,0.0,,6
13,1518813682,0.1,0.2,0.2,0.0,20,20,2,0,0,0,17,2,,0.0,0.0,,6
14,1998951548,0.1,0.2,0.2,0.0,20,20,1,0,0,0,18,1,,0.0,0.0,,6
15,796679289,0.1,0.2,0.2,0.0,20,20,1,1,1,0,18,0,1.0,1.0,0.0,1.0,6
16,2028338092,0.1,0.2,0.2,0.0,20,20,0,0,0,0,19,0,,,0.0,,6
17,1649309510,0.1,0.2,0.2,0.0,20,20,0,0,0,0,19,0,,,0.0,,6
18,1803387642,0.1,0.2,0.2,0.0,20,20,2,1,1,0,17,1,1.0,0.5,0.0,0.6666666666666666,6
19,1184166649,0.1,0.2,0.2,0.0,20,20,1,0,0,0,18,1,,0.0,0.0,,6
20,1862558155,0.1,0.2,0.2,0.0,20,20,1,0,0,0,18,1,,0.0,0.0,,6
21,820435274,0.1,0.2,0.2,0.0,20,20,0,0,0,0,19,0,,,0.0,,6
22,1434997207,0.1,0.2,0.2,0.0,20,20,0,0,0,0,19,0,,,0.0,,6
23,2017488965,0.1,0.2,0.2,0.0,20,20,0,0,0,0,19,0,,,0.0,,6
24,1546850407,0.1,0.2,0.2,0.0,20,20,0,0,0,0,19,0,,,0.0,,6
25,969589445,0.1,0.2,0.2,0.0,20,20,1,0,0,0,18,1,,0.0,0.0,,6
26,519506155,0.1,0.2,0.2,0.0,20,20,0,0,0,0,19,0,,,0.0,,6
27,403550687,0.1,0.2,0.2,0.0,20,20,0,0,0,0,19,0,,,0.0,,6
28,881413515,0.1,0.2,0.2,0.0,20,20,1,0,0,0,18,1,,0.0,0.0,,6
29,1169754123,0.1,0.2,0.2,0.0,20,20,1,0,0,0,18,1,,0.0,0.0,,6
30,1317763659,0.1,0.2,0.2,0.0,20,20,0,0,0,0,19,0,,,0.0,,6
31,195424713,0.1,0.2,0.2,0.0,20,20,0,0,0,0,19,0,,,0.0,,6
32,1178664293,0.1,0.2,0.2,0.0,20,20,1,0,0,0,18,1,,0.0,0.0,,6
33,460495726,0.1,0.2,0.2,0.0,20,20,2,1,1,0,17,1,1.0,0.5,0.0,0.6666666666666666,6
34,1703451034,0.1,0.2,0.2,0.0,20,20,0,0,0,0,19,0,,,0.0,,6
35,714289147,0.1,0.2,0.2,0.0,20,20,0,0,0,0,19,0,,,0.0,,6
36,1201327347,0.1,0.2,0.2,0.0,20,20,0,0,0,0,19,0,,,0.0,,6
37,1866261120,0.1,0.2,0.2,0.0,20,20,1,0,0,0,18,1,,0.0,0.0,,6
38,1620386227,0.1,0.2,0.2,0.0,20,20,1,0,0,0,18,1,,0.0,0.0,,6
39,2063087927,0.1,0.2,0.2,0.0,20,20,3,0,0,0,16,3,,0.0,0.0,,6
40,1823379478,0.1,0.2,0.2,0.0,20,20,2,0,0,0,17,2,,0.0,0.0,,6
41,1453822886,0.1,0.2,0.2,0.0,20,20,0,0,0,0,19,0,,,0.0,,6
42,1888005180,0.1,0.2,0.2,0.0,20,20,0,0,0,0,19,0,,,0.0,,6
43,1625512116,0.1,0.2,0.2,0.0,20,20,0,0,0,0,19,0,,,0.0,,6
44,1804851365,0.1,0.2,0.2,0.0,20,20,0,0,0,0,19,0,,,0.0,,6
45,1930442543,0.1,0.2,0.2,0.0,20,20,0,0,0,0,19,0,,,0.0,,6
46,1160900507,0.1,0.2,0.2,0.0,20,20,0,1,0,1,18,0,0.0,,0.05263157894736842,,6
47,522158020,0.1,0.2,0.2,0.0,20,20,1,1,1,0,18,0,1.0,1.0,0.0,1.0,6
48,2006166733,0.1,0.2,0.2,0.0,20,20,0,0,0,0,19,0,,,0.0,,6
49,1596699607,0.1,0.2,0.2,0.0,20,20,1,0,0,0,18,1,,0.0,0.0,,6
0,1045637268,0.1,0.2,0.2,0.0,40,40,1,0,0,0,38,1,,0.0,0.0,,7
1,1384114118,0.1,0.2,0.2,0.0,40,40,0,0,0,0,39,0,,,0.0,,7
2,1487335649,0.1,0.2,0.2,0.0,40,40,0,0,0,0,39,0,,,0.0,,7
3,801374986,0.1,0.2,0.2,0.0,40,40,1,0,0,0,38,1,,0.0,0.0,,7
4,1901119526,0.1,0.2,0.2,0.0,40,40,0,0,0,0,39,0,,,0.0,,7
5,316980720,0.1,0.2,0.2,0.0,40,40,0,0,0,0,39,0,,,0.0,,7
6,1157370368,0.1,0.2,0.2,0.0,40,40,2,1,1,0,37,1,1.0,0.5,0.0,0.6666666666666666,7
7,1694283201,0.1,0.2,0.2,0.0,40,40,0,0,0,0,39,0,,,0.0,,7
8,1142590330,0.1,0.2,0.2,0.0,40,40,2,1,1,0,37,1,1.0,0.5,0.0,0.6666666666666666,7
9,1090639723,0.1,0.2,0.2,0.0,40,40,0,0,0,0,39,0,,,0.0,,7
10,1028528857,0.1,0.2,0.2,0.0,40,40,0,0,0,0,39,0,,,0.0,,7
11,1884768213,0.1,0.2,0.2,0.0,40,40,0,0,0,0,39,0,,,0.0,,7
12,1094847677,0.1,0.2,0.2,0.0,40,40,0,0,0,0,39,0,,,0.0,,7
13,2129730193,0.1,0.2,0.2,0.0,40,40,0,0,0,0,39,0,,,0.0,,7
14,821552446,0.1,0.2,0.2,0.0,40,40,0,0,0,0,39,0,,,0.0,,7
15,586571733,0.1,0.2,0.2,0.0,40,40,0,0,0,0,39,0,,,0.0,,7
16,870431639,0.1,0.2,0.2,0.0,40,40,0,0,0,0,39,0,,,0.0,,7
17,1774469138,0.1,0.2,0.2,0.0,40,40,0,0,0,0,39,0,,,0.0,,7
18,324199543,0.1,0.2,0.2,0.0,40,40,0,0,0,0,39,0,,,0.0,,7
19,2072172310,0.1,0.2,0.2,0.0,40,40,0,0,0,0,39,0,,,0.0,,7
20,296643392,0.1,0.2,0.2,0.0,40,40,1,0,0,0,38,1,,0.0,0.0,,7
21,645444368,0.1,0.2,0.2,0.0,40,40,1,0,0,0,38,1,,0.0,0.0,,7
22,350002407,0.1,0.2,0.2,0.0,40,40,0,0,0,0,39,0,,,0.0,,7
23,789662473,0.1,0.2,0.2,0.0,40,40,0,0,0,0,39,0,,,0.0,,7
24,867379935,0.1,0.2,0.2,0.0,40,40,0,0,0,0,39,0,,,0.0,,7
25,769343181,0.1,0.2,0.2,0.0,40,40,1,1,1,0,38,0,1.0,1.0,0.0,1.0,7
26,1971939355,0.1,0.2,0.2,0.0,40,40,1,0,0,0,38,1,,0.0,0.0,,7
27,729795880,0.1,0.2,0.2,0.0,40,40,1,0,0,0,38,1,,0.0,0.0,,7
28,141720736,0.1,0.2,0.2,0.0,40,40,0,0,0,0,39,0,,,0.0,,7
29,1155710214,0.1,0.2,0.2,0.0,40,40,0,0,0,0,39,0,,,0.0,,7
30,1651584318,0.1,0.2,0.2,0.0,40,40,0,0,0,0,39,0,,,0.0,,7
31,1120099914,0.1,0.2,0.2,0.0,40,40,0,0,0,0,39,0,,,0.0,,7
32,796760690,0.1,0.2,0.2,0.0,40,40,0,0,0,0,39,0,,,0.0,,7
33,1234866169,0.1,0.2,0.2,0.0,40,40,0,0,0,0,39,0,,,0.0,,7
34,1636047829,0.1,0.2,0.2,0.0,40,40,2,1,1,0,37,1,1.0,0.5,0.0,0.6666666666666666,7
35,4375131,0.1,0.2,0.2,0.0,40,40,0,0,0,0,39,0,,,0.0,,7
36,799839077,0.1,0.2,0.2,0.0,40,40,0,0,0,0,39,0,,,0.0,,7
37,407517229,0.1,0.2,0.2,0.0,40,40,0,0,0,0,39,0,,,0.0,,7
38,1318838323,0.1,0.2,0.2,0.0,40,40,0,0,0,0,39,0,,,0.0,,7
39,416323107,0.1,0.2,0.2,0.0,40,40,2,0,0,0,37,2,,0.0,0.0,,7
40,569811248,0.1,0.2,0.2,0.0,40,40,1,1,1,0,38,0,1.0,1.0,0.0,1.0,7
41,2117093509,0.1,0.2,0.2,0.0,40,40,0,0,0,0,39,0,,,0.0,,7
42,189929598,0.1,0.2,0.2,0.0,40,40,0,0,0,0,39,0,,,0.0,,7
43,802720441,0.1,0.2,0.2,0.0,40,40,1,0,0,0,38,1,,0.0,0.0,,7
44,650194439,0.1,0.2,0.2,0.0,40,40,0,0,0,0,39,0,,,0.0,,7
45,1620966040,0.1,0.2,0.2,0.0,40,40,2,0,0,0,37,2,,0.0,0.0,,7
46,1529632240,0.1,0.2,0.2,0.0,40,40,0,0,0,0,39,0,,,0.0,,7
47,71321665,0.1,0.2,0.2,0.0,40,40,1,0,0,0,38,1,,0.0,0.0,,7
48,1123419013,0.1,0.2,0.2,0.0,40,40,1,0,0,0,38,1,,0.0,0.0,,7
49,1833335051,0.1,0.2,0.2,0.0,40,40,1,0,0,0,38,1,,0.0,0.0,,7
0,1868051232,0.1,0.2,0.2,0.1,20,20,0,0,0,0,19,0,,,0.0,,8
1,1120344392,0.1,0.2,0.2,0.1,20,20,2,2,2,0,17,0,1.0,1.0,0.0,1.0,8
2,1172432074,0.1,0.2,0.2,0.1,20,20,2,3,1,2,15,1,0.3333333333333333,0.5,0.11764705882352941,0.4,8
3,1339139287,0.1,0.2,0.2,0.1,20,20,0,1,0,1,18,0,0.0,,0.05263157894736842,,8
4,1848170122,0.1,0.2,0.2,0.1,20,20,0,2,0,2,17,0,0.0,,0.10526315789473684,,8
5,891043571,0.1,0.2,0.2,0.1,20,20,0,2,0,2,17,0,0.0,,0.10526315789473684,,8
6,1995226104,0.1,0.2,0.2,0.1,20,20,1,1,0,1,17,1,0.0,0.0,0.05555555555555555,0.0,8
7,541172159,0.1,0.2,0.2,0.1,20,20,0,1,0,1,18,0,0.0,,0.05263157894736842,,8
8,787229490,0.1,0.2,0.2,0.1,20,20,0,4,0,4,15,0,0.0,,0.21052631578947367,,8
9,1128263256,0.1,0.2,0.2,0.1,20,20,1,1,0,1,17,1,0.0,0.0,0.05555555555555555,0.0,8
10,140893125,0.1,0.2,0.2,0.1,20,20,1,3,0,3,15,1,0.0,0.0,0.16666666666666666,0.0,8
11,1710950278,0.1,0.2,0.2,0.1,20,20,1,0,0,0,18,1,,0.0,0.0,,8
12,1705881719,0.1,0.2,0.2,0.1,20,20,1,0,0,0,18,1,,0.0,0.0,,8
13,1467318279,0.1,0.2,0.2,0.1,20,20,1,2,1,1,17,0,0.5,1.0,0.05555555555555555,0.6666666666666666,8
14,1046920174,0.1,0.2,0.2,0.1,20,20,0,0,0,0,19,0,,,0.0,,8
15,1156323120,0.1,0.2,0.2,0.1,20,20,1,3,0,3,15,1,0.0,0.0,0.16666666666666666,0.0,8
16,2029427528,0.1,0.2,0.2,0.1,20,20,0,1,0,1,18,0,0.0,,0.05263157894736842,,8
17,84960066,0.1,0.2,0.2,0.1,20,20,1,1,1,0,18,0,1.0,1.0,0.0,1.0,8
18,1923253463,0.1,0.2,0.2,0.1,20,20,2,3,0,3,14,2,0.0,0.0,0.17647058823529413,0.0,8
19,397039213,0.1,0.2,0.2,0.1,20,20,0,0,0,0,19,0,,,0.0,,8
20,328534099,0.1,0.2,0.2,0.1,20,20,1,4,1,3,15,0,0.25,1.0,0.16666666666666666,0.4,8
21,1013933824,0.1,0.2,0.2,0.1,20,20,0,1,0,1,18,0,0.0,,0.05263157894736842,,8
22,1647957742,0.1,0.2,0.2,0.1,20,20,1,2,0,2,16,1,0.0,0.0,0.1111111111111111,0.0,8
23,1382805596,0.1,0.2,0.2,0.1,20,20,0,3,0,3,16,0,0.0,,0.15789473684210525,,8
24,474288824,0.1,0.2,0.2,0.1,20,20,1,3,1,2,16,0,0.3333333333333333,1.0,0.1111111111111111,0.5,8
25,12445581,0.1,0.2,0.2,0.1,20,20,0,1,0,1,18,0,0.0,,0.05263157894736842,,8
26,2108436009,0.1,0.2,0.2,0.1,20,20,1,2,0,2,16,1,0.0,0.0,0.1111111111111111,0.0,8
27,1676726139,0.1,0.2,0.2,0.1,20,20,1,1,0,1,17,1,0.0,0.0,0.05555555555555555,0.0,8
28,1544959251,0.1,0.2,0.2,0.1,20,20,0,2,0,2,17,0,0.0,,0.10526315789473684,,8
29,1682442020,0.1,0.2,0.2,0.1,20,20,1,5,0,5,13,1,0.0,0.0,0.2777777777777778,0.0,8
30,1891405426,0.1,0.2,0.2,0.1,20,20,0,2,0,2,17,0,0.0,,0.10526315789473684,,8
31,990824004,0.1,0.2,0.2,0.1,20,20,0,1,0,1,18,0,0.0,,0.05263157894736842,,8
32,817249958,0.1,0.2,0.2,0.1,20,20,0,2,0,2,17,0,0.0,,0.10526315789473684,,8
33,384117659,0.1,0.2,0.2,0.1,20,20,1,3,0,3,15,1,0.0,0.0,0.16666666666666666,0.0,8
34,747951984,0.1,0.2,0.2,0.1,20,20,0,0,0,0,19,0,,,0.0,,8
35,1160670869,0.1,0.2,0.2,0.1,20,20,0,1,0,1,18,0,0.0,,0.05263157894736842,,8
36,1207485801,0.1,0.2,0.2,0.1,20,20,3,4,0,4,12,3,0.0,0.0,0.25,0.0,8
37,421873704,0.1,0.2,0.2,0.1,20,20,1,1,1,0,18,0,1.0,1.0,0.0,1.0,8
38,834425929,0.1,0.2,0.2,0.1,20,20,1,0,0,0,18,1,,0.0,0.0,,8
39,2107680101,0.1,0.2,0.2,0.1,20,20,1,1,0,1,17,1,0.0,0.0,0.05555555555555555,0.0,8
40,1851795826,0.1,0.2,0.2,0.1,20,20,0,3,0,3,16,0,0.0,,0.15789473684210525,,8
41,762241046,0.1,0.2,0.2,0.1,20,20,0,2,0,2,17,0,0.0,,0.10526315789473684,,8
42,831981132,0.1,0.2,0.2,0.1,20,20,0,3,0,3,16,0,0.0,,0.15789473684210525,,8
43,494407381,0.1,0.2,0.2,0.1,20,20,1,1,0,1,17,1,0.0,0.0,0.05555555555555555,0.0,8
44,144655968,0.1,0.2,0.2,0.1,20,20,0,1,0,1,18,0,0.0,,0.05263157894736842,,8
45,1329808150,0.1,0.2,0.2,0.1,20,20,1,0,0,0,18,1,,0.0,0.0,,8
46,818558527,0.1,0.2,0.2,0.1,20,20,0,0,0,0,19,0,,,0.0,,8
47,987388803,0.1,0.2,0.2,0.1,20,20,1,4,0,4,14,1,0.0,0.0,0.2222222222222222,0.0,8
48,1229168503,0.1,0.2,0.2,0.1,20,20,0,3,0,3,16,0,0.0,,0.15789473684210525,,8
49,1534602796,0.1,0.2,0.2,0.1,20,20,0,3,0,3,16,0,0.0,,0.15789473684210525,,8
0,374628887,0.1,0.2,0.2,0.1,40,40,0,11,0,11,28,0,0.0,,0.28205128205128205,,9
1,1960965854,0.1,0.2,0.2,0.1,40,40,0,11,0,11,28,0,0.0,,0.28205128205128205,,9
2,1309131278,0.1,0.2,0.2,0.1,40,40,0,7,0,7,32,0,0.0,,0.1794871794871795,,9
3,1338846129,0.1,0.2,0.2,0.1,40,40,1,14,0,14,24,1,0.0,0.0,0.3684210526315789,0.0,9
4,1205407964,0.1,0.2,0.2,0.1,40,40,1,6,0,6,32,1,0.0,0.0,0.15789473684210525,0.0,9
5,726732666,0.1,0.2,0.2,0.1,40,40,2,7,0,7,30,2,0.0,0.0,0.1891891891891892,0.0,9
6,884982459,0.1,0.2,0.2,0.1,40,40,0,6,0,6,33,0,0.0,,0.15384615384615385,,9
7,1897363565,0.1,0.2,0.2,0.1,40,40,0,4,0,4,35,0,0.0,,0.10256410256410256,,9
8,1532565874,0.1,0.2,0.2,0.1,40,40,0,11,0,11,28,0,0.0,,0.28205128205128205,,9
9,2056595287,0.1,0.2,0.2,0.1,40,40,0,11,0,11,28,0,0.0,,0.28205128205128205,,9
10,1020757882,0.1,0.2,0.2,0.1,40,40,0,8,0,8,31,0,0.0,,0.20512820512820512,,9
11,1117342348,0.1,0.2,0.2,0.1,40,40,0,1,0,1,38,0,0.0,,0.02564102564102564,,9
12,299296125,0.1,0.2,0.2,0.1,40,40,2,9,2,7,30,0,0.2222222222222222,1.0,0.1891891891891892,0.3636363636363636,9
13,1505798000,0.1,0.2,0.2,0.1,40,40,1,8,1,7,31,0,0.125,1.0,0.18421052631578946,0.2222222222222222,9
14,694176524,0.1,0.2,0.2,0.1,40,40,0,5,0,5,34,0,0.0,,0.1282051282051282,,9
15,1576770825,0.1,0.2,0.2,0.1,40,40,0,9,0,9,30,0,0.0,,0.23076923076923078,,9
16,593309600,0.1,0.2,0.2,0.1,40,40,0,10,0,10,29,0,0.0,,0.2564102564102564,,9
17,1963737677,0.1,0.2,0.2,0.1,40,40,0,8,0,8,31,0,0.0,,0.20512820512820512,,9
18,221279230,0.1,0.2,0.2,0.1,40,40,0,10,0,10,29,0,0.0,,0.2564102564102564,,9
19,887081566,0.1,0.2,0.2,0.1,40,40,2,7,1,6,31,1,0.14285714285714285,0.5,0.16216216216216217,0.22222222222222224,9
20,1496636746,0.1,0.2,0.2,0.1,40,40,1,6,0,6,32,1,0.0,0.0,0.15789473684210525,0.0,9
21,1292749312,0.1,0.2,0.2,0.1,40,40,0,7,0,7,32,0,0.0,,0.1794871794871795,,9
22,1788135840,0.1,0.2,0.2,0.1,40,40,1,5,0,5,33,1,0.0,0.0,0.13157894736842105,0.0,9
23,991068609,0.1,0.2,0.2,0.1,40,40,1,10,0,10,28,1,0.0,0.0,0.2631578947368421,0.0,9
24,813491836,0.1,0.2,0.2,0.1,40,40,0,6,0,6,33,0,0.0,,0.15384615384615385,,9
25,96879006,0.1,0.2,0.2,0.1,40,40,1,6,0,6,32,1,0.0,0.0,0.15789473684210525,0.0,9
26,1101742824,0.1,0.2,0.2,0.1,40,40,0,3,0,3,36,0,0.0,,0.07692307692307693,,9
27,1629431155,0.1,0.2,0.2,0.1,40,40,1,3,0,3,35,1,0.0,0.0,0.07894736842105263,0.0,9
28,624723412,0.1,0.2,0.2,0.1,40,40,0,9,0,9,30,0,0.0,,0.23076923076923078,,9
29,1777148520,0.1,0.2,0.2,0.1,40,40,1,12,1,11,27,0,0.08333333333333333,1.0,0.2894736842105263,0.15384615384615385,9
30,409444600,0.1,0.2,0.2,0.1,40,40,0,8,0,8,31,0,0.0,,0.20512820512820512,,9
31,1581753705,0.1,0.2,0.2,0.1,40,40,0,6,0,6,33,0,0.0,,0.15384615384615385,,9
32,1308448424,0.1,0.2,0.2,0.1,40,40,3,12,2,10,26,1,0.16666666666666666,0.6666666666666666,0.2777777777777778,0.26666666666666666,9
33,1465859418,0.1,0.2,0.2,0.1,40,40,3,8,2,6,30,1,0.25,0.6666666666666666,0.16666666666666666,0.36363636363636365,9
34,185639793,0.1,0.2,0.2,0.1,40,40,0,6,0,6,33,0,0.0,,0.15384615384615385,,9
35,639503547,0.1,0.2,0.2,0.1,40,40,0,6,0,6,33,0,0.0,,0.15384615384615385,,9
36,291242043,0.1,0.2,0.2,0.1,40,40,0,6,0,6,33,0,0.0,,0.15384615384615385,,9
37,528136574,0.1,0.2,0.2,0.1,40,40,0,4,0,4,35,0,0.0,,0.10256410256410256,,9
38,370411497,0.1,0.2,0.2,0.1,40,40,0,8,0,8,31,0,0.0,,0.20512820512820512,,9
39,1552480263,0.1,0.2,0.2,0.1,40,40,0,9,0,9,30,0,0.0,,0.23076923076923078,,9
40,376940895,0.1,0.2,0.2,0.1,40,40,1,8,1,7,31,0,0.125,1.0,0.18421052631578946,0.2222222222222222,9
41,861540070,0.1,0.2,0.2,0.1,40,40,0,3,0,3,36,0,0.0,,0.07692307692307693,,9
42,1118269030,0.1,0.2,0.2,0.1,40,40,1,6,1,5,33,0,0.16666666666666666,1.0,0.13157894736842105,0.2857142857142857,9
43,499151415,0.1,0.2,0.2,0.1,40,40,0,0,0,0,39,0,,,0.0,,9
44,1830665698,0.1,0.2,0.2,0.1,40,40,1,9,0,9,29,1,0.0,0.0,0.23684210526315788,0.0,9
45,2065924477,0.1,0.2,0.2,0.1,40,40,1,8,1,7,31,0,0.125,1.0,0.18421052631578946,0.2222222222222222,9
46,621535005,0.1,0.2,0.2,0.1,40,40,1,8,1,7,31,0,0.125,1.0,0.18421052631578946,0.2222222222222222,9
47,1665834119,0.1,0.2,0.2,0.1,40,40,0,4,0,4,35,0,0.0,,0.10256410256410256,,9
48,97063836,0.1,0.2,0.2,0.1,40,40,3,10,1,9,27,2,0.1,0.3333333333333333,0.25,0.15384615384615383,9
49,2101667515,0.1,0.2,0.2,0.1,40,40,1,6,0,6,32,1,0.0,0.0,0.15789473684210525,0.0,9
0,1595906492,0.1,0.2,0.2,0.25,20,20,1,10,1,9,9,0,0.1,1.0,0.5,0.18181818181818182,10
1,93035639,0.1,0.2,0.2,0.25,20,20,0,5,0,5,14,0,0.0,,0.2631578947368421,,10
2,1798160424,0.1,0.2,0.2,0.25,20,20,0,6,0,6,13,0,0.0,,0.3157894736842105,,10
3,1453463994,0.1,0.2,0.2,0.25,20,20,0,4,0,4,15,0,0.0,,0.21052631578947367,,10
4,493399022,0.1,0.2,0.2,0.25,20,20,0,8,0,8,11,0,0.0,,0.42105263157894735,,10
5,1611944934,0.1,0.2,0.2,0.25,20,20,0,4,0,4,15,0,0.0,,0.21052631578947367,,10
6,296917379,0.1,0.2,0.2,0.25,20,20,0,6,0,6,13,0,0.0,,0.3157894736842105,,10
7,1224077515,0.1,0.2,0.2,0.25,20,20,2,9,1,8,9,1,0.1111111111111111,0.5,0.47058823529411764,0.1818181818181818,10
8,661647509,0.1,0.2,0.2,0.25,20,20,0,7,0,7,12,0,0.0,,0.3684210526315789,,10
9,349349167,0.1,0.2,0.2,0.25,20,20,0,9,0,9,10,0,0.0,,0.47368421052631576,,10
10,759518110,0.1,0.2,0.2,0.25,20,20,0,6,0,6,13,0,0.0,,0.3157894736842105,,10
11,42295242,0.1,0.2,0.2,0.25,20,20,0,4,0,4,15,0,0.0,,0.21052631578947367,,10
12,1216922689,0.1,0.2,0.2,0.25,20,20,0,14,0,14,5,0,0.0,,0.7368421052631579,,10
13,1212519889,0.1,0.2,0.2,0.25,20,20,0,10,0,10,9,0,0.0,,0.5263157894736842,,10
14,1673358914,0.1,0.2,0.2,0.25,20,20,1,10,0,10,8,1,0.0,0.0,0.5555555555555556,0.0,10
15,1240200333,0.1,0.2,0.2,0.25,20,20,0,4,0,4,15,0,0.0,,0.21052631578947367,,10
16,1665855060,0.1,0.2,0.2,0.25,20,20,2,6,1,5,12,1,0.16666666666666666,0.5,0.29411764705882354,0.25,10
17,18164262,0.1,0.2,0.2,0.25,20,20,1,10,1,9,9,0,0.1,1.0,0.5,0.18181818181818182,10
18,637814312,0.1,0.2,0.2,0.25,20,20,0,10,0,10,9,0,0.0,,0.5263157894736842,,10
19,554942750,0.1,0.2,0.2,0.25,20,20,0,10,0,10,9,0,0.0,,0.5263157894736842,,10
20,1770204568,0.1,0.2,0.2,0.25,20,20,0,11,0,11,8,0,0.0,,0.5789473684210527,,10
21,1443713889,0.1,0.2,0.2,0.25,20,20,0,11,0,11,8,0,0.0,,0.5789473684210527,,10
22,896397154,0.1,0.2,0.2,0.25,20,20,1,4,1,3,15,0,0.25,1.0,0.16666666666666666,0.4,10
23,708340772,0.1,0.2,0.2,0.25,20,20,1,12,1,11,7,0,0.08333333333333333,1.0,0.6111111111111112,0.15384615384615385,10
24,685823884,0.1,0.2,0.2,0.25,20,20,1,10,1,9,9,0,0.1,1.0,0.5,0.18181818181818182,10
25,1963308823,0.1,0.2,0.2,0.25,20,20,0,5,0,5,14,0,0.0,,0.2631578947368421,,10
26,505003912,0.1,0.2,0.2,0.25,20,20,0,8,0,8,11,0,0.0,,0.42105263157894735,,10
27,813208678,0.1,0.2,0.2,0.25,20,20,0,12,0,12,7,0,0.0,,0.631578947368421,,10
28,943773498,0.1,0.2,0.2,0.25,20,20,0,3,0,3,16,0,0.0,,0.15789473684210525,,10
29,969907674,0.1,0.2,0.2,0.25,20,20,2,7,2,5,12,0,0.2857142857142857,1.0,0.29411764705882354,0.4444444444444445,10
30,1590760523,0.1,0.2,0.2,0.25,20,20,0,11,0,11,8,0,0.0,,0.5789473684210527,,10
31,1928681766,0.1,0.2,0.2,0.25,20,20,1,7,1,6,12,0,0.14285714285714285,1.0,0.3333333333333333,0.25,10
32,1214363540,0.1,0.2,0.2,0.25,20,20,1,16,1,15,3,0,0.0625,1.0,0.8333333333333334,0.11764705882352941,10
33,1306651155,0.1,0.2,0.2,0.25,20,20,0,12,0,12,7,0,0.0,,0.631578947368421,,10
34,1683223280,0.1,0.2,0.2,0.25,20,20,0,9,0,9,10,0,0.0,,0.47368421052631576,,10
35,1922558671,0.1,0.2,0.2,0.25,20,20,0,9,0,9,10,0,0.0,,0.47368421052631576,,10
36,1678962570,0.1,0.2,0.2,0.25,20,20,1,7,1,6,12,0,0.14285714285714285,1.0,0.3333333333333333,0.25,10
37,714116038,0.1,0.2,0.2,0.25,20,20,0,7,0,7,12,0,0.0,,0.3684210526315789,,10
38,342724385,0.1,0.2,0.2,0.25,20,20,0,11,0,11,8,0,0.0,,0.5789473684210527,,10
39,1540296450,0.1,0.2,0.2,0.25,20,20,1,10,0,10,8,1,0.0,0.0,0.5555555555555556,0.0,10
40,1654634543,0.1,0.2,0.2,0.25,20,20,0,6,0,6,13,0,0.0,,0.3157894736842105,,10
41,1926319717,0.1,0.2,0.2,0.25,20,20,0,8,0,8,11,0,0.0,,0.42105263157894735,,10
42,872132743,0.1,0.2,0.2,0.25,20,20,0,7,0,7,12,0,0.0,,0.3684210526315789,,10
43,492895417,0.1,0.2,0.2,0.25,20,20,1,8,1,7,11,0,0.125,1.0,0.3888888888888889,0.2222222222222222,10
44,1115075941,0.1,0.2,0.2,0.25,20,20,0,7,0,7,12,0,0.0,,0.3684210526315789,,10
45,125387816,0.1,0.2,0.2,0.25,20,20,0,9,0,9,10,0,0.0,,0.47368421052631576,,10
46,624427852,0.1,0.2,0.2,0.25,20,20,0,10,0,10,9,0,0.0,,0.5263157894736842,,10
47,1137112586,0.1,0.2,0.2,0.25,20,20,0,8,0,8,11,0,0.0,,0.42105263157894735,,10
48,2135284229,0.1,0.2,0.2,0.25,20,20,0,9,0,9,10,0,0.0,,0.47368421052631576,,10
49,2067684460,0.1,0.2,0.2,0.25,20,20,0,7,0,7,12,0,0.0,,0.3684210526315789,,10
0,1252461362,0.1,0.2,0.2,0.25,40,40,0,16,0,16,23,0,0.0,,0.41025641025641024,,11
1,1374665867,0.1,0.2,0.2,0.25,40,40,0,24,0,24,15,0,0.0,,0.6153846153846154,,11
2,945142380,0.1,0.2,0.2,0.25,40,40,0,23,0,23,16,0,0.0,,0.5897435897435898,,11
3,1987656377,0.1,0.2,0.2,0.25,40,40,1,26,0,26,12,1,0.0,0.0,0.6842105263157895,0.0,11
4,1153776467,0.1,0.2,0.2,0.25,40,40,1,25,1,24,14,0,0.04,1.0,0.631578947368421,0.07692307692307693,11
5,934154911,0.1,0.2,0.2,0.25,40,40,1,17,0,17,21,1,0.0,0.0,0.4473684210526316,0.0,11
6,692133632,0.1,0.2,0.2,0.25,40,40,0,25,0,25,14,0,0.0,,0.6410256410256411,,11
7,443051718,0.1,0.2,0.2,0.25,40,40,1,20,1,19,19,0,0.05,1.0,0.5,0.09523809523809523,11
8,1797787874,0.1,0.2,0.2,0.25,40,40,0,25,0,25,14,0,0.0,,0.6410256410256411,,11
9,1063606843,0.1,0.2,0.2,0.25,40,40,0,21,0,21,18,0,0.0,,0.5384615384615384,,11
10,1381126257,0.1,0.2,0.2,0.25,40,40,0,23,0,23,16,0,0.0,,0.5897435897435898,,11
11,133474637,0.1,0.2,0.2,0.25,40,40,0,24,0,24,15,0,0.0,,0.6153846153846154,,11
12,1060025869,0.1,0.2,0.2,0.25,40,40,0,19,0,19,20,0,0.0,,0.48717948717948717,,11
13,294531413,0.1,0.2,0.2,0.25,40,40,0,23,0,23,16,0,0.0,,0.5897435897435898,,11
14,690423723,0.1,0.2,0.2,0.25,40,40,2,24,1,23,14,1,0.041666666666666664,0.5,0.6216216216216216,0.07692307692307693,11
15,1049603298,0.1,0.2,0.2,0.25,40,40,0,22,0,22,17,0,0.0,,0.5641025641025641,,11
16,124674387,0.1,0.2,0.2,0.25,40,40,0,26,0,26,13,0,0.0,,0.6666666666666666,,11
17,2005554800,0.1,0.2,0.2,0.25,40,40,1,25,1,24,14,0,0.04,1.0,0.631578947368421,0.07692307692307693,11
18,1718254060,0.1,0.2,0.2,0.25,40,40,2,26,2,24,13,0,0.07692307692307693,1.0,0.6486486486486487,0.14285714285714288,11
19,1089279739,0.1,0.2,0.2,0.25,40,40,0,22,0,22,17,0,0.0,,0.5641025641025641,,11
20,1444547356,0.1,0.2,0.2,0.25,40,40,3,19,1,18,18,2,0.05263157894736842,0.3333333333333333,0.5,0.09090909090909091,11
21,249855679,0.1,0.2,0.2,0.25,40,40,1,20,1,19,19,0,0.05,1.0,0.5,0.09523809523809523,11
22,1800240863,0.1,0.2,0.2,0.25,40,40,1,22,1,21,17,0,0.045454545454545456,1.0,0.5526315789473685,0.08695652173913045,11
23,1813737508,0.1,0.2,0.2,0.25,40,40,1,18,0,18,20,1,0.0,0.0,0.47368421052631576,0.0,11
24,1478281786,0.1,0.2,0.2,0.25,40,40,1,24,1,23,15,0,0.041666666666666664,1.0,0.6052631578947368,0.07999999999999999,11
25,121527046,0.1,0.2,0.2,0.25,40,40,2,25,1,24,13,1,0.04,0.5,0.6486486486486487,0.07407407407407407,11
26,1104533709,0.1,0.2,0.2,0.25,40,40,0,26,0,26,13,0,0.0,,0.6666666666666666,,11
27,1264968453,0.1,0.2,0.2,0.25,40,40,1,19,1,18,20,0,0.05263157894736842,1.0,0.47368421052631576,0.1,11
28,823843403,0.1,0.2,0.2,0.25,40,40,0,25,0,25,14,0,0.0,,0.6410256410256411,,11
29,459784765,0.1,0.2,0.2,0.25,40,40,1,24,0,24,14,1,0.0,0.0,0.631578947368421,0.0,11
30,2131091562,0.1,0.2,0.2,0.25,40,40,0,24,0,24,15,0,0.0,,0.6153846153846154,,11
31,248848736,0.1,0.2,0.2,0.25,40,40,1,23,1,22,16,0,0.043478260869565216,1.0,0.5789473684210527,0.08333333333333333,11
32,1530970555,0.1,0.2,0.2,0.25,40,40,0,22,0,22,17,0,0.0,,0.5641025641025641,,11
33,801585074,0.1,0.2,0.2,0.25,40,40,0,17,0,17,22,0,0.0,,0.4358974358974359,,11
34,600336293,0.1,0.2,0.2,0.25,40,40,0,18,0,18,21,0,0.0,,0.46153846153846156,,11
35,1739468210,0.1,0.2,0.2,0.25,40,40,0,17,0,17,22,0,0.0,,0.4358974358974359,,11
36,460748992,0.1,0.2,0.2,0.25,40,40,0,14,0,14,25,0,0.0,,0.358974358974359,,11
37,1724774957,0.1,0.2,0.2,0.25,40,40,0,19,0,19,20,0,0.0,,0.48717948717948717,,11
38,1724575829,0.1,0.2,0.2,0.25,40,40,0,25,0,25,14,0,0.0,,0.6410256410256411,,11
39,1555379906,0.1,0.2,0.2,0.25,40,40,1,23,1,22,16,0,0.043478260869565216,1.0,0.5789473684210527,0.08333333333333333,11
40,1293929144,0.1,0.2,0.2,0.25,40,40,1,27,1,26,12,0,0.037037037037037035,1.0,0.6842105263157895,0.07142857142857142,11
41,2100878984,0.1,0.2,0.2,0.25,40,40,1,18,1,17,21,0,0.05555555555555555,1.0,0.4473684210526316,0.10526315789473684,11
42,775869414,0.1,0.2,0.2,0.25,40,40,0,23,0,23,16,0,0.0,,0.5897435897435898,,11
43,1926425749,0.1,0.2,0.2,0.25,40,40,2,21,0,21,16,2,0.0,0.0,0.5675675675675675,0.0,11
44,283397639,0.1,0.2,0.2,0.25,40,40,0,19,0,19,20,0,0.0,,0.48717948717948717,,11
45,456520585,0.1,0.2,0.2,0.25,40,40,1,22,1,21,17,0,0.045454545454545456,1.0,0.5526315789473685,0.08695652173913045,11
46,1138466474,0.1,0.2,0.2,0.25,40,40,3,22,2,20,16,1,0.09090909090909091,0.6666666666666666,0.5555555555555556,0.16,11
47,1058441661,0.1,0.2,0.2,0.25,40,40,1,24,1,23,15,0,0.041666666666666664,1.0,0.6052631578947368,0.07999999999999999,11
48,152300346,0.1,0.2,0.2,0.25,40,40,0,26,0,26,13,0,0.0,,0.6666666666666666,,11
49,549283305,0.1,0.2,0.2,0.25,40,40,1,29,1,28,10,0,0.034482758620689655,1.0,0.7368421052631579,0.06666666666666667,11
0,1371031112,0.1,0.2,0.35,0.0,20,20,0,0,0,0,19,0,,,0.0,,12
1,353537764,0.1,0.2,0.35,0.0,20,20,0,0,0,0,19,0,,,0.0,,12
2,1581233612,0.1,0.2,0.35,0.0,20,20,0,0,0,0,19,0,,,0.0,,12
3,42744997,0.1,0.2,0.35,0.0,20,20,0,0,0,0,19,0,,,0.0,,12
4,358318858,0.1,0.2,0.35,0.0,20,20,0,1,0,1,18,0,0.0,,0.05263157894736842,,12
5,611429496,0.1,0.2,0.35,0.0,20,20,0,0,0,0,19,0,,,0.0,,12
6,1750745413,0.1,0.2,0.35,0.0,20,20,1,0,0,0,18,1,,0.0,0.0,,12
7,1856760646,0.1,0.2,0.35,0.0,20,20,1,0,0,0,18,1,,0.0,0.0,,12
8,326934876,0.1,0.2,0.35,0.0,20,20,0,0,0,0,19,0,,,0.0,,12
9,2123620788,0.1,0.2,0.35,0.0,20,20,0,0,0,0,19,0,,,0.0,,12
10,1524280414,0.1,0.2,0.35,0.0,20,20,0,0,0,0,19,0,,,0.0,,12
11,1949832515,0.1,0.2,0.35,0.0,20,20,1,0,0,0,18,1,,0.0,0.0,,12
12,947559258,0.1,0.2,0.35,0.0,20,20,0,1,0,1,18,0,0.0,,0.05263157894736842,,12
13,753085103,0.1,0.2,0.35,0.0,20,20,0,0,0,0,19,0,,,0.0,,12
14,2124397518,0.1,0.2,0.35,0.0,20,20,0,0,0,0,19,0,,,0.0,,12
15,1736250862,0.1,0.2,0.35,0.0,20,20,0,0,0,0,19,0,,,0.0,,12
16,614544697,0.1,0.2,0.35,0.0,20,20,1,0,0,0,18,1,,0.0,0.0,,12
17,1465230311,0.1,0.2,0.35,0.0,20,20,0,0,0,0,19,0,,,0.0,,12
18,692416344,0.1,0.2,0.35,0.0,20,20,1,0,0,0,18,1,,0.0,0.0,,12
19,1742420942,0.1,0.2,0.35,0.0,20,20,0,0,0,0,19,0,,,0.0,,12
20,551258488,0.1,0.2,0.35,0.0,20,20,0,0,0,0,19,0,,,0.0,,12
21,1529197101,0.1,0.2,0.35,0.0,20,20,2,2,1,1,16,1,0.5,0.5,0.058823529411764705,0.5,12
22,1369812921,0.1,0.2,0.35,0.0,20,20,0,0,0,0,19,0,,,0.0,,12
23,1023424130,0.1,0.2,0.35,0.0,20,20,0,0,0,0,19,0,,,0.0,,12
24,1877588332,0.1,0.2,0.35,0.0,20,20,3,0,0,0,16,3,,0.0,0.0,,12
25,747317934,0.1,0.2,0.35,0.0,20,20,2,0,0,0,17,2,,0.0,0.0,,12
26,1503910060,0.1,0.2,0.35,0.0,20,20,0,0,0,0,19,0,,,0.0,,12
27,1685995095,0.1,0.2,0.35,0.0,20,20,2,0,0,0,17,2,,0.0,0.0,,12
28,1982163661,0.1,0.2,0.35,0.0,20,20,0,0,0,0,19,0,,,0.0,,12
29,1263094415,0.1,0.2,0.35,0.0,20,20,1,0,0,0,18,1,,0.0,0.0,,12
30,803250398,0.1,0.2,0.35,0.0,20,20,0,0,0,0,19,0,,,0.0,,12
31,1917259443,0.1,0.2,0.35,0.0,20,20,1,0,0,0,18,1,,0.0,0.0,,12
32,444633024,0.1,0.2,0.35,0.0,20,20,0,0,0,0,19,0,,,0.0,,12
33,2139875353,0.1,0.2,0.35,0.0,20,20,0,0,0,0,19,0,,,0.0,,12
34,71070913,0.1,0.2,0.35,0.0,20,20,0,0,0,0,19,0,,,0.0,,12
35,934782435,0.1,0.2,0.35,0.0,20,20,0,0,0,0,19,0,,,0.0,,12
36,222743835,0.1,0.2,0.35,0.0,20,20,0,0,0,0,19,0,,,0.0,,12
37,58660578,0.1,0.2,0.35,0.0,20,20,0,1,0,1,18,0,0.0,,0.05263157894736842,,12
38,1863307689,0.1,0.2,0.35,0.0,20,20,1,0,0,0,18,1,,0.0,0.0,,12
39,1308826524,0.1,0.2,0.35,0.0,20,20,1,1,1,0,18,0,1.0,1.0,0.0,1.0,12
40,156642790,0.1,0.2,0.35,0.0,20,20,1,0,0,0,18,1,,0.0,0.0,,12
41,1407249589,0.1,0.2,0.35,0.0,20,20,2,0,0,0,17,2,,0.0,0.0,,12
42,1977504918,0.1,0.2,0.35,0.0,20,20,1,0,0,0,18,1,,0.0,0.0,,12
43,758335294,0.1,0.2,0.35,0.0,20,20,0,0,0,0,19,0,,,0.0,,12
44,1882831368,0.1,0.2,0.35,0.0,20,20,0,0,0,0,19,0,,,0.0,,12
45,332789949,0.1,0.2,0.35,0.0,20,20,1,1,1,0,18,0,1.0,1.0,0.0,1.0,12
46,2051467359,0.1,0.2,0.35,0.0,20,20,0,0,0,0,19,0,,,0.0,,12
47,775248789,0.1,0.2,0.35,0.0,20,20,1,0,0,0,18,1,,0.0,0.0,,12
48,174273099,0.1,0.2,0.35,0.0,20,20,0,0,0,0,19,0,,,0.0,,12
49,2021555921,0.1,0.2,0.35,0.0,20,20,0,0,0,0,19,0,,,0.0,,12
0,1472912848,0.1,0.2,0.35,0.0,40,40,2,0,0,0,37,2,,0.0,0.0,,13
1,2083348567,0.1,0.2,0.35,0.0,40,40,1,0,0,0,38,1,,0.0,0.0,,13
2,404483888,0.1,0.2,0.35,0.0,40,40,0,0,0,0,39,0,,,0.0,,13
3,150883014,0.1,0.2,0.35,0.0,40,40,0,0,0,0,39,0,,,0.0,,13
4,259402017,0.1,0.2,0.35,0.0,40,40,0,0,0,0,39,0,,,0.0,,13
5,120460592,0.1,0.2,0.35,0.0,40,40,0,0,0,0,39,0,,,0.0,,13
6,149998814,0.1,0.2,0.35,0.0,40,40,0,0,0,0,39,0,,,0.0,,13
7,185147258,0.1,0.2,0.35,0.0,40,40,1,0,0,0,38,1,,0.0,0.0,,13
8,1475287373,0.1,0.2,0.35,0.0,40,40,1,0,0,0,38,1,,0.0,0.0,,13
9,276198910,0.1,0.2,0.35,0.0,40,40,1,0,0,0,38,1,,0.0,0.0,,13
10,253275044,0.1,0.2,0.35,0.0,40,40,0,0,0,0,39,0,,,0.0,,13
11,1840509175,0.1,0.2,0.35,0.0,40,40,2,2,1,1,36,1,0.5,0.5,0.02702702702702703,0.5,13
12,61973494,0.1,0.2,0.35,0.0,40,40,0,0,0,0,39,0,,,0.0,,13
13,1758529077,0.1,0.2,0.35,0.0,40,40,1,0,0,0,38,1,,0.0,0.0,,13
14,989927229,0.1,0.2,0.35,0.0,40,40,1,0,0,0,38,1,,0.0,0.0,,13
15,2107099895,0.1,0.2,0.35,0.0,40,40,3,0,0,0,36,3,,0.0,0.0,,13
16,1819157683,0.1,0.2,0.35,0.0,40,40,0,0,0,0,39,0,,,0.0,,13
17,392297098,0.1,0.2,0.35,0.0,40,40,0,0,0,0,39,0,,,0.0,,13
18,735941983,0.1,0.2,0.35,0.0,40,40,0,0,0,0,39,0,,,0.0,,13
19,374989230,0.1,0.2,0.35,0.0,40,40,0,0,0,0,39,0,,,0.0,,13
20,240760189,0.1,0.2,0.35,0.0,40,40,1,1,1,0,38,0,1.0,1.0,0.0,1.0,13
21,831900172,0.1,0.2,0.35,0.0,40,40,0,0,0,0,39,0,,,0.0,,13
22,115285220,0.1,0.2,0.35,0.0,40,40,0,0,0,0,39,0,,,0.0,,13
23,936737960,0.1,0.2,0.35,0.0,40,40,1,0,0,0,38,1,,0.0,0.0,,13
24,1301110496,0.1,0.2,0.35,0.0,40,40,0,0,0,0,39,0,,,0.0,,13
25,547924853,0.1,0.2,0.35,0.0,40,40,1,0,0,0,38,1,,0.0,0.0,,13
26,450985370,0.1,0.2,0.35,0.0,40,40,0,0,0,0,39,0,,,0.0,,13
27,941640716,0.1,0.2,0.35,0.0,40,40,2,0,0,0,37,2,,0.0,0.0,,13
28,54570507,0.1,0.2,0.35,0.0,40,40,0,1,0,1,38,0,0.0,,0.02564102564102564,,13
29,161735191,0.1,0.2,0.35,0.0,40,40,1,0,0,0,38,1,,0.0,0.0,,13
30,288770022,0.1,0.2,0.35,0.0,40,40,0,0,0,0,39,0,,,0.0,,13
31,679194451,0.1,0.2,0.35,0.0,40,40,2,1,0,1,36,2,0.0,0.0,0.02702702702702703,0.0,13
32,762534875,0.1,0.2,0.35,0.0,40,40,0,0,0,0,39,0,,,0.0,,13
33,1597970953,0.1,0.2,0.35,0.0,40,40,1,0,0,0,38,1,,0.0,0.0,,13
34,1048654140,0.1,0.2,0.35,0.0,40,40,1,0,0,0,38,1,,0.0,0.0,,13
35,1821965718,0.1,0.2,0.35,0.0,40,40,0,0,0,0,39,0,,,0.0,,13
36,1086451020,0.1,0.2,0.35,0.0,40,40,0,0,0,0,39,0,,,0.0,,13
37,1114129823,0.1,0.2,0.35,0.0,40,40,0,2,0,2,37,0,0.0,,0.05128205128205128,,13
38,1937298511,0.1,0.2,0.35,0.0,40,40,0,0,0,0,39,0,,,0.0,,13
39,324134582,0.1,0.2,0.35,0.0,40,40,0,0,0,0,39,0,,,0.0,,13
40,1384554561,0.1,0.2,0.35,0.0,40,40,0,0,0,0,39,0,,,0.0,,13
41,1535684310,0.1,0.2,0.35,0.0,40,40,0,0,0,0,39,0,,,0.0,,13
42,2062787971,0.1,0.2,0.35,0.0,40,40,0,0,0,0,39,0,,,0.0,,13
43,1390435678,0.1,0.2,0.35,0.0,40,40,0,0,0,0,39,0,,,0.0,,13
44,874312102,0.1,0.2,0.35,0.0,40,40,0,0,0,0,39,0,,,0.0,,13
45,252374437,0.1,0.2,0.35,0.0,40,40,0,0,0,0,39,0,,,0.0,,13
46,1624947661,0.1,0.2,0.35,0.0,40,40,0,0,0,0,39,0,,,0.0,,13
47,778332639,0.1,0.2,0.35,0.0,40,40,0,0,0,0,39,0,,,0.0,,13
48,972248779,0.1,0.2,0.35,0.0,40,40,1,0,0,0,38,1,,0.0,0.0,,13
49,202707202,0.1,0.2,0.35,0.0,40,40,0,0,0,0,39,0,,,0.0,,13
0,388292570,0.1,0.2,0.35,0.1,20,20,1,1,0,1,17,1,0.0,0.0,0.05555555555555555,0.0,14
1,495507622,0.1,0.2,0.35,0.1,20,20,1,0,0,0,18,1,,0.0,0.0,,14
2,2112770224,0.1,0.2,0.35,0.1,20,20,0,0,0,0,19,0,,,0.0,,14
3,2040081105,0.1,0.2,0.35,0.1,20,20,0,0,0,0,19,0,,,0.0,,14
4,1017092080,0.1,0.2,0.35,0.1,20,20,0,0,0,0,19,0,,,0.0,,14
5,1368021446,0.1,0.2,0.35,0.1,20,20,1,0,0,0,18,1,,0.0,0.0,,14
6,1642959032,0.1,0.2,0.35,0.1,20,20,0,0,0,0,19,0,,,0.0,,14
7,339900503,0.1,0.2,0.35,0.1,20,20,1,0,0,0,18,1,,0.0,0.0,,14
8,344065093,0.1,0.2,0.35,0.1,20,20,0,0,0,0,19,0,,,0.0,,14
9,354967754,0.1,0.2,0.35,0.1,20,20,0,0,0,0,19,0,,,0.0,,14
10,1648791524,0.1,0.2,0.35,0.1,20,20,1,0,0,0,18,1,,0.0,0.0,,14
11,1024049731,0.1,0.2,0.35,0.1,20,20,0,0,0,0,19,0,,,0.0,,14
12,1042557778,0.1,0.2,0.35,0.1,20,20,0,0,0,0,19,0,,,0.0,,14
13,160053466,0.1,0.2,0.35,0.1,20,20,1,2,0,2,16,1,0.0,0.0,0.1111111111111111,0.0,14
14,2146006247,0.1,0.2,0.35,0.1,20,20,0,0,0,0,19,0,,,0.0,,14
15,130093286,0.1,0.2,0.35,0.1,20,20,0,2,0,2,17,0,0.0,,0.10526315789473684,,14
16,1744108427,0.1,0.2,0.35,0.1,20,20,0,0,0,0,19,0,,,0.0,,14
17,1838411726,0.1,0.2,0.35,0.1,20,20,0,0,0,0,19,0,,,0.0,,14
18,1161207189,0.1,0.2,0.35,0.1,20,20,0,0,0,0,19,0,,,0.0,,14
19,1411639930,0.1,0.2,0.35,0.1,20,20,2,1,0,1,16,2,0.0,0.0,0.058823529411764705,0.0,14
20,547564348,0.1,0.2,0.35,0.1,20,20,2,0,0,0,17,2,,0.0,0.0,,14
21,2105123387,0.1,0.2,0.35,0.1,20,20,0,0,0,0,19,0,,,0.0,,14
22,1034425022,0.1,0.2,0.35,0.1,20,20,1,0,0,0,18,1,,0.0,0.0,,14
23,1960277542,0.1,0.2,0.35,0.1,20,20,0,2,0,2,17,0,0.0,,0.10526315789473684,,14
24,1707611536,0.1,0.2,0.35,0.1,20,20,2,0,0,0,17,2,,0.0,0.0,,14
25,327435252,0.1,0.2,0.35,0.1,20,20,1,1,0,1,17,1,0.0,0.0,0.05555555555555555,0.0,14
26,739107473,0.1,0.2,0.35,0.1,20,20,1,1,0,1,17,1,0.0,0.0,0.05555555555555555,0.0,14
27,1066793516,0.1,0.2,0.35,0.1,20,20,1,0,0,0,18,1,,0.0,0.0,,14
28,1862525178,0.1,0.2,0.35,0.1,20,20,0,0,0,0,19,0,,,0.0,,14
29,859065360,0.1,0.2,0.35,0.1,20,20,0,1,0,1,18,0,0.0,,0.05263157894736842,,14
30,520594204,0.1,0.2,0.35,0.1,20,20,0,1,0,1,18,0,0.0,,0.05263157894736842,,14
31,1924701015,0.1,0.2,0.35,0.1,20,20,1,0,0,0,18,1,,0.0,0.0,,14
32,1413328748,0.1,0.2,0.35,0.1,20,20,0,0,0,0,19,0,,,0.0,,14
33,369988728,0.1,0.2,0.35,0.1,20,20,1,0,0,0,18,1,,0.0,0.0,,14
34,1380233635,0.1,0.2,0.35,0.1,20,20,2,3,0,3,14,2,0.0,0.0,0.17647058823529413,0.0,14
35,1653169373,0.1,0.2,0.35,0.1,20,20,0,0,0,0,19,0,,,0.0,,14
36,1627166208,0.1,0.2,0.35,0.1,20,20,0,0,0,0,19,0,,,0.0,,14
37,179320208,0.1,0.2,0.35,0.1,20,20,0,0,0,0,19,0,,,0.0,,14
38,378884113,0.1,0.2,0.35,0.1,20,20,1,0,0,0,18,1,,0.0,0.0,,14
39,1593098199,0.1,0.2,0.35,0.1,20,20,1,1,0,1,17,1,0.0,0.0,0.05555555555555555,0.0,14
40,2134751863,0.1,0.2,0.35,0.1,20,20,1,0,0,0,18,1,,0.0,0.0,,14
41,1506457707,0.1,0.2,0.35,0.1,20,20,1,0,0,0,18,1,,0.0,0.0,,14
42,1919332614,0.1,0.2,0.35,0.1,20,20,1,1,0,1,17,1,0.0,0.0,0.05555555555555555,0.0,14
43,1764545754,0.1,0.2,0.35,0.1,20,20,1,0,0,0,18,1,,0.0,0.0,,14
44,73216234,0.1,0.2,0.35,0.1,20,20,0,0,0,0,19,0,,,0.0,,14
45,547509773,0.1,0.2,0.35,0.1,20,20,1,0,0,0,18,1,,0.0,0.0,,14
46,1147861803,0.1,0.2,0.35,0.1,20,20,0,0,0,0,19,0,,,0.0,,14
47,117378316,0.1,0.2,0.35,0.1,20,20,0,0,0,0,19,0,,,0.0,,14
48,1353247318,0.1,0.2,0.35,0.1,20,20,0,1,0,1,18,0,0.0,,0.05263157894736842,,14
49,2039259110,0.1,0.2,0.35,0.1,20,20,0,0,0,0,19,0,,,0.0,,14
0,512855802,0.1,0.2,0.35,0.1,40,40,0,2,0,2,37,0,0.0,,0.05128205128205128,,15
1,449280661,0.1,0.2,0.35,0.1,40,40,0,3,0,3,36,0,0.0,,0.07692307692307693,,15
2,1417741671,0.1,0.2,0.35,0.1,40,40,0,1,0,1,38,0,0.0,,0.02564102564102564,,15
3,302002808,0.1,0.2,0.35,0.1,40,40,0,3,0,3,36,0,0.0,,0.07692307692307693,,15
4,1401035984,0.1,0.2,0.35,0.1,40,40,1,3,0,3,35,1,0.0,0.0,0.07894736842105263,0.0,15
5,200499674,0.1,0.2,0.35,0.1,40,40,3,3,1,2,34,2,0.3333333333333333,0.3333333333333333,0.05555555555555555,0.3333333333333333,15
6,895972572,0.1,0.2,0.35,0.1,40,40,0,0,0,0,39,0,,,0.0,,15
7,804723717,0.1,0.2,0.35,0.1,40,40,0,0,0,0,39,0,,,0.0,,15
8,1965219080,0.1,0.2,0.35,0.1,40,40,0,1,0,1,38,0,0.0,,0.02564102564102564,,15
9,1274266021,0.1,0.2,0.35,0.1,40,40,1,1,1,0,38,0,1.0,1.0,0.0,1.0,15
10,926351525,0.1,0.2,0.35,0.1,40,40,1,3,0,3,35,1,0.0,0.0,0.07894736842105263,0.0,15
11,1063954973,0.1,0.2,0.35,0.1,40,40,1,0,0,0,38,1,,0.0,0.0,,15
12,770864752,0.1,0.2,0.35,0.1,40,40,0,0,0,0,39,0,,,0.0,,15
13,684535186,0.1,0.2,0.35,0.1,40,40,0,2,0,2,37,0,0.0,,0.05128205128205128,,15
14,1616123703,0.1,0.2,0.35,0.1,40,40,0,1,0,1,38,0,0.0,,0.02564102564102564,,15
15,1391624713,0.1,0.2,0.35,0.1,40,40,0,2,0,2,37,0,0.0,,0.05128205128205128,,15
16,379405657,0.1,0.2,0.35,0.1,40,40,0,1,0,1,38,0,0.0,,0.02564102564102564,,15
17,866680978,0.1,0.2,0.35,0.1,40,40,0,1,0,1,38,0,0.0,,0.02564102564102564,,15
18,256491529,0.1,0.2,0.35,0.1,40,40,0,2,0,2,37,0,0.0,,0.05128205128205128,,15
19,1933515684,0.1,0.2,0.35,0.1,40,40,1,3,0,3,35,1,0.0,0.0,0.07894736842105263,0.0,15
20,1799203677,0.1,0.2,0.35,0.1,40,40,1,3,1,2,36,0,0.3333333333333333,1.0,0.05263157894736842,0.5,15
21,818766157,0.1,0.2,0.35,0.1,40,40,0,3,0,3,36,0,0.0,,0.07692307692307693,,15
22,214006696,0.1,0.2,0.35,0.1,40,40,0,3,0,3,36,0,0.0,,0.07692307692307693,,15
23,1933565821,0.1,0.2,0.35,0.1,40,40,0,4,0,4,35,0,0.0,,0.10256410256410256,,15
24,1367316192,0.1,0.2,0.35,0.1,40,40,0,1,0,1,38,0,0.0,,0.02564102564102564,,15
25,1302552108,0.1,0.2,0.35,0.1,40,40,0,0,0,0,39,0,,,0.0,,15
26,267216854,0.1,0.2,0.35,0.1,40,40,0,3,0,3,36,0,0.0,,0.07692307692307693,,15
27,357118075,0.1,0.2,0.35,0.1,40,40,0,1,0,1,38,0,0.0,,0.02564102564102564,,15
28,580098961,0.1,0.2,0.35,0.1,40,40,1,4,1,3,35,0,0.25,1.0,0.07894736842105263,0.4,15
29,714601612,0.1,0.2,0.35,0.1,40,40,1,1,0,1,37,1,0.0,0.0,0.02631578947368421,0.0,15
30,1261617066,0.1,0.2,0.35,0.1,40,40,1,4,0,4,34,1,0.0,0.0,0.10526315789473684,0.0,15
31,1526073930,0.1,0.2,0.35,0.1,40,40,1,2,1,1,37,0,0.5,1.0,0.02631578947368421,0.6666666666666666,15
32,306330373,0.1,0.2,0.35,0.1,40,40,0,1,0,1,38,0,0.0,,0.02564102564102564,,15
33,1347085800,0.1,0.2,0.35,0.1,40,40,0,1,0,1,38,0,0.0,,0.02564102564102564,,15
34,315614312,0.1,0.2,0.35,0.1,40,40,0,0,0,0,39,0,,,0.0,,15
35,577841929,0.1,0.2,0.35,0.1,40,40,0,2,0,2,37,0,0.0,,0.05128205128205128,,15
36,1191136984,0.1,0.2,0.35,0.1,40,40,0,0,0,0,39,0,,,0.0,,15
37,377754680,0.1,0.2,0.35,0.1,40,40,0,1,0,1,38,0,0.0,,0.02564102564102564,,15
38,341329413,0.1,0.2,0.35,0.1,40,40,0,1,0,1,38,0,0.0,,0.02564102564102564,,15
39,718221458,0.1,0.2,0.35,0.1,40,40,0,2,0,2,37,0,0.0,,0.05128205128205128,,15
40,1657358778,0.1,0.2,0.35,0.1,40,40,0,1,0,1,38,0,0.0,,0.02564102564102564,,15
41,1550770384,0.1,0.2,0.35,0.1,40,40,0,0,0,0,39,0,,,0.0,,15
42,444595857,0.1,0.2,0.35,0.1,40,40,0,2,0,2,37,0,0.0,,0.05128205128205128,,15
43,948026847,0.1,0.2,0.35,0.1,40,40,0,5,0,5,34,0,0.0,,0.1282051282051282,,15
44,381257931,0.1,0.2,0.35,0.1,40,40,1,3,0,3,35,1,0.0,0.0,0.07894736842105263,0.0,15
45,160236425,0.1,0.2,0.35,0.1,40,40,0,1,0,1,38,0,0.0,,0.02564102564102564,,15
46,2061760489,0.1,0.2,0.35,0.1,40,40,0,1,0,1,38,0,0.0,,0.02564102564102564,,15
47,1667921167,0.1,0.2,0.35,0.1,40,40,2,2,0,2,35,2,0.0,0.0,0.05405405405405406,0.0,15
48,756187542,0.1,0.2,0.35,0.1,40,40,1,1,1,0,38,0,1.0,1.0,0.0,1.0,15
49,67404894,0.1,0.2,0.35,0.1,40,40,1,2,0,2,36,1,0.0,0.0,0.05263157894736842,0.0,15
0,518869340,0.1,0.2,0.35,0.25,20,20,0,2,0,2,17,0,0.0,,0.10526315789473684,,16
1,720947760,0.1,0.2,0.35,0.25,20,20,0,2,0,2,17,0,0.0,,0.10526315789473684,,16
2,392082012,0.1,0.2,0.35,0.25,20,20,0,3,0,3,16,0,0.0,,0.15789473684210525,,16
3,703854607,0.1,0.2,0.35,0.25,20,20,0,3,0,3,16,0,0.0,,0.15789473684210525,,16
4,875799816,0.1,0.2,0.35,0.25,20,20,0,4,0,4,15,0,0.0,,0.21052631578947367,,16
5,270494284,0.1,0.2,0.35,0.25,20,20,0,4,0,4,15,0,0.0,,0.21052631578947367,,16
6,58947614,0.1,0.2,0.35,0.25,20,20,0,3,0,3,16,0,0.0,,0.15789473684210525,,16
7,177128265,0.1,0.2,0.35,0.25,20,20,1,2,0,2,16,1,0.0,0.0,0.1111111111111111,0.0,16
8,718385010,0.1,0.2,0.35,0.25,20,20,0,5,0,5,14,0,0.0,,0.2631578947368421,,16
9,1629722828,0.1,0.2,0.35,0.25,20,20,0,3,0,3,16,0,0.0,,0.15789473684210525,,16
10,708925255,0.1,0.2,0.35,0.25,20,20,1,1,0,1,17,1,0.0,0.0,0.05555555555555555,0.0,16
11,809826418,0.1,0.2,0.35,0.25,20,20,0,2,0,2,17,0,0.0,,0.10526315789473684,,16
12,1422746848,0.1,0.2,0.35,0.25,20,20,0,4,0,4,15,0,0.0,,0.21052631578947367,,16
13,647405056,0.1,0.2,0.35,0.25,20,20,0,4,0,4,15,0,0.0,,0.21052631578947367,,16
14,1631154269,0.1,0.2,0.35,0.25,20,20,0,2,0,2,17,0,0.0,,0.10526315789473684,,16
15,1749107680,0.1,0.2,0.35,0.25,20,20,1,6,0,6,12,1,0.0,0.0,0.3333333333333333,0.0,16
16,507109105,0.1,0.2,0.35,0.25,20,20,2,4,0,4,13,2,0.0,0.0,0.23529411764705882,0.0,16
17,1682704127,0.1,0.2,0.35,0.25,20,20,0,3,0,3,16,0,0.0,,0.15789473684210525,,16
18,1380241563,0.1,0.2,0.35,0.25,20,20,0,1,0,1,18,0,0.0,,0.05263157894736842,,16
19,1760697127,0.1,0.2,0.35,0.25,20,20,2,3,1,2,15,1,0.3333333333333333,0.5,0.11764705882352941,0.4,16
20,265564438,0.1,0.2,0.35,0.25,20,20,0,6,0,6,13,0,0.0,,0.3157894736842105,,16
21,1986917274,0.1,0.2,0.35,0.25,20,20,1,2,0,2,16,1,0.0,0.0,0.1111111111111111,0.0,16
22,2128231574,0.1,0.2,0.35,0.25,20,20,0,0,0,0,19,0,,,0.0,,16
23,1290833792,0.1,0.2,0.35,0.25,20,20,0,6,0,6,13,0,0.0,,0.3157894736842105,,16
24,1139914830,0.1,0.2,0.35,0.25,20,20,0,2,0,2,17,0,0.0,,0.10526315789473684,,16
25,588344827,0.1,0.2,0.35,0.25,20,20,1,5,0,5,13,1,0.0,0.0,0.2777777777777778,0.0,16
26,203727625,0.1,0.2,0.35,0.25,20,20,0,3,0,3,16,0,0.0,,0.15789473684210525,,16
27,1069989993,0.1,0.2,0.35,0.25,20,20,0,1,0,1,18,0,0.0,,0.05263157894736842,,16
28,1396371482,0.1,0.2,0.35,0.25,20,20,0,2,0,2,17,0,0.0,,0.10526315789473684,,16
29,1198254913,0.1,0.2,0.35,0.25,20,20,0,2,0,2,17,0,0.0,,0.10526315789473684,,16
30,659199586,0.1,0.2,0.35,0.25,20,20,1,4,0,4,14,1,0.0,0.0,0.2222222222222222,0.0,16
31,351384610,0.1,0.2,0.35,0.25,20,20,1,5,1,4,14,0,0.2,1.0,0.2222222222222222,0.33333333333333337,16
32,437919160,0.1,0.2,0.35,0.25,20,20,0,3,0,3,16,0,0.0,,0.15789473684210525,,16
33,1970271685,0.1,0.2,0.35,0.25,20,20,0,4,0,4,15,0,0.0,,0.21052631578947367,,16
34,1727962835,0.1,0.2,0.35,0.25,20,20,0,1,0,1,18,0,0.0,,0.05263157894736842,,16
35,968587856,0.1,0.2,0.35,0.25,20,20,0,6,0,6,13,0,0.0,,0.3157894736842105,,16
36,343212623,0.1,0.2,0.35,0.25,20,20,1,3,0,3,15,1,0.0,0.0,0.16666666666666666,0.0,16
37,1640870571,0.1,0.2,0.35,0.25,20,20,0,9,0,9,10,0,0.0,,0.47368421052631576,,16
38,853413028,0.1,0.2,0.35,0.25,20,20,0,4,0,4,15,0,0.0,,0.21052631578947367,,16
39,1681677893,0.1,0.2,0.35,0.25,20,20,1,4,1,3,15,0,0.25,1.0,0.16666666666666666,0.4,16
40,882203788,0.1,0.2,0.35,0.25,20,20,2,3,2,1,16,0,0.6666666666666666,1.0,0.058823529411764705,0.8,16
41,723351503,0.1,0.2,0.35,0.25,20,20,1,2,0,2,16,1,0.0,0.0,0.1111111111111111,0.0,16
42,927443860,0.1,0.2,0.35,0.25,20,20,1,3,1,2,16,0,0.3333333333333333,1.0,0.1111111111111111,0.5,16
43,1970429513,0.1,0.2,0.35,0.25,20,20,0,3,0,3,16,0,0.0,,0.15789473684210525,,16
44,48923772,0.1,0.2,0.35,0.25,20,20,0,5,0,5,14,0,0.0,,0.2631578947368421,,16
45,1919193649,0.1,0.2,0.35,0.25,20,20,1,7,0,7,11,1,0.0,0.0,0.3888888888888889,0.0,16
46,1016921777,0.1,0.2,0.35,0.25,20,20,0,4,0,4,15,0,0.0,,0.21052631578947367,,16
47,1031972566,0.1,0.2,0.35,0.25,20,20,0,2,0,2,17,0,0.0,,0.10526315789473684,,16
48,2084298213,0.1,0.2,0.35,0.25,20,20,1,4,1,3,15,0,0.25,1.0,0.16666666666666666,0.4,16
49,425304300,0.1,0.2,0.35,0.25,20,20,1,1,0,1,17,1,0.0,0.0,0.05555555555555555,0.0,16
0,1249318938,0.1,0.2,0.35,0.25,40,40,0,12,0,12,27,0,0.0,,0.3076923076923077,,17
1,1611216711,0.1,0.2,0.35,0.25,40,40,1,12,1,11,27,0,0.08333333333333333,1.0,0.2894736842105263,0.15384615384615385,17
2,1954215761,0.1,0.2,0.35,0.25,40,40,0,15,0,15,24,0,0.0,,0.38461538461538464,,17
3,84929519,0.1,0.2,0.35,0.25,40,40,0,11,0,11,28,0,0.0,,0.28205128205128205,,17
4,90532002,0.1,0.2,0.35,0.25,40,40,0,12,0,12,27,0,0.0,,0.3076923076923077,,17
5,1724558387,0.1,0.2,0.35,0.25,40,40,1,15,1,14,24,0,0.06666666666666667,1.0,0.3684210526315789,0.125,17
6,621950991,0.1,0.2,0.35,0.25,40,40,0,10,0,10,29,0,0.0,,0.2564102564102564,,17
7,1349502314,0.1,0.2,0.35,0.25,40,40,1,11,0,11,27,1,0.0,0.0,0.2894736842105263,0.0,17
8,729611525,0.1,0.2,0.35,0.25,40,40,2,13,0,13,24,2,0.0,0.0,0.35135135135135137,0.0,17
9,1444517176,0.1,0.2,0.35,0.25,40,40,3,15,3,12,24,0,0.2,1.0,0.3333333333333333,0.33333333333333337,17
10,775535269,0.1,0.2,0.35,0.25,40,40,0,9,0,9,30,0,0.0,,0.23076923076923078,,17
11,687604802,0.1,0.2,0.35,0.25,40,40,0,13,0,13,26,0,0.0,,0.3333333333333333,,17
12,1892135074,0.1,0.2,0.35,0.25,40,40,1,11,1,10,28,0,0.09090909090909091,1.0,0.2631578947368421,0.16666666666666669,17
13,663435295,0.1,0.2,0.35,0.25,40,40,1,13,0,13,25,1,0.0,0.0,0.34210526315789475,0.0,17
14,352044367,0.1,0.2,0.35,0.25,40,40,0,16,0,16,23,0,0.0,,0.41025641025641024,,17
15,518256229,0.1,0.2,0.35,0.25,40,40,1,20,1,19,19,0,0.05,1.0,0.5,0.09523809523809523,17
16,799477038,0.1,0.2,0.35,0.25,40,40,1,17,0,17,21,1,0.0,0.0,0.4473684210526316,0.0,17
17,1451412679,0.1,0.2,0.35,0.25,40,40,0,11,0,11,28,0,0.0,,0.28205128205128205,,17
18,1910661222,0.1,0.2,0.35,0.25,40,40,1,13,1,12,26,0,0.07692307692307693,1.0,0.3157894736842105,0.14285714285714288,17
19,56515357,0.1,0.2,0.35,0.25,40,40,0,13,0,13,26,0,0.0,,0.3333333333333333,,17
20,96767750,0.1,0.2,0.35,0.25,40,40,0,12,0,12,27,0,0.0,,0.3076923076923077,,17
21,255706410,0.1,0.2,0.35,0.25,40,40,1,5,0,5,33,1,0.0,0.0,0.13157894736842105,0.0,17
22,1390666102,0.1,0.2,0.35,0.25,40,40,0,3,0,3,36,0,0.0,,0.07692307692307693,,17
23,993381869,0.1,0.2,0.35,0.25,40,40,1,19,0,19,19,1,0.0,0.0,0.5,0.0,17
24,1864337843,0.1,0.2,0.35,0.25,40,40,1,14,1,13,25,0,0.07142857142857142,1.0,0.34210526315789475,0.13333333333333333,17
25,1287561791,0.1,0.2,0.35,0.25,40,40,0,9,0,9,30,0,0.0,,0.23076923076923078,,17
26,1038260610,0.1,0.2,0.35,0.25,40,40,1,11,1,10,28,0,0.09090909090909091,1.0,0.2631578947368421,0.16666666666666669,17
27,1372065632,0.1,0.2,0.35,0.25,40,40,0,10,0,10,29,0,0.0,,0.2564102564102564,,17
28,1098702653,0.1,0.2,0.35,0.25,40,40,1,13,1,12,26,0,0.07692307692307693,1.0,0.3157894736842105,0.14285714285714288,17
29,1313596430,0.1,0.2,0.35,0.25,40,40,0,15,0,15,24,0,0.0,,0.38461538461538464,,17
30,907621115,0.1,0.2,0.35,0.25,40,40,1,8,1,7,31,0,0.125,1.0,0.18421052631578946,0.2222222222222222,17
31,20496182,0.1,0.2,0.35,0.25,40,40,0,10,0,10,29,0,0.0,,0.2564102564102564,,17
32,1951594295,0.1,0.2,0.35,0.25,40,40,0,10,0,10,29,0,0.0,,0.2564102564102564,,17
33,1971234078,0.1,0.2,0.35,0.25,40,40,0,12,0,12,27,0,0.0,,0.3076923076923077,,17
34,1641823313,0.1,0.2,0.35,0.25,40,40,0,12,0,12,27,0,0.0,,0.3076923076923077,,17
35,15590823,0.1,0.2,0.35,0.25,40,40,0,12,0,12,27,0,0.0,,0.3076923076923077,,17
36,1908169351,0.1,0.2,0.35,0.25,40,40,2,15,1,14,23,1,0.06666666666666667,0.5,0.3783783783783784,0.11764705882352941,17
37,982946049,0.1,0.2,0.35,0.25,40,40,1,6,0,6,32,1,0.0,0.0,0.15789473684210525,0.0,17
38,481898091,0.1,0.2,0.35,0.25,40,40,0,9,0,9,30,0,0.0,,0.23076923076923078,,17
39,423413577,0.1,0.2,0.35,0.25,40,40,0,6,0,6,33,0,0.0,,0.15384615384615385,,17
40,462521646,0.1,0.2,0.35,0.25,40,40,0,12,0,12,27,0,0.0,,0.3076923076923077,,17
41,1911491203,0.1,0.2,0.35,0.25,40,40,1,14,0,14,24,1,0.0,0.0,0.3684210526315789,0.0,17
42,653271631,0.1,0.2,0.35,0.25,40,40,0,15,0,15,24,0,0.0,,0.38461538461538464,,17
43,1806693314,0.1,0.2,0.35,0.25,40,40,0,14,0,14,25,0,0.0,,0.358974358974359,,17
44,1905792436,0.1,0.2,0.35,0.25,40,40,1,19,0,19,19,1,0.0,0.0,0.5,0.0,17
45,1700280086,0.1,0.2,0.35,0.25,40,40,0,15,0,15,24,0,0.0,,0.38461538461538464,,17
46,67505613,0.1,0.2,0.35,0.25,40,40,1,13,1,12,26,0,0.07692307692307693,1.0,0.3157894736842105,0.14285714285714288,17
47,496410931,0.1,0.2,0.35,0.25,40,40,0,13,0,13,26,0,0.0,,0.3333333333333333,,17
48,1488212500,0.1,0.2,0.35,0.25,40,40,0,9,0,9,30,0,0.0,,0.23076923076923078,,17
49,875206617,0.1,0.2,0.35,0.25,40,40,0,3,0,3,36,0,0.0,,0.07692307692307693,,17
0,1158581950,0.1,0.5,0.1,0.0,20,20,0,0,0,0,19,0,,,0.0,,18
1,590290403,0.1,0.5,0.1,0.0,20,20,0,0,0,0,19,0,,,0.0,,18
2,889531693,0.1,0.5,0.1,0.0,20,20,1,1,1,0,18,0,1.0,1.0,0.0,1.0,18
3,1403538367,0.1,0.5,0.1,0.0,20,20,0,0,0,0,19,0,,,0.0,,18
4,1102483876,0.1,0.5,0.1,0.0,20,20,0,0,0,0,19,0,,,0.0,,18
5,2004887054,0.1,0.5,0.1,0.0,20,20,0,0,0,0,19,0,,,0.0,,18
6,2219016,0.1,0.5,0.1,0.0,20,20,1,1,1,0,18,0,1.0,1.0,0.0,1.0,18
7,1688393270,0.1,0.5,0.1,0.0,20,20,1,1,1,0,18,0,1.0,1.0,0.0,1.0,18
8,2012949054,0.1,0.5,0.1,0.0,20,20,0,0,0,0,19,0,,,0.0,,18
9,1457574459,0.1,0.5,0.1,0.0,20,20,0,0,0,0,19,0,,,0.0,,18
10,232223115,0.1,0.5,0.1,0.0,20,20,1,0,0,0,18,1,,0.0,0.0,,18
11,2064903586,0.1,0.5,0.1,0.0,20,20,0,0,0,0,19,0,,,0.0,,18
12,1860818390,0.1,0.5,0.1,0.0,20,20,1,2,1,1,17,0,0.5,1.0,0.05555555555555555,0.6666666666666666,18
13,317311279,0.1,0.5,0.1,0.0,20,20,1,0,0,0,18,1,,0.0,0.0,,18
14,671457623,0.1,0.5,0.1,0.0,20,20,0,0,0,0,19,0,,,0.0,,18
15,909343024,0.1,0.5,0.1,0.0,20,20,0,0,0,0,19,0,,,0.0,,18
16,746282669,0.1,0.5,0.1,0.0,20,20,0,0,0,0,19,0,,,0.0,,18
17,37840427,0.1,0.5,0.1,0.0,20,20,0,0,0,0,19,0,,,0.0,,18
18,560534101,0.1,0.5,0.1,0.0,20,20,2,2,2,0,17,0,1.0,1.0,0.0,1.0,18
19,1203072535,0.1,0.5,0.1,0.0,20,20,2,2,2,0,17,0,1.0,1.0,0.0,1.0,18
20,887913977,0.1,0.5,0.1,0.0,20,20,0,0,0,0,19,0,,,0.0,,18
21,1857660805,0.1,0.5,0.1,0.0,20,20,1,1,1,0,18,0,1.0,1.0,0.0,1.0,18
22,1325816169,0.1,0.5,0.1,0.0,20,20,0,0,0,0,19,0,,,0.0,,18
23,2030671674,0.1,0.5,0.1,0.0,20,20,0,0,0,0,19,0,,,0.0,,18
24,212594688,0.1,0.5,0.1,0.0,20,20,0,0,0,0,19,0,,,0.0,,18
25,754823842,0.1,0.5,0.1,0.0,20,20,0,0,0,0,19,0,,,0.0,,18
26,1842528471,0.1,0.5,0.1,0.0,20,20,0,0,0,0,19,0,,,0.0,,18
27,1432432336,0.1,0.5,0.1,0.0,20,20,0,0,0,0,19,0,,,0.0,,18
28,854416140,0.1,0.5,0.1,0.0,20,20,2,2,2,0,17,0,1.0,1.0,0.0,1.0,18
29,1496978802,0.1,0.5,0.1,0.0,20,20,0,0,0,0,19,0,,,0.0,,18
30,1504351647,0.1,0.5,0.1,0.0,20,20,3,2,2,0,16,1,1.0,0.6666666666666666,0.0,0.8,18
31,985296657,0.1,0.5,0.1,0.0,20,20,0,0,0,0,19,0,,,0.0,,18
32,502734711,0.1,0.5,0.1,0.0,20,20,0,0,0,0,19,0,,,0.0,,18
33,1861270110,0.1,0.5,0.1,0.0,20,20,0,0,0,0,19,0,,,0.0,,18
34,1246707140,0.1,0.5,0.1,0.0,20,20,0,0,0,0,19,0,,,0.0,,18
35,1237211735,0.1,0.5,0.1,0.0,20,20,0,0,0,0,19,0,,,0.0,,18
36,587221313,0.1,0.5,0.1,0.0,20,20,0,1,0,1,18,0,0.0,,0.05263157894736842,,18
37,1663512842,0.1,0.5,0.1,0.0,20,20,0,0,0,0,19,0,,,0.0,,18
38,1190225906,0.1,0.5,0.1,0.0,20,20,1,1,1,0,18,0,1.0,1.0,0.0,1.0,18
39,367841734,0.1,0.5,0.1,0.0,20,20,1,1,1,0,18,0,1.0,1.0,0.0,1.0,18
40,1291018091,0.1,0.5,0.1,0.0,20,20,1,1,1,0,18,0,1.0,1.0,0.0,1.0,18
41,1593871183,0.1,0.5,0.1,0.0,20,20,0,0,0,0,19,0,,,0.0,,18
42,1410425943,0.1,0.5,0.1,0.0,20,20,0,0,0,0,19,0,,,0.0,,18
43,392001886,0.1,0.5,0.1,0.0,20,20,1,1,1,0,18,0,1.0,1.0,0.0,1.0,18
44,1332793620,0.1,0.5,0.1,0.0,20,20,1,0,0,0,18,1,,0.0,0.0,,18
45,423595476,0.1,0.5,0.1,0.0,20,20,0,0,0,0,19,0,,,0.0,,18
46,4164307,0.1,0.5,0.1,0.0,20,20,1,0,0,0,18,1,,0.0,0.0,,18
47,72640333,0.1,0.5,0.1,0.0,20,20,1,1,1,0,18,0,1.0,1.0,0.0,1.0,18
48,1821748338,0.1,0.5,0.1,0.0,20,20,1,1,1,0,18,0,1.0,1.0,0.0,1.0,18
49,578551000,0.1,0.5,0.1,0.0,20,20,1,1,1,0,18,0,1.0,1.0,0.0,1.0,18
0,999421742,0.1,0.5,0.1,0.0,40,40,0,0,0,0,39,0,,,0.0,,19
1,182486006,0.1,0.5,0.1,0.0,40,40,1,1,1,0,38,0,1.0,1.0,0.0,1.0,19
2,636071444,0.1,0.5,0.1,0.0,40,40,2,2,2,0,37,0,1.0,1.0,0.0,1.0,19
3,1002758951,0.1,0.5,0.1,0.0,40,40,0,0,0,0,39,0,,,0.0,,19
4,857112731,0.1,0.5,0.1,0.0,40,40,1,1,1,0,38,0,1.0,1.0,0.0,1.0,19
5,1637664053,0.1,0.5,0.1,0.0,40,40,1,1,1,0,38,0,1.0,1.0,0.0,1.0,19
6,350603502,0.1,0.5,0.1,0.0,40,40,0,1,0,1,38,0,0.0,,0.02564102564102564,,19
7,335772800,0.1,0.5,0.1,0.0,40,40,1,1,1,0,38,0,1.0,1.0,0.0,1.0,19
8,1762228734,0.1,0.5,0.1,0.0,40,40,1,1,1,0,38,0,1.0,1.0,0.0,1.0,19
9,1897812574,0.1,0.5,0.1,0.0,40,40,0,0,0,0,39,0,,,0.0,,19
10,84150606,0.1,0.5,0.1,0.0,40,40,0,0,0,0,39,0,,,0.0,,19
11,1171172463,0.1,0.5,0.1,0.0,40,40,1,1,1,0,38,0,1.0,1.0,0.0,1.0,19
12,1353065908,0.1,0.5,0.1,0.0,40,40,0,0,0,0,39,0,,,0.0,,19
13,32518045,0.1,0.5,0.1,0.0,40,40,0,0,0,0,39,0,,,0.0,,19
14,381085448,0.1,0.5,0.1,0.0,40,40,1,1,1,0,38,0,1.0,1.0,0.0,1.0,19
15,641877263,0.1,0.5,0.1,0.0,40,40,2,2,2,0,37,0,1.0,1.0,0.0,1.0,19
16,2080031626,0.1,0.5,0.1,0.0,40,40,0,0,0,0,39,0,,,0.0,,19
17,1063581088,0.1,0.5,0.1,0.0,40,40,0,0,0,0,39,0,,,0.0,,19
18,1237554376,0.1,0.5,0.1,0.0,40,40,0,0,0,0,39,0,,,0.0,,19
19,170521075,0.1,0.5,0.1,0.0,40,40,0,0,0,0,39,0,,,0.0,,19
20,1234231665,0.1,0.5,0.1,0.0,40,40,1,2,1,1,37,0,0.5,1.0,0.02631578947368421,0.6666666666666666,19
21,1827518026,0.1,0.5,0.1,0.0,40,40,1,1,1,0,38,0,1.0,1.0,0.0,1.0,19
22,1546084618,0.1,0.5,0.1,0.0,40,40,1,1,1,0,38,0,1.0,1.0,0.0,1.0,19
23,2130471915,0.1,0.5,0.1,0.0,40,40,1,1,1,0,38,0,1.0,1.0,0.0,1.0,19
24,1067327644,0.1,0.5,0.1,0.0,40,40,1,1,1,0,38,0,1.0,1.0,0.0,1.0,19
25,1280804549,0.1,0.5,0.1,0.0,40,40,0,0,0,0,39,0,,,0.0,,19
26,1776756313,0.1,0.5,0.1,0.0,40,40,0,0,0,0,39,0,,,0.0,,19
27,1443351881,0.1,0.5,0.1,0.0,40,40,1,1,1,0,38,0,1.0,1.0,0.0,1.0,19
28,2146060089,0.1,0.5,0.1,0.0,40,40,0,0,0,0,39,0,,,0.0,,19
29,2090941269,0.1,0.5,0.1,0.0,40,40,0,0,0,0,39,0,,,0.0,,19
30,859627575,0.1,0.5,0.1,0.0,40,40,4,3,3,0,35,1,1.0,0.75,0.0,0.8571428571428571,19
31,415080636,0.1,0.5,0.1,0.0,40,40,0,0,0,0,39,0,,,0.0,,19
32,1026673902,0.1,0.5,0.1,0.0,40,40,1,1,1,0,38,0,1.0,1.0,0.0,1.0,19
33,1460240712,0.1,0.5,0.1,0.0,40,40,0,0,0,0,39,0,,,0.0,,19
34,2022889036,0.1,0.5,0.1,0.0,40,40,1,1,1,0,38,0,1.0,1.0,0.0,1.0,19
35,915160811,0.1,0.5,0.1,0.0,40,40,0,0,0,0,39,0,,,0.0,,19
36,1411429306,0.1,0.5,0.1,0.0,40,40,1,1,1,0,38,0,1.0,1.0,0.0,1.0,19
37,1257586530,0.1,0.5,0.1,0.0,40,40,1,1,1,0,38,0,1.0,1.0,0.0,1.0,19
38,1536864911,0.1,0.5,0.1,0.0,40,40,1,1,1,0,38,0,1.0,1.0,0.0,1.0,19
39,2034646447,0.1,0.5,0.1,0.0,40,40,1,1,1,0,38,0,1.0,1.0,0.0,1.0,19
40,473617498,0.1,0.5,0.1,0.0,40,40,2,1,1,0,37,1,1.0,0.5,0.0,0.6666666666666666,19
41,2071022172,0.1,0.5,0.1,0.0,40,40,0,0,0,0,39,0,,,0.0,,19
42,674068408,0.1,0.5,0.1,0.0,40,40,2,2,2,0,37,0,1.0,1.0,0.0,1.0,19
43,1553219470,0.1,0.5,0.1,0.0,40,40,0,0,0,0,39,0,,,0.0,,19
44,1690069862,0.1,0.5,0.1,0.0,40,40,0,0,0,0,39,0,,,0.0,,19
45,1527172889,0.1,0.5,0.1,0.0,40,40,0,0,0,0,39,0,,,0.0,,19
46,1839875841,0.1,0.5,0.1,0.0,40,40,1,1,1,0,38,0,1.0,1.0,0.0,1.0,19
47,1815651404,0.1,0.5,0.1,0.0,40,40,0,0,0,0,39,0,,,0.0,,19
48,2018844013,0.1,0.5,0.1,0.0,40,40,0,0,0,0,39,0,,,0.0,,19
49,1034439699,0.1,0.5,0.1,0.0,40,40,1,1,1,0,38,0,1.0,1.0,0.0,1.0,19
0,1925202920,0.1,0.5,0.1,0.1,20,20,0,6,0,6,13,0,0.0,,0.3157894736842105,,20
1,732520144,0.1,0.5,0.1,0.1,20,20,1,5,1,4,14,0,0.2,1.0,0.2222222222222222,0.33333333333333337,20
2,1826040042,0.1,0.5,0.1,0.1,20,20,1,7,1,6,12,0,0.14285714285714285,1.0,0.3333333333333333,0.25,20
3,1335841855,0.1,0.5,0.1,0.1,20,20,1,4,1,3,15,0,0.25,1.0,0.16666666666666666,0.4,20
4,546344083,0.1,0.5,0.1,0.1,20,20,0,5,0,5,14,0,0.0,,0.2631578947368421,,20
5,1707389997,0.1,0.5,0.1,0.1,20,20,0,6,0,6,13,0,0.0,,0.3157894736842105,,20
6,508843434,0.1,0.5,0.1,0.1,20,20,0,9,0,9,10,0,0.0,,0.47368421052631576,,20
7,68025805,0.1,0.5,0.1,0.1,20,20,0,6,0,6,13,0,0.0,,0.3157894736842105,,20
8,1034223183,0.1,0.5,0.1,0.1,20,20,0,7,0,7,12,0,0.0,,0.3684210526315789,,20
9,1035245300,0.1,0.5,0.1,0.1,20,20,0,5,0,5,14,0,0.0,,0.2631578947368421,,20
10,252289301,0.1,0.5,0.1,0.1,20,20,1,6,1,5,13,0,0.16666666666666666,1.0,0.2777777777777778,0.2857142857142857,20
11,1946773028,0.1,0.5,0.1,0.1,20,20,0,5,0,5,14,0,0.0,,0.2631578947368421,,20
12,216235396,0.1,0.5,0.1,0.1,20,20,0,7,0,7,12,0,0.0,,0.3684210526315789,,20
13,1923678600,0.1,0.5,0.1,0.1,20,20,1,6,1,5,13,0,0.16666666666666666,1.0,0.2777777777777778,0.2857142857142857,20
14,1082635189,0.1,0.5,0.1,0.1,20,20,1,8,1,7,11,0,0.125,1.0,0.3888888888888889,0.2222222222222222,20
15,2030141556,0.1,0.5,0.1,0.1,20,20,0,6,0,6,13,0,0.0,,0.3157894736842105,,20
16,373990832,0.1,0.5,0.1,0.1,20,20,1,6,1,5,13,0,0.16666666666666666,1.0,0.2777777777777778,0.2857142857142857,20
17,1572154157,0.1,0.5,0.1,0.1,20,20,0,6,0,6,13,0,0.0,,0.3157894736842105,,20
18,1874231297,0.1,0.5,0.1,0.1,20,20,0,9,0,9,10,0,0.0,,0.47368421052631576,,20
19,58099280,0.1,0.5,0.1,0.1,20,20,0,5,0,5,14,0,0.0,,0.2631578947368421,,20
20,1382312754,0.1,0.5,0.1,0.1,20,20,0,6,0,6,13,0,0.0,,0.3157894736842105,,20
21,2097219553,0.1,0.5,0.1,0.1,20,20,1,11,1,10,8,0,0.09090909090909091,1.0,0.5555555555555556,0.16666666666666669,20
22,113842914,0.1,0.5,0.1,0.1,20,20,1,4,1,3,15,0,0.25,1.0,0.16666666666666666,0.4,20
23,287482545,0.1,0.5,0.1,0.1,20,20,0,3,0,3,16,0,0.0,,0.15789473684210525,,20
24,1844424794,0.1,0.5,0.1,0.1,20,20,0,5,0,5,14,0,0.0,,0.2631578947368421,,20
25,944689926,0.1,0.5,0.1,0.1,20,20,1,7,1,6,12,0,0.14285714285714285,1.0,0.3333333333333333,0.25,20
26,259628845,0.1,0.5,0.1,0.1,20,20,2,4,2,2,15,0,0.5,1.0,0.11764705882352941,0.6666666666666666,20
27,1235456551,0.1,0.5,0.1,0.1,20,20,0,2,0,2,17,0,0.0,,0.10526315789473684,,20
28,953105524,0.1,0.5,0.1,0.1,20,20,1,4,1,3,15,0,0.25,1.0,0.16666666666666666,0.4,20
29,1760033492,0.1,0.5,0.1,0.1,20,20,0,8,0,8,11,0,0.0,,0.42105263157894735,,20
30,541475462,0.1,0.5,0.1,0.1,20,20,1,3,1,2,16,0,0.3333333333333333,1.0,0.1111111111111111,0.5,20
31,1972801307,0.1,0.5,0.1,0.1,20,20,1,8,1,7,11,0,0.125,1.0,0.3888888888888889,0.2222222222222222,20
32,334836949,0.1,0.5,0.1,0.1,20,20,0,8,0,8,11,0,0.0,,0.42105263157894735,,20
33,672972780,0.1,0.5,0.1,0.1,20,20,1,7,0,7,11,1,0.0,0.0,0.3888888888888889,0.0,20
34,64806999,0.1,0.5,0.1,0.1,20,20,0,7,0,7,12,0,0.0,,0.3684210526315789,,20
35,2023762702,0.1,0.5,0.1,0.1,20,20,0,2,0,2,17,0,0.0,,0.10526315789473684,,20
36,1851194244,0.1,0.5,0.1,0.1,20,20,3,5,2,3,13,1,0.4,0.6666666666666666,0.1875,0.5,20
37,1865027701,0.1,0.5,0.1,0.1,20,20,0,5,0,5,14,0,0.0,,0.2631578947368421,,20
38,774046793,0.1,0.5,0.1,0.1,20,20,0,4,0,4,15,0,0.0,,0.21052631578947367,,20
39,1406757467,0.1,0.5,0.1,0.1,20,20,0,6,0,6,13,0,0.0,,0.3157894736842105,,20
40,1412809260,0.1,0.5,0.1,0.1,20,20,0,2,0,2,17,0,0.0,,0.10526315789473684,,20
41,1255544451,0.1,0.5,0.1,0.1,20,20,0,7,0,7,12,0,0.0,,0.3684210526315789,,20
42,1298048905,0.1,0.5,0.1,0.1,20,20,0,10,0,10,9,0,0.0,,0.5263157894736842,,20
43,869555331,0.1,0.5,0.1,0.1,20,20,1,5,0,5,13,1,0.0,0.0,0.2777777777777778,0.0,20
44,1527168385,0.1,0.5,0.1,0.1,20,20,0,2,0,2,17,0,0.0,,0.10526315789473684,,20
45,1579031814,0.1,0.5,0.1,0.1,20,20,0,8,0,8,11,0,0.0,,0.42105263157894735,,20
46,1729533399,0.1,0.5,0.1,0.1,20,20,0,7,0,7,12,0,0.0,,0.3684210526315789,,20
47,1030578230,0.1,0.5,0.1,0.1,20,20,0,4,0,4,15,0,0.0,,0.21052631578947367,,20
48,474426157,0.1,0.5,0.1,0.1,20,20,0,4,0,4,15,0,0.0,,0.21052631578947367,,20
49,1555333309,0.1,0.5,0.1,0.1,20,20,0,4,0,4,15,0,0.0,,0.21052631578947367,,20
0,1397039433,0.1,0.5,0.1,0.1,40,40,1,16,1,15,23,0,0.0625,1.0,0.39473684210526316,0.11764705882352941,21
1,539457683,0.1,0.5,0.1,0.1,40,40,1,25,1,24,14,0,0.04,1.0,0.631578947368421,0.07692307692307693,21
2,2054052829,0.1,0.5,0.1,0.1,40,40,0,19,0,19,20,0,0.0,,0.48717948717948717,,21
3,1269209710,0.1,0.5,0.1,0.1,40,40,0,18,0,18,21,0,0.0,,0.46153846153846156,,21
4,494717366,0.1,0.5,0.1,0.1,40,40,0,16,0,16,23,0,0.0,,0.41025641025641024,,21
5,1661515436,0.1,0.5,0.1,0.1,40,40,2,18,1,17,20,1,0.05555555555555555,0.5,0.4594594594594595,0.09999999999999999,21
6,1134045499,0.1,0.5,0.1,0.1,40,40,0,19,0,19,20,0,0.0,,0.48717948717948717,,21
7,513480751,0.1,0.5,0.1,0.1,40,40,1,31,0,31,7,1,0.0,0.0,0.8157894736842105,0.0,21
8,818223524,0.1,0.5,0.1,0.1,40,40,1,18,1,17,21,0,0.05555555555555555,1.0,0.4473684210526316,0.10526315789473684,21
9,1816982667,0.1,0.5,0.1,0.1,40,40,0,17,0,17,22,0,0.0,,0.4358974358974359,,21
10,876584005,0.1,0.5,0.1,0.1,40,40,0,19,0,19,20,0,0.0,,0.48717948717948717,,21
11,1518277540,0.1,0.5,0.1,0.1,40,40,0,19,0,19,20,0,0.0,,0.48717948717948717,,21
12,1706585749,0.1,0.5,0.1,0.1,40,40,1,14,1,13,25,0,0.07142857142857142,1.0,0.34210526315789475,0.13333333333333333,21
13,671645273,0.1,0.5,0.1,0.1,40,40,2,17,2,15,22,0,0.11764705882352941,1.0,0.40540540540540543,0.21052631578947367,21
14,352058226,0.1,0.5,0.1,0.1,40,40,0,11,0,11,28,0,0.0,,0.28205128205128205,,21
15,2010079695,0.1,0.5,0.1,0.1,40,40,1,16,1,15,23,0,0.0625,1.0,0.39473684210526316,0.11764705882352941,21
16,442605649,0.1,0.5,0.1,0.1,40,40,1,24,1,23,15,0,0.041666666666666664,1.0,0.6052631578947368,0.07999999999999999,21
17,447520386,0.1,0.5,0.1,0.1,40,40,0,15,0,15,24,0,0.0,,0.38461538461538464,,21
18,381433196,0.1,0.5,0.1,0.1,40,40,0,23,0,23,16,0,0.0,,0.5897435897435898,,21
19,2096365349,0.1,0.5,0.1,0.1,40,40,1,25,1,24,14,0,0.04,1.0,0.631578947368421,0.07692307692307693,21
20,44462746,0.1,0.5,0.1,0.1,40,40,0,23,0,23,16,0,0.0,,0.5897435897435898,,21
21,1940417839,0.1,0.5,0.1,0.1,40,40,1,16,1,15,23,0,0.0625,1.0,0.39473684210526316,0.11764705882352941,21
22,41365859,0.1,0.5,0.1,0.1,40,40,2,21,2,19,18,0,0.09523809523809523,1.0,0.5135135135135135,0.17391304347826084,21
23,581888820,0.1,0.5,0.1,0.1,40,40,0,21,0,21,18,0,0.0,,0.5384615384615384,,21
24,126855820,0.1,0.5,0.1,0.1,40,40,0,20,0,20,19,0,0.0,,0.5128205128205128,,21
25,180533227,0.1,0.5,0.1,0.1,40,40,0,22,0,22,17,0,0.0,,0.5641025641025641,,21
26,1158355770,0.1,0.5,0.1,0.1,40,40,2,11,1,10,27,1,0.09090909090909091,0.5,0.2702702702702703,0.15384615384615385,21
27,1805458048,0.1,0.5,0.1,0.1,40,40,0,14,0,14,25,0,0.0,,0.358974358974359,,21
28,270990698,0.1,0.5,0.1,0.1,40,40,0,15,0,15,24,0,0.0,,0.38461538461538464,,21
29,197307113,0.1,0.5,0.1,0.1,40,40,1,18,0,18,20,1,0.0,0.0,0.47368421052631576,0.0,21
30,452437164,0.1,0.5,0.1,0.1,40,40,0,19,0,19,20,0,0.0,,0.48717948717948717,,21
31,493771837,0.1,0.5,0.1,0.1,40,40,0,16,0,16,23,0,0.0,,0.41025641025641024,,21
32,2013302937,0.1,0.5,0.1,0.1,40,40,1,16,1,15,23,0,0.0625,1.0,0.39473684210526316,0.11764705882352941,21
33,871513589,0.1,0.5,0.1,0.1,40,40,0,25,0,25,14,0,0.0,,0.6410256410256411,,21
34,349218907,0.1,0.5,0.1,0.1,40,40,0,14,0,14,25,0,0.0,,0.358974358974359,,21
35,125029212,0.1,0.5,0.1,0.1,40,40,1,17,1,16,22,0,0.058823529411764705,1.0,0.42105263157894735,0.1111111111111111,21
36,1975206307,0.1,0.5,0.1,0.1,40,40,0,20,0,20,19,0,0.0,,0.5128205128205128,,21
37,466069914,0.1,0.5,0.1,0.1,40,40,1,17,1,16,22,0,0.058823529411764705,1.0,0.42105263157894735,0.1111111111111111,21
38,670576599,0.1,0.5,0.1,0.1,40,40,0,21,0,21,18,0,0.0,,0.5384615384615384,,21
39,1107157938,0.1,0.5,0.1,0.1,40,40,1,18,0,18,20,1,0.0,0.0,0.47368421052631576,0.0,21
40,1049813242,0.1,0.5,0.1,0.1,40,40,0,14,0,14,25,0,0.0,,0.358974358974359,,21
41,1698401185,0.1,0.5,0.1,0.1,40,40,0,18,0,18,21,0,0.0,,0.46153846153846156,,21
42,1526687607,0.1,0.5,0.1,0.1,40,40,0,19,0,19,20,0,0.0,,0.48717948717948717,,21
43,198518076,0.1,0.5,0.1,0.1,40,40,0,18,0,18,21,0,0.0,,0.46153846153846156,,21
44,1700813367,0.1,0.5,0.1,0.1,40,40,0,19,0,19,20,0,0.0,,0.48717948717948717,,21
45,2033241146,0.1,0.5,0.1,0.1,40,40,0,22,0,22,17,0,0.0,,0.5641025641025641,,21
46,859223055,0.1,0.5,0.1,0.1,40,40,0,26,0,26,13,0,0.0,,0.6666666666666666,,21
47,1552909496,0.1,0.5,0.1,0.1,40,40,0,23,0,23,16,0,0.0,,0.5897435897435898,,21
48,775049972,0.1,0.5,0.1,0.1,40,40,1,22,1,21,17,0,0.045454545454545456,1.0,0.5526315789473685,0.08695652173913045,21
49,80534055,0.1,0.5,0.1,0.1,40,40,0,24,0,24,15,0,0.0,,0.6153846153846154,,21
0,801641135,0.1,0.5,0.1,0.25,20,20,0,15,0,15,4,0,0.0,,0.7894736842105263,,22
1,1270171441,0.1,0.5,0.1,0.25,20,20,1,14,1,13,5,0,0.07142857142857142,1.0,0.7222222222222222,0.13333333333333333,22
2,1377835332,0.1,0.5,0.1,0.25,20,20,1,15,1,14,4,0,0.06666666666666667,1.0,0.7777777777777778,0.125,22
3,176436447,0.1,0.5,0.1,0.25,20,20,2,12,0,12,5,2,0.0,0.0,0.7058823529411765,0.0,22
4,286983063,0.1,0.5,0.1,0.25,20,20,0,16,0,16,3,0,0.0,,0.8421052631578947,,22
5,1036116610,0.1,0.5,0.1,0.25,20,20,1,16,1,15,3,0,0.0625,1.0,0.8333333333333334,0.11764705882352941,22
6,987306962,0.1,0.5,0.1,0.25,20,20,0,13,0,13,6,0,0.0,,0.6842105263157895,,22
7,1998966311,0.1,0.5,0.1,0.25,20,20,0,15,0,15,4,0,0.0,,0.7894736842105263,,22
8,1022204001,0.1,0.5,0.1,0.25,20,20,0,15,0,15,4,0,0.0,,0.7894736842105263,,22
9,1507310886,0.1,0.5,0.1,0.25,20,20,0,14,0,14,5,0,0.0,,0.7368421052631579,,22
10,427419251,0.1,0.5,0.1,0.25,20,20,1,15,1,14,4,0,0.06666666666666667,1.0,0.7777777777777778,0.125,22
11,878033279,0.1,0.5,0.1,0.25,20,20,0,15,0,15,4,0,0.0,,0.7894736842105263,,22
12,867078633,0.1,0.5,0.1,0.25,20,20,1,11,1,10,8,0,0.09090909090909091,1.0,0.5555555555555556,0.16666666666666669,22
13,1265619041,0.1,0.5,0.1,0.25,20,20,1,10,1,9,9,0,0.1,1.0,0.5,0.18181818181818182,22
14,1979284859,0.1,0.5,0.1,0.25,20,20,1,14,0,14,4,1,0.0,0.0,0.7777777777777778,0.0,22
15,859819949,0.1,0.5,0.1,0.25,20,20,1,12,1,11,7,0,0.08333333333333333,1.0,0.6111111111111112,0.15384615384615385,22
16,1674361893,0.1,0.5,0.1,0.25,20,20,0,13,0,13,6,0,0.0,,0.6842105263157895,,22
17,2089443254,0.1,0.5,0.1,0.25,20,20,1,13,1,12,6,0,0.07692307692307693,1.0,0.6666666666666666,0.14285714285714288,22
18,1663463492,0.1,0.5,0.1,0.25,20,20,1,13,1,12,6,0,0.07692307692307693,1.0,0.6666666666666666,0.14285714285714288,22
19,1317072326,0.1,0.5,0.1,0.25,20,20,1,11,1,10,8,0,0.09090909090909091,1.0,0.5555555555555556,0.16666666666666669,22
20,2118852632,0.1,0.5,0.1,0.25,20,20,0,13,0,13,6,0,0.0,,0.6842105263157895,,22
21,441583953,0.1,0.5,0.1,0.25,20,20,0,9,0,9,10,0,0.0,,0.47368421052631576,,22
22,1956929527,0.1,0.5,0.1,0.25,20,20,0,13,0,13,6,0,0.0,,0.6842105263157895,,22
23,658781965,0.1,0.5,0.1,0.25,20,20,0,12,0,12,7,0,0.0,,0.631578947368421,,22
24,665663942,0.1,0.5,0.1,0.25,20,20,0,12,0,12,7,0,0.0,,0.631578947368421,,22
25,1214756344,0.1,0.5,0.1,0.25,20,20,2,15,2,13,4,0,0.13333333333333333,1.0,0.7647058823529411,0.23529411764705882,22
26,119824679,0.1,0.5,0.1,0.25,20,20,0,10,0,10,9,0,0.0,,0.5263157894736842,,22
27,2138014446,0.1,0.5,0.1,0.25,20,20,0,13,0,13,6,0,0.0,,0.6842105263157895,,22
28,1026279593,0.1,0.5,0.1,0.25,20,20,1,13,1,12,6,0,0.07692307692307693,1.0,0.6666666666666666,0.14285714285714288,22
29,1946427598,0.1,0.5,0.1,0.25,20,20,1,13,1,12,6,0,0.07692307692307693,1.0,0.6666666666666666,0.14285714285714288,22
30,1429236439,0.1,0.5,0.1,0.25,20,20,1,16,1,15,3,0,0.0625,1.0,0.8333333333333334,0.11764705882352941,22
31,788493064,0.1,0.5,0.1,0.25,20,20,0,14,0,14,5,0,0.0,,0.7368421052631579,,22
32,1335614185,0.1,0.5,0.1,0.25,20,20,0,10,0,10,9,0,0.0,,0.5263157894736842,,22
33,628265648,0.1,0.5,0.1,0.25,20,20,0,12,0,12,7,0,0.0,,0.631578947368421,,22
34,523054258,0.1,0.5,0.1,0.25,20,20,0,7,0,7,12,0,0.0,,0.3684210526315789,,22
35,388538713,0.1,0.5,0.1,0.25,20,20,0,12,0,12,7,0,0.0,,0.631578947368421,,22
36,1756961519,0.1,0.5,0.1,0.25,20,20,1,7,1,6,12,0,0.14285714285714285,1.0,0.3333333333333333,0.25,22
37,1266816648,0.1,0.5,0.1,0.25,20,20,0,11,0,11,8,0,0.0,,0.5789473684210527,,22
38,1935900759,0.1,0.5,0.1,0.25,20,20,0,16,0,16,3,0,0.0,,0.8421052631578947,,22
39,2017435678,0.1,0.5,0.1,0.25,20,20,0,14,0,14,5,0,0.0,,0.7368421052631579,,22
40,416044927,0.1,0.5,0.1,0.25,20,20,2,13,0,13,4,2,0.0,0.0,0.7647058823529411,0.0,22
41,1904171776,0.1,0.5,0.1,0.25,20,20,0,14,0,14,5,0,0.0,,0.7368421052631579,,22
42,1149425666,0.1,0.5,0.1,0.25,20,20,1,14,1,13,5,0,0.07142857142857142,1.0,0.7222222222222222,0.13333333333333333,22
43,1112767408,0.1,0.5,0.1,0.25,20,20,0,10,0,10,9,0,0.0,,0.5263157894736842,,22
44,95976078,0.1,0.5,0.1,0.25,20,20,1,15,1,14,4,0,0.06666666666666667,1.0,0.7777777777777778,0.125,22
45,734682820,0.1,0.5,0.1,0.25,20,20,1,13,1,12,6,0,0.07692307692307693,1.0,0.6666666666666666,0.14285714285714288,22
46,1131422542,0.1,0.5,0.1,0.25,20,20,3,17,3,14,2,0,0.17647058823529413,1.0,0.875,0.3,22
47,1705050962,0.1,0.5,0.1,0.25,20,20,1,14,1,13,5,0,0.07142857142857142,1.0,0.7222222222222222,0.13333333333333333,22
48,342922117,0.1,0.5,0.1,0.25,20,20,0,10,0,10,9,0,0.0,,0.5263157894736842,,22
49,896050989,0.1,0.5,0.1,0.25,20,20,1,15,1,14,4,0,0.06666666666666667,1.0,0.7777777777777778,0.125,22
0,563349144,0.1,0.5,0.1,0.25,40,40,0,33,0,33,6,0,0.0,,0.8461538461538461,,23
1,1517160952,0.1,0.5,0.1,0.25,40,40,2,27,1,26,11,1,0.037037037037037035,0.5,0.7027027027027027,0.06896551724137931,23
2,1277462074,0.1,0.5,0.1,0.25,40,40,0,27,0,27,12,0,0.0,,0.6923076923076923,,23
3,2139891761,0.1,0.5,0.1,0.25,40,40,0,27,0,27,12,0,0.0,,0.6923076923076923,,23
4,503090417,0.1,0.5,0.1,0.25,40,40,0,28,0,28,11,0,0.0,,0.717948717948718,,23
5,178930183,0.1,0.5,0.1,0.25,40,40,1,30,1,29,9,0,0.03333333333333333,1.0,0.7631578947368421,0.06451612903225806,23
6,780475893,0.1,0.5,0.1,0.25,40,40,0,29,0,29,10,0,0.0,,0.7435897435897436,,23
7,262811912,0.1,0.5,0.1,0.25,40,40,0,25,0,25,14,0,0.0,,0.6410256410256411,,23
8,1546210579,0.1,0.5,0.1,0.25,40,40,1,24,0,24,14,1,0.0,0.0,0.631578947368421,0.0,23
9,668838836,0.1,0.5,0.1,0.25,40,40,1,27,1,26,12,0,0.037037037037037035,1.0,0.6842105263157895,0.07142857142857142,23
10,1811979058,0.1,0.5,0.1,0.25,40,40,0,29,0,29,10,0,0.0,,0.7435897435897436,,23
11,637394677,0.1,0.5,0.1,0.25,40,40,0,29,0,29,10,0,0.0,,0.7435897435897436,,23
12,1024614586,0.1,0.5,0.1,0.25,40,40,0,29,0,29,10,0,0.0,,0.7435897435897436,,23
13,726815676,0.1,0.5,0.1,0.25,40,40,0,30,0,30,9,0,0.0,,0.7692307692307693,,23
14,1803618544,0.1,0.5,0.1,0.25,40,40,0,32,0,32,7,0,0.0,,0.8205128205128205,,23
15,919989894,0.1,0.5,0.1,0.25,40,40,0,29,0,29,10,0,0.0,,0.7435897435897436,,23
16,1632511147,0.1,0.5,0.1,0.25,40,40,0,28,0,28,11,0,0.0,,0.717948717948718,,23
17,380151979,0.1,0.5,0.1,0.25,40,40,1,31,1,30,8,0,0.03225806451612903,1.0,0.7894736842105263,0.0625,23
18,1246580665,0.1,0.5,0.1,0.25,40,40,0,30,0,30,9,0,0.0,,0.7692307692307693,,23
19,325468743,0.1,0.5,0.1,0.25,40,40,1,32,1,31,7,0,0.03125,1.0,0.8157894736842105,0.06060606060606061,23
20,1016099593,0.1,0.5,0.1,0.25,40,40,0,33,0,33,6,0,0.0,,0.8461538461538461,,23
21,415398179,0.1,0.5,0.1,0.25,40,40,0,33,0,33,6,0,0.0,,0.8461538461538461,,23
22,1340429740,0.1,0.5,0.1,0.25,40,40,1,32,1,31,7,0,0.03125,1.0,0.8157894736842105,0.06060606060606061,23
23,1937758417,0.1,0.5,0.1,0.25,40,40,0,34,0,34,5,0,0.0,,0.8717948717948718,,23
24,1246378687,0.1,0.5,0.1,0.25,40,40,0,30,0,30,9,0,0.0,,0.7692307692307693,,23
25,571865961,0.1,0.5,0.1,0.25,40,40,2,34,2,32,5,0,0.058823529411764705,1.0,0.8648648648648649,0.1111111111111111,23
26,187939515,0.1,0.5,0.1,0.25,40,40,2,32,2,30,7,0,0.0625,1.0,0.8108108108108109,0.11764705882352941,23
27,1153697041,0.1,0.5,0.1,0.25,40,40,0,31,0,31,8,0,0.0,,0.7948717948717948,,23
28,1550989042,0.1,0.5,0.1,0.25,40,40,0,31,0,31,8,0,0.0,,0.7948717948717948,,23
29,761242914,0.1,0.5,0.1,0.25,40,40,0,33,0,33,6,0,0.0,,0.8461538461538461,,23
30,1641805501,0.1,0.5,0.1,0.25,40,40,0,31,0,31,8,0,0.0,,0.7948717948717948,,23
31,1066747142,0.1,0.5,0.1,0.25,40,40,0,31,0,31,8,0,0.0,,0.7948717948717948,,23
32,736570782,0.1,0.5,0.1,0.25,40,40,0,30,0,30,9,0,0.0,,0.7692307692307693,,23
33,7980209,0.1,0.5,0.1,0.25,40,40,0,30,0,30,9,0,0.0,,0.7692307692307693,,23
34,782093452,0.1,0.5,0.1,0.25,40,40,0,31,0,31,8,0,0.0,,0.7948717948717948,,23
35,970615383,0.1,0.5,0.1,0.25,40,40,0,26,0,26,13,0,0.0,,0.6666666666666666,,23
36,1092669433,0.1,0.5,0.1,0.25,40,40,0,32,0,32,7,0,0.0,,0.8205128205128205,,23
37,1579950558,0.1,0.5,0.1,0.25,40,40,0,31,0,31,8,0,0.0,,0.7948717948717948,,23
38,1819255798,0.1,0.5,0.1,0.25,40,40,1,35,1,34,4,0,0.02857142857142857,1.0,0.8947368421052632,0.05555555555555556,23
39,1033779666,0.1,0.5,0.1,0.25,40,40,0,30,0,30,9,0,0.0,,0.7692307692307693,,23
40,1572945161,0.1,0.5,0.1,0.25,40,40,1,31,1,30,8,0,0.03225806451612903,1.0,0.7894736842105263,0.0625,23
41,1943486029,0.1,0.5,0.1,0.25,40,40,0,34,0,34,5,0,0.0,,0.8717948717948718,,23
42,219069650,0.1,0.5,0.1,0.25,40,40,2,34,2,32,5,0,0.058823529411764705,1.0,0.8648648648648649,0.1111111111111111,23
43,820093782,0.1,0.5,0.1,0.25,40,40,0,25,0,25,14,0,0.0,,0.6410256410256411,,23
44,1749100701,0.1,0.5,0.1,0.25,40,40,1,30,1,29,9,0,0.03333333333333333,1.0,0.7631578947368421,0.06451612903225806,23
45,1771454746,0.1,0.5,0.1,0.25,40,40,2,33,2,31,6,0,0.06060606060606061,1.0,0.8378378378378378,0.1142857142857143,23
46,667284603,0.1,0.5,0.1,0.25,40,40,0,34,0,34,5,0,0.0,,0.8717948717948718,,23
47,1911382261,0.1,0.5,0.1,0.25,40,40,0,25,0,25,14,0,0.0,,0.6410256410256411,,23
48,1727594325,0.1,0.5,0.1,0.25,40,40,1,32,1,31,7,0,0.03125,1.0,0.8157894736842105,0.06060606060606061,23
49,1316093639,0.1,0.5,0.1,0.25,40,40,0,28,0,28,11,0,0.0,,0.717948717948718,,23
0,734362325,0.1,0.5,0.2,0.0,20,20,0,0,0,0,19,0,,,0.0,,24
1,1270216070,0.1,0.5,0.2,0.0,20,20,0,0,0,0,19,0,,,0.0,,24
2,1520323313,0.1,0.5,0.2,0.0,20,20,1,1,1,0,18,0,1.0,1.0,0.0,1.0,24
3,1623391606,0.1,0.5,0.2,0.0,20,20,0,0,0,0,19,0,,,0.0,,24
4,1863884571,0.1,0.5,0.2,0.0,20,20,1,0,0,0,18,1,,0.0,0.0,,24
5,1692034088,0.1,0.5,0.2,0.0,20,20,1,0,0,0,18,1,,0.0,0.0,,24
6,596129212,0.1,0.5,0.2,0.0,20,20,0,0,0,0,19,0,,,0.0,,24
7,807640254,0.1,0.5,0.2,0.0,20,20,0,1,0,1,18,0,0.0,,0.05263157894736842,,24
8,1638486174,0.1,0.5,0.2,0.0,20,20,0,0,0,0,19,0,,,0.0,,24
9,509380623,0.1,0.5,0.2,0.0,20,20,1,1,1,0,18,0,1.0,1.0,0.0,1.0,24
10,1765181735,0.1,0.5,0.2,0.0,20,20,0,0,0,0,19,0,,,0.0,,24
11,549053017,0.1,0.5,0.2,0.0,20,20,0,0,0,0,19,0,,,0.0,,24
12,2057174031,0.1,0.5,0.2,0.0,20,20,0,0,0,0,19,0,,,0.0,,24
13,1678895657,0.1,0.5,0.2,0.0,20,20,0,0,0,0,19,0,,,0.0,,24
14,1616987718,0.1,0.5,0.2,0.0,20,20,0,0,0,0,19,0,,,0.0,,24
15,1412023477,0.1,0.5,0.2,0.0,20,20,0,0,0,0,19,0,,,0.0,,24
16,650415161,0.1,0.5,0.2,0.0,20,20,1,0,0,0,18,1,,0.0,0.0,,24
17,432672944,0.1,0.5,0.2,0.0,20,20,1,0,0,0,18,1,,0.0,0.0,,24
18,527149435,0.1,0.5,0.2,0.0,20,20,0,0,0,0,19,0,,,0.0,,24
19,1661860242,0.1,0.5,0.2,0.0,20,20,0,0,0,0,19,0,,,0.0,,24
20,1726824593,0.1,0.5,0.2,0.0,20,20,1,0,0,0,18,1,,0.0,0.0,,24
21,1721676833,0.1,0.5,0.2,0.0,20,20,1,1,1,0,18,0,1.0,1.0,0.0,1.0,24
22,1363973733,0.1,0.5,0.2,0.0,20,20,1,0,0,0,18,1,,0.0,0.0,,24
23,660792692,0.1,0.5,0.2,0.0,20,20,0,0,0,0,19,0,,,0.0,,24
24,949917028,0.1,0.5,0.2,0.0,20,20,2,1,1,0,17,1,1.0,0.5,0.0,0.6666666666666666,24
25,1743654377,0.1,0.5,0.2,0.0,20,20,0,0,0,0,19,0,,,0.0,,24
26,493961199,0.1,0.5,0.2,0.0,20,20,1,1,1,0,18,0,1.0,1.0,0.0,1.0,24
27,1166384847,0.1,0.5,0.2,0.0,20,20,0,0,0,0,19,0,,,0.0,,24
28,323099183,0.1,0.5,0.2,0.0,20,20,0,0,0,0,19,0,,,0.0,,24
29,1465056248,0.1,0.5,0.2,0.0,20,20,0,0,0,0,19,0,,,0.0,,24
30,1075846888,0.1,0.5,0.2,0.0,20,20,0,0,0,0,19,0,,,0.0,,24
31,774454388,0.1,0.5,0.2,0.0,20,20,1,0,0,0,18,1,,0.0,0.0,,24
32,290402350,0.1,0.5,0.2,0.0,20,20,0,0,0,0,19,0,,,0.0,,24
33,696270638,0.1,0.5,0.2,0.0,20,20,0,0,0,0,19,0,,,0.0,,24
34,1729439397,0.1,0.5,0.2,0.0,20,20,1,0,0,0,18,1,,0.0,0.0,,24
35,224455645,0.1,0.5,0.2,0.0,20,20,0,0,0,0,19,0,,,0.0,,24
36,1475807771,0.1,0.5,0.2,0.0,20,20,0,0,0,0,19,0,,,0.0,,24
37,565770010,0.1,0.5,0.2,0.0,20,20,0,0,0,0,19,0,,,0.0,,24
38,1975407802,0.1,0.5,0.2,0.0,20,20,0,0,0,0,19,0,,,0.0,,24
39,1981067193,0.1,0.5,0.2,0.0,20,20,0,0,0,0,19,0,,,0.0,,24
40,1443836795,0.1,0.5,0.2,0.0,20,20,1,0,0,0,18,1,,0.0,0.0,,24
41,533854540,0.1,0.5,0.2,0.0,20,20,1,1,1,0,18,0,1.0,1.0,0.0,1.0,24
42,280003776,0.1,0.5,0.2,0.0,20,20,3,3,3,0,16,0,1.0,1.0,0.0,1.0,24
43,2060854559,0.1,0.5,0.2,0.0,20,20,2,1,1,0,17,1,1.0,0.5,0.0,0.6666666666666666,24
44,1743232648,0.1,0.5,0.2,0.0,20,20,0,0,0,0,19,0,,,0.0,,24
45,5013938,0.1,0.5,0.2,0.0,20,20,0,0,0,0,19,0,,,0.0,,24
46,717132809,0.1,0.5,0.2,0.0,20,20,1,1,1,0,18,0,1.0,1.0,0.0,1.0,24
47,1907985608,0.1,0.5,0.2,0.0,20,20,1,0,0,0,18,1,,0.0,0.0,,24
48,362775993,0.1,0.5,0.2,0.0,20,20,0,0,0,0,19,0,,,0.0,,24
49,1107095786,0.1,0.5,0.2,0.0,20,20,0,0,0,0,19,0,,,0.0,,24
0,857980599,0.1,0.5,0.2,0.0,40,40,0,0,0,0,39,0,,,0.0,,25
1,1108482703,0.1,0.5,0.2,0.0,40,40,0,0,0,0,39,0,,,0.0,,25
2,1723659333,0.1,0.5,0.2,0.0,40,40,1,0,0,0,38,1,,0.0,0.0,,25
3,970573721,0.1,0.5,0.2,0.0,40,40,1,0,0,0,38,1,,0.0,0.0,,25
4,327187910,0.1,0.5,0.2,0.0,40,40,1,0,0,0,38,1,,0.0,0.0,,25
5,2006546971,0.1,0.5,0.2,0.0,40,40,0,0,0,0,39,0,,,0.0,,25
6,1106242395,0.1,0.5,0.2,0.0,40,40,3,2,2,0,36,1,1.0,0.6666666666666666,0.0,0.8,25
7,530994450,0.1,0.5,0.2,0.0,40,40,1,1,1,0,38,0,1.0,1.0,0.0,1.0,25
8,400278893,0.1,0.5,0.2,0.0,40,40,0,0,0,0,39,0,,,0.0,,25
9,1257052129,0.1,0.5,0.2,0.0,40,40,2,0,0,0,37,2,,0.0,0.0,,25
10,1323719424,0.1,0.5,0.2,0.0,40,40,0,0,0,0,39,0,,,0.0,,25
11,1808717189,0.1,0.5,0.2,0.0,40,40,2,2,2,0,37,0,1.0,1.0,0.0,1.0,25
12,241146939,0.1,0.5,0.2,0.0,40,40,0,0,0,0,39,0,,,0.0,,25
13,1585864736,0.1,0.5,0.2,0.0,40,40,0,0,0,0,39,0,,,0.0,,25
14,1981881362,0.1,0.5,0.2,0.0,40,40,1,0,0,0,38,1,,0.0,0.0,,25
15,1574067136,0.1,0.5,0.2,0.0,40,40,2,2,1,1,36,1,0.5,0.5,0.02702702702702703,0.5,25
16,911689837,0.1,0.5,0.2,0.0,40,40,0,0,0,0,39,0,,,0.0,,25
17,870545626,0.1,0.5,0.2,0.0,40,40,0,1,0,1,38,0,0.0,,0.02564102564102564,,25
18,305417418,0.1,0.5,0.2,0.0,40,40,0,0,0,0,39,0,,,0.0,,25
19,587201122,0.1,0.5,0.2,0.0,40,40,0,0,0,0,39,0,,,0.0,,25
20,1475946284,0.1,0.5,0.2,0.0,40,40,0,0,0,0,39,0,,,0.0,,25
21,1597046363,0.1,0.5,0.2,0.0,40,40,0,0,0,0,39,0,,,0.0,,25
22,1674983116,0.1,0.5,0.2,0.0,40,40,0,0,0,0,39,0,,,0.0,,25
23,256830007,0.1,0.5,0.2,0.0,40,40,0,0,0,0,39,0,,,0.0,,25
24,56283580,0.1,0.5,0.2,0.0,40,40,1,1,1,0,38,0,1.0,1.0,0.0,1.0,25
25,685417269,0.1,0.5,0.2,0.0,40,40,1,0,0,0,38,1,,0.0,0.0,,25
26,978012138,0.1,0.5,0.2,0.0,40,40,0,0,0,0,39,0,,,0.0,,25
27,198912329,0.1,0.5,0.2,0.0,40,40,0,0,0,0,39,0,,,0.0,,25
28,167761429,0.1,0.5,0.2,0.0,40,40,0,0,0,0,39,0,,,0.0,,25
29,1228035499,0.1,0.5,0.2,0.0,40,40,0,0,0,0,39,0,,,0.0,,25
30,921455118,0.1,0.5,0.2,0.0,40,40,0,0,0,0,39,0,,,0.0,,25
31,587280041,0.1,0.5,0.2,0.0,40,40,1,0,0,0,38,1,,0.0,0.0,,25
32,1744780393,0.1,0.5,0.2,0.0,40,40,0,0,0,0,39,0,,,0.0,,25
33,919596331,0.1,0.5,0.2,0.0,40,40,1,0,0,0,38,1,,0.0,0.0,,25
34,1370227140,0.1,0.5,0.2,0.0,40,40,1,0,0,0,38,1,,0.0,0.0,,25
35,672977069,0.1,0.5,0.2,0.0,40,40,0,0,0,0,39,0,,,0.0,,25
36,1117158053,0.1,0.5,0.2,0.0,40,40,1,1,0,1,37,1,0.0,0.0,0.02631578947368421,0.0,25
37,426031450,0.1,0.5,0.2,0.0,40,40,0,0,0,0,39,0,,,0.0,,25
38,10124479,0.1,0.5,0.2,0.0,40,40,1,0,0,0,38,1,,0.0,0.0,,25
39,1485280105,0.1,0.5,0.2,0.0,40,40,2,1,1,0,37,1,1.0,0.5,0.0,0.6666666666666666,25
40,1806068797,0.1,0.5,0.2,0.0,40,40,1,2,1,1,37,0,0.5,1.0,0.02631578947368421,0.6666666666666666,25
41,666269920,0.1,0.5,0.2,0.0,40,40,1,1,1,0,38,0,1.0,1.0,0.0,1.0,25
42,1388249099,0.1,0.5,0.2,0.0,40,40,0,0,0,0,39,0,,,0.0,,25
43,1985451128,0.1,0.5,0.2,0.0,40,40,0,0,0,0,39,0,,,0.0,,25
44,712803174,0.1,0.5,0.2,0.0,40,40,0,1,0,1,38,0,0.0,,0.02564102564102564,,25
45,1530549013,0.1,0.5,0.2,0.0,40,40,0,0,0,0,39,0,,,0.0,,25
46,694764990,0.1,0.5,0.2,0.0,40,40,0,0,0,0,39,0,,,0.0,,25
47,1045256601,0.1,0.5,0.2,0.0,40,40,2,1,1,0,37,1,1.0,0.5,0.0,0.6666666666666666,25
48,1288842852,0.1,0.5,0.2,0.0,40,40,0,0,0,0,39,0,,,0.0,,25
49,1216084199,0.1,0.5,0.2,0.0,40,40,1,1,1,0,38,0,1.0,1.0,0.0,1.0,25
0,1372943301,0.1,0.5,0.2,0.1,20,20,0,0,0,0,19,0,,,0.0,,26
1,1646225930,0.1,0.5,0.2,0.1,20,20,1,0,0,0,18,1,,0.0,0.0,,26
2,74642290,0.1,0.5,0.2,0.1,20,20,2,3,1,2,15,1,0.3333333333333333,0.5,0.11764705882352941,0.4,26
3,1889444507,0.1,0.5,0.2,0.1,20,20,0,1,0,1,18,0,0.0,,0.05263157894736842,,26
4,848280576,0.1,0.5,0.2,0.1,20,20,0,2,0,2,17,0,0.0,,0.10526315789473684,,26
5,268909853,0.1,0.5,0.2,0.1,20,20,0,1,0,1,18,0,0.0,,0.05263157894736842,,26
6,882654848,0.1,0.5,0.2,0.1,20,20,0,1,0,1,18,0,0.0,,0.05263157894736842,,26
7,246670727,0.1,0.5,0.2,0.1,20,20,0,2,0,2,17,0,0.0,,0.10526315789473684,,26
8,1809404041,0.1,0.5,0.2,0.1,20,20,0,1,0,1,18,0,0.0,,0.05263157894736842,,26
9,1593525849,0.1,0.5,0.2,0.1,20,20,0,1,0,1,18,0,0.0,,0.05263157894736842,,26
10,693488320,0.1,0.5,0.2,0.1,20,20,1,3,1,2,16,0,0.3333333333333333,1.0,0.1111111111111111,0.5,26
11,1505635526,0.1,0.5,0.2,0.1,20,20,0,1,0,1,18,0,0.0,,0.05263157894736842,,26
12,634566096,0.1,0.5,0.2,0.1,20,20,0,1,0,1,18,0,0.0,,0.05263157894736842,,26
13,1243384402,0.1,0.5,0.2,0.1,20,20,0,2,0,2,17,0,0.0,,0.10526315789473684,,26
14,170367467,0.1,0.5,0.2,0.1,20,20,0,0,0,0,19,0,,,0.0,,26
15,461750975,0.1,0.5,0.2,0.1,20,20,2,2,1,1,16,1,0.5,0.5,0.058823529411764705,0.5,26
16,523687576,0.1,0.5,0.2,0.1,20,20,0,1,0,1,18,0,0.0,,0.05263157894736842,,26
17,1961851593,0.1,0.5,0.2,0.1,20,20,0,1,0,1,18,0,0.0,,0.05263157894736842,,26
18,329530589,0.1,0.5,0.2,0.1,20,20,0,2,0,2,17,0,0.0,,0.10526315789473684,,26
19,1805078944,0.1,0.5,0.2,0.1,20,20,0,1,0,1,18,0,0.0,,0.05263157894736842,,26
20,1787663060,0.1,0.5,0.2,0.1,20,20,1,0,0,0,18,1,,0.0,0.0,,26
21,1331646685,0.1,0.5,0.2,0.1,20,20,1,0,0,0,18,1,,0.0,0.0,,26
22,1188325740,0.1,0.5,0.2,0.1,20,20,0,1,0,1,18,0,0.0,,0.05263157894736842,,26
23,582945446,0.1,0.5,0.2,0.1,20,20,0,2,0,2,17,0,0.0,,0.10526315789473684,,26
24,1734842210,0.1,0.5,0.2,0.1,20,20,2,2,0,2,15,2,0.0,0.0,0.11764705882352941,0.0,26
25,224366556,0.1,0.5,0.2,0.1,20,20,1,3,1,2,16,0,0.3333333333333333,1.0,0.1111111111111111,0.5,26
26,376754462,0.1,0.5,0.2,0.1,20,20,0,3,0,3,16,0,0.0,,0.15789473684210525,,26
27,206181068,0.1,0.5,0.2,0.1,20,20,0,0,0,0,19,0,,,0.0,,26
28,1757446693,0.1,0.5,0.2,0.1,20,20,0,0,0,0,19,0,,,0.0,,26
29,1688681684,0.1,0.5,0.2,0.1,20,20,0,2,0,2,17,0,0.0,,0.10526315789473684,,26
30,412324668,0.1,0.5,0.2,0.1,20,20,1,3,1,2,16,0,0.3333333333333333,1.0,0.1111111111111111,0.5,26
31,1689322135,0.1,0.5,0.2,0.1,20,20,0,3,0,3,16,0,0.0,,0.15789473684210525,,26
32,1441826945,0.1,0.5,0.2,0.1,20,20,0,1,0,1,18,0,0.0,,0.05263157894736842,,26
33,1256854079,0.1,0.5,0.2,0.1,20,20,1,3,1,2,16,0,0.3333333333333333,1.0,0.1111111111111111,0.5,26
34,1697109440,0.1,0.5,0.2,0.1,20,20,0,3,0,3,16,0,0.0,,0.15789473684210525,,26
35,2075060261,0.1,0.5,0.2,0.1,20,20,1,1,0,1,17,1,0.0,0.0,0.05555555555555555,0.0,26
36,1219983252,0.1,0.5,0.2,0.1,20,20,0,2,0,2,17,0,0.0,,0.10526315789473684,,26
37,1930680257,0.1,0.5,0.2,0.1,20,20,0,2,0,2,17,0,0.0,,0.10526315789473684,,26
38,981973634,0.1,0.5,0.2,0.1,20,20,1,2,1,1,17,0,0.5,1.0,0.05555555555555555,0.6666666666666666,26
39,540770714,0.1,0.5,0.2,0.1,20,20,1,2,1,1,17,0,0.5,1.0,0.05555555555555555,0.6666666666666666,26
40,1939932907,0.1,0.5,0.2,0.1,20,20,0,0,0,0,19,0,,,0.0,,26
41,1458399981,0.1,0.5,0.2,0.1,20,20,1,1,0,1,17,1,0.0,0.0,0.05555555555555555,0.0,26
42,1575535260,0.1,0.5,0.2,0.1,20,20,0,2,0,2,17,0,0.0,,0.10526315789473684,,26
43,1006856491,0.1,0.5,0.2,0.1,20,20,0,1,0,1,18,0,0.0,,0.05263157894736842,,26
44,1623402943,0.1,0.5,0.2,0.1,20,20,0,1,0,1,18,0,0.0,,0.05263157894736842,,26
45,1080266361,0.1,0.5,0.2,0.1,20,20,2,2,2,0,17,0,1.0,1.0,0.0,1.0,26
46,572751782,0.1,0.5,0.2,0.1,20,20,0,1,0,1,18,0,0.0,,0.05263157894736842,,26
47,1351458282,0.1,0.5,0.2,0.1,20,20,2,2,2,0,17,0,1.0,1.0,0.0,1.0,26
48,50884750,0.1,0.5,0.2,0.1,20,20,0,0,0,0,19,0,,,0.0,,26
49,2055219996,0.1,0.5,0.2,0.1,20,20,0,0,0,0,19,0,,,0.0,,26
0,1861829865,0.1,0.5,0.2,0.1,40,40,0,4,0,4,35,0,0.0,,0.10256410256410256,,27
1,1424565171,0.1,0.5,0.2,0.1,40,40,2,8,2,6,31,0,0.25,1.0,0.16216216216216217,0.4,27
2,1060624774,0.1,0.5,0.2,0.1,40,40,1,8,1,7,31,0,0.125,1.0,0.18421052631578946,0.2222222222222222,27
3,985815893,0.1,0.5,0.2,0.1,40,40,2,13,2,11,26,0,0.15384615384615385,1.0,0.2972972972972973,0.2666666666666667,27
4,1486143712,0.1,0.5,0.2,0.1,40,40,1,6,1,5,33,0,0.16666666666666666,1.0,0.13157894736842105,0.2857142857142857,27
5,137749153,0.1,0.5,0.2,0.1,40,40,1,4,0,4,34,1,0.0,0.0,0.10526315789473684,0.0,27
6,667475148,0.1,0.5,0.2,0.1,40,40,0,5,0,5,34,0,0.0,,0.1282051282051282,,27
7,912416291,0.1,0.5,0.2,0.1,40,40,0,4,0,4,35,0,0.0,,0.10256410256410256,,27
8,937014290,0.1,0.5,0.2,0.1,40,40,0,5,0,5,34,0,0.0,,0.1282051282051282,,27
9,1244381211,0.1,0.5,0.2,0.1,40,40,0,6,0,6,33,0,0.0,,0.15384615384615385,,27
10,1020010603,0.1,0.5,0.2,0.1,40,40,1,5,1,4,34,0,0.2,1.0,0.10526315789473684,0.33333333333333337,27
11,1201464855,0.1,0.5,0.2,0.1,40,40,0,3,0,3,36,0,0.0,,0.07692307692307693,,27
12,1232636350,0.1,0.5,0.2,0.1,40,40,1,4,1,3,35,0,0.25,1.0,0.07894736842105263,0.4,27
13,1530929232,0.1,0.5,0.2,0.1,40,40,1,6,1,5,33,0,0.16666666666666666,1.0,0.13157894736842105,0.2857142857142857,27
14,1857149162,0.1,0.5,0.2,0.1,40,40,0,9,0,9,30,0,0.0,,0.23076923076923078,,27
15,1482708641,0.1,0.5,0.2,0.1,40,40,1,12,1,11,27,0,0.08333333333333333,1.0,0.2894736842105263,0.15384615384615385,27
16,102938834,0.1,0.5,0.2,0.1,40,40,0,6,0,6,33,0,0.0,,0.15384615384615385,,27
17,1547974381,0.1,0.5,0.2,0.1,40,40,0,7,0,7,32,0,0.0,,0.1794871794871795,,27
18,1103219807,0.1,0.5,0.2,0.1,40,40,1,5,0,5,33,1,0.0,0.0,0.13157894736842105,0.0,27
19,64290994,0.1,0.5,0.2,0.1,40,40,0,10,0,10,29,0,0.0,,0.2564102564102564,,27
20,1049347059,0.1,0.5,0.2,0.1,40,40,0,8,0,8,31,0,0.0,,0.20512820512820512,,27
21,850002139,0.1,0.5,0.2,0.1,40,40,0,1,0,1,38,0,0.0,,0.02564102564102564,,27
22,53587183,0.1,0.5,0.2,0.1,40,40,0,6,0,6,33,0,0.0,,0.15384615384615385,,27
23,1911379593,0.1,0.5,0.2,0.1,40,40,3,10,1,9,27,2,0.1,0.3333333333333333,0.25,0.15384615384615383,27
24,1569749642,0.1,0.5,0.2,0.1,40,40,0,7,0,7,32,0,0.0,,0.1794871794871795,,27
25,1357604829,0.1,0.5,0.2,0.1,40,40,0,11,0,11,28,0,0.0,,0.28205128205128205,,27
26,1709658294,0.1,0.5,0.2,0.1,40,40,1,6,1,5,33,0,0.16666666666666666,1.0,0.13157894736842105,0.2857142857142857,27
27,502111776,0.1,0.5,0.2,0.1,40,40,0,8,0,8,31,0,0.0,,0.20512820512820512,,27
28,107765520,0.1,0.5,0.2,0.1,40,40,0,7,0,7,32,0,0.0,,0.1794871794871795,,27
29,1148315255,0.1,0.5,0.2,0.1,40,40,1,4,0,4,34,1,0.0,0.0,0.10526315789473684,0.0,27
30,1282253212,0.1,0.5,0.2,0.1,40,40,0,4,0,4,35,0,0.0,,0.10256410256410256,,27
31,2076610686,0.1,0.5,0.2,0.1,40,40,1,7,1,6,32,0,0.14285714285714285,1.0,0.15789473684210525,0.25,27
32,2042475543,0.1,0.5,0.2,0.1,40,40,0,5,0,5,34,0,0.0,,0.1282051282051282,,27
33,349811916,0.1,0.5,0.2,0.1,40,40,0,8,0,8,31,0,0.0,,0.20512820512820512,,27
34,220319345,0.1,0.5,0.2,0.1,40,40,1,7,1,6,32,0,0.14285714285714285,1.0,0.15789473684210525,0.25,27
35,1945611586,0.1,0.5,0.2,0.1,40,40,1,2,1,1,37,0,0.5,1.0,0.02631578947368421,0.6666666666666666,27
36,1461652449,0.1,0.5,0.2,0.1,40,40,1,7,0,7,31,1,0.0,0.0,0.18421052631578946,0.0,27
37,198116467,0.1,0.5,0.2,0.1,40,40,0,6,0,6,33,0,0.0,,0.15384615384615385,,27
38,1453288050,0.1,0.5,0.2,0.1,40,40,0,4,0,4,35,0,0.0,,0.10256410256410256,,27
39,1970409892,0.1,0.5,0.2,0.1,40,40,0,8,0,8,31,0,0.0,,0.20512820512820512,,27
40,1196415585,0.1,0.5,0.2,0.1,40,40,0,1,0,1,38,0,0.0,,0.02564102564102564,,27
41,1615194096,0.1,0.5,0.2,0.1,40,40,1,9,0,9,29,1,0.0,0.0,0.23684210526315788,0.0,27
42,1317077283,0.1,0.5,0.2,0.1,40,40,0,7,0,7,32,0,0.0,,0.1794871794871795,,27
43,861352046,0.1,0.5,0.2,0.1,40,40,0,8,0,8,31,0,0.0,,0.20512820512820512,,27
44,1606292787,0.1,0.5,0.2,0.1,40,40,1,1,0,1,37,1,0.0,0.0,0.02631578947368421,0.0,27
45,1864897050,0.1,0.5,0.2,0.1,40,40,0,10,0,10,29,0,0.0,,0.2564102564102564,,27
46,1684211730,0.1,0.5,0.2,0.1,40,40,0,6,0,6,33,0,0.0,,0.15384615384615385,,27
47,1582465856,0.1,0.5,0.2,0.1,40,40,0,4,0,4,35,0,0.0,,0.10256410256410256,,27
48,350858747,0.1,0.5,0.2,0.1,40,40,1,9,1,8,30,0,0.1111111111111111,1.0,0.21052631578947367,0.19999999999999998,27
49,113029609,0.1,0.5,0.2,0.1,40,40,0,5,0,5,34,0,0.0,,0.1282051282051282,,27
0,1985989747,0.1,0.5,0.2,0.25,20,20,2,6,2,4,13,0,0.3333333333333333,1.0,0.23529411764705882,0.5,28
1,1031510912,0.1,0.5,0.2,0.25,20,20,1,7,0,7,11,1,0.0,0.0,0.3888888888888889,0.0,28
2,2022524544,0.1,0.5,0.2,0.25,20,20,0,13,0,13,6,0,0.0,,0.6842105263157895,,28
3,1946080012,0.1,0.5,0.2,0.25,20,20,1,8,0,8,10,1,0.0,0.0,0.4444444444444444,0.0,28
4,1853414860,0.1,0.5,0.2,0.25,20,20,0,11,0,11,8,0,0.0,,0.5789473684210527,,28
5,1931646322,0.1,0.5,0.2,0.25,20,20,0,9,0,9,10,0,0.0,,0.47368421052631576,,28
6,1116439210,0.1,0.5,0.2,0.25,20,20,0,8,0,8,11,0,0.0,,0.42105263157894735,,28
7,277064333,0.1,0.5,0.2,0.25,20,20,0,5,0,5,14,0,0.0,,0.2631578947368421,,28
8,1208865767,0.1,0.5,0.2,0.25,20,20,0,10,0,10,9,0,0.0,,0.5263157894736842,,28
9,1554978253,0.1,0.5,0.2,0.25,20,20,1,12,1,11,7,0,0.08333333333333333,1.0,0.6111111111111112,0.15384615384615385,28
10,1742782471,0.1,0.5,0.2,0.25,20,20,1,8,1,7,11,0,0.125,1.0,0.3888888888888889,0.2222222222222222,28
11,2046184210,0.1,0.5,0.2,0.25,20,20,0,10,0,10,9,0,0.0,,0.5263157894736842,,28
12,207910372,0.1,0.5,0.2,0.25,20,20,0,6,0,6,13,0,0.0,,0.3157894736842105,,28
13,1170998662,0.1,0.5,0.2,0.25,20,20,2,12,2,10,7,0,0.16666666666666666,1.0,0.5882352941176471,0.2857142857142857,28
14,515027236,0.1,0.5,0.2,0.25,20,20,1,7,1,6,12,0,0.14285714285714285,1.0,0.3333333333333333,0.25,28
15,784066688,0.1,0.5,0.2,0.25,20,20,0,5,0,5,14,0,0.0,,0.2631578947368421,,28
16,405748514,0.1,0.5,0.2,0.25,20,20,1,4,0,4,14,1,0.0,0.0,0.2222222222222222,0.0,28
17,603716155,0.1,0.5,0.2,0.25,20,20,0,6,0,6,13,0,0.0,,0.3157894736842105,,28
18,1350348062,0.1,0.5,0.2,0.25,20,20,0,7,0,7,12,0,0.0,,0.3684210526315789,,28
19,1277042137,0.1,0.5,0.2,0.25,20,20,0,5,0,5,14,0,0.0,,0.2631578947368421,,28
20,124129015,0.1,0.5,0.2,0.25,20,20,1,7,0,7,11,1,0.0,0.0,0.3888888888888889,0.0,28
21,1628809153,0.1,0.5,0.2,0.25,20,20,0,9,0,9,10,0,0.0,,0.47368421052631576,,28
22,1451899395,0.1,0.5,0.2,0.25,20,20,1,15,1,14,4,0,0.06666666666666667,1.0,0.7777777777777778,0.125,28
23,493210708,0.1,0.5,0.2,0.25,20,20,2,13,1,12,5,1,0.07692307692307693,0.5,0.7058823529411765,0.13333333333333336,28
24,1031038582,0.1,0.5,0.2,0.25,20,20,0,4,0,4,15,0,0.0,,0.21052631578947367,,28
25,285182519,0.1,0.5,0.2,0.25,20,20,0,5,0,5,14,0,0.0,,0.2631578947368421,,28
26,1057325206,0.1,0.5,0.2,0.25,20,20,1,3,0,3,15,1,0.0,0.0,0.16666666666666666,0.0,28
27,1308781169,0.1,0.5,0.2,0.25,20,20,0,10,0,10,9,0,0.0,,0.5263157894736842,,28
28,78590347,0.1,0.5,0.2,0.25,20,20,0,5,0,5,14,0,0.0,,0.2631578947368421,,28
29,381897429,0.1,0.5,0.2,0.25,20,20,2,12,1,11,6,1,0.08333333333333333,0.5,0.6470588235294118,0.14285714285714285,28
30,760296504,0.1,0.5,0.2,0.25,20,20,1,10,1,9,9,0,0.1,1.0,0.5,0.18181818181818182,28
31,1263320283,0.1,0.5,0.2,0.25,20,20,0,11,0,11,8,0,0.0,,0.5789473684210527,,28
32,1738575432,0.1,0.5,0.2,0.25,20,20,0,12,0,12,7,0,0.0,,0.631578947368421,,28
33,1216910043,0.1,0.5,0.2,0.25,20,20,1,10,1,9,9,0,0.1,1.0,0.5,0.18181818181818182,28
34,278994377,0.1,0.5,0.2,0.25,20,20,0,9,0,9,10,0,0.0,,0.47368421052631576,,28
35,1667171234,0.1,0.5,0.2,0.25,20,20,1,12,1,11,7,0,0.08333333333333333,1.0,0.6111111111111112,0.15384615384615385,28
36,692028064,0.1,0.5,0.2,0.25,20,20,0,11,0,11,8,0,0.0,,0.5789473684210527,,28
37,2028441527,0.1,0.5,0.2,0.25,20,20,1,8,0,8,10,1,0.0,0.0,0.4444444444444444,0.0,28
38,1891637617,0.1,0.5,0.2,0.25,20,20,0,11,0,11,8,0,0.0,,0.5789473684210527,,28
39,443561262,0.1,0.5,0.2,0.25,20,20,2,10,2,8,9,0,0.2,1.0,0.47058823529411764,0.33333333333333337,28
40,416378275,0.1,0.5,0.2,0.25,20,20,0,10,0,10,9,0,0.0,,0.5263157894736842,,28
41,878992282,0.1,0.5,0.2,0.25,20,20,1,8,0,8,10,1,0.0,0.0,0.4444444444444444,0.0,28
42,2136416837,0.1,0.5,0.2,0.25,20,20,1,8,0,8,10,1,0.0,0.0,0.4444444444444444,0.0,28
43,483293542,0.1,0.5,0.2,0.25,20,20,1,10,1,9,9,0,0.1,1.0,0.5,0.18181818181818182,28
44,859262292,0.1,0.5,0.2,0.25,20,20,1,6,0,6,12,1,0.0,0.0,0.3333333333333333,0.0,28
45,623975194,0.1,0.5,0.2,0.25,20,20,0,6,0,6,13,0,0.0,,0.3157894736842105,,28
46,445899472,0.1,0.5,0.2,0.25,20,20,0,7,0,7,12,0,0.0,,0.3684210526315789,,28
47,1483981382,0.1,0.5,0.2,0.25,20,20,1,10,1,9,9,0,0.1,1.0,0.5,0.18181818181818182,28
48,1217482956,0.1,0.5,0.2,0.25,20,20,0,6,0,6,13,0,0.0,,0.3157894736842105,,28
49,1021319220,0.1,0.5,0.2,0.25,20,20,0,9,0,9,10,0,0.0,,0.47368421052631576,,28
0,1733321597,0.1,0.5,0.2,0.25,40,40,0,24,0,24,15,0,0.0,,0.6153846153846154,,29
1,407975902,0.1,0.5,0.2,0.25,40,40,0,20,0,20,19,0,0.0,,0.5128205128205128,,29
2,199563893,0.1,0.5,0.2,0.25,40,40,1,23,0,23,15,1,0.0,0.0,0.6052631578947368,0.0,29
3,582569167,0.1,0.5,0.2,0.25,40,40,1,18,1,17,21,0,0.05555555555555555,1.0,0.4473684210526316,0.10526315789473684,29
4,1581986052,0.1,0.5,0.2,0.25,40,40,0,19,0,19,20,0,0.0,,0.48717948717948717,,29
5,1325603153,0.1,0.5,0.2,0.25,40,40,0,24,0,24,15,0,0.0,,0.6153846153846154,,29
6,1853776107,0.1,0.5,0.2,0.25,40,40,0,22,0,22,17,0,0.0,,0.5641025641025641,,29
7,1645850308,0.1,0.5,0.2,0.25,40,40,0,21,0,21,18,0,0.0,,0.5384615384615384,,29
8,1114661902,0.1,0.5,0.2,0.25,40,40,0,20,0,20,19,0,0.0,,0.5128205128205128,,29
9,513297494,0.1,0.5,0.2,0.25,40,40,0,17,0,17,22,0,0.0,,0.4358974358974359,,29
10,1373971829,0.1,0.5,0.2,0.25,40,40,0,21,0,21,18,0,0.0,,0.5384615384615384,,29
11,177585275,0.1,0.5,0.2,0.25,40,40,0,20,0,20,19,0,0.0,,0.5128205128205128,,29
12,1712346880,0.1,0.5,0.2,0.25,40,40,0,26,0,26,13,0,0.0,,0.6666666666666666,,29
13,1407399579,0.1,0.5,0.2,0.25,40,40,1,21,0,21,17,1,0.0,0.0,0.5526315789473685,0.0,29
14,203522717,0.1,0.5,0.2,0.25,40,40,1,14,1,13,25,0,0.07142857142857142,1.0,0.34210526315789475,0.13333333333333333,29
15,1924766102,0.1,0.5,0.2,0.25,40,40,0,21,0,21,18,0,0.0,,0.5384615384615384,,29
16,740978064,0.1,0.5,0.2,0.25,40,40,0,22,0,22,17,0,0.0,,0.5641025641025641,,29
17,1805977349,0.1,0.5,0.2,0.25,40,40,0,19,0,19,20,0,0.0,,0.48717948717948717,,29
18,2089385280,0.1,0.5,0.2,0.25,40,40,0,21,0,21,18,0,0.0,,0.5384615384615384,,29
19,2070689963,0.1,0.5,0.2,0.25,40,40,0,19,0,19,20,0,0.0,,0.48717948717948717,,29
20,1543790786,0.1,0.5,0.2,0.25,40,40,1,26,1,25,13,0,0.038461538461538464,1.0,0.6578947368421053,0.07407407407407407,29
21,383175960,0.1,0.5,0.2,0.25,40,40,0,24,0,24,15,0,0.0,,0.6153846153846154,,29
22,726178316,0.1,0.5,0.2,0.25,40,40,1,17,0,17,21,1,0.0,0.0,0.4473684210526316,0.0,29
23,1546027919,0.1,0.5,0.2,0.25,40,40,0,23,0,23,16,0,0.0,,0.5897435897435898,,29
24,13684136,0.1,0.5,0.2,0.25,40,40,0,18,0,18,21,0,0.0,,0.46153846153846156,,29
25,1200602854,0.1,0.5,0.2,0.25,40,40,0,19,0,19,20,0,0.0,,0.48717948717948717,,29
26,675571869,0.1,0.5,0.2,0.25,40,40,0,26,0,26,13,0,0.0,,0.6666666666666666,,29
27,1476111449,0.1,0.5,0.2,0.25,40,40,0,23,0,23,16,0,0.0,,0.5897435897435898,,29
28,1360515164,0.1,0.5,0.2,0.25,40,40,0,20,0,20,19,0,0.0,,0.5128205128205128,,29
29,1373354324,0.1,0.5,0.2,0.25,40,40,0,15,0,15,24,0,0.0,,0.38461538461538464,,29
30,288174471,0.1,0.5,0.2,0.25,40,40,0,14,0,14,25,0,0.0,,0.358974358974359,,29
31,1657027440,0.1,0.5,0.2,0.25,40,40,0,17,0,17,22,0,0.0,,0.4358974358974359,,29
32,2019414670,0.1,0.5,0.2,0.25,40,40,2,25,2,23,14,0,0.08,1.0,0.6216216216216216,0.14814814814814814,29
33,1231765774,0.1,0.5,0.2,0.25,40,40,0,22,0,22,17,0,0.0,,0.5641025641025641,,29
34,22068404,0.1,0.5,0.2,0.25,40,40,0,24,0,24,15,0,0.0,,0.6153846153846154,,29
35,1039055277,0.1,0.5,0.2,0.25,40,40,0,16,0,16,23,0,0.0,,0.41025641025641024,,29
36,844393756,0.1,0.5,0.2,0.25,40,40,1,19,1,18,20,0,0.05263157894736842,1.0,0.47368421052631576,0.1,29
37,380927857,0.1,0.5,0.2,0.25,40,40,0,25,0,25,14,0,0.0,,0.6410256410256411,,29
38,659382597,0.1,0.5,0.2,0.25,40,40,1,22,0,22,16,1,0.0,0.0,0.5789473684210527,0.0,29
39,1518196258,0.1,0.5,0.2,0.25,40,40,0,18,0,18,21,0,0.0,,0.46153846153846156,,29
40,1408879885,0.1,0.5,0.2,0.25,40,40,2,24,1,23,14,1,0.041666666666666664,0.5,0.6216216216216216,0.07692307692307693,29
41,686155846,0.1,0.5,0.2,0.25,40,40,1,23,1,22,16,0,0.043478260869565216,1.0,0.5789473684210527,0.08333333333333333,29
42,1076221235,0.1,0.5,0.2,0.25,40,40,1,24,1,23,15,0,0.041666666666666664,1.0,0.6052631578947368,0.07999999999999999,29
43,519841619,0.1,0.5,0.2,0.25,40,40,1,18,0,18,20,1,0.0,0.0,0.47368421052631576,0.0,29
44,1568173705,0.1,0.5,0.2,0.25,40,40,0,20,0,20,19,0,0.0,,0.5128205128205128,,29
45,1004317791,0.1,0.5,0.2,0.25,40,40,1,21,1,20,18,0,0.047619047619047616,1.0,0.5263157894736842,0.0909090909090909,29
46,1203845471,0.1,0.5,0.2,0.25,40,40,5,21,2,19,15,3,0.09523809523809523,0.4,0.5588235294117647,0.15384615384615385,29
47,1757406742,0.1,0.5,0.2,0.25,40,40,1,27,0,27,11,1,0.0,0.0,0.7105263157894737,0.0,29
48,1379086339,0.1,0.5,0.2,0.25,40,40,1,26,1,25,13,0,0.038461538461538464,1.0,0.6578947368421053,0.07407407407407407,29
49,2011979443,0.1,0.5,0.2,0.25,40,40,1,19,1,18,20,0,0.05263157894736842,1.0,0.47368421052631576,0.1,29
0,602484063,0.1,0.5,0.35,0.0,20,20,0,0,0,0,19,0,,,0.0,,30
1,1018614471,0.1,0.5,0.35,0.0,20,20,0,0,0,0,19,0,,,0.0,,30
2,1493588978,0.1,0.5,0.35,0.0,20,20,1,1,1,0,18,0,1.0,1.0,0.0,1.0,30
3,1063016214,0.1,0.5,0.35,0.0,20,20,0,0,0,0,19,0,,,0.0,,30
4,879732717,0.1,0.5,0.35,0.0,20,20,1,0,0,0,18,1,,0.0,0.0,,30
5,33947169,0.1,0.5,0.35,0.0,20,20,0,0,0,0,19,0,,,0.0,,30
6,876658388,0.1,0.5,0.35,0.0,20,20,1,0,0,0,18,1,,0.0,0.0,,30
7,930445484,0.1,0.5,0.35,0.0,20,20,1,1,1,0,18,0,1.0,1.0,0.0,1.0,30
8,1439344647,0.1,0.5,0.35,0.0,20,20,0,0,0,0,19,0,,,0.0,,30
9,2021889104,0.1,0.5,0.35,0.0,20,20,2,0,0,0,17,2,,0.0,0.0,,30
10,1427543654,0.1,0.5,0.35,0.0,20,20,0,0,0,0,19,0,,,0.0,,30
11,916765972,0.1,0.5,0.35,0.0,20,20,0,0,0,0,19,0,,,0.0,,30
12,1356342435,0.1,0.5,0.35,0.0,20,20,0,0,0,0,19,0,,,0.0,,30
13,946043175,0.1,0.5,0.35,0.0,20,20,1,1,1,0,18,0,1.0,1.0,0.0,1.0,30
14,488598139,0.1,0.5,0.35,0.0,20,20,1,0,0,0,18,1,,0.0,0.0,,30
15,1682860637,0.1,0.5,0.35,0.0,20,20,0,0,0,0,19,0,,,0.0,,30
16,1081234346,0.1,0.5,0.35,0.0,20,20,1,0,0,0,18,1,,0.0,0.0,,30
17,1024659481,0.1,0.5,0.35,0.0,20,20,0,0,0,0,19,0,,,0.0,,30
18,1528084531,0.1,0.5,0.35,0.0,20,20,0,0,0,0,19,0,,,0.0,,30
19,1733643196,0.1,0.5,0.35,0.0,20,20,0,0,0,0,19,0,,,0.0,,30
20,17946443,0.1,0.5,0.35,0.0,20,20,0,0,0,0,19,0,,,0.0,,30
21,1607709015,0.1,0.5,0.35,0.0,20,20,0,0,0,0,19,0,,,0.0,,30
22,122831230,0.1,0.5,0.35,0.0,20,20,1,0,0,0,18,1,,0.0,0.0,,30
23,1113739699,0.1,0.5,0.35,0.0,20,20,0,0,0,0,19,0,,,0.0,,30
24,258349733,0.1,0.5,0.35,0.0,20,20,1,0,0,0,18,1,,0.0,0.0,,30
25,1662784650,0.1,0.5,0.35,0.0,20,20,1,1,1,0,18,0,1.0,1.0,0.0,1.0,30
26,810583926,0.1,0.5,0.35,0.0,20,20,0,0,0,0,19,0,,,0.0,,30
27,1183609036,0.1,0.5,0.35,0.0,20,20,0,0,0,0,19,0,,,0.0,,30
28,1687997741,0.1,0.5,0.35,0.0,20,20,0,0,0,0,19,0,,,0.0,,30
29,1035276934,0.1,0.5,0.35,0.0,20,20,1,0,0,0,18,1,,0.0,0.0,,30
30,369130143,0.1,0.5,0.35,0.0,20,20,0,0,0,0,19,0,,,0.0,,30
31,1572458843,0.1,0.5,0.35,0.0,20,20,1,0,0,0,18,1,,0.0,0.0,,30
32,433697545,0.1,0.5,0.35,0.0,20,20,0,0,0,0,19,0,,,0.0,,30
33,2000091895,0.1,0.5,0.35,0.0,20,20,1,0,0,0,18,1,,0.0,0.0,,30
34,181290741,0.1,0.5,0.35,0.0,20,20,0,0,0,0,19,0,,,0.0,,30
35,1063312102,0.1,0.5,0.35,0.0,20,20,0,0,0,0,19,0,,,0.0,,30
36,1371447961,0.1,0.5,0.35,0.0,20,20,1,0,0,0,18,1,,0.0,0.0,,30
37,223265119,0.1,0.5,0.35,0.0,20,20,1,0,0,0,18,1,,0.0,0.0,,30
38,1316276737,0.1,0.5,0.35,0.0,20,20,1,1,1,0,18,0,1.0,1.0,0.0,1.0,30
39,1665103404,0.1,0.5,0.35,0.0,20,20,0,0,0,0,19,0,,,0.0,,30
40,122885734,0.1,0.5,0.35,0.0,20,20,1,0,0,0,18,1,,0.0,0.0,,30
41,451519422,0.1,0.5,0.35,0.0,20,20,0,0,0,0,19,0,,,0.0,,30
42,1387653376,0.1,0.5,0.35,0.0,20,20,3,0,0,0,16,3,,0.0,0.0,,30
43,1913196992,0.1,0.5,0.35,0.0,20,20,0,0,0,0,19,0,,,0.0,,30
44,1631005667,0.1,0.5,0.35,0.0,20,20,0,0,0,0,19,0,,,0.0,,30
45,2071207460,0.1,0.5,0.35,0.0,20,20,1,0,0,0,18,1,,0.0,0.0,,30
46,563336279,0.1,0.5,0.35,0.0,20,20,0,0,0,0,19,0,,,0.0,,30
47,2070963780,0.1,0.5,0.35,0.0,20,20,1,0,0,0,18,1,,0.0,0.0,,30
48,1387779224,0.1,0.5,0.35,0.0,20,20,1,0,0,0,18,1,,0.0,0.0,,30
49,698363915,0.1,0.5,0.35,0.0,20,20,1,0,0,0,18,1,,0.0,0.0,,30
0,292550215,0.1,0.5,0.35,0.0,40,40,0,0,0,0,39,0,,,0.0,,31
1,950851075,0.1,0.5,0.35,0.0,40,40,0,0,0,0,39,0,,,0.0,,31
2,841042871,0.1,0.5,0.35,0.0,40,40,1,0,0,0,38,1,,0.0,0.0,,31
3,1689798479,0.1,0.5,0.35,0.0,40,40,0,0,0,0,39,0,,,0.0,,31
4,1697788155,0.1,0.5,0.35,0.0,40,40,0,0,0,0,39,0,,,0.0,,31
5,2011227053,0.1,0.5,0.35,0.0,40,40,0,0,0,0,39,0,,,0.0,,31
6,551057231,0.1,0.5,0.35,0.0,40,40,0,0,0,0,39,0,,,0.0,,31
7,2048679111,0.1,0.5,0.35,0.0,40,40,2,0,0,0,37,2,,0.0,0.0,,31
8,1115108995,0.1,0.5,0.35,0.0,40,40,1,1,1,0,38,0,1.0,1.0,0.0,1.0,31
9,419158300,0.1,0.5,0.35,0.0,40,40,0,0,0,0,39,0,,,0.0,,31
10,188315763,0.1,0.5,0.35,0.0,40,40,0,0,0,0,39,0,,,0.0,,31
11,465289501,0.1,0.5,0.35,0.0,40,40,1,0,0,0,38,1,,0.0,0.0,,31
12,92856463,0.1,0.5,0.35,0.0,40,40,0,0,0,0,39,0,,,0.0,,31
13,227700364,0.1,0.5,0.35,0.0,40,40,2,2,2,0,37,0,1.0,1.0,0.0,1.0,31
14,870602664,0.1,0.5,0.35,0.0,40,40,0,0,0,0,39,0,,,0.0,,31
15,1817277243,0.1,0.5,0.35,0.0,40,40,0,0,0,0,39,0,,,0.0,,31
16,1443941988,0.1,0.5,0.35,0.0,40,40,0,0,0,0,39,0,,,0.0,,31
17,47654654,0.1,0.5,0.35,0.0,40,40,0,0,0,0,39,0,,,0.0,,31
18,1758618514,0.1,0.5,0.35,0.0,40,40,2,2,2,0,37,0,1.0,1.0,0.0,1.0,31
19,20322635,0.1,0.5,0.35,0.0,40,40,1,0,0,0,38,1,,0.0,0.0,,31
20,208256085,0.1,0.5,0.35,0.0,40,40,1,1,1,0,38,0,1.0,1.0,0.0,1.0,31
21,123457262,0.1,0.5,0.35,0.0,40,40,0,0,0,0,39,0,,,0.0,,31
22,1584532261,0.1,0.5,0.35,0.0,40,40,0,0,0,0,39,0,,,0.0,,31
23,2116630373,0.1,0.5,0.35,0.0,40,40,0,0,0,0,39,0,,,0.0,,31
24,622279790,0.1,0.5,0.35,0.0,40,40,0,0,0,0,39,0,,,0.0,,31
25,1209163298,0.1,0.5,0.35,0.0,40,40,0,0,0,0,39,0,,,0.0,,31
26,1657095563,0.1,0.5,0.35,0.0,40,40,0,0,0,0,39,0,,,0.0,,31
27,1745848700,0.1,0.5,0.35,0.0,40,40,0,0,0,0,39,0,,,0.0,,31
28,45413202,0.1,0.5,0.35,0.0,40,40,1,0,0,0,38,1,,0.0,0.0,,31
29,1982771853,0.1,0.5,0.35,0.0,40,40,0,0,0,0,39,0,,,0.0,,31
30,1926425158,0.1,0.5,0.35,0.0,40,40,0,0,0,0,39,0,,,0.0,,31
31,32565438,0.1,0.5,0.35,0.0,40,40,0,0,0,0,39,0,,,0.0,,31
32,1166058221,0.1,0.5,0.35,0.0,40,40,1,0,0,0,38,1,,0.0,0.0,,31
33,1788365526,0.1,0.5,0.35,0.0,40,40,1,1,1,0,38,0,1.0,1.0,0.0,1.0,31
34,1580867910,0.1,0.5,0.35,0.0,40,40,0,0,0,0,39,0,,,0.0,,31
35,1578271767,0.1,0.5,0.35,0.0,40,40,3,3,3,0,36,0,1.0,1.0,0.0,1.0,31
36,905952876,0.1,0.5,0.35,0.0,40,40,1,0,0,0,38,1,,0.0,0.0,,31
37,31826630,0.1,0.5,0.35,0.0,40,40,1,0,0,0,38,1,,0.0,0.0,,31
38,749376153,0.1,0.5,0.35,0.0,40,40,0,0,0,0,39,0,,,0.0,,31
39,1837876961,0.1,0.5,0.35,0.0,40,40,0,0,0,0,39,0,,,0.0,,31
40,398703512,0.1,0.5,0.35,0.0,40,40,0,0,0,0,39,0,,,0.0,,31
41,914786371,0.1,0.5,0.35,0.0,40,40,0,0,0,0,39,0,,,0.0,,31
42,1728943409,0.1,0.5,0.35,0.0,40,40,0,0,0,0,39,0,,,0.0,,31
43,1589047260,0.1,0.5,0.35,0.0,40,40,0,0,0,0,39,0,,,0.0,,31
44,1511380756,0.1,0.5,0.35,0.0,40,40,1,0,0,0,38,1,,0.0,0.0,,31
45,667816535,0.1,0.5,0.35,0.0,40,40,2,1,1,0,37,1,1.0,0.5,0.0,0.6666666666666666,31
46,1857210340,0.1,0.5,0.35,0.0,40,40,0,1,0,1,38,0,0.0,,0.02564102564102564,,31
47,1635910935,0.1,0.5,0.35,0.0,40,40,0,0,0,0,39,0,,,0.0,,31
48,2019610327,0.1,0.5,0.35,0.0,40,40,1,1,1,0,38,0,1.0,1.0,0.0,1.0,31
49,371308608,0.1,0.5,0.35,0.0,40,40,0,0,0,0,39,0,,,0.0,,31
0,715359143,0.1,0.5,0.35,0.1,20,20,0,1,0,1,18,0,0.0,,0.05263157894736842,,32
1,1705130262,0.1,0.5,0.35,0.1,20,20,1,2,1,1,17,0,0.5,1.0,0.05555555555555555,0.6666666666666666,32
2,1292512750,0.1,0.5,0.35,0.1,20,20,1,1,1,0,18,0,1.0,1.0,0.0,1.0,32
3,1158582845,0.1,0.5,0.35,0.1,20,20,0,0,0,0,19,0,,,0.0,,32
4,1633069746,0.1,0.5,0.35,0.1,20,20,2,0,0,0,17,2,,0.0,0.0,,32
5,1841968244,0.1,0.5,0.35,0.1,20,20,1,1,0,1,17,1,0.0,0.0,0.05555555555555555,0.0,32
6,126477527,0.1,0.5,0.35,0.1,20,20,0,0,0,0,19,0,,,0.0,,32
7,1995279603,0.1,0.5,0.35,0.1,20,20,0,0,0,0,19,0,,,0.0,,32
8,1970430481,0.1,0.5,0.35,0.1,20,20,2,2,1,1,16,1,0.5,0.5,0.058823529411764705,0.5,32
9,1014645279,0.1,0.5,0.35,0.1,20,20,2,2,2,0,17,0,1.0,1.0,0.0,1.0,32
10,1131328443,0.1,0.5,0.35,0.1,20,20,0,1,0,1,18,0,0.0,,0.05263157894736842,,32
11,288155070,0.1,0.5,0.35,0.1,20,20,0,0,0,0,19,0,,,0.0,,32
12,1184305015,0.1,0.5,0.35,0.1,20,20,0,1,0,1,18,0,0.0,,0.05263157894736842,,32
13,231869425,0.1,0.5,0.35,0.1,20,20,0,0,0,0,19,0,,,0.0,,32
14,786828244,0.1,0.5,0.35,0.1,20,20,0,0,0,0,19,0,,,0.0,,32
15,90648382,0.1,0.5,0.35,0.1,20,20,0,0,0,0,19,0,,,0.0,,32
16,691383939,0.1,0.5,0.35,0.1,20,20,0,0,0,0,19,0,,,0.0,,32
17,3248161,0.1,0.5,0.35,0.1,20,20,0,0,0,0,19,0,,,0.0,,32
18,1336961427,0.1,0.5,0.35,0.1,20,20,1,1,0,1,17,1,0.0,0.0,0.05555555555555555,0.0,32
19,96392256,0.1,0.5,0.35,0.1,20,20,2,1,1,0,17,1,1.0,0.5,0.0,0.6666666666666666,32
20,1835499134,0.1,0.5,0.35,0.1,20,20,1,1,0,1,17,1,0.0,0.0,0.05555555555555555,0.0,32
21,342392113,0.1,0.5,0.35,0.1,20,20,0,1,0,1,18,0,0.0,,0.05263157894736842,,32
22,1292182956,0.1,0.5,0.35,0.1,20,20,1,0,0,0,18,1,,0.0,0.0,,32
23,2092726828,0.1,0.5,0.35,0.1,20,20,2,1,0,1,16,2,0.0,0.0,0.058823529411764705,0.0,32
24,91298056,0.1,0.5,0.35,0.1,20,20,0,0,0,0,19,0,,,0.0,,32
25,1558765871,0.1,0.5,0.35,0.1,20,20,0,1,0,1,18,0,0.0,,0.05263157894736842,,32
26,1831558699,0.1,0.5,0.35,0.1,20,20,0,0,0,0,19,0,,,0.0,,32
27,108853841,0.1,0.5,0.35,0.1,20,20,2,1,1,0,17,1,1.0,0.5,0.0,0.6666666666666666,32
28,568823928,0.1,0.5,0.35,0.1,20,20,2,2,2,0,17,0,1.0,1.0,0.0,1.0,32
29,1118317890,0.1,0.5,0.35,0.1,20,20,0,0,0,0,19,0,,,0.0,,32
30,419622874,0.1,0.5,0.35,0.1,20,20,1,0,0,0,18,1,,0.0,0.0,,32
31,2065841852,0.1,0.5,0.35,0.1,20,20,0,0,0,0,19,0,,,0.0,,32
32,1506369440,0.1,0.5,0.35,0.1,20,20,0,0,0,0,19,0,,,0.0,,32
33,695917111,0.1,0.5,0.35,0.1,20,20,0,0,0,0,19,0,,,0.0,,32
34,907167159,0.1,0.5,0.35,0.1,20,20,0,3,0,3,16,0,0.0,,0.15789473684210525,,32
35,1160203694,0.1,0.5,0.35,0.1,20,20,0,0,0,0,19,0,,,0.0,,32
36,1261142123,0.1,0.5,0.35,0.1,20,20,0,0,0,0,19,0,,,0.0,,32
37,1707763479,0.1,0.5,0.35,0.1,20,20,0,1,0,1,18,0,0.0,,0.05263157894736842,,32
38,1563164741,0.1,0.5,0.35,0.1,20,20,1,1,1,0,18,0,1.0,1.0,0.0,1.0,32
39,158155199,0.1,0.5,0.35,0.1,20,20,2,1,1,0,17,1,1.0,0.5,0.0,0.6666666666666666,32
40,1139304359,0.1,0.5,0.35,0.1,20,20,1,0,0,0,18,1,,0.0,0.0,,32
41,543037034,0.1,0.5,0.35,0.1,20,20,3,1,1,0,16,2,1.0,0.3333333333333333,0.0,0.5,32
42,945846380,0.1,0.5,0.35,0.1,20,20,0,0,0,0,19,0,,,0.0,,32
43,853821471,0.1,0.5,0.35,0.1,20,20,1,2,1,1,17,0,0.5,1.0,0.05555555555555555,0.6666666666666666,32
44,2058368655,0.1,0.5,0.35,0.1,20,20,1,1,1,0,18,0,1.0,1.0,0.0,1.0,32
45,1747981084,0.1,0.5,0.35,0.1,20,20,0,0,0,0,19,0,,,0.0,,32
46,613681762,0.1,0.5,0.35,0.1,20,20,0,0,0,0,19,0,,,0.0,,32
47,1612013012,0.1,0.5,0.35,0.1,20,20,0,1,0,1,18,0,0.0,,0.05263157894736842,,32
48,617218187,0.1,0.5,0.35,0.1,20,20,0,0,0,0,19,0,,,0.0,,32
49,153194164,0.1,0.5,0.35,0.1,20,20,0,1,0,1,18,0,0.0,,0.05263157894736842,,32
0,2097504459,0.1,0.5,0.35,0.1,40,40,0,1,0,1,38,0,0.0,,0.02564102564102564,,33
1,578541304,0.1,0.5,0.35,0.1,40,40,0,2,0,2,37,0,0.0,,0.05128205128205128,,33
2,417759440,0.1,0.5,0.35,0.1,40,40,0,1,0,1,38,0,0.0,,0.02564102564102564,,33
3,1170895483,0.1,0.5,0.35,0.1,40,40,0,3,0,3,36,0,0.0,,0.07692307692307693,,33
4,516753950,0.1,0.5,0.35,0.1,40,40,0,2,0,2,37,0,0.0,,0.05128205128205128,,33
5,2086209430,0.1,0.5,0.35,0.1,40,40,1,4,1,3,35,0,0.25,1.0,0.07894736842105263,0.4,33
6,968355517,0.1,0.5,0.35,0.1,40,40,0,2,0,2,37,0,0.0,,0.05128205128205128,,33
7,831460811,0.1,0.5,0.35,0.1,40,40,0,3,0,3,36,0,0.0,,0.07692307692307693,,33
8,902001351,0.1,0.5,0.35,0.1,40,40,1,4,0,4,34,1,0.0,0.0,0.10526315789473684,0.0,33
9,1445867513,0.1,0.5,0.35,0.1,40,40,1,3,1,2,36,0,0.3333333333333333,1.0,0.05263157894736842,0.5,33
10,786021493,0.1,0.5,0.35,0.1,40,40,1,3,1,2,36,0,0.3333333333333333,1.0,0.05263157894736842,0.5,33
11,1046482901,0.1,0.5,0.35,0.1,40,40,0,1,0,1,38,0,0.0,,0.02564102564102564,,33
12,900464752,0.1,0.5,0.35,0.1,40,40,2,0,0,0,37,2,,0.0,0.0,,33
13,782142113,0.1,0.5,0.35,0.1,40,40,0,2,0,2,37,0,0.0,,0.05128205128205128,,33
14,1138386982,0.1,0.5,0.35,0.1,40,40,0,2,0,2,37,0,0.0,,0.05128205128205128,,33
15,2072994797,0.1,0.5,0.35,0.1,40,40,0,3,0,3,36,0,0.0,,0.07692307692307693,,33
16,76916407,0.1,0.5,0.35,0.1,40,40,0,5,0,5,34,0,0.0,,0.1282051282051282,,33
17,1781126494,0.1,0.5,0.35,0.1,40,40,0,3,0,3,36,0,0.0,,0.07692307692307693,,33
18,1623282909,0.1,0.5,0.35,0.1,40,40,2,4,0,4,33,2,0.0,0.0,0.10810810810810811,0.0,33
19,221127642,0.1,0.5,0.35,0.1,40,40,0,0,0,0,39,0,,,0.0,,33
20,1164744485,0.1,0.5,0.35,0.1,40,40,0,0,0,0,39,0,,,0.0,,33
21,243298404,0.1,0.5,0.35,0.1,40,40,0,2,0,2,37,0,0.0,,0.05128205128205128,,33
22,1468578218,0.1,0.5,0.35,0.1,40,40,0,1,0,1,38,0,0.0,,0.02564102564102564,,33
23,473822640,0.1,0.5,0.35,0.1,40,40,0,1,0,1,38,0,0.0,,0.02564102564102564,,33
24,487345514,0.1,0.5,0.35,0.1,40,40,1,3,1,2,36,0,0.3333333333333333,1.0,0.05263157894736842,0.5,33
25,272281544,0.1,0.5,0.35,0.1,40,40,1,4,0,4,34,1,0.0,0.0,0.10526315789473684,0.0,33
26,834516494,0.1,0.5,0.35,0.1,40,40,0,2,0,2,37,0,0.0,,0.05128205128205128,,33
27,584112867,0.1,0.5,0.35,0.1,40,40,0,3,0,3,36,0,0.0,,0.07692307692307693,,33
28,526175933,0.1,0.5,0.35,0.1,40,40,1,3,0,3,35,1,0.0,0.0,0.07894736842105263,0.0,33
29,48200878,0.1,0.5,0.35,0.1,40,40,2,1,0,1,36,2,0.0,0.0,0.02702702702702703,0.0,33
30,277081,0.1,0.5,0.35,0.1,40,40,0,4,0,4,35,0,0.0,,0.10256410256410256,,33
31,1003465654,0.1,0.5,0.35,0.1,40,40,0,1,0,1,38,0,0.0,,0.02564102564102564,,33
32,1597972182,0.1,0.5,0.35,0.1,40,40,0,1,0,1,38,0,0.0,,0.02564102564102564,,33
33,324901365,0.1,0.5,0.35,0.1,40,40,0,1,0,1,38,0,0.0,,0.02564102564102564,,33
34,2022197751,0.1,0.5,0.35,0.1,40,40,0,2,0,2,37,0,0.0,,0.05128205128205128,,33
35,89123751,0.1,0.5,0.35,0.1,40,40,1,1,1,0,38,0,1.0,1.0,0.0,1.0,33
36,1968801619,0.1,0.5,0.35,0.1,40,40,2,4,1,3,34,1,0.25,0.5,0.08108108108108109,0.3333333333333333,33
37,1460146744,0.1,0.5,0.35,0.1,40,40,0,1,0,1,38,0,0.0,,0.02564102564102564,,33
38,565698354,0.1,0.5,0.35,0.1,40,40,0,1,0,1,38,0,0.0,,0.02564102564102564,,33
39,537930600,0.1,0.5,0.35,0.1,40,40,0,2,0,2,37,0,0.0,,0.05128205128205128,,33
40,272292761,0.1,0.5,0.35,0.1,40,40,2,4,1,3,34,1,0.25,0.5,0.08108108108108109,0.3333333333333333,33
41,781616552,0.1,0.5,0.35,0.1,40,40,0,3,0,3,36,0,0.0,,0.07692307692307693,,33
42,2031708184,0.1,0.5,0.35,0.1,40,40,1,7,1,6,32,0,0.14285714285714285,1.0,0.15789473684210525,0.25,33
43,1436317172,0.1,0.5,0.35,0.1,40,40,0,5,0,5,34,0,0.0,,0.1282051282051282,,33
44,1589012351,0.1,0.5,0.35,0.1,40,40,0,5,0,5,34,0,0.0,,0.1282051282051282,,33
45,1983282493,0.1,0.5,0.35,0.1,40,40,0,4,0,4,35,0,0.0,,0.10256410256410256,,33
46,1246582150,0.1,0.5,0.35,0.1,40,40,0,4,0,4,35,0,0.0,,0.10256410256410256,,33
47,238142210,0.1,0.5,0.35,0.1,40,40,2,2,1,1,36,1,0.5,0.5,0.02702702702702703,0.5,33
48,1111630966,0.1,0.5,0.35,0.1,40,40,2,4,0,4,33,2,0.0,0.0,0.10810810810810811,0.0,33
49,1612389768,0.1,0.5,0.35,0.1,40,40,1,1,0,1,37,1,0.0,0.0,0.02631578947368421,0.0,33
0,1757818676,0.1,0.5,0.35,0.25,20,20,0,3,0,3,16,0,0.0,,0.15789473684210525,,34
1,1035423552,0.1,0.5,0.35,0.25,20,20,1,2,0,2,16,1,0.0,0.0,0.1111111111111111,0.0,34
2,1658299247,0.1,0.5,0.35,0.25,20,20,0,3,0,3,16,0,0.0,,0.15789473684210525,,34
3,389852684,0.1,0.5,0.35,0.25,20,20,0,4,0,4,15,0,0.0,,0.21052631578947367,,34
4,1757178670,0.1,0.5,0.35,0.25,20,20,1,4,0,4,14,1,0.0,0.0,0.2222222222222222,0.0,34
5,574771786,0.1,0.5,0.35,0.25,20,20,2,6,1,5,12,1,0.16666666666666666,0.5,0.29411764705882354,0.25,34
6,1220284972,0.1,0.5,0.35,0.25,20,20,1,4,1,3,15,0,0.25,1.0,0.16666666666666666,0.4,34
7,1590926990,0.1,0.5,0.35,0.25,20,20,0,1,0,1,18,0,0.0,,0.05263157894736842,,34
8,1489540739,0.1,0.5,0.35,0.25,20,20,1,5,1,4,14,0,0.2,1.0,0.2222222222222222,0.33333333333333337,34
9,1433434797,0.1,0.5,0.35,0.25,20,20,0,6,0,6,13,0,0.0,,0.3157894736842105,,34
10,897894708,0.1,0.5,0.35,0.25,20,20,1,2,1,1,17,0,0.5,1.0,0.05555555555555555,0.6666666666666666,34
11,150652480,0.1,0.5,0.35,0.25,20,20,0,0,0,0,19,0,,,0.0,,34
12,254212692,0.1,0.5,0.35,0.25,20,20,0,0,0,0,19,0,,,0.0,,34
13,1802162148,0.1,0.5,0.35,0.25,20,20,0,4,0,4,15,0,0.0,,0.21052631578947367,,34
14,114230462,0.1,0.5,0.35,0.25,20,20,1,5,1,4,14,0,0.2,1.0,0.2222222222222222,0.33333333333333337,34
15,1364090653,0.1,0.5,0.35,0.25,20,20,0,8,0,8,11,0,0.0,,0.42105263157894735,,34
16,1688123860,0.1,0.5,0.35,0.25,20,20,0,2,0,2,17,0,0.0,,0.10526315789473684,,34
17,318513050,0.1,0.5,0.35,0.25,20,20,1,5,1,4,14,0,0.2,1.0,0.2222222222222222,0.33333333333333337,34
18,1351455002,0.1,0.5,0.35,0.25,20,20,0,4,0,4,15,0,0.0,,0.21052631578947367,,34
19,538352056,0.1,0.5,0.35,0.25,20,20,2,5,1,4,13,1,0.2,0.5,0.23529411764705882,0.28571428571428575,34
20,1571721034,0.1,0.5,0.35,0.25,20,20,1,2,0,2,16,1,0.0,0.0,0.1111111111111111,0.0,34
21,942881900,0.1,0.5,0.35,0.25,20,20,0,5,0,5,14,0,0.0,,0.2631578947368421,,34
22,487187637,0.1,0.5,0.35,0.25,20,20,0,3,0,3,16,0,0.0,,0.15789473684210525,,34
23,2105053266,0.1,0.5,0.35,0.25,20,20,1,4,1,3,15,0,0.25,1.0,0.16666666666666666,0.4,34
24,467290660,0.1,0.5,0.35,0.25,20,20,0,1,0,1,18,0,0.0,,0.05263157894736842,,34
25,1508008176,0.1,0.5,0.35,0.25,20,20,2,2,0,2,15,2,0.0,0.0,0.11764705882352941,0.0,34
26,326542231,0.1,0.5,0.35,0.25,20,20,0,5,0,5,14,0,0.0,,0.2631578947368421,,34
27,36599889,0.1,0.5,0.35,0.25,20,20,0,2,0,2,17,0,0.0,,0.10526315789473684,,34
28,1366854695,0.1,0.5,0.35,0.25,20,20,1,7,0,7,11,1,0.0,0.0,0.3888888888888889,0.0,34
29,503340219,0.1,0.5,0.35,0.25,20,20,0,5,0,5,14,0,0.0,,0.2631578947368421,,34
30,1879726696,0.1,0.5,0.35,0.25,20,20,2,4,1,3,14,1,0.25,0.5,0.17647058823529413,0.3333333333333333,34
31,1906187218,0.1,0.5,0.35,0.25,20,20,0,1,0,1,18,0,0.0,,0.05263157894736842,,34
32,259444265,0.1,0.5,0.35,0.25,20,20,1,5,0,5,13,1,0.0,0.0,0.2777777777777778,0.0,34
33,1647125115,0.1,0.5,0.35,0.25,20,20,0,4,0,4,15,0,0.0,,0.21052631578947367,,34
34,1713197221,0.1,0.5,0.35,0.25,20,20,0,2,0,2,17,0,0.0,,0.10526315789473684,,34
35,1427704840,0.1,0.5,0.35,0.25,20,20,0,4,0,4,15,0,0.0,,0.21052631578947367,,34
36,1284516198,0.1,0.5,0.35,0.25,20,20,0,4,0,4,15,0,0.0,,0.21052631578947367,,34
37,1592405325,0.1,0.5,0.35,0.25,20,20,0,2,0,2,17,0,0.0,,0.10526315789473684,,34
38,907985839,0.1,0.5,0.35,0.25,20,20,1,3,0,3,15,1,0.0,0.0,0.16666666666666666,0.0,34
39,1869780300,0.1,0.5,0.35,0.25,20,20,0,3,0,3,16,0,0.0,,0.15789473684210525,,34
40,642066198,0.1,0.5,0.35,0.25,20,20,1,1,0,1,17,1,0.0,0.0,0.05555555555555555,0.0,34
41,338835918,0.1,0.5,0.35,0.25,20,20,0,4,0,4,15,0,0.0,,0.21052631578947367,,34
42,114177291,0.1,0.5,0.35,0.25,20,20,0,4,0,4,15,0,0.0,,0.21052631578947367,,34
43,1035020360,0.1,0.5,0.35,0.25,20,20,1,6,0,6,12,1,0.0,0.0,0.3333333333333333,0.0,34
44,2038214125,0.1,0.5,0.35,0.25,20,20,3,3,2,1,15,1,0.6666666666666666,0.6666666666666666,0.0625,0.6666666666666666,34
45,1200595815,0.1,0.5,0.35,0.25,20,20,1,1,0,1,17,1,0.0,0.0,0.05555555555555555,0.0,34
46,689716197,0.1,0.5,0.35,0.25,20,20,0,2,0,2,17,0,0.0,,0.10526315789473684,,34
47,1449599475,0.1,0.5,0.35,0.25,20,20,0,0,0,0,19,0,,,0.0,,34
48,1506645690,0.1,0.5,0.35,0.25,20,20,0,2,0,2,17,0,0.0,,0.10526315789473684,,34
49,1072594140,0.1,0.5,0.35,0.25,20,20,1,0,0,0,18,1,,0.0,0.0,,34
0,1974290107,0.1,0.5,0.35,0.25,40,40,1,13,1,12,26,0,0.07692307692307693,1.0,0.3157894736842105,0.14285714285714288,35
1,732422473,0.1,0.5,0.35,0.25,40,40,1,14,1,13,25,0,0.07142857142857142,1.0,0.34210526315789475,0.13333333333333333,35
2,1074293293,0.1,0.5,0.35,0.25,40,40,0,12,0,12,27,0,0.0,,0.3076923076923077,,35
3,344818991,0.1,0.5,0.35,0.25,40,40,0,18,0,18,21,0,0.0,,0.46153846153846156,,35
4,1490740724,0.1,0.5,0.35,0.25,40,40,2,8,1,7,30,1,0.125,0.5,0.1891891891891892,0.2,35
5,405465349,0.1,0.5,0.35,0.25,40,40,0,10,0,10,29,0,0.0,,0.2564102564102564,,35
6,506163305,0.1,0.5,0.35,0.25,40,40,0,12,0,12,27,0,0.0,,0.3076923076923077,,35
7,677685864,0.1,0.5,0.35,0.25,40,40,0,8,0,8,31,0,0.0,,0.20512820512820512,,35
8,2091818406,0.1,0.5,0.35,0.25,40,40,0,9,0,9,30,0,0.0,,0.23076923076923078,,35
9,1180905888,0.1,0.5,0.35,0.25,40,40,0,16,0,16,23,0,0.0,,0.41025641025641024,,35
10,1682999534,0.1,0.5,0.35,0.25,40,40,1,17,0,17,21,1,0.0,0.0,0.4473684210526316,0.0,35
11,994484978,0.1,0.5,0.35,0.25,40,40,1,11,0,11,27,1,0.0,0.0,0.2894736842105263,0.0,35
12,930160407,0.1,0.5,0.35,0.25,40,40,1,16,0,16,22,1,0.0,0.0,0.42105263157894735,0.0,35
13,1619594657,0.1,0.5,0.35,0.25,40,40,1,7,1,6,32,0,0.14285714285714285,1.0,0.15789473684210525,0.25,35
14,884535343,0.1,0.5,0.35,0.25,40,40,1,12,1,11,27,0,0.08333333333333333,1.0,0.2894736842105263,0.15384615384615385,35
15,584838446,0.1,0.5,0.35,0.25,40,40,1,14,0,14,24,1,0.0,0.0,0.3684210526315789,0.0,35
16,57662717,0.1,0.5,0.35,0.25,40,40,1,17,1,16,22,0,0.058823529411764705,1.0,0.42105263157894735,0.1111111111111111,35
17,1646396279,0.1,0.5,0.35,0.25,40,40,0,13,0,13,26,0,0.0,,0.3333333333333333,,35
18,1138931994,0.1,0.5,0.35,0.25,40,40,0,9,0,9,30,0,0.0,,0.23076923076923078,,35
19,560143825,0.1,0.5,0.35,0.25,40,40,0,12,0,12,27,0,0.0,,0.3076923076923077,,35
20,282928406,0.1,0.5,0.35,0.25,40,40,0,11,0,11,28,0,0.0,,0.28205128205128205,,35
21,774302805,0.1,0.5,0.35,0.25,40,40,1,10,0,10,28,1,0.0,0.0,0.2631578947368421,0.0,35
22,1787082125,0.1,0.5,0.35,0.25,40,40,0,12,0,12,27,0,0.0,,0.3076923076923077,,35
23,1540384536,0.1,0.5,0.35,0.25,40,40,0,11,0,11,28,0,0.0,,0.28205128205128205,,35
24,979321782,0.1,0.5,0.35,0.25,40,40,0,13,0,13,26,0,0.0,,0.3333333333333333,,35
25,1246187349,0.1,0.5,0.35,0.25,40,40,1,8,1,7,31,0,0.125,1.0,0.18421052631578946,0.2222222222222222,35
26,35313728,0.1,0.5,0.35,0.25,40,40,0,19,0,19,20,0,0.0,,0.48717948717948717,,35
27,1096209672,0.1,0.5,0.35,0.25,40,40,1,16,1,15,23,0,0.0625,1.0,0.39473684210526316,0.11764705882352941,35
28,763954612,0.1,0.5,0.35,0.25,40,40,2,12,1,11,26,1,0.08333333333333333,0.5,0.2972972972972973,0.14285714285714285,35
29,1639806563,0.1,0.5,0.35,0.25,40,40,1,10,0,10,28,1,0.0,0.0,0.2631578947368421,0.0,35
30,885673499,0.1,0.5,0.35,0.25,40,40,1,11,1,10,28,0,0.09090909090909091,1.0,0.2631578947368421,0.16666666666666669,35
31,1382446071,0.1,0.5,0.35,0.25,40,40,0,7,0,7,32,0,0.0,,0.1794871794871795,,35
32,549778873,0.1,0.5,0.35,0.25,40,40,1,16,0,16,22,1,0.0,0.0,0.42105263157894735,0.0,35
33,512257235,0.1,0.5,0.35,0.25,40,40,0,16,0,16,23,0,0.0,,0.41025641025641024,,35
34,33111385,0.1,0.5,0.35,0.25,40,40,1,9,0,9,29,1,0.0,0.0,0.23684210526315788,0.0,35
35,1539797883,0.1,0.5,0.35,0.25,40,40,0,12,0,12,27,0,0.0,,0.3076923076923077,,35
36,2088807771,0.1,0.5,0.35,0.25,40,40,1,10,0,10,28,1,0.0,0.0,0.2631578947368421,0.0,35
37,1974945835,0.1,0.5,0.35,0.25,40,40,1,15,0,15,23,1,0.0,0.0,0.39473684210526316,0.0,35
38,896035256,0.1,0.5,0.35,0.25,40,40,1,14,1,13,25,0,0.07142857142857142,1.0,0.34210526315789475,0.13333333333333333,35
39,913125685,0.1,0.5,0.35,0.25,40,40,0,18,0,18,21,0,0.0,,0.46153846153846156,,35
40,1780357368,0.1,0.5,0.35,0.25,40,40,1,17,1,16,22,0,0.058823529411764705,1.0,0.42105263157894735,0.1111111111111111,35
41,1676163165,0.1,0.5,0.35,0.25,40,40,1,14,1,13,25,0,0.07142857142857142,1.0,0.34210526315789475,0.13333333333333333,35
42,683588751,0.1,0.5,0.35,0.25,40,40,2,16,0,16,21,2,0.0,0.0,0.43243243243243246,0.0,35
43,1476098525,0.1,0.5,0.35,0.25,40,40,0,6,0,6,33,0,0.0,,0.15384615384615385,,35
44,1042452256,0.1,0.5,0.35,0.25,40,40,1,12,0,12,26,1,0.0,0.0,0.3157894736842105,0.0,35
45,248436892,0.1,0.5,0.35,0.25,40,40,0,19,0,19,20,0,0.0,,0.48717948717948717,,35
46,1857571396,0.1,0.5,0.35,0.25,40,40,1,17,1,16,22,0,0.058823529411764705,1.0,0.42105263157894735,0.1111111111111111,35
47,1331598974,0.1,0.5,0.35,0.25,40,40,0,5,0,5,34,0,0.0,,0.1282051282051282,,35
48,40388293,0.1,0.5,0.35,0.25,40,40,0,7,0,7,32,0,0.0,,0.1794871794871795,,35
49,617419182,0.1,0.5,0.35,0.25,40,40,1,11,0,11,27,1,0.0,0.0,0.2894736842105263,0.0,35
0,1918694917,0.1,0.9,0.1,0.0,20,20,1,1,1,0,18,0,1.0,1.0,0.0,1.0,36
1,743477051,0.1,0.9,0.1,0.0,20,20,1,1,1,0,18,0,1.0,1.0,0.0,1.0,36
2,1691280873,0.1,0.9,0.1,0.0,20,20,1,2,1,1,17,0,0.5,1.0,0.05555555555555555,0.6666666666666666,36
3,1557401918,0.1,0.9,0.1,0.0,20,20,1,1,1,0,18,0,1.0,1.0,0.0,1.0,36
4,1563342734,0.1,0.9,0.1,0.0,20,20,0,0,0,0,19,0,,,0.0,,36
5,428577694,0.1,0.9,0.1,0.0,20,20,1,1,1,0,18,0,1.0,1.0,0.0,1.0,36
6,69222279,0.1,0.9,0.1,0.0,20,20,0,0,0,0,19,0,,,0.0,,36
7,688142575,0.1,0.9,0.1,0.0,20,20,1,1,1,0,18,0,1.0,1.0,0.0,1.0,36
8,1160310748,0.1,0.9,0.1,0.0,20,20,0,0,0,0,19,0,,,0.0,,36
9,1084934616,0.1,0.9,0.1,0.0,20,20,1,0,0,0,18,1,,0.0,0.0,,36
10,1378082685,0.1,0.9,0.1,0.0,20,20,0,0,0,0,19,0,,,0.0,,36
11,1677139271,0.1,0.9,0.1,0.0,20,20,0,0,0,0,19,0,,,0.0,,36
12,1477972738,0.1,0.9,0.1,0.0,20,20,0,0,0,0,19,0,,,0.0,,36
13,80789598,0.1,0.9,0.1,0.0,20,20,1,1,1,0,18,0,1.0,1.0,0.0,1.0,36
14,360839696,0.1,0.9,0.1,0.0,20,20,0,0,0,0,19,0,,,0.0,,36
15,1631816314,0.1,0.9,0.1,0.0,20,20,0,0,0,0,19,0,,,0.0,,36
16,2102033535,0.1,0.9,0.1,0.0,20,20,0,0,0,0,19,0,,,0.0,,36
17,37254395,0.1,0.9,0.1,0.0,20,20,0,0,0,0,19,0,,,0.0,,36
18,2129805155,0.1,0.9,0.1,0.0,20,20,0,0,0,0,19,0,,,0.0,,36
19,1192848682,0.1,0.9,0.1,0.0,20,20,1,1,1,0,18,0,1.0,1.0,0.0,1.0,36
20,1429536514,0.1,0.9,0.1,0.0,20,20,0,0,0,0,19,0,,,0.0,,36
21,842071129,0.1,0.9,0.1,0.0,20,20,0,0,0,0,19,0,,,0.0,,36
22,118746430,0.1,0.9,0.1,0.0,20,20,2,1,1,0,17,1,1.0,0.5,0.0,0.6666666666666666,36
23,1834345084,0.1,0.9,0.1,0.0,20,20,0,0,0,0,19,0,,,0.0,,36
24,1516736958,0.1,0.9,0.1,0.0,20,20,1,1,1,0,18,0,1.0,1.0,0.0,1.0,36
25,557870965,0.1,0.9,0.1,0.0,20,20,0,0,0,0,19,0,,,0.0,,36
26,1526728475,0.1,0.9,0.1,0.0,20,20,0,0,0,0,19,0,,,0.0,,36
27,755142337,0.1,0.9,0.1,0.0,20,20,0,0,0,0,19,0,,,0.0,,36
28,1007422450,0.1,0.9,0.1,0.0,20,20,0,0,0,0,19,0,,,0.0,,36
29,1280450824,0.1,0.9,0.1,0.0,20,20,0,0,0,0,19,0,,,0.0,,36
30,556055078,0.1,0.9,0.1,0.0,20,20,1,2,1,1,17,0,0.5,1.0,0.05555555555555555,0.6666666666666666,36
31,1175758240,0.1,0.9,0.1,0.0,20,20,0,0,0,0,19,0,,,0.0,,36
32,1041836671,0.1,0.9,0.1,0.0,20,20,0,0,0,0,19,0,,,0.0,,36
33,926720461,0.1,0.9,0.1,0.0,20,20,0,0,0,0,19,0,,,0.0,,36
34,335988030,0.1,0.9,0.1,0.0,20,20,0,0,0,0,19,0,,,0.0,,36
35,1403424894,0.1,0.9,0.1,0.0,20,20,1,3,1,2,16,0,0.3333333333333333,1.0,0.1111111111111111,0.5,36
36,334049810,0.1,0.9,0.1,0.0,20,20,2,2,2,0,17,0,1.0,1.0,0.0,1.0,36
37,154442631,0.1,0.9,0.1,0.0,20,20,1,1,1,0,18,0,1.0,1.0,0.0,1.0,36
38,1920150620,0.1,0.9,0.1,0.0,20,20,1,1,1,0,18,0,1.0,1.0,0.0,1.0,36
39,975092917,0.1,0.9,0.1,0.0,20,20,1,1,1,0,18,0,1.0,1.0,0.0,1.0,36
40,201913913,0.1,0.9,0.1,0.0,20,20,0,0,0,0,19,0,,,0.0,,36
41,1814748487,0.1,0.9,0.1,0.0,20,20,0,0,0,0,19,0,,,0.0,,36
42,96109365,0.1,0.9,0.1,0.0,20,20,0,0,0,0,19,0,,,0.0,,36
43,1876411887,0.1,0.9,0.1,0.0,20,20,0,0,0,0,19,0,,,0.0,,36
44,1693003307,0.1,0.9,0.1,0.0,20,20,1,1,1,0,18,0,1.0,1.0,0.0,1.0,36
45,1031098595,0.1,0.9,0.1,0.0,20,20,0,0,0,0,19,0,,,0.0,,36
46,253961851,0.1,0.9,0.1,0.0,20,20,0,0,0,0,19,0,,,0.0,,36
47,1336023026,0.1,0.9,0.1,0.0,20,20,0,0,0,0,19,0,,,0.0,,36
48,1449460547,0.1,0.9,0.1,0.0,20,20,0,0,0,0,19,0,,,0.0,,36
49,79338752,0.1,0.9,0.1,0.0,20,20,0,0,0,0,19,0,,,0.0,,36
0,1633937441,0.1,0.9,0.1,0.0,40,40,0,0,0,0,39,0,,,0.0,,37
1,271306396,0.1,0.9,0.1,0.0,40,40,0,0,0,0,39,0,,,0.0,,37
2,770042505,0.1,0.9,0.1,0.0,40,40,1,0,0,0,38,1,,0.0,0.0,,37
3,1236845515,0.1,0.9,0.1,0.0,40,40,0,0,0,0,39,0,,,0.0,,37
4,1159854905,0.1,0.9,0.1,0.0,40,40,0,0,0,0,39,0,,,0.0,,37
5,708614565,0.1,0.9,0.1,0.0,40,40,1,2,1,1,37,0,0.5,1.0,0.02631578947368421,0.6666666666666666,37
6,1258460191,0.1,0.9,0.1,0.0,40,40,0,0,0,0,39,0,,,0.0,,37
7,1284663605,0.1,0.9,0.1,0.0,40,40,0,0,0,0,39,0,,,0.0,,37
8,966208736,0.1,0.9,0.1,0.0,40,40,0,0,0,0,39,0,,,0.0,,37
9,1694536502,0.1,0.9,0.1,0.0,40,40,4,4,4,0,35,0,1.0,1.0,0.0,1.0,37
10,828846437,0.1,0.9,0.1,0.0,40,40,0,0,0,0,39,0,,,0.0,,37
11,798238405,0.1,0.9,0.1,0.0,40,40,1,0,0,0,38,1,,0.0,0.0,,37
12,1757617537,0.1,0.9,0.1,0.0,40,40,0,0,0,0,39,0,,,0.0,,37
13,2128714173,0.1,0.9,0.1,0.0,40,40,0,0,0,0,39,0,,,0.0,,37
14,1384718393,0.1,0.9,0.1,0.0,40,40,0,0,0,0,39,0,,,0.0,,37
15,187414212,0.1,0.9,0.1,0.0,40,40,0,0,0,0,39,0,,,0.0,,37
16,1746405750,0.1,0.9,0.1,0.0,40,40,0,0,0,0,39,0,,,0.0,,37
17,1497083823,0.1,0.9,0.1,0.0,40,40,0,0,0,0,39,0,,,0.0,,37
18,1155229721,0.1,0.9,0.1,0.0,40,40,1,1,1,0,38,0,1.0,1.0,0.0,1.0,37
19,91268588,0.1,0.9,0.1,0.0,40,40,0,0,0,0,39,0,,,0.0,,37
20,1429282702,0.1,0.9,0.1,0.0,40,40,1,1,1,0,38,0,1.0,1.0,0.0,1.0,37
21,400521102,0.1,0.9,0.1,0.0,40,40,1,1,1,0,38,0,1.0,1.0,0.0,1.0,37
22,638763474,0.1,0.9,0.1,0.0,40,40,0,0,0,0,39,0,,,0.0,,37
23,1894540607,0.1,0.9,0.1,0.0,40,40,0,0,0,0,39,0,,,0.0,,37
24,705010674,0.1,0.9,0.1,0.0,40,40,1,2,1,1,37,0,0.5,1.0,0.02631578947368421,0.6666666666666666,37
25,1494958280,0.1,0.9,0.1,0.0,40,40,0,0,0,0,39,0,,,0.0,,37
26,388085370,0.1,0.9,0.1,0.0,40,40,0,0,0,0,39,0,,,0.0,,37
27,536106872,0.1,0.9,0.1,0.0,40,40,1,1,1,0,38,0,1.0,1.0,0.0,1.0,37
28,1593613144,0.1,0.9,0.1,0.0,40,40,1,1,1,0,38,0,1.0,1.0,0.0,1.0,37
29,1350518609,0.1,0.9,0.1,0.0,40,40,0,0,0,0,39,0,,,0.0,,37
30,1653911037,0.1,0.9,0.1,0.0,40,40,0,1,0,1,38,0,0.0,,0.02564102564102564,,37
31,1851782826,0.1,0.9,0.1,0.0,40,40,2,4,2,2,35,0,0.5,1.0,0.05405405405405406,0.6666666666666666,37
32,1500864869,0.1,0.9,0.1,0.0,40,40,1,1,1,0,38,0,1.0,1.0,0.0,1.0,37
33,28307937,0.1,0.9,0.1,0.0,40,40,0,0,0,0,39,0,,,0.0,,37
34,1855143224,0.1,0.9,0.1,0.0,40,40,0,0,0,0,39,0,,,0.0,,37
35,1559248618,0.1,0.9,0.1,0.0,40,40,1,1,1,0,38,0,1.0,1.0,0.0,1.0,37
36,230301868,0.1,0.9,0.1,0.0,40,40,1,1,1,0,38,0,1.0,1.0,0.0,1.0,37
37,1063917924,0.1,0.9,0.1,0.0,40,40,0,0,0,0,39,0,,,0.0,,37
38,1955352363,0.1,0.9,0.1,0.0,40,40,0,0,0,0,39,0,,,0.0,,37
39,947161388,0.1,0.9,0.1,0.0,40,40,1,1,1,0,38,0,1.0,1.0,0.0,1.0,37
40,252836821,0.1,0.9,0.1,0.0,40,40,1,2,1,1,37,0,0.5,1.0,0.02631578947368421,0.6666666666666666,37
41,1434829001,0.1,0.9,0.1,0.0,40,40,0,0,0,0,39,0,,,0.0,,37
42,1400994498,0.1,0.9,0.1,0.0,40,40,0,0,0,0,39,0,,,0.0,,37
43,461343968,0.1,0.9,0.1,0.0,40,40,0,0,0,0,39,0,,,0.0,,37
44,1055873239,0.1,0.9,0.1,0.0,40,40,1,1,1,0,38,0,1.0,1.0,0.0,1.0,37
45,2081398336,0.1,0.9,0.1,0.0,40,40,0,0,0,0,39,0,,,0.0,,37
46,1052038252,0.1,0.9,0.1,0.0,40,40,0,0,0,0,39,0,,,0.0,,37
47,1420983559,0.1,0.9,0.1,0.0,40,40,0,0,0,0,39,0,,,0.0,,37
48,1135514055,0.1,0.9,0.1,0.0,40,40,0,0,0,0,39,0,,,0.0,,37
49,1944066464,0.1,0.9,0.1,0.0,40,40,1,2,1,1,37,0,0.5,1.0,0.02631578947368421,0.6666666666666666,37
0,1545040019,0.1,0.9,0.1,0.1,20,20,1,11,1,10,8,0,0.09090909090909091,1.0,0.5555555555555556,0.16666666666666669,38
1,460900767,0.1,0.9,0.1,0.1,20,20,0,8,0,8,11,0,0.0,,0.42105263157894735,,38
2,1759937007,0.1,0.9,0.1,0.1,20,20,0,6,0,6,13,0,0.0,,0.3157894736842105,,38
3,776489894,0.1,0.9,0.1,0.1,20,20,0,5,0,5,14,0,0.0,,0.2631578947368421,,38
4,533675296,0.1,0.9,0.1,0.1,20,20,0,4,0,4,15,0,0.0,,0.21052631578947367,,38
5,604446730,0.1,0.9,0.1,0.1,20,20,1,5,1,4,14,0,0.2,1.0,0.2222222222222222,0.33333333333333337,38
6,1167055605,0.1,0.9,0.1,0.1,20,20,0,3,0,3,16,0,0.0,,0.15789473684210525,,38
7,2144511095,0.1,0.9,0.1,0.1,20,20,0,1,0,1,18,0,0.0,,0.05263157894736842,,38
8,1877698156,0.1,0.9,0.1,0.1,20,20,1,3,1,2,16,0,0.3333333333333333,1.0,0.1111111111111111,0.5,38
9,362054622,0.1,0.9,0.1,0.1,20,20,2,8,2,6,11,0,0.25,1.0,0.35294117647058826,0.4,38
10,833694229,0.1,0.9,0.1,0.1,20,20,2,8,1,7,10,1,0.125,0.5,0.4117647058823529,0.2,38
11,7926735,0.1,0.9,0.1,0.1,20,20,0,7,0,7,12,0,0.0,,0.3684210526315789,,38
12,204308993,0.1,0.9,0.1,0.1,20,20,0,6,0,6,13,0,0.0,,0.3157894736842105,,38
13,780277991,0.1,0.9,0.1,0.1,20,20,0,6,0,6,13,0,0.0,,0.3157894736842105,,38
14,1251961986,0.1,0.9,0.1,0.1,20,20,0,9,0,9,10,0,0.0,,0.47368421052631576,,38
15,1271103116,0.1,0.9,0.1,0.1,20,20,0,7,0,7,12,0,0.0,,0.3684210526315789,,38
16,836936607,0.1,0.9,0.1,0.1,20,20,0,2,0,2,17,0,0.0,,0.10526315789473684,,38
17,862583619,0.1,0.9,0.1,0.1,20,20,1,4,1,3,15,0,0.25,1.0,0.16666666666666666,0.4,38
18,142091330,0.1,0.9,0.1,0.1,20,20,2,10,2,8,9,0,0.2,1.0,0.47058823529411764,0.33333333333333337,38
19,268747137,0.1,0.9,0.1,0.1,20,20,0,4,0,4,15,0,0.0,,0.21052631578947367,,38
20,1015768082,0.1,0.9,0.1,0.1,20,20,0,2,0,2,17,0,0.0,,0.10526315789473684,,38
21,1122254246,0.1,0.9,0.1,0.1,20,20,0,6,0,6,13,0,0.0,,0.3157894736842105,,38
22,11536644,0.1,0.9,0.1,0.1,20,20,0,4,0,4,15,0,0.0,,0.21052631578947367,,38
23,1840716016,0.1,0.9,0.1,0.1,20,20,0,3,0,3,16,0,0.0,,0.15789473684210525,,38
24,1497225387,0.1,0.9,0.1,0.1,20,20,0,3,0,3,16,0,0.0,,0.15789473684210525,,38
25,93352518,0.1,0.9,0.1,0.1,20,20,2,5,1,4,13,1,0.2,0.5,0.23529411764705882,0.28571428571428575,38
26,288086357,0.1,0.9,0.1,0.1,20,20,2,11,2,9,8,0,0.18181818181818182,1.0,0.5294117647058824,0.3076923076923077,38
27,1497608213,0.1,0.9,0.1,0.1,20,20,1,4,1,3,15,0,0.25,1.0,0.16666666666666666,0.4,38
28,1096834390,0.1,0.9,0.1,0.1,20,20,2,5,1,4,13,1,0.2,0.5,0.23529411764705882,0.28571428571428575,38
29,1048744914,0.1,0.9,0.1,0.1,20,20,0,2,0,2,17,0,0.0,,0.10526315789473684,,38
30,245600844,0.1,0.9,0.1,0.1,20,20,0,5,0,5,14,0,0.0,,0.2631578947368421,,38
31,1818465620,0.1,0.9,0.1,0.1,20,20,0,8,0,8,11,0,0.0,,0.42105263157894735,,38
32,1142201209,0.1,0.9,0.1,0.1,20,20,1,5,1,4,14,0,0.2,1.0,0.2222222222222222,0.33333333333333337,38
33,485449280,0.1,0.9,0.1,0.1,20,20,0,3,0,3,16,0,0.0,,0.15789473684210525,,38
34,1632462478,0.1,0.9,0.1,0.1,20,20,1,6,1,5,13,0,0.16666666666666666,1.0,0.2777777777777778,0.2857142857142857,38
35,1314997907,0.1,0.9,0.1,0.1,20,20,0,6,0,6,13,0,0.0,,0.3157894736842105,,38
36,1338549788,0.1,0.9,0.1,0.1,20,20,0,12,0,12,7,0,0.0,,0.631578947368421,,38
37,87878088,0.1,0.9,0.1,0.1,20,20,0,6,0,6,13,0,0.0,,0.3157894736842105,,38
38,1820480130,0.1,0.9,0.1,0.1,20,20,0,9,0,9,10,0,0.0,,0.47368421052631576,,38
39,14098614,0.1,0.9,0.1,0.1,20,20,0,6,0,6,13,0,0.0,,0.3157894736842105,,38
40,1878243720,0.1,0.9,0.1,0.1,20,20,1,3,1,2,16,0,0.3333333333333333,1.0,0.1111111111111111,0.5,38
41,1902865902,0.1,0.9,0.1,0.1,20,20,0,8,0,8,11,0,0.0,,0.42105263157894735,,38
42,1847559532,0.1,0.9,0.1,0.1,20,20,2,8,2,6,11,0,0.25,1.0,0.35294117647058826,0.4,38
43,1070862989,0.1,0.9,0.1,0.1,20,20,2,7,2,5,12,0,0.2857142857142857,1.0,0.29411764705882354,0.4444444444444445,38
44,423019428,0.1,0.9,0.1,0.1,20,20,1,7,1,6,12,0,0.14285714285714285,1.0,0.3333333333333333,0.25,38
45,649839790,0.1,0.9,0.1,0.1,20,20,0,4,0,4,15,0,0.0,,0.21052631578947367,,38
46,1116246263,0.1,0.9,0.1,0.1,20,20,0,6,0,6,13,0,0.0,,0.3157894736842105,,38
47,541330440,0.1,0.9,0.1,0.1,20,20,0,6,0,6,13,0,0.0,,0.3157894736842105,,38
48,2054594781,0.1,0.9,0.1,0.1,20,20,1,9,1,8,10,0,0.1111111111111111,1.0,0.4444444444444444,0.19999999999999998,38
49,1378265007,0.1,0.9,0.1,0.1,20,20,0,3,0,3,16,0,0.0,,0.15789473684210525,,38
0,766713153,0.1,0.9,0.1,0.1,40,40,1,28,1,27,11,0,0.03571428571428571,1.0,0.7105263157894737,0.0689655172413793,39
1,450949311,0.1,0.9,0.1,0.1,40,40,0,16,0,16,23,0,0.0,,0.41025641025641024,,39
2,59410743,0.1,0.9,0.1,0.1,40,40,2,17,2,15,22,0,0.11764705882352941,1.0,0.40540540540540543,0.21052631578947367,39
3,663633256,0.1,0.9,0.1,0.1,40,40,0,16,0,16,23,0,0.0,,0.41025641025641024,,39
4,149583625,0.1,0.9,0.1,0.1,40,40,0,13,0,13,26,0,0.0,,0.3333333333333333,,39
5,704866446,0.1,0.9,0.1,0.1,40,40,0,15,0,15,24,0,0.0,,0.38461538461538464,,39
6,675472886,0.1,0.9,0.1,0.1,40,40,0,20,0,20,19,0,0.0,,0.5128205128205128,,39
7,1792107322,0.1,0.9,0.1,0.1,40,40,0,15,0,15,24,0,0.0,,0.38461538461538464,,39
8,438044942,0.1,0.9,0.1,0.1,40,40,0,17,0,17,22,0,0.0,,0.4358974358974359,,39
9,1638507312,0.1,0.9,0.1,0.1,40,40,2,22,2,20,17,0,0.09090909090909091,1.0,0.5405405405405406,0.16666666666666669,39
10,644359323,0.1,0.9,0.1,0.1,40,40,0,18,0,18,21,0,0.0,,0.46153846153846156,,39
11,339002153,0.1,0.9,0.1,0.1,40,40,1,18,1,17,21,0,0.05555555555555555,1.0,0.4473684210526316,0.10526315789473684,39
12,2051370724,0.1,0.9,0.1,0.1,40,40,0,15,0,15,24,0,0.0,,0.38461538461538464,,39
13,139316564,0.1,0.9,0.1,0.1,40,40,2,18,1,17,20,1,0.05555555555555555,0.5,0.4594594594594595,0.09999999999999999,39
14,714246474,0.1,0.9,0.1,0.1,40,40,1,20,1,19,19,0,0.05,1.0,0.5,0.09523809523809523,39
15,1819661526,0.1,0.9,0.1,0.1,40,40,1,17,1,16,22,0,0.058823529411764705,1.0,0.42105263157894735,0.1111111111111111,39
16,643856143,0.1,0.9,0.1,0.1,40,40,0,11,0,11,28,0,0.0,,0.28205128205128205,,39
17,1785887644,0.1,0.9,0.1,0.1,40,40,1,18,1,17,21,0,0.05555555555555555,1.0,0.4473684210526316,0.10526315789473684,39
18,1532797819,0.1,0.9,0.1,0.1,40,40,1,21,1,20,18,0,0.047619047619047616,1.0,0.5263157894736842,0.0909090909090909,39
19,1841416174,0.1,0.9,0.1,0.1,40,40,1,20,1,19,19,0,0.05,1.0,0.5,0.09523809523809523,39
20,1646506200,0.1,0.9,0.1,0.1,40,40,0,23,0,23,16,0,0.0,,0.5897435897435898,,39
21,683210588,0.1,0.9,0.1,0.1,40,40,0,22,0,22,17,0,0.0,,0.5641025641025641,,39
22,1824068002,0.1,0.9,0.1,0.1,40,40,0,8,0,8,31,0,0.0,,0.20512820512820512,,39
23,1194175866,0.1,0.9,0.1,0.1,40,40,0,20,0,20,19,0,0.0,,0.5128205128205128,,39
24,1347348682,0.1,0.9,0.1,0.1,40,40,0,26,0,26,13,0,0.0,,0.6666666666666666,,39
25,1245727425,0.1,0.9,0.1,0.1,40,40,2,23,2,21,16,0,0.08695652173913043,1.0,0.5675675675675675,0.16,39
26,1769822335,0.1,0.9,0.1,0.1,40,40,1,19,1,18,20,0,0.05263157894736842,1.0,0.47368421052631576,0.1,39
27,1651784754,0.1,0.9,0.1,0.1,40,40,1,18,1,17,21,0,0.05555555555555555,1.0,0.4473684210526316,0.10526315789473684,39
28,825955381,0.1,0.9,0.1,0.1,40,40,1,20,1,19,19,0,0.05,1.0,0.5,0.09523809523809523,39
29,882279226,0.1,0.9,0.1,0.1,40,40,1,24,1,23,15,0,0.041666666666666664,1.0,0.6052631578947368,0.07999999999999999,39
30,84032853,0.1,0.9,0.1,0.1,40,40,0,14,0,14,25,0,0.0,,0.358974358974359,,39
31,7085923,0.1,0.9,0.1,0.1,40,40,0,20,0,20,19,0,0.0,,0.5128205128205128,,39
32,299777007,0.1,0.9,0.1,0.1,40,40,0,18,0,18,21,0,0.0,,0.46153846153846156,,39
33,1536070280,0.1,0.9,0.1,0.1,40,40,1,19,1,18,20,0,0.05263157894736842,1.0,0.47368421052631576,0.1,39
34,334676778,0.1,0.9,0.1,0.1,40,40,0,20,0,20,19,0,0.0,,0.5128205128205128,,39
35,27379711,0.1,0.9,0.1,0.1,40,40,0,15,0,15,24,0,0.0,,0.38461538461538464,,39
36,1752472241,0.1,0.9,0.1,0.1,40,40,1,18,1,17,21,0,0.05555555555555555,1.0,0.4473684210526316,0.10526315789473684,39
37,275854793,0.1,0.9,0.1,0.1,40,40,0,20,0,20,19,0,0.0,,0.5128205128205128,,39
38,157010869,0.1,0.9,0.1,0.1,40,40,0,12,0,12,27,0,0.0,,0.3076923076923077,,39
39,431503462,0.1,0.9,0.1,0.1,40,40,0,24,0,24,15,0,0.0,,0.6153846153846154,,39
40,774264831,0.1,0.9,0.1,0.1,40,40,1,21,1,20,18,0,0.047619047619047616,1.0,0.5263157894736842,0.0909090909090909,39
41,290982509,0.1,0.9,0.1,0.1,40,40,0,18,0,18,21,0,0.0,,0.46153846153846156,,39
42,767150359,0.1,0.9,0.1,0.1,40,40,0,20,0,20,19,0,0.0,,0.5128205128205128,,39
43,1049891227,0.1,0.9,0.1,0.1,40,40,2,16,2,14,23,0,0.125,1.0,0.3783783783783784,0.2222222222222222,39
44,232012340,0.1,0.9,0.1,0.1,40,40,0,19,0,19,20,0,0.0,,0.48717948717948717,,39
45,442159093,0.1,0.9,0.1,0.1,40,40,3,23,3,20,16,0,0.13043478260869565,1.0,0.5555555555555556,0.23076923076923078,39
46,846581052,0.1,0.9,0.1,0.1,40,40,1,18,0,18,20,1,0.0,0.0,0.47368421052631576,0.0,39
47,1008166705,0.1,0.9,0.1,0.1,40,40,0,18,0,18,21,0,0.0,,0.46153846153846156,,39
48,578915703,0.1,0.9,0.1,0.1,40,40,0,18,0,18,21,0,0.0,,0.46153846153846156,,39
49,56190829,0.1,0.9,0.1,0.1,40,40,0,20,0,20,19,0,0.0,,0.5128205128205128,,39
0,67171697,0.1,0.9,0.1,0.25,20,20,0,16,0,16,3,0,0.0,,0.8421052631578947,,40
1,2117362360,0.1,0.9,0.1,0.25,20,20,0,13,0,13,6,0,0.0,,0.6842105263157895,,40
2,1440069330,0.1,0.9,0.1,0.25,20,20,0,13,0,13,6,0,0.0,,0.6842105263157895,,40
3,236621319,0.1,0.9,0.1,0.25,20,20,2,15,2,13,4,0,0.13333333333333333,1.0,0.7647058823529411,0.23529411764705882,40
4,1632526430,0.1,0.9,0.1,0.25,20,20,0,10,0,10,9,0,0.0,,0.5263157894736842,,40
5,326757723,0.1,0.9,0.1,0.25,20,20,0,12,0,12,7,0,0.0,,0.631578947368421,,40
6,1714940033,0.1,0.9,0.1,0.25,20,20,0,11,0,11,8,0,0.0,,0.5789473684210527,,40
7,785956984,0.1,0.9,0.1,0.25,20,20,1,10,1,9,9,0,0.1,1.0,0.5,0.18181818181818182,40
8,1432055774,0.1,0.9,0.1,0.25,20,20,1,12,1,11,7,0,0.08333333333333333,1.0,0.6111111111111112,0.15384615384615385,40
9,1111115729,0.1,0.9,0.1,0.25,20,20,2,13,1,12,5,1,0.07692307692307693,0.5,0.7058823529411765,0.13333333333333336,40
10,1966682851,0.1,0.9,0.1,0.25,20,20,0,9,0,9,10,0,0.0,,0.47368421052631576,,40
11,958578925,0.1,0.9,0.1,0.25,20,20,0,17,0,17,2,0,0.0,,0.8947368421052632,,40
12,123744098,0.1,0.9,0.1,0.25,20,20,0,14,0,14,5,0,0.0,,0.7368421052631579,,40
13,139981790,0.1,0.9,0.1,0.25,20,20,1,10,0,10,8,1,0.0,0.0,0.5555555555555556,0.0,40
14,1754222629,0.1,0.9,0.1,0.25,20,20,2,10,1,9,8,1,0.1,0.5,0.5294117647058824,0.16666666666666669,40
15,570083352,0.1,0.9,0.1,0.25,20,20,1,12,0,12,6,1,0.0,0.0,0.6666666666666666,0.0,40
16,1518717926,0.1,0.9,0.1,0.25,20,20,0,16,0,16,3,0,0.0,,0.8421052631578947,,40
17,192929454,0.1,0.9,0.1,0.25,20,20,1,14,1,13,5,0,0.07142857142857142,1.0,0.7222222222222222,0.13333333333333333,40
18,805314206,0.1,0.9,0.1,0.25,20,20,1,12,1,11,7,0,0.08333333333333333,1.0,0.6111111111111112,0.15384615384615385,40
19,169768457,0.1,0.9,0.1,0.25,20,20,0,11,0,11,8,0,0.0,,0.5789473684210527,,40
20,937231359,0.1,0.9,0.1,0.25,20,20,0,12,0,12,7,0,0.0,,0.631578947368421,,40
21,1916201113,0.1,0.9,0.1,0.25,20,20,2,11,2,9,8,0,0.18181818181818182,1.0,0.5294117647058824,0.3076923076923077,40
22,733443124,0.1,0.9,0.1,0.25,20,20,0,11,0,11,8,0,0.0,,0.5789473684210527,,40
23,2021945960,0.1,0.9,0.1,0.25,20,20,0,12,0,12,7,0,0.0,,0.631578947368421,,40
24,1001984269,0.1,0.9,0.1,0.25,20,20,1,14,1,13,5,0,0.07142857142857142,1.0,0.7222222222222222,0.13333333333333333,40
25,1986834919,0.1,0.9,0.1,0.25,20,20,0,13,0,13,6,0,0.0,,0.6842105263157895,,40
26,12413956,0.1,0.9,0.1,0.25,20,20,0,16,0,16,3,0,0.0,,0.8421052631578947,,40
27,1822367424,0.1,0.9,0.1,0.25,20,20,2,15,1,14,3,1,0.06666666666666667,0.5,0.8235294117647058,0.11764705882352941,40
28,751309225,0.1,0.9,0.1,0.25,20,20,1,11,1,10,8,0,0.09090909090909091,1.0,0.5555555555555556,0.16666666666666669,40
29,228218895,0.1,0.9,0.1,0.25,20,20,0,14,0,14,5,0,0.0,,0.7368421052631579,,40
30,2073284,0.1,0.9,0.1,0.25,20,20,0,12,0,12,7,0,0.0,,0.631578947368421,,40
31,1538603825,0.1,0.9,0.1,0.25,20,20,0,7,0,7,12,0,0.0,,0.3684210526315789,,40
32,2077381690,0.1,0.9,0.1,0.25,20,20,1,10,0,10,8,1,0.0,0.0,0.5555555555555556,0.0,40
33,1037235568,0.1,0.9,0.1,0.25,20,20,0,12,0,12,7,0,0.0,,0.631578947368421,,40
34,2082848199,0.1,0.9,0.1,0.25,20,20,1,13,1,12,6,0,0.07692307692307693,1.0,0.6666666666666666,0.14285714285714288,40
35,1055163232,0.1,0.9,0.1,0.25,20,20,1,12,1,11,7,0,0.08333333333333333,1.0,0.6111111111111112,0.15384615384615385,40
36,549477161,0.1,0.9,0.1,0.25,20,20,0,12,0,12,7,0,0.0,,0.631578947368421,,40
37,1480296643,0.1,0.9,0.1,0.25,20,20,1,10,1,9,9,0,0.1,1.0,0.5,0.18181818181818182,40
38,1182090280,0.1,0.9,0.1,0.25,20,20,0,13,0,13,6,0,0.0,,0.6842105263157895,,40
39,4270644,0.1,0.9,0.1,0.25,20,20,0,13,0,13,6,0,0.0,,0.6842105263157895,,40
40,367419482,0.1,0.9,0.1,0.25,20,20,0,13,0,13,6,0,0.0,,0.6842105263157895,,40
41,1740627662,0.1,0.9,0.1,0.25,20,20,0,15,0,15,4,0,0.0,,0.7894736842105263,,40
42,1787591244,0.1,0.9,0.1,0.25,20,20,2,15,2,13,4,0,0.13333333333333333,1.0,0.7647058823529411,0.23529411764705882,40
43,744888177,0.1,0.9,0.1,0.25,20,20,0,14,0,14,5,0,0.0,,0.7368421052631579,,40
44,752112055,0.1,0.9,0.1,0.25,20,20,0,12,0,12,7,0,0.0,,0.631578947368421,,40
45,1288835794,0.1,0.9,0.1,0.25,20,20,1,14,1,13,5,0,0.07142857142857142,1.0,0.7222222222222222,0.13333333333333333,40
46,1053452351,0.1,0.9,0.1,0.25,20,20,1,14,1,13,5,0,0.07142857142857142,1.0,0.7222222222222222,0.13333333333333333,40
47,1283024185,0.1,0.9,0.1,0.25,20,20,0,11,0,11,8,0,0.0,,0.5789473684210527,,40
48,527750741,0.1,0.9,0.1,0.25,20,20,0,13,0,13,6,0,0.0,,0.6842105263157895,,40
49,629537375,0.1,0.9,0.1,0.25,20,20,0,14,0,14,5,0,0.0,,0.7368421052631579,,40
0,1277127553,0.1,0.9,0.1,0.25,40,40,0,34,0,34,5,0,0.0,,0.8717948717948718,,41
1,1517562472,0.1,0.9,0.1,0.25,40,40,0,32,0,32,7,0,0.0,,0.8205128205128205,,41
2,1787072376,0.1,0.9,0.1,0.25,40,40,0,30,0,30,9,0,0.0,,0.7692307692307693,,41
3,1538102660,0.1,0.9,0.1,0.25,40,40,0,29,0,29,10,0,0.0,,0.7435897435897436,,41
4,346749204,0.1,0.9,0.1,0.25,40,40,2,29,2,27,10,0,0.06896551724137931,1.0,0.7297297297297297,0.12903225806451613,41
5,369105320,0.1,0.9,0.1,0.25,40,40,3,26,3,23,13,0,0.11538461538461539,1.0,0.6388888888888888,0.20689655172413793,41
6,1289977916,0.1,0.9,0.1,0.25,40,40,1,29,1,28,10,0,0.034482758620689655,1.0,0.7368421052631579,0.06666666666666667,41
7,384586122,0.1,0.9,0.1,0.25,40,40,0,31,0,31,8,0,0.0,,0.7948717948717948,,41
8,436107140,0.1,0.9,0.1,0.25,40,40,1,31,1,30,8,0,0.03225806451612903,1.0,0.7894736842105263,0.0625,41
9,477188537,0.1,0.9,0.1,0.25,40,40,0,29,0,29,10,0,0.0,,0.7435897435897436,,41
10,555435831,0.1,0.9,0.1,0.25,40,40,1,32,1,31,7,0,0.03125,1.0,0.8157894736842105,0.06060606060606061,41
11,1644676705,0.1,0.9,0.1,0.25,40,40,1,30,1,29,9,0,0.03333333333333333,1.0,0.7631578947368421,0.06451612903225806,41
12,1355082025,0.1,0.9,0.1,0.25,40,40,0,28,0,28,11,0,0.0,,0.717948717948718,,41
13,894313897,0.1,0.9,0.1,0.25,40,40,0,31,0,31,8,0,0.0,,0.7948717948717948,,41
14,380818054,0.1,0.9,0.1,0.25,40,40,1,29,1,28,10,0,0.034482758620689655,1.0,0.7368421052631579,0.06666666666666667,41
15,237523196,0.1,0.9,0.1,0.25,40,40,1,25,0,25,13,1,0.0,0.0,0.6578947368421053,0.0,41
16,1348530149,0.1,0.9,0.1,0.25,40,40,0,30,0,30,9,0,0.0,,0.7692307692307693,,41
17,856358412,0.1,0.9,0.1,0.25,40,40,1,28,1,27,11,0,0.03571428571428571,1.0,0.7105263157894737,0.0689655172413793,41
18,2031173336,0.1,0.9,0.1,0.25,40,40,1,33,1,32,6,0,0.030303030303030304,1.0,0.8421052631578947,0.05882352941176471,41
19,1829076821,0.1,0.9,0.1,0.25,40,40,0,24,0,24,15,0,0.0,,0.6153846153846154,,41
20,1120026609,0.1,0.9,0.1,0.25,40,40,0,29,0,29,10,0,0.0,,0.7435897435897436,,41
21,1615898887,0.1,0.9,0.1,0.25,40,40,0,31,0,31,8,0,0.0,,0.7948717948717948,,41
22,2052403867,0.1,0.9,0.1,0.25,40,40,0,32,0,32,7,0,0.0,,0.8205128205128205,,41
23,610364645,0.1,0.9,0.1,0.25,40,40,0,28,0,28,11,0,0.0,,0.717948717948718,,41
24,1501892041,0.1,0.9,0.1,0.25,40,40,1,33,1,32,6,0,0.030303030303030304,1.0,0.8421052631578947,0.05882352941176471,41
25,1731831157,0.1,0.9,0.1,0.25,40,40,1,29,1,28,10,0,0.034482758620689655,1.0,0.7368421052631579,0.06666666666666667,41
26,339185986,0.1,0.9,0.1,0.25,40,40,0,30,0,30,9,0,0.0,,0.7692307692307693,,41
27,577043468,0.1,0.9,0.1,0.25,40,40,0,30,0,30,9,0,0.0,,0.7692307692307693,,41
28,502095160,0.1,0.9,0.1,0.25,40,40,0,31,0,31,8,0,0.0,,0.7948717948717948,,41
29,1243197752,0.1,0.9,0.1,0.25,40,40,0,28,0,28,11,0,0.0,,0.717948717948718,,41
30,261669696,0.1,0.9,0.1,0.25,40,40,2,33,2,31,6,0,0.06060606060606061,1.0,0.8378378378378378,0.1142857142857143,41
31,1167935750,0.1,0.9,0.1,0.25,40,40,0,29,0,29,10,0,0.0,,0.7435897435897436,,41
32,923873920,0.1,0.9,0.1,0.25,40,40,0,30,0,30,9,0,0.0,,0.7692307692307693,,41
33,1303416140,0.1,0.9,0.1,0.25,40,40,1,28,1,27,11,0,0.03571428571428571,1.0,0.7105263157894737,0.0689655172413793,41
34,1943363592,0.1,0.9,0.1,0.25,40,40,0,31,0,31,8,0,0.0,,0.7948717948717948,,41
35,91488485,0.1,0.9,0.1,0.25,40,40,0,29,0,29,10,0,0.0,,0.7435897435897436,,41
36,403453361,0.1,0.9,0.1,0.25,40,40,0,33,0,33,6,0,0.0,,0.8461538461538461,,41
37,612923264,0.1,0.9,0.1,0.25,40,40,0,28,0,28,11,0,0.0,,0.717948717948718,,41
38,222739580,0.1,0.9,0.1,0.25,40,40,0,27,0,27,12,0,0.0,,0.6923076923076923,,41
39,1791758261,0.1,0.9,0.1,0.25,40,40,2,35,2,33,4,0,0.05714285714285714,1.0,0.8918918918918919,0.1081081081081081,41
40,650203009,0.1,0.9,0.1,0.25,40,40,0,30,0,30,9,0,0.0,,0.7692307692307693,,41
41,1049421724,0.1,0.9,0.1,0.25,40,40,0,30,0,30,9,0,0.0,,0.7692307692307693,,41
42,430233958,0.1,0.9,0.1,0.25,40,40,1,32,1,31,7,0,0.03125,1.0,0.8157894736842105,0.06060606060606061,41
43,2094943893,0.1,0.9,0.1,0.25,40,40,0,35,0,35,4,0,0.0,,0.8974358974358975,,41
44,1488435611,0.1,0.9,0.1,0.25,40,40,0,28,0,28,11,0,0.0,,0.717948717948718,,41
45,1029957505,0.1,0.9,0.1,0.25,40,40,0,28,0,28,11,0,0.0,,0.717948717948718,,41
46,2064795227,0.1,0.9,0.1,0.25,40,40,1,35,1,34,4,0,0.02857142857142857,1.0,0.8947368421052632,0.05555555555555556,41
47,892608406,0.1,0.9,0.1,0.25,40,40,0,33,0,33,6,0,0.0,,0.8461538461538461,,41
48,1238393897,0.1,0.9,0.1,0.25,40,40,0,26,0,26,13,0,0.0,,0.6666666666666666,,41
49,163006887,0.1,0.9,0.1,0.25,40,40,1,34,1,33,5,0,0.029411764705882353,1.0,0.868421052631579,0.05714285714285715,41
0,2143249380,0.1,0.9,0.2,0.0,20,20,0,0,0,0,19,0,,,0.0,,42
1,371368746,0.1,0.9,0.2,0.0,20,20,0,0,0,0,19,0,,,0.0,,42
2,334031951,0.1,0.9,0.2,0.0,20,20,0,1,0,1,18,0,0.0,,0.05263157894736842,,42
3,133631454,0.1,0.9,0.2,0.0,20,20,0,0,0,0,19,0,,,0.0,,42
4,1954082109,0.1,0.9,0.2,0.0,20,20,2,2,1,1,16,1,0.5,0.5,0.058823529411764705,0.5,42
5,222923499,0.1,0.9,0.2,0.0,20,20,1,1,1,0,18,0,1.0,1.0,0.0,1.0,42
6,564034195,0.1,0.9,0.2,0.0,20,20,0,0,0,0,19,0,,,0.0,,42
7,395479939,0.1,0.9,0.2,0.0,20,20,1,0,0,0,18,1,,0.0,0.0,,42
8,2104343027,0.1,0.9,0.2,0.0,20,20,0,0,0,0,19,0,,,0.0,,42
9,117476964,0.1,0.9,0.2,0.0,20,20,0,0,0,0,19,0,,,0.0,,42
10,1415973332,0.1,0.9,0.2,0.0,20,20,1,1,1,0,18,0,1.0,1.0,0.0,1.0,42
11,1373934738,0.1,0.9,0.2,0.0,20,20,1,1,1,0,18,0,1.0,1.0,0.0,1.0,42
12,723523252,0.1,0.9,0.2,0.0,20,20,1,1,1,0,18,0,1.0,1.0,0.0,1.0,42
13,1051510269,0.1,0.9,0.2,0.0,20,20,0,0,0,0,19,0,,,0.0,,42
14,1052575041,0.1,0.9,0.2,0.0,20,20,1,1,1,0,18,0,1.0,1.0,0.0,1.0,42
15,1953341754,0.1,0.9,0.2,0.0,20,20,0,0,0,0,19,0,,,0.0,,42
16,340292808,0.1,0.9,0.2,0.0,20,20,0,0,0,0,19,0,,,0.0,,42
17,1701245884,0.1,0.9,0.2,0.0,20,20,0,0,0,0,19,0,,,0.0,,42
18,1635390054,0.1,0.9,0.2,0.0,20,20,1,1,1,0,18,0,1.0,1.0,0.0,1.0,42
19,827067206,0.1,0.9,0.2,0.0,20,20,0,0,0,0,19,0,,,0.0,,42
20,1994755302,0.1,0.9,0.2,0.0,20,20,0,0,0,0,19,0,,,0.0,,42
21,555163704,0.1,0.9,0.2,0.0,20,20,0,0,0,0,19,0,,,0.0,,42
22,1685699375,0.1,0.9,0.2,0.0,20,20,1,1,1,0,18,0,1.0,1.0,0.0,1.0,42
23,360233176,0.1,0.9,0.2,0.0,20,20,1,2,1,1,17,0,0.5,1.0,0.05555555555555555,0.6666666666666666,42
24,1920580479,0.1,0.9,0.2,0.0,20,20,0,0,0,0,19,0,,,0.0,,42
25,1674354849,0.1,0.9,0.2,0.0,20,20,0,0,0,0,19,0,,,0.0,,42
26,436088414,0.1,0.9,0.2,0.0,20,20,0,0,0,0,19,0,,,0.0,,42
27,1208709709,0.1,0.9,0.2,0.0,20,20,0,0,0,0,19,0,,,0.0,,42
28,2091910285,0.1,0.9,0.2,0.0,20,20,1,1,1,0,18,0,1.0,1.0,0.0,1.0,42
29,437928220,0.1,0.9,0.2,0.0,20,20,1,1,1,0,18,0,1.0,1.0,0.0,1.0,42
30,146023703,0.1,0.9,0.2,0.0,20,20,0,0,0,0,19,0,,,0.0,,42
31,917835889,0.1,0.9,0.2,0.0,20,20,0,0,0,0,19,0,,,0.0,,42
32,1481071449,0.1,0.9,0.2,0.0,20,20,2,1,1,0,17,1,1.0,0.5,0.0,0.6666666666666666,42
33,637955903,0.1,0.9,0.2,0.0,20,20,0,0,0,0,19,0,,,0.0,,42
34,2048801883,0.1,0.9,0.2,0.0,20,20,1,1,1,0,18,0,1.0,1.0,0.0,1.0,42
35,192534046,0.1,0.9,0.2,0.0,20,20,1,0,0,0,18,1,,0.0,0.0,,42
36,1374728490,0.1,0.9,0.2,0.0,20,20,0,0,0,0,19,0,,,0.0,,42
37,1601285738,0.1,0.9,0.2,0.0,20,20,1,1,1,0,18,0,1.0,1.0,0.0,1.0,42
38,326493942,0.1,0.9,0.2,0.0,20,20,2,2,2,0,17,0,1.0,1.0,0.0,1.0,42
39,1594753845,0.1,0.9,0.2,0.0,20,20,1,1,1,0,18,0,1.0,1.0,0.0,1.0,42
40,1046789141,0.1,0.9,0.2,0.0,20,20,0,0,0,0,19,0,,,0.0,,42
41,1469970827,0.1,0.9,0.2,0.0,20,20,0,0,0,0,19,0,,,0.0,,42
42,2125808769,0.1,0.9,0.2,0.0,20,20,0,0,0,0,19,0,,,0.0,,42
43,2061053448,0.1,0.9,0.2,0.0,20,20,1,1,1,0,18,0,1.0,1.0,0.0,1.0,42
44,1565936395,0.1,0.9,0.2,0.0,20,20,1,0,0,0,18,1,,0.0,0.0,,42
45,172499967,0.1,0.9,0.2,0.0,20,20,0,0,0,0,19,0,,,0.0,,42
46,487839850,0.1,0.9,0.2,0.0,20,20,0,0,0,0,19,0,,,0.0,,42
47,387570559,0.1,0.9,0.2,0.0,20,20,2,2,2,0,17,0,1.0,1.0,0.0,1.0,42
48,1732438074,0.1,0.9,0.2,0.0,20,20,0,0,0,0,19,0,,,0.0,,42
49,140105897,0.1,0.9,0.2,0.0,20,20,0,0,0,0,19,0,,,0.0,,42
0,1798705600,0.1,0.9,0.2,0.0,40,40,0,1,0,1,38,0,0.0,,0.02564102564102564,,43
1,497143946,0.1,0.9,0.2,0.0,40,40,0,0,0,0,39,0,,,0.0,,43
2,611392194,0.1,0.9,0.2,0.0,40,40,1,0,0,0,38,1,,0.0,0.0,,43
3,836290455,0.1,0.9,0.2,0.0,40,40,0,0,0,0,39,0,,,0.0,,43
4,336127575,0.1,0.9,0.2,0.0,40,40,1,1,1,0,38,0,1.0,1.0,0.0,1.0,43
5,1311958368,0.1,0.9,0.2,0.0,40,40,0,0,0,0,39,0,,,0.0,,43
6,1671037119,0.1,0.9,0.2,0.0,40,40,0,0,0,0,39,0,,,0.0,,43
7,241816942,0.1,0.9,0.2,0.0,40,40,2,2,2,0,37,0,1.0,1.0,0.0,1.0,43
8,383961332,0.1,0.9,0.2,0.0,40,40,3,3,3,0,36,0,1.0,1.0,0.0,1.0,43
9,671537946,0.1,0.9,0.2,0.0,40,40,1,1,1,0,38,0,1.0,1.0,0.0,1.0,43
10,16973245,0.1,0.9,0.2,0.0,40,40,0,0,0,0,39,0,,,0.0,,43
11,446865214,0.1,0.9,0.2,0.0,40,40,0,0,0,0,39,0,,,0.0,,43
12,1766162239,0.1,0.9,0.2,0.0,40,40,0,0,0,0,39,0,,,0.0,,43
13,645811756,0.1,0.9,0.2,0.0,40,40,0,1,0,1,38,0,0.0,,0.02564102564102564,,43
14,811396964,0.1,0.9,0.2,0.0,40,40,0,0,0,0,39,0,,,0.0,,43
15,666002490,0.1,0.9,0.2,0.0,40,40,0,0,0,0,39,0,,,0.0,,43
16,1104959206,0.1,0.9,0.2,0.0,40,40,0,0,0,0,39,0,,,0.0,,43
17,412793384,0.1,0.9,0.2,0.0,40,40,1,1,1,0,38,0,1.0,1.0,0.0,1.0,43
18,544778023,0.1,0.9,0.2,0.0,40,40,0,0,0,0,39,0,,,0.0,,43
19,1875264995,0.1,0.9,0.2,0.0,40,40,0,1,0,1,38,0,0.0,,0.02564102564102564,,43
20,1736095137,0.1,0.9,0.2,0.0,40,40,1,1,1,0,38,0,1.0,1.0,0.0,1.0,43
21,1050862673,0.1,0.9,0.2,0.0,40,40,0,0,0,0,39,0,,,0.0,,43
22,651416874,0.1,0.9,0.2,0.0,40,40,0,0,0,0,39,0,,,0.0,,43
23,1094700718,0.1,0.9,0.2,0.0,40,40,0,0,0,0,39,0,,,0.0,,43
24,1860285602,0.1,0.9,0.2,0.0,40,40,1,1,1,0,38,0,1.0,1.0,0.0,1.0,43
25,810069527,0.1,0.9,0.2,0.0,40,40,0,0,0,0,39,0,,,0.0,,43
26,1419079002,0.1,0.9,0.2,0.0,40,40,2,3,2,1,36,0,0.6666666666666666,1.0,0.02702702702702703,0.8,43
27,824667327,0.1,0.9,0.2,0.0,40,40,0,0,0,0,39,0,,,0.0,,43
28,104588104,0.1,0.9,0.2,0.0,40,40,0,0,0,0,39,0,,,0.0,,43
29,13240540,0.1,0.9,0.2,0.0,40,40,0,0,0,0,39,0,,,0.0,,43
30,526994621,0.1,0.9,0.2,0.0,40,40,0,0,0,0,39,0,,,0.0,,43
31,736193833,0.1,0.9,0.2,0.0,40,40,0,0,0,0,39,0,,,0.0,,43
32,264485415,0.1,0.9,0.2,0.0,40,40,0,0,0,0,39,0,,,0.0,,43
33,158820085,0.1,0.9,0.2,0.0,40,40,1,1,1,0,38,0,1.0,1.0,0.0,1.0,43
34,466269741,0.1,0.9,0.2,0.0,40,40,0,0,0,0,39,0,,,0.0,,43
35,976938825,0.1,0.9,0.2,0.0,40,40,0,0,0,0,39,0,,,0.0,,43
36,1807287139,0.1,0.9,0.2,0.0,40,40,0,0,0,0,39,0,,,0.0,,43
37,140125207,0.1,0.9,0.2,0.0,40,40,0,0,0,0,39,0,,,0.0,,43
38,657933607,0.1,0.9,0.2,0.0,40,40,0,0,0,0,39,0,,,0.0,,43
39,522964302,0.1,0.9,0.2,0.0,40,40,1,1,1,0,38,0,1.0,1.0,0.0,1.0,43
40,1758981187,0.1,0.9,0.2,0.0,40,40,0,1,0,1,38,0,0.0,,0.02564102564102564,,43
41,608881243,0.1,0.9,0.2,0.0,40,40,0,0,0,0,39,0,,,0.0,,43
42,1030598749,0.1,0.9,0.2,0.0,40,40,0,1,0,1,38,0,0.0,,0.02564102564102564,,43
43,1960725840,0.1,0.9,0.2,0.0,40,40,1,1,1,0,38,0,1.0,1.0,0.0,1.0,43
44,620236290,0.1,0.9,0.2,0.0,40,40,1,0,0,0,38,1,,0.0,0.0,,43
45,2005398540,0.1,0.9,0.2,0.0,40,40,0,0,0,0,39,0,,,0.0,,43
46,43210304,0.1,0.9,0.2,0.0,40,40,0,0,0,0,39,0,,,0.0,,43
47,1907413510,0.1,0.9,0.2,0.0,40,40,1,1,1,0,38,0,1.0,1.0,0.0,1.0,43
48,221440178,0.1,0.9,0.2,0.0,40,40,0,0,0,0,39,0,,,0.0,,43
49,1781871008,0.1,0.9,0.2,0.0,40,40,0,0,0,0,39,0,,,0.0,,43
0,2060667528,0.1,0.9,0.2,0.1,20,20,1,1,1,0,18,0,1.0,1.0,0.0,1.0,44
1,1602402593,0.1,0.9,0.2,0.1,20,20,0,2,0,2,17,0,0.0,,0.10526315789473684,,44
2,1420643239,0.1,0.9,0.2,0.1,20,20,0,2,0,2,17,0,0.0,,0.10526315789473684,,44
3,1595699166,0.1,0.9,0.2,0.1,20,20,0,3,0,3,16,0,0.0,,0.15789473684210525,,44
4,1498986204,0.1,0.9,0.2,0.1,20,20,0,2,0,2,17,0,0.0,,0.10526315789473684,,44
5,492940139,0.1,0.9,0.2,0.1,20,20,2,2,1,1,16,1,0.5,0.5,0.058823529411764705,0.5,44
6,1722835423,0.1,0.9,0.2,0.1,20,20,0,2,0,2,17,0,0.0,,0.10526315789473684,,44
7,119747709,0.1,0.9,0.2,0.1,20,20,0,2,0,2,17,0,0.0,,0.10526315789473684,,44
8,531741562,0.1,0.9,0.2,0.1,20,20,0,2,0,2,17,0,0.0,,0.10526315789473684,,44
9,1254789482,0.1,0.9,0.2,0.1,20,20,1,0,0,0,18,1,,0.0,0.0,,44
10,1098963356,0.1,0.9,0.2,0.1,20,20,1,1,0,1,17,1,0.0,0.0,0.05555555555555555,0.0,44
11,422568144,0.1,0.9,0.2,0.1,20,20,1,2,1,1,17,0,0.5,1.0,0.05555555555555555,0.6666666666666666,44
12,1471028010,0.1,0.9,0.2,0.1,20,20,0,2,0,2,17,0,0.0,,0.10526315789473684,,44
13,2085747362,0.1,0.9,0.2,0.1,20,20,0,3,0,3,16,0,0.0,,0.15789473684210525,,44
14,774724113,0.1,0.9,0.2,0.1,20,20,0,0,0,0,19,0,,,0.0,,44
15,770681686,0.1,0.9,0.2,0.1,20,20,0,4,0,4,15,0,0.0,,0.21052631578947367,,44
16,260925992,0.1,0.9,0.2,0.1,20,20,0,3,0,3,16,0,0.0,,0.15789473684210525,,44
17,1616450043,0.1,0.9,0.2,0.1,20,20,0,1,0,1,18,0,0.0,,0.05263157894736842,,44
18,749333358,0.1,0.9,0.2,0.1,20,20,0,4,0,4,15,0,0.0,,0.21052631578947367,,44
19,154805857,0.1,0.9,0.2,0.1,20,20,1,2,0,2,16,1,0.0,0.0,0.1111111111111111,0.0,44
20,1763522570,0.1,0.9,0.2,0.1,20,20,1,2,1,1,17,0,0.5,1.0,0.05555555555555555,0.6666666666666666,44
21,1482603594,0.1,0.9,0.2,0.1,20,20,0,1,0,1,18,0,0.0,,0.05263157894736842,,44
22,1681995933,0.1,0.9,0.2,0.1,20,20,0,1,0,1,18,0,0.0,,0.05263157894736842,,44
23,1610143072,0.1,0.9,0.2,0.1,20,20,0,1,0,1,18,0,0.0,,0.05263157894736842,,44
24,2106191199,0.1,0.9,0.2,0.1,20,20,0,4,0,4,15,0,0.0,,0.21052631578947367,,44
25,1169824105,0.1,0.9,0.2,0.1,20,20,0,2,0,2,17,0,0.0,,0.10526315789473684,,44
26,176590259,0.1,0.9,0.2,0.1,20,20,0,1,0,1,18,0,0.0,,0.05263157894736842,,44
27,1384499669,0.1,0.9,0.2,0.1,20,20,0,1,0,1,18,0,0.0,,0.05263157894736842,,44
28,1158670362,0.1,0.9,0.2,0.1,20,20,1,3,1,2,16,0,0.3333333333333333,1.0,0.1111111111111111,0.5,44
29,2033772372,0.1,0.9,0.2,0.1,20,20,0,3,0,3,16,0,0.0,,0.15789473684210525,,44
30,210335890,0.1,0.9,0.2,0.1,20,20,1,2,1,1,17,0,0.5,1.0,0.05555555555555555,0.6666666666666666,44
31,128648251,0.1,0.9,0.2,0.1,20,20,0,1,0,1,18,0,0.0,,0.05263157894736842,,44
32,1861125119,0.1,0.9,0.2,0.1,20,20,0,2,0,2,17,0,0.0,,0.10526315789473684,,44
33,2111649443,0.1,0.9,0.2,0.1,20,20,1,3,1,2,16,0,0.3333333333333333,1.0,0.1111111111111111,0.5,44
34,1467424580,0.1,0.9,0.2,0.1,20,20,1,2,1,1,17,0,0.5,1.0,0.05555555555555555,0.6666666666666666,44
35,177828321,0.1,0.9,0.2,0.1,20,20,1,1,0,1,17,1,0.0,0.0,0.05555555555555555,0.0,44
36,1497343669,0.1,0.9,0.2,0.1,20,20,0,0,0,0,19,0,,,0.0,,44
37,667776763,0.1,0.9,0.2,0.1,20,20,1,1,0,1,17,1,0.0,0.0,0.05555555555555555,0.0,44
38,105527204,0.1,0.9,0.2,0.1,20,20,0,0,0,0,19,0,,,0.0,,44
39,2095027497,0.1,0.9,0.2,0.1,20,20,1,3,1,2,16,0,0.3333333333333333,1.0,0.1111111111111111,0.5,44
40,1143504700,0.1,0.9,0.2,0.1,20,20,1,3,1,2,16,0,0.3333333333333333,1.0,0.1111111111111111,0.5,44
41,370136959,0.1,0.9,0.2,0.1,20,20,0,2,0,2,17,0,0.0,,0.10526315789473684,,44
42,1880128022,0.1,0.9,0.2,0.1,20,20,0,0,0,0,19,0,,,0.0,,44
43,1563501483,0.1,0.9,0.2,0.1,20,20,0,3,0,3,16,0,0.0,,0.15789473684210525,,44
44,495370231,0.1,0.9,0.2,0.1,20,20,0,0,0,0,19,0,,,0.0,,44
45,689737622,0.1,0.9,0.2,0.1,20,20,1,2,1,1,17,0,0.5,1.0,0.05555555555555555,0.6666666666666666,44
46,365555463,0.1,0.9,0.2,0.1,20,20,1,2,1,1,17,0,0.5,1.0,0.05555555555555555,0.6666666666666666,44
47,18474136,0.1,0.9,0.2,0.1,20,20,0,3,0,3,16,0,0.0,,0.15789473684210525,,44
48,932494135,0.1,0.9,0.2,0.1,20,20,0,2,0,2,17,0,0.0,,0.10526315789473684,,44
49,1735568017,0.1,0.9,0.2,0.1,20,20,1,1,1,0,18,0,1.0,1.0,0.0,1.0,44
0,1338231659,0.1,0.9,0.2,0.1,40,40,1,5,1,4,34,0,0.2,1.0,0.10526315789473684,0.33333333333333337,45
1,94939174,0.1,0.9,0.2,0.1,40,40,1,4,1,3,35,0,0.25,1.0,0.07894736842105263,0.4,45
2,1007673969,0.1,0.9,0.2,0.1,40,40,0,7,0,7,32,0,0.0,,0.1794871794871795,,45
3,1223809525,0.1,0.9,0.2,0.1,40,40,1,6,1,5,33,0,0.16666666666666666,1.0,0.13157894736842105,0.2857142857142857,45
4,1873071234,0.1,0.9,0.2,0.1,40,40,0,12,0,12,27,0,0.0,,0.3076923076923077,,45
5,884869299,0.1,0.9,0.2,0.1,40,40,0,7,0,7,32,0,0.0,,0.1794871794871795,,45
6,718005775,0.1,0.9,0.2,0.1,40,40,0,7,0,7,32,0,0.0,,0.1794871794871795,,45
7,1485234729,0.1,0.9,0.2,0.1,40,40,1,6,0,6,32,1,0.0,0.0,0.15789473684210525,0.0,45
8,1039024597,0.1,0.9,0.2,0.1,40,40,0,3,0,3,36,0,0.0,,0.07692307692307693,,45
9,2065525348,0.1,0.9,0.2,0.1,40,40,0,9,0,9,30,0,0.0,,0.23076923076923078,,45
10,1856706148,0.1,0.9,0.2,0.1,40,40,1,8,1,7,31,0,0.125,1.0,0.18421052631578946,0.2222222222222222,45
11,1728513751,0.1,0.9,0.2,0.1,40,40,2,10,2,8,29,0,0.2,1.0,0.21621621621621623,0.33333333333333337,45
12,1523586479,0.1,0.9,0.2,0.1,40,40,1,8,1,7,31,0,0.125,1.0,0.18421052631578946,0.2222222222222222,45
13,7838624,0.1,0.9,0.2,0.1,40,40,0,11,0,11,28,0,0.0,,0.28205128205128205,,45
14,899957467,0.1,0.9,0.2,0.1,40,40,0,1,0,1,38,0,0.0,,0.02564102564102564,,45
15,723149328,0.1,0.9,0.2,0.1,40,40,0,6,0,6,33,0,0.0,,0.15384615384615385,,45
16,1513956700,0.1,0.9,0.2,0.1,40,40,1,8,1,7,31,0,0.125,1.0,0.18421052631578946,0.2222222222222222,45
17,1549507625,0.1,0.9,0.2,0.1,40,40,1,13,0,13,25,1,0.0,0.0,0.34210526315789475,0.0,45
18,1429501922,0.1,0.9,0.2,0.1,40,40,0,6,0,6,33,0,0.0,,0.15384615384615385,,45
19,1080832128,0.1,0.9,0.2,0.1,40,40,0,7,0,7,32,0,0.0,,0.1794871794871795,,45
20,1067575014,0.1,0.9,0.2,0.1,40,40,0,8,0,8,31,0,0.0,,0.20512820512820512,,45
21,687958134,0.1,0.9,0.2,0.1,40,40,0,5,0,5,34,0,0.0,,0.1282051282051282,,45
22,1527788788,0.1,0.9,0.2,0.1,40,40,0,9,0,9,30,0,0.0,,0.23076923076923078,,45
23,507379551,0.1,0.9,0.2,0.1,40,40,2,7,2,5,32,0,0.2857142857142857,1.0,0.13513513513513514,0.4444444444444445,45
24,576455053,0.1,0.9,0.2,0.1,40,40,0,4,0,4,35,0,0.0,,0.10256410256410256,,45
25,1609849530,0.1,0.9,0.2,0.1,40,40,1,5,1,4,34,0,0.2,1.0,0.10526315789473684,0.33333333333333337,45
26,971629702,0.1,0.9,0.2,0.1,40,40,0,4,0,4,35,0,0.0,,0.10256410256410256,,45
27,439199927,0.1,0.9,0.2,0.1,40,40,1,2,1,1,37,0,0.5,1.0,0.02631578947368421,0.6666666666666666,45
28,1741262253,0.1,0.9,0.2,0.1,40,40,3,10,3,7,29,0,0.3,1.0,0.19444444444444445,0.4615384615384615,45
29,1378912588,0.1,0.9,0.2,0.1,40,40,0,8,0,8,31,0,0.0,,0.20512820512820512,,45
30,994252005,0.1,0.9,0.2,0.1,40,40,0,9,0,9,30,0,0.0,,0.23076923076923078,,45
31,1070619146,0.1,0.9,0.2,0.1,40,40,1,7,0,7,31,1,0.0,0.0,0.18421052631578946,0.0,45
32,1256400961,0.1,0.9,0.2,0.1,40,40,0,7,0,7,32,0,0.0,,0.1794871794871795,,45
33,284785549,0.1,0.9,0.2,0.1,40,40,0,7,0,7,32,0,0.0,,0.1794871794871795,,45
34,1547682264,0.1,0.9,0.2,0.1,40,40,0,5,0,5,34,0,0.0,,0.1282051282051282,,45
35,2098236669,0.1,0.9,0.2,0.1,40,40,0,7,0,7,32,0,0.0,,0.1794871794871795,,45
36,681432428,0.1,0.9,0.2,0.1,40,40,0,8,0,8,31,0,0.0,,0.20512820512820512,,45
37,692060164,0.1,0.9,0.2,0.1,40,40,0,7,0,7,32,0,0.0,,0.1794871794871795,,45
38,549582468,0.1,0.9,0.2,0.1,40,40,0,6,0,6,33,0,0.0,,0.15384615384615385,,45
39,442379544,0.1,0.9,0.2,0.1,40,40,0,6,0,6,33,0,0.0,,0.15384615384615385,,45
40,654584829,0.1,0.9,0.2,0.1,40,40,1,4,0,4,34,1,0.0,0.0,0.10526315789473684,0.0,45
41,361435248,0.1,0.9,0.2,0.1,40,40,3,6,1,5,31,2,0.16666666666666666,0.3333333333333333,0.1388888888888889,0.2222222222222222,45
42,47660213,0.1,0.9,0.2,0.1,40,40,1,9,0,9,29,1,0.0,0.0,0.23684210526315788,0.0,45
43,125220021,0.1,0.9,0.2,0.1,40,40,1,12,1,11,27,0,0.08333333333333333,1.0,0.2894736842105263,0.15384615384615385,45
44,792234095,0.1,0.9,0.2,0.1,40,40,2,8,2,6,31,0,0.25,1.0,0.16216216216216217,0.4,45
45,2121005184,0.1,0.9,0.2,0.1,40,40,0,10,0,10,29,0,0.0,,0.2564102564102564,,45
46,1436435185,0.1,0.9,0.2,0.1,40,40,0,7,0,7,32,0,0.0,,0.1794871794871795,,45
47,825423452,0.1,0.9,0.2,0.1,40,40,0,6,0,6,33,0,0.0,,0.15384615384615385,,45
48,2120961795,0.1,0.9,0.2,0.1,40,40,0,3,0,3,36,0,0.0,,0.07692307692307693,,45
49,913698986,0.1,0.9,0.2,0.1,40,40,3,10,3,7,29,0,0.3,1.0,0.19444444444444445,0.4615384615384615,45
0,134766143,0.1,0.9,0.2,0.25,20,20,2,8,1,7,10,1,0.125,0.5,0.4117647058823529,0.2,46
1,668441444,0.1,0.9,0.2,0.25,20,20,2,4,1,3,14,1,0.25,0.5,0.17647058823529413,0.3333333333333333,46
2,213510974,0.1,0.9,0.2,0.25,20,20,0,9,0,9,10,0,0.0,,0.47368421052631576,,46
3,584668403,0.1,0.9,0.2,0.25,20,20,1,8,0,8,10,1,0.0,0.0,0.4444444444444444,0.0,46
4,2046677667,0.1,0.9,0.2,0.25,20,20,1,8,1,7,11,0,0.125,1.0,0.3888888888888889,0.2222222222222222,46
5,1278225132,0.1,0.9,0.2,0.25,20,20,0,4,0,4,15,0,0.0,,0.21052631578947367,,46
6,1020016758,0.1,0.9,0.2,0.25,20,20,3,7,2,5,11,1,0.2857142857142857,0.6666666666666666,0.3125,0.4,46
7,2097484444,0.1,0.9,0.2,0.25,20,20,0,8,0,8,11,0,0.0,,0.42105263157894735,,46
8,631768701,0.1,0.9,0.2,0.25,20,20,0,9,0,9,10,0,0.0,,0.47368421052631576,,46
9,861755170,0.1,0.9,0.2,0.25,20,20,0,10,0,10,9,0,0.0,,0.5263157894736842,,46
10,413571221,0.1,0.9,0.2,0.25,20,20,1,10,0,10,8,1,0.0,0.0,0.5555555555555556,0.0,46
11,303169036,0.1,0.9,0.2,0.25,20,20,1,7,1,6,12,0,0.14285714285714285,1.0,0.3333333333333333,0.25,46
12,2028634351,0.1,0.9,0.2,0.25,20,20,1,4,1,3,15,0,0.25,1.0,0.16666666666666666,0.4,46
13,51950930,0.1,0.9,0.2,0.25,20,20,0,6,0,6,13,0,0.0,,0.3157894736842105,,46
14,1989744056,0.1,0.9,0.2,0.25,20,20,1,7,1,6,12,0,0.14285714285714285,1.0,0.3333333333333333,0.25,46
15,1709713044,0.1,0.9,0.2,0.25,20,20,0,7,0,7,12,0,0.0,,0.3684210526315789,,46
16,998417070,0.1,0.9,0.2,0.25,20,20,2,8,2,6,11,0,0.25,1.0,0.35294117647058826,0.4,46
17,1398858758,0.1,0.9,0.2,0.25,20,20,1,7,1,6,12,0,0.14285714285714285,1.0,0.3333333333333333,0.25,46
18,1599045757,0.1,0.9,0.2,0.25,20,20,0,10,0,10,9,0,0.0,,0.5263157894736842,,46
19,929308000,0.1,0.9,0.2,0.25,20,20,1,13,1,12,6,0,0.07692307692307693,1.0,0.6666666666666666,0.14285714285714288,46
20,304929938,0.1,0.9,0.2,0.25,20,20,0,9,0,9,10,0,0.0,,0.47368421052631576,,46
21,1430179000,0.1,0.9,0.2,0.25,20,20,1,8,1,7,11,0,0.125,1.0,0.3888888888888889,0.2222222222222222,46
22,890475977,0.1,0.9,0.2,0.25,20,20,0,8,0,8,11,0,0.0,,0.42105263157894735,,46
23,1500620122,0.1,0.9,0.2,0.25,20,20,0,12,0,12,7,0,0.0,,0.631578947368421,,46
24,1039404829,0.1,0.9,0.2,0.25,20,20,1,5,0,5,13,1,0.0,0.0,0.2777777777777778,0.0,46
25,1344398046,0.1,0.9,0.2,0.25,20,20,1,10,1,9,9,0,0.1,1.0,0.5,0.18181818181818182,46
26,15474156,0.1,0.9,0.2,0.25,20,20,1,7,1,6,12,0,0.14285714285714285,1.0,0.3333333333333333,0.25,46
27,1897103500,0.1,0.9,0.2,0.25,20,20,1,4,0,4,14,1,0.0,0.0,0.2222222222222222,0.0,46
28,1881576785,0.1,0.9,0.2,0.25,20,20,1,8,1,7,11,0,0.125,1.0,0.3888888888888889,0.2222222222222222,46
29,847140601,0.1,0.9,0.2,0.25,20,20,0,10,0,10,9,0,0.0,,0.5263157894736842,,46
30,472691774,0.1,0.9,0.2,0.25,20,20,1,5,1,4,14,0,0.2,1.0,0.2222222222222222,0.33333333333333337,46
31,993791236,0.1,0.9,0.2,0.25,20,20,0,9,0,9,10,0,0.0,,0.47368421052631576,,46
32,674357715,0.1,0.9,0.2,0.25,20,20,0,14,0,14,5,0,0.0,,0.7368421052631579,,46
33,844213708,0.1,0.9,0.2,0.25,20,20,1,9,1,8,10,0,0.1111111111111111,1.0,0.4444444444444444,0.19999999999999998,46
34,1979653458,0.1,0.9,0.2,0.25,20,20,1,6,1,5,13,0,0.16666666666666666,1.0,0.2777777777777778,0.2857142857142857,46
35,578300385,0.1,0.9,0.2,0.25,20,20,1,12,1,11,7,0,0.08333333333333333,1.0,0.6111111111111112,0.15384615384615385,46
36,319933393,0.1,0.9,0.2,0.25,20,20,1,8,1,7,11,0,0.125,1.0,0.3888888888888889,0.2222222222222222,46
37,1053781039,0.1,0.9,0.2,0.25,20,20,2,9,1,8,9,1,0.1111111111111111,0.5,0.47058823529411764,0.1818181818181818,46
38,261874919,0.1,0.9,0.2,0.25,20,20,1,6,1,5,13,0,0.16666666666666666,1.0,0.2777777777777778,0.2857142857142857,46
39,51090796,0.1,0.9,0.2,0.25,20,20,1,5,1,4,14,0,0.2,1.0,0.2222222222222222,0.33333333333333337,46
40,289754140,0.1,0.9,0.2,0.25,20,20,1,10,1,9,9,0,0.1,1.0,0.5,0.18181818181818182,46
41,1034379908,0.1,0.9,0.2,0.25,20,20,0,5,0,5,14,0,0.0,,0.2631578947368421,,46
42,934892740,0.1,0.9,0.2,0.25,20,20,0,5,0,5,14,0,0.0,,0.2631578947368421,,46
43,237534609,0.1,0.9,0.2,0.25,20,20,1,8,0,8,10,1,0.0,0.0,0.4444444444444444,0.0,46
44,645808688,0.1,0.9,0.2,0.25,20,20,0,6,0,6,13,0,0.0,,0.3157894736842105,,46
45,1225632498,0.1,0.9,0.2,0.25,20,20,1,12,1,11,7,0,0.08333333333333333,1.0,0.6111111111111112,0.15384615384615385,46
46,858810623,0.1,0.9,0.2,0.25,20,20,0,13,0,13,6,0,0.0,,0.6842105263157895,,46
47,1521710075,0.1,0.9,0.2,0.25,20,20,1,5,0,5,13,1,0.0,0.0,0.2777777777777778,0.0,46
48,1988577212,0.1,0.9,0.2,0.25,20,20,0,10,0,10,9,0,0.0,,0.5263157894736842,,46
49,546474920,0.1,0.9,0.2,0.25,20,20,0,3,0,3,16,0,0.0,,0.15789473684210525,,46
0,1969521591,0.1,0.9,0.2,0.25,40,40,0,19,0,19,20,0,0.0,,0.48717948717948717,,47
1,655281597,0.1,0.9,0.2,0.25,40,40,1,18,1,17,21,0,0.05555555555555555,1.0,0.4473684210526316,0.10526315789473684,47
2,1465710098,0.1,0.9,0.2,0.25,40,40,0,26,0,26,13,0,0.0,,0.6666666666666666,,47
3,1583402621,0.1,0.9,0.2,0.25,40,40,0,29,0,29,10,0,0.0,,0.7435897435897436,,47
4,2021282542,0.1,0.9,0.2,0.25,40,40,1,25,1,24,14,0,0.04,1.0,0.631578947368421,0.07692307692307693,47
5,2116102151,0.1,0.9,0.2,0.25,40,40,1,20,1,19,19,0,0.05,1.0,0.5,0.09523809523809523,47
6,556261830,0.1,0.9,0.2,0.25,40,40,0,22,0,22,17,0,0.0,,0.5641025641025641,,47
7,245617902,0.1,0.9,0.2,0.25,40,40,0,20,0,20,19,0,0.0,,0.5128205128205128,,47
8,1945723714,0.1,0.9,0.2,0.25,40,40,1,21,1,20,18,0,0.047619047619047616,1.0,0.5263157894736842,0.0909090909090909,47
9,537044355,0.1,0.9,0.2,0.25,40,40,0,22,0,22,17,0,0.0,,0.5641025641025641,,47
10,862625061,0.1,0.9,0.2,0.25,40,40,0,18,0,18,21,0,0.0,,0.46153846153846156,,47
11,1097099476,0.1,0.9,0.2,0.25,40,40,0,22,0,22,17,0,0.0,,0.5641025641025641,,47
12,1156039365,0.1,0.9,0.2,0.25,40,40,1,18,1,17,21,0,0.05555555555555555,1.0,0.4473684210526316,0.10526315789473684,47
13,387975762,0.1,0.9,0.2,0.25,40,40,0,18,0,18,21,0,0.0,,0.46153846153846156,,47
14,417450228,0.1,0.9,0.2,0.25,40,40,0,23,0,23,16,0,0.0,,0.5897435897435898,,47
15,1132139590,0.1,0.9,0.2,0.25,40,40,0,18,0,18,21,0,0.0,,0.46153846153846156,,47
16,2042998125,0.1,0.9,0.2,0.25,40,40,0,22,0,22,17,0,0.0,,0.5641025641025641,,47
17,653060961,0.1,0.9,0.2,0.25,40,40,1,27,1,26,12,0,0.037037037037037035,1.0,0.6842105263157895,0.07142857142857142,47
18,939308511,0.1,0.9,0.2,0.25,40,40,0,21,0,21,18,0,0.0,,0.5384615384615384,,47
19,1746117720,0.1,0.9,0.2,0.25,40,40,0,25,0,25,14,0,0.0,,0.6410256410256411,,47
20,959093722,0.1,0.9,0.2,0.25,40,40,0,13,0,13,26,0,0.0,,0.3333333333333333,,47
21,345618401,0.1,0.9,0.2,0.25,40,40,0,22,0,22,17,0,0.0,,0.5641025641025641,,47
22,1456768144,0.1,0.9,0.2,0.25,40,40,0,20,0,20,19,0,0.0,,0.5128205128205128,,47
23,791696803,0.1,0.9,0.2,0.25,40,40,1,22,1,21,17,0,0.045454545454545456,1.0,0.5526315789473685,0.08695652173913045,47
24,1497765426,0.1,0.9,0.2,0.25,40,40,1,23,1,22,16,0,0.043478260869565216,1.0,0.5789473684210527,0.08333333333333333,47
25,84030292,0.1,0.9,0.2,0.25,40,40,0,22,0,22,17,0,0.0,,0.5641025641025641,,47
26,97711335,0.1,0.9,0.2,0.25,40,40,0,21,0,21,18,0,0.0,,0.5384615384615384,,47
27,610502133,0.1,0.9,0.2,0.25,40,40,0,27,0,27,12,0,0.0,,0.6923076923076923,,47
28,1313091630,0.1,0.9,0.2,0.25,40,40,0,18,0,18,21,0,0.0,,0.46153846153846156,,47
29,994609778,0.1,0.9,0.2,0.25,40,40,1,24,1,23,15,0,0.041666666666666664,1.0,0.6052631578947368,0.07999999999999999,47
30,1231150068,0.1,0.9,0.2,0.25,40,40,1,17,1,16,22,0,0.058823529411764705,1.0,0.42105263157894735,0.1111111111111111,47
31,124095410,0.1,0.9,0.2,0.25,40,40,0,18,0,18,21,0,0.0,,0.46153846153846156,,47
32,98287343,0.1,0.9,0.2,0.25,40,40,1,19,1,18,20,0,0.05263157894736842,1.0,0.47368421052631576,0.1,47
33,734986021,0.1,0.9,0.2,0.25,40,40,1,25,1,24,14,0,0.04,1.0,0.631578947368421,0.07692307692307693,47
34,1701928583,0.1,0.9,0.2,0.25,40,40,0,19,0,19,20,0,0.0,,0.48717948717948717,,47
35,1572609145,0.1,0.9,0.2,0.25,40,40,0,15,0,15,24,0,0.0,,0.38461538461538464,,47
36,749088411,0.1,0.9,0.2,0.25,40,40,0,25,0,25,14,0,0.0,,0.6410256410256411,,47
37,1767371300,0.1,0.9,0.2,0.25,40,40,0,23,0,23,16,0,0.0,,0.5897435897435898,,47
38,704964610,0.1,0.9,0.2,0.25,40,40,0,25,0,25,14,0,0.0,,0.6410256410256411,,47
39,596499970,0.1,0.9,0.2,0.25,40,40,0,18,0,18,21,0,0.0,,0.46153846153846156,,47
40,1792256275,0.1,0.9,0.2,0.25,40,40,1,19,0,19,19,1,0.0,0.0,0.5,0.0,47
41,1541042099,0.1,0.9,0.2,0.25,40,40,0,23,0,23,16,0,0.0,,0.5897435897435898,,47
42,122906349,0.1,0.9,0.2,0.25,40,40,0,25,0,25,14,0,0.0,,0.6410256410256411,,47
43,718496863,0.1,0.9,0.2,0.25,40,40,0,19,0,19,20,0,0.0,,0.48717948717948717,,47
44,1807853385,0.1,0.9,0.2,0.25,40,40,1,24,1,23,15,0,0.041666666666666664,1.0,0.6052631578947368,0.07999999999999999,47
45,1487632832,0.1,0.9,0.2,0.25,40,40,0,20,0,20,19,0,0.0,,0.5128205128205128,,47
46,498977613,0.1,0.9,0.2,0.25,40,40,0,23,0,23,16,0,0.0,,0.5897435897435898,,47
47,112758282,0.1,0.9,0.2,0.25,40,40,1,27,1,26,12,0,0.037037037037037035,1.0,0.6842105263157895,0.07142857142857142,47
48,318617073,0.1,0.9,0.2,0.25,40,40,0,18,0,18,21,0,0.0,,0.46153846153846156,,47
49,400135117,0.1,0.9,0.2,0.25,40,40,0,17,0,17,22,0,0.0,,0.4358974358974359,,47
0,1676376393,0.1,0.9,0.35,0.0,20,20,1,1,1,0,18,0,1.0,1.0,0.0,1.0,48
1,636260895,0.1,0.9,0.35,0.0,20,20,0,1,0,1,18,0,0.0,,0.05263157894736842,,48
2,706138616,0.1,0.9,0.35,0.0,20,20,0,0,0,0,19,0,,,0.0,,48
3,1333982443,0.1,0.9,0.35,0.0,20,20,0,0,0,0,19,0,,,0.0,,48
4,1697842519,0.1,0.9,0.35,0.0,20,20,0,0,0,0,19,0,,,0.0,,48
5,1229881458,0.1,0.9,0.35,0.0,20,20,1,0,0,0,18,1,,0.0,0.0,,48
6,1707082934,0.1,0.9,0.35,0.0,20,20,3,3,3,0,16,0,1.0,1.0,0.0,1.0,48
7,1224368157,0.1,0.9,0.35,0.0,20,20,0,0,0,0,19,0,,,0.0,,48
8,1466646630,0.1,0.9,0.35,0.0,20,20,0,0,0,0,19,0,,,0.0,,48
9,1148058443,0.1,0.9,0.35,0.0,20,20,0,0,0,0,19,0,,,0.0,,48
10,1855894930,0.1,0.9,0.35,0.0,20,20,1,0,0,0,18,1,,0.0,0.0,,48
11,638786946,0.1,0.9,0.35,0.0,20,20,1,1,1,0,18,0,1.0,1.0,0.0,1.0,48
12,448570342,0.1,0.9,0.35,0.0,20,20,0,1,0,1,18,0,0.0,,0.05263157894736842,,48
13,883338398,0.1,0.9,0.35,0.0,20,20,0,0,0,0,19,0,,,0.0,,48
14,1209218963,0.1,0.9,0.35,0.0,20,20,0,0,0,0,19,0,,,0.0,,48
15,1500626624,0.1,0.9,0.35,0.0,20,20,1,0,0,0,18,1,,0.0,0.0,,48
16,1913074390,0.1,0.9,0.35,0.0,20,20,1,1,1,0,18,0,1.0,1.0,0.0,1.0,48
17,230939204,0.1,0.9,0.35,0.0,20,20,4,4,4,0,15,0,1.0,1.0,0.0,1.0,48
18,459006937,0.1,0.9,0.35,0.0,20,20,0,1,0,1,18,0,0.0,,0.05263157894736842,,48
19,1695030783,0.1,0.9,0.35,0.0,20,20,4,2,2,0,15,2,1.0,0.5,0.0,0.6666666666666666,48
20,286787947,0.1,0.9,0.35,0.0,20,20,1,1,1,0,18,0,1.0,1.0,0.0,1.0,48
21,911963234,0.1,0.9,0.35,0.0,20,20,0,0,0,0,19,0,,,0.0,,48
22,584978491,0.1,0.9,0.35,0.0,20,20,0,1,0,1,18,0,0.0,,0.05263157894736842,,48
23,1521748875,0.1,0.9,0.35,0.0,20,20,1,1,1,0,18,0,1.0,1.0,0.0,1.0,48
24,1492023923,0.1,0.9,0.35,0.0,20,20,1,1,1,0,18,0,1.0,1.0,0.0,1.0,48
25,656764075,0.1,0.9,0.35,0.0,20,20,1,1,1,0,18,0,1.0,1.0,0.0,1.0,48
26,1913724902,0.1,0.9,0.35,0.0,20,20,0,0,0,0,19,0,,,0.0,,48
27,1614700210,0.1,0.9,0.35,0.0,20,20,0,0,0,0,19,0,,,0.0,,48
28,98499655,0.1,0.9,0.35,0.0,20,20,0,0,0,0,19,0,,,0.0,,48
29,1770971015,0.1,0.9,0.35,0.0,20,20,0,0,0,0,19,0,,,0.0,,48
30,1606578275,0.1,0.9,0.35,0.0,20,20,0,0,0,0,19,0,,,0.0,,48
31,2104017547,0.1,0.9,0.35,0.0,20,20,1,0,0,0,18,1,,0.0,0.0,,48
32,474742283,0.1,0.9,0.35,0.0,20,20,0,0,0,0,19,0,,,0.0,,48
33,1124275826,0.1,0.9,0.35,0.0,20,20,0,0,0,0,19,0,,,0.0,,48
34,1150938304,0.1,0.9,0.35,0.0,20,20,1,1,1,0,18,0,1.0,1.0,0.0,1.0,48
35,1830152740,0.1,0.9,0.35,0.0,20,20,0,0,0,0,19,0,,,0.0,,48
36,1071072433,0.1,0.9,0.35,0.0,20,20,0,0,0,0,19,0,,,0.0,,48
37,589433611,0.1,0.9,0.35,0.0,20,20,0,0,0,0,19,0,,,0.0,,48
38,1723811067,0.1,0.9,0.35,0.0,20,20,0,0,0,0,19,0,,,0.0,,48
39,846276148,0.1,0.9,0.35,0.0,20,20,0,0,0,0,19,0,,,0.0,,48
40,23664999,0.1,0.9,0.35,0.0,20,20,1,1,1,0,18,0,1.0,1.0,0.0,1.0,48
41,2026058052,0.1,0.9,0.35,0.0,20,20,1,0,0,0,18,1,,0.0,0.0,,48
42,1700687359,0.1,0.9,0.35,0.0,20,20,1,0,0,0,18,1,,0.0,0.0,,48
43,941475133,0.1,0.9,0.35,0.0,20,20,0,0,0,0,19,0,,,0.0,,48
44,1410068423,0.1,0.9,0.35,0.0,20,20,1,0,0,0,18,1,,0.0,0.0,,48
45,1262059147,0.1,0.9,0.35,0.0,20,20,0,0,0,0,19,0,,,0.0,,48
46,1820564581,0.1,0.9,0.35,0.0,20,20,1,0,0,0,18,1,,0.0,0.0,,48
47,1274072911,0.1,0.9,0.35,0.0,20,20,1,0,0,0,18,1,,0.0,0.0,,48
48,1852306285,0.1,0.9,0.35,0.0,20,20,2,1,1,0,17,1,1.0,0.5,0.0,0.6666666666666666,48
49,866754616,0.1,0.9,0.35,0.0,20,20,2,0,0,0,17,2,,0.0,0.0,,48
0,93903287,0.1,0.9,0.35,0.0,40,40,1,1,1,0,38,0,1.0,1.0,0.0,1.0,49
1,148953025,0.1,0.9,0.35,0.0,40,40,0,0,0,0,39,0,,,0.0,,49
2,2103363545,0.1,0.9,0.35,0.0,40,40,0,0,0,0,39,0,,,0.0,,49
3,1741406875,0.1,0.9,0.35,0.0,40,40,1,1,1,0,38,0,1.0,1.0,0.0,1.0,49
4,1165972471,0.1,0.9,0.35,0.0,40,40,1,1,1,0,38,0,1.0,1.0,0.0,1.0,49
5,262873303,0.1,0.9,0.35,0.0,40,40,3,3,3,0,36,0,1.0,1.0,0.0,1.0,49
6,1132574951,0.1,0.9,0.35,0.0,40,40,0,0,0,0,39,0,,,0.0,,49
7,1076105539,0.1,0.9,0.35,0.0,40,40,0,1,0,1,38,0,0.0,,0.02564102564102564,,49
8,595052035,0.1,0.9,0.35,0.0,40,40,1,1,1,0,38,0,1.0,1.0,0.0,1.0,49
9,2074699955,0.1,0.9,0.35,0.0,40,40,2,1,1,0,37,1,1.0,0.5,0.0,0.6666666666666666,49
10,1643646764,0.1,0.9,0.35,0.0,40,40,1,1,1,0,38,0,1.0,1.0,0.0,1.0,49
11,167762463,0.1,0.9,0.35,0.0,40,40,2,1,1,0,37,1,1.0,0.5,0.0,0.6666666666666666,49
12,536102115,0.1,0.9,0.35,0.0,40,40,1,1,1,0,38,0,1.0,1.0,0.0,1.0,49
13,1710843068,0.1,0.9,0.35,0.0,40,40,1,1,1,0,38,0,1.0,1.0,0.0,1.0,49
14,1557543698,0.1,0.9,0.35,0.0,40,40,0,0,0,0,39,0,,,0.0,,49
15,1477257991,0.1,0.9,0.35,0.0,40,40,0,0,0,0,39,0,,,0.0,,49
16,138260877,0.1,0.9,0.35,0.0,40,40,1,1,1,0,38,0,1.0,1.0,0.0,1.0,49
17,1628189302,0.1,0.9,0.35,0.0,40,40,0,0,0,0,39,0,,,0.0,,49
18,1324514859,0.1,0.9,0.35,0.0,40,40,0,0,0,0,39,0,,,0.0,,49
19,1129013872,0.1,0.9,0.35,0.0,40,40,0,0,0,0,39,0,,,0.0,,49
20,1637968166,0.1,0.9,0.35,0.0,40,40,0,0,0,0,39,0,,,0.0,,49
21,465394526,0.1,0.9,0.35,0.0,40,40,0,0,0,0,39,0,,,0.0,,49
22,1319623139,0.1,0.9,0.35,0.0,40,40,0,0,0,0,39,0,,,0.0,,49
23,1787359971,0.1,0.9,0.35,0.0,40,40,0,0,0,0,39,0,,,0.0,,49
24,1922869464,0.1,0.9,0.35,0.0,40,40,1,0,0,0,38,1,,0.0,0.0,,49
25,1614118569,0.1,0.9,0.35,0.0,40,40,1,1,1,0,38,0,1.0,1.0,0.0,1.0,49
26,820150053,0.1,0.9,0.35,0.0,40,40,1,1,1,0,38,0,1.0,1.0,0.0,1.0,49
27,1957100456,0.1,0.9,0.35,0.0,40,40,0,0,0,0,39,0,,,0.0,,49
28,1120597165,0.1,0.9,0.35,0.0,40,40,0,0,0,0,39,0,,,0.0,,49
29,1678124780,0.1,0.9,0.35,0.0,40,40,0,0,0,0,39,0,,,0.0,,49
30,1121688105,0.1,0.9,0.35,0.0,40,40,1,1,1,0,38,0,1.0,1.0,0.0,1.0,49
31,230932385,0.1,0.9,0.35,0.0,40,40,0,0,0,0,39,0,,,0.0,,49
32,2100486502,0.1,0.9,0.35,0.0,40,40,1,1,1,0,38,0,1.0,1.0,0.0,1.0,49
33,1418943419,0.1,0.9,0.35,0.0,40,40,1,1,1,0,38,0,1.0,1.0,0.0,1.0,49
34,4393639,0.1,0.9,0.35,0.0,40,40,0,0,0,0,39,0,,,0.0,,49
35,1013918343,0.1,0.9,0.35,0.0,40,40,1,1,1,0,38,0,1.0,1.0,0.0,1.0,49
36,2085331736,0.1,0.9,0.35,0.0,40,40,2,1,1,0,37,1,1.0,0.5,0.0,0.6666666666666666,49
37,1714862545,0.1,0.9,0.35,0.0,40,40,0,0,0,0,39,0,,,0.0,,49
38,605030665,0.1,0.9,0.35,0.0,40,40,0,0,0,0,39,0,,,0.0,,49
39,1180300835,0.1,0.9,0.35,0.0,40,40,1,1,1,0,38,0,1.0,1.0,0.0,1.0,49
40,1891677440,0.1,0.9,0.35,0.0,40,40,0,0,0,0,39,0,,,0.0,,49
41,32941934,0.1,0.9,0.35,0.0,40,40,1,1,1,0,38,0,1.0,1.0,0.0,1.0,49
42,507599607,0.1,0.9,0.35,0.0,40,40,0,0,0,0,39,0,,,0.0,,49
43,348722351,0.1,0.9,0.35,0.0,40,40,1,1,1,0,38,0,1.0,1.0,0.0,1.0,49
44,649138885,0.1,0.9,0.35,0.0,40,40,0,0,0,0,39,0,,,0.0,,49
45,67263152,0.1,0.9,0.35,0.0,40,40,0,0,0,0,39,0,,,0.0,,49
46,766879046,0.1,0.9,0.35,0.0,40,40,3,2,2,0,36,1,1.0,0.6666666666666666,0.0,0.8,49
47,2056513585,0.1,0.9,0.35,0.0,40,40,0,0,0,0,39,0,,,0.0,,49
48,1179952281,0.1,0.9,0.35,0.0,40,40,0,0,0,0,39,0,,,0.0,,49
49,1485112311,0.1,0.9,0.35,0.0,40,40,0,0,0,0,39,0,,,0.0,,49
0,407576317,0.1,0.9,0.35,0.1,20,20,1,2,1,1,17,0,0.5,1.0,0.05555555555555555,0.6666666666666666,50
1,81552126,0.1,0.9,0.35,0.1,20,20,0,0,0,0,19,0,,,0.0,,50
2,2031774600,0.1,0.9,0.35,0.1,20,20,0,0,0,0,19,0,,,0.0,,50
3,1597438891,0.1,0.9,0.35,0.1,20,20,1,1,0,1,17,1,0.0,0.0,0.05555555555555555,0.0,50
4,471075303,0.1,0.9,0.35,0.1,20,20,0,2,0,2,17,0,0.0,,0.10526315789473684,,50
5,1436945726,0.1,0.9,0.35,0.1,20,20,0,1,0,1,18,0,0.0,,0.05263157894736842,,50
6,702937103,0.1,0.9,0.35,0.1,20,20,0,0,0,0,19,0,,,0.0,,50
7,1642271272,0.1,0.9,0.35,0.1,20,20,0,0,0,0,19,0,,,0.0,,50
8,367784712,0.1,0.9,0.35,0.1,20,20,2,2,2,0,17,0,1.0,1.0,0.0,1.0,50
9,1758012125,0.1,0.9,0.35,0.1,20,20,2,1,1,0,17,1,1.0,0.5,0.0,0.6666666666666666,50
10,1491878891,0.1,0.9,0.35,0.1,20,20,0,1,0,1,18,0,0.0,,0.05263157894736842,,50
11,1774921283,0.1,0.9,0.35,0.1,20,20,1,2,1,1,17,0,0.5,1.0,0.05555555555555555,0.6666666666666666,50
12,966526947,0.1,0.9,0.35,0.1,20,20,1,3,1,2,16,0,0.3333333333333333,1.0,0.1111111111111111,0.5,50
13,705683065,0.1,0.9,0.35,0.1,20,20,1,1,1,0,18,0,1.0,1.0,0.0,1.0,50
14,1418328801,0.1,0.9,0.35,0.1,20,20,1,1,1,0,18,0,1.0,1.0,0.0,1.0,50
15,2142086573,0.1,0.9,0.35,0.1,20,20,0,1,0,1,18,0,0.0,,0.05263157894736842,,50
16,899090633,0.1,0.9,0.35,0.1,20,20,0,0,0,0,19,0,,,0.0,,50
17,1938062081,0.1,0.9,0.35,0.1,20,20,0,0,0,0,19,0,,,0.0,,50
18,2019519051,0.1,0.9,0.35,0.1,20,20,0,0,0,0,19,0,,,0.0,,50
19,1958376610,0.1,0.9,0.35,0.1,20,20,0,0,0,0,19,0,,,0.0,,50
20,1349508131,0.1,0.9,0.35,0.1,20,20,1,1,1,0,18,0,1.0,1.0,0.0,1.0,50
21,516789237,0.1,0.9,0.35,0.1,20,20,1,1,1,0,18,0,1.0,1.0,0.0,1.0,50
22,474186327,0.1,0.9,0.35,0.1,20,20,0,2,0,2,17,0,0.0,,0.10526315789473684,,50
23,1278597903,0.1,0.9,0.35,0.1,20,20,1,1,1,0,18,0,1.0,1.0,0.0,1.0,50
24,1658504464,0.1,0.9,0.35,0.1,20,20,1,1,0,1,17,1,0.0,0.0,0.05555555555555555,0.0,50
25,1769348946,0.1,0.9,0.35,0.1,20,20,2,2,2,0,17,0,1.0,1.0,0.0,1.0,50
26,1193024931,0.1,0.9,0.35,0.1,20,20,1,1,1,0,18,0,1.0,1.0,0.0,1.0,50
27,1950241495,0.1,0.9,0.35,0.1,20,20,0,1,0,1,18,0,0.0,,0.05263157894736842,,50
28,557954223,0.1,0.9,0.35,0.1,20,20,1,2,1,1,17,0,0.5,1.0,0.05555555555555555,0.6666666666666666,50
29,1445347227,0.1,0.9,0.35,0.1,20,20,0,1,0,1,18,0,0.0,,0.05263157894736842,,50
30,1109896520,0.1,0.9,0.35,0.1,20,20,0,0,0,0,19,0,,,0.0,,50
31,1194903578,0.1,0.9,0.35,0.1,20,20,0,0,0,0,19,0,,,0.0,,50
32,1311245524,0.1,0.9,0.35,0.1,20,20,0,0,0,0,19,0,,,0.0,,50
33,1798945697,0.1,0.9,0.35,0.1,20,20,1,1,1,0,18,0,1.0,1.0,0.0,1.0,50
34,346658410,0.1,0.9,0.35,0.1,20,20,1,1,1,0,18,0,1.0,1.0,0.0,1.0,50
35,1967349497,0.1,0.9,0.35,0.1,20,20,1,1,0,1,17,1,0.0,0.0,0.05555555555555555,0.0,50
36,488925722,0.1,0.9,0.35,0.1,20,20,2,1,1,0,17,1,1.0,0.5,0.0,0.6666666666666666,50
37,1858615667,0.1,0.9,0.35,0.1,20,20,0,0,0,0,19,0,,,0.0,,50
38,828609591,0.1,0.9,0.35,0.1,20,20,1,1,1,0,18,0,1.0,1.0,0.0,1.0,50
39,479024752,0.1,0.9,0.35,0.1,20,20,1,0,0,0,18,1,,0.0,0.0,,50
40,1019249808,0.1,0.9,0.35,0.1,20,20,1,1,1,0,18,0,1.0,1.0,0.0,1.0,50
41,178338482,0.1,0.9,0.35,0.1,20,20,0,0,0,0,19,0,,,0.0,,50
42,1680240751,0.1,0.9,0.35,0.1,20,20,0,0,0,0,19,0,,,0.0,,50
43,2135238550,0.1,0.9,0.35,0.1,20,20,0,1,0,1,18,0,0.0,,0.05263157894736842,,50
44,276293798,0.1,0.9,0.35,0.1,20,20,1,2,1,1,17,0,0.5,1.0,0.05555555555555555,0.6666666666666666,50
45,737752009,0.1,0.9,0.35,0.1,20,20,0,0,0,0,19,0,,,0.0,,50
46,1307693579,0.1,0.9,0.35,0.1,20,20,0,0,0,0,19,0,,,0.0,,50
47,68589303,0.1,0.9,0.35,0.1,20,20,1,0,0,0,18,1,,0.0,0.0,,50
48,809557772,0.1,0.9,0.35,0.1,20,20,0,0,0,0,19,0,,,0.0,,50
49,29577842,0.1,0.9,0.35,0.1,20,20,1,1,0,1,17,1,0.0,0.0,0.05555555555555555,0.0,50
0,1138485565,0.1,0.9,0.35,0.1,40,40,1,2,1,1,37,0,0.5,1.0,0.02631578947368421,0.6666666666666666,51
1,1622582586,0.1,0.9,0.35,0.1,40,40,0,4,0,4,35,0,0.0,,0.10256410256410256,,51
2,833697433,0.1,0.9,0.35,0.1,40,40,2,3,1,2,35,1,0.3333333333333333,0.5,0.05405405405405406,0.4,51
3,979690126,0.1,0.9,0.35,0.1,40,40,0,2,0,2,37,0,0.0,,0.05128205128205128,,51
4,1388092295,0.1,0.9,0.35,0.1,40,40,1,5,1,4,34,0,0.2,1.0,0.10526315789473684,0.33333333333333337,51
5,479093702,0.1,0.9,0.35,0.1,40,40,0,1,0,1,38,0,0.0,,0.02564102564102564,,51
6,674985266,0.1,0.9,0.35,0.1,40,40,1,4,1,3,35,0,0.25,1.0,0.07894736842105263,0.4,51
7,941904922,0.1,0.9,0.35,0.1,40,40,0,2,0,2,37,0,0.0,,0.05128205128205128,,51
8,2080242790,0.1,0.9,0.35,0.1,40,40,0,0,0,0,39,0,,,0.0,,51
9,1418044249,0.1,0.9,0.35,0.1,40,40,0,1,0,1,38,0,0.0,,0.02564102564102564,,51
10,442898171,0.1,0.9,0.35,0.1,40,40,1,1,0,1,37,1,0.0,0.0,0.02631578947368421,0.0,51
11,841170762,0.1,0.9,0.35,0.1,40,40,1,0,0,0,38,1,,0.0,0.0,,51
12,1564825607,0.1,0.9,0.35,0.1,40,40,1,1,1,0,38,0,1.0,1.0,0.0,1.0,51
13,1131457949,0.1,0.9,0.35,0.1,40,40,0,2,0,2,37,0,0.0,,0.05128205128205128,,51
14,1031691279,0.1,0.9,0.35,0.1,40,40,1,2,0,2,36,1,0.0,0.0,0.05263157894736842,0.0,51
15,168409742,0.1,0.9,0.35,0.1,40,40,0,0,0,0,39,0,,,0.0,,51
16,2016742697,0.1,0.9,0.35,0.1,40,40,0,0,0,0,39,0,,,0.0,,51
17,630078455,0.1,0.9,0.35,0.1,40,40,2,2,0,2,35,2,0.0,0.0,0.05405405405405406,0.0,51
18,1538817992,0.1,0.9,0.35,0.1,40,40,1,2,1,1,37,0,0.5,1.0,0.02631578947368421,0.6666666666666666,51
19,771407334,0.1,0.9,0.35,0.1,40,40,1,1,1,0,38,0,1.0,1.0,0.0,1.0,51
20,1581609903,0.1,0.9,0.35,0.1,40,40,0,3,0,3,36,0,0.0,,0.07692307692307693,,51
21,493141656,0.1,0.9,0.35,0.1,40,40,0,3,0,3,36,0,0.0,,0.07692307692307693,,51
22,1817634196,0.1,0.9,0.35,0.1,40,40,0,3,0,3,36,0,0.0,,0.07692307692307693,,51
23,182463254,0.1,0.9,0.35,0.1,40,40,0,2,0,2,37,0,0.0,,0.05128205128205128,,51
24,937564258,0.1,0.9,0.35,0.1,40,40,1,1,1,0,38,0,1.0,1.0,0.0,1.0,51
25,105400748,0.1,0.9,0.35,0.1,40,40,0,1,0,1,38,0,0.0,,0.02564102564102564,,51
26,562227267,0.1,0.9,0.35,0.1,40,40,0,1,0,1,38,0,0.0,,0.02564102564102564,,51
27,1681248160,0.1,0.9,0.35,0.1,40,40,1,2,1,1,37,0,0.5,1.0,0.02631578947368421,0.6666666666666666,51
28,444984736,0.1,0.9,0.35,0.1,40,40,0,1,0,1,38,0,0.0,,0.02564102564102564,,51
29,472569411,0.1,0.9,0.35,0.1,40,40,1,2,0,2,36,1,0.0,0.0,0.05263157894736842,0.0,51
30,1926770670,0.1,0.9,0.35,0.1,40,40,0,2,0,2,37,0,0.0,,0.05128205128205128,,51
31,637392923,0.1,0.9,0.35,0.1,40,40,0,2,0,2,37,0,0.0,,0.05128205128205128,,51
32,1505516549,0.1,0.9,0.35,0.1,40,40,0,1,0,1,38,0,0.0,,0.02564102564102564,,51
33,378694444,0.1,0.9,0.35,0.1,40,40,0,1,0,1,38,0,0.0,,0.02564102564102564,,51
34,646632551,0.1,0.9,0.35,0.1,40,40,0,3,0,3,36,0,0.0,,0.07692307692307693,,51
35,1391936303,0.1,0.9,0.35,0.1,40,40,2,2,1,1,36,1,0.5,0.5,0.02702702702702703,0.5,51
36,1347832815,0.1,0.9,0.35,0.1,40,40,0,1,0,1,38,0,0.0,,0.02564102564102564,,51
37,741518739,0.1,0.9,0.35,0.1,40,40,3,2,2,0,36,1,1.0,0.6666666666666666,0.0,0.8,51
38,1947868017,0.1,0.9,0.35,0.1,40,40,0,2,0,2,37,0,0.0,,0.05128205128205128,,51
39,1563552041,0.1,0.9,0.35,0.1,40,40,0,6,0,6,33,0,0.0,,0.15384615384615385,,51
40,1888562872,0.1,0.9,0.35,0.1,40,40,1,3,0,3,35,1,0.0,0.0,0.07894736842105263,0.0,51
41,1050014565,0.1,0.9,0.35,0.1,40,40,0,2,0,2,37,0,0.0,,0.05128205128205128,,51
42,1687356316,0.1,0.9,0.35,0.1,40,40,1,4,1,3,35,0,0.25,1.0,0.07894736842105263,0.4,51
43,1492462739,0.1,0.9,0.35,0.1,40,40,0,3,0,3,36,0,0.0,,0.07692307692307693,,51
44,870091752,0.1,0.9,0.35,0.1,40,40,0,0,0,0,39,0,,,0.0,,51
45,755192482,0.1,0.9,0.35,0.1,40,40,0,2,0,2,37,0,0.0,,0.05128205128205128,,51
46,914771128,0.1,0.9,0.35,0.1,40,40,1,3,1,2,36,0,0.3333333333333333,1.0,0.05263157894736842,0.5,51
47,1430587923,0.1,0.9,0.35,0.1,40,40,1,2,1,1,37,0,0.5,1.0,0.02631578947368421,0.6666666666666666,51
48,1405102242,0.1,0.9,0.35,0.1,40,40,0,0,0,0,39,0,,,0.0,,51
49,1039096016,0.1,0.9,0.35,0.1,40,40,0,2,0,2,37,0,0.0,,0.05128205128205128,,51
0,94806908,0.1,0.9,0.35,0.25,20,20,0,6,0,6,13,0,0.0,,0.3157894736842105,,52
1,116794477,0.1,0.9,0.35,0.25,20,20,1,3,1,2,16,0,0.3333333333333333,1.0,0.1111111111111111,0.5,52
2,1369675945,0.1,0.9,0.35,0.25,20,20,0,1,0,1,18,0,0.0,,0.05263157894736842,,52
3,208948156,0.1,0.9,0.35,0.25,20,20,2,3,1,2,15,1,0.3333333333333333,0.5,0.11764705882352941,0.4,52
4,2092012861,0.1,0.9,0.35,0.25,20,20,0,8,0,8,11,0,0.0,,0.42105263157894735,,52
5,1863458933,0.1,0.9,0.35,0.25,20,20,0,2,0,2,17,0,0.0,,0.10526315789473684,,52
6,119352235,0.1,0.9,0.35,0.25,20,20,1,8,1,7,11,0,0.125,1.0,0.3888888888888889,0.2222222222222222,52
7,409690926,0.1,0.9,0.35,0.25,20,20,0,6,0,6,13,0,0.0,,0.3157894736842105,,52
8,1533808997,0.1,0.9,0.35,0.25,20,20,0,4,0,4,15,0,0.0,,0.21052631578947367,,52
9,2080457150,0.1,0.9,0.35,0.25,20,20,1,2,0,2,16,1,0.0,0.0,0.1111111111111111,0.0,52
10,192832324,0.1,0.9,0.35,0.25,20,20,1,5,0,5,13,1,0.0,0.0,0.2777777777777778,0.0,52
11,1401624541,0.1,0.9,0.35,0.25,20,20,1,4,1,3,15,0,0.25,1.0,0.16666666666666666,0.4,52
12,2000141363,0.1,0.9,0.35,0.25,20,20,1,6,1,5,13,0,0.16666666666666666,1.0,0.2777777777777778,0.2857142857142857,52
13,1921093194,0.1,0.9,0.35,0.25,20,20,0,2,0,2,17,0,0.0,,0.10526315789473684,,52
14,1644865819,0.1,0.9,0.35,0.25,20,20,0,1,0,1,18,0,0.0,,0.05263157894736842,,52
15,667387279,0.1,0.9,0.35,0.25,20,20,2,5,2,3,14,0,0.4,1.0,0.17647058823529413,0.5714285714285715,52
16,1903259661,0.1,0.9,0.35,0.25,20,20,0,3,0,3,16,0,0.0,,0.15789473684210525,,52
17,404702163,0.1,0.9,0.35,0.25,20,20,0,3,0,3,16,0,0.0,,0.15789473684210525,,52
18,1696282844,0.1,0.9,0.35,0.25,20,20,0,4,0,4,15,0,0.0,,0.21052631578947367,,52
19,976686572,0.1,0.9,0.35,0.25,20,20,0,3,0,3,16,0,0.0,,0.15789473684210525,,52
20,1088728188,0.1,0.9,0.35,0.25,20,20,0,2,0,2,17,0,0.0,,0.10526315789473684,,52
21,1113141430,0.1,0.9,0.35,0.25,20,20,0,4,0,4,15,0,0.0,,0.21052631578947367,,52
22,876975854,0.1,0.9,0.35,0.25,20,20,0,3,0,3,16,0,0.0,,0.15789473684210525,,52
23,1024788729,0.1,0.9,0.35,0.25,20,20,0,4,0,4,15,0,0.0,,0.21052631578947367,,52
24,561026938,0.1,0.9,0.35,0.25,20,20,0,7,0,7,12,0,0.0,,0.3684210526315789,,52
25,1669253755,0.1,0.9,0.35,0.25,20,20,0,5,0,5,14,0,0.0,,0.2631578947368421,,52
26,105114956,0.1,0.9,0.35,0.25,20,20,1,2,1,1,17,0,0.5,1.0,0.05555555555555555,0.6666666666666666,52
27,123159619,0.1,0.9,0.35,0.25,20,20,0,0,0,0,19,0,,,0.0,,52
28,942988861,0.1,0.9,0.35,0.25,20,20,0,4,0,4,15,0,0.0,,0.21052631578947367,,52
29,182684532,0.1,0.9,0.35,0.25,20,20,0,4,0,4,15,0,0.0,,0.21052631578947367,,52
30,1105022206,0.1,0.9,0.35,0.25,20,20,1,5,1,4,14,0,0.2,1.0,0.2222222222222222,0.33333333333333337,52
31,230540002,0.1,0.9,0.35,0.25,20,20,0,0,0,0,19,0,,,0.0,,52
32,264406178,0.1,0.9,0.35,0.25,20,20,0,4,0,4,15,0,0.0,,0.21052631578947367,,52
33,275116757,0.1,0.9,0.35,0.25,20,20,0,7,0,7,12,0,0.0,,0.3684210526315789,,52
34,1564393593,0.1,0.9,0.35,0.25,20,20,1,2,1,1,17,0,0.5,1.0,0.05555555555555555,0.6666666666666666,52
35,819849246,0.1,0.9,0.35,0.25,20,20,0,5,0,5,14,0,0.0,,0.2631578947368421,,52
36,1495324688,0.1,0.9,0.35,0.25,20,20,2,5,2,3,14,0,0.4,1.0,0.17647058823529413,0.5714285714285715,52
37,74902798,0.1,0.9,0.35,0.25,20,20,0,3,0,3,16,0,0.0,,0.15789473684210525,,52
38,1112760675,0.1,0.9,0.35,0.25,20,20,0,2,0,2,17,0,0.0,,0.10526315789473684,,52
39,1772368102,0.1,0.9,0.35,0.25,20,20,0,3,0,3,16,0,0.0,,0.15789473684210525,,52
40,1321547338,0.1,0.9,0.35,0.25,20,20,1,8,1,7,11,0,0.125,1.0,0.3888888888888889,0.2222222222222222,52
41,2010201518,0.1,0.9,0.35,0.25,20,20,0,2,0,2,17,0,0.0,,0.10526315789473684,,52
42,1077811110,0.1,0.9,0.35,0.25,20,20,0,3,0,3,16,0,0.0,,0.15789473684210525,,52
43,1396287826,0.1,0.9,0.35,0.25,20,20,0,5,0,5,14,0,0.0,,0.2631578947368421,,52
44,976867667,0.1,0.9,0.35,0.25,20,20,0,5,0,5,14,0,0.0,,0.2631578947368421,,52
45,1837787871,0.1,0.9,0.35,0.25,20,20,0,1,0,1,18,0,0.0,,0.05263157894736842,,52
46,1552162320,0.1,0.9,0.35,0.25,20,20,0,3,0,3,16,0,0.0,,0.15789473684210525,,52
47,233676458,0.1,0.9,0.35,0.25,20,20,0,4,0,4,15,0,0.0,,0.21052631578947367,,52
48,180664957,0.1,0.9,0.35,0.25,20,20,1,2,0,2,16,1,0.0,0.0,0.1111111111111111,0.0,52
49,142521304,0.1,0.9,0.35,0.25,20,20,0,5,0,5,14,0,0.0,,0.2631578947368421,,52
0,1527286604,0.1,0.9,0.35,0.25,40,40,0,5,0,5,34,0,0.0,,0.1282051282051282,,53
1,51627777,0.1,0.9,0.35,0.25,40,40,0,9,0,9,30,0,0.0,,0.23076923076923078,,53
2,1423216373,0.1,0.9,0.35,0.25,40,40,0,12,0,12,27,0,0.0,,0.3076923076923077,,53
3,54874632,0.1,0.9,0.35,0.25,40,40,1,12,1,11,27,0,0.08333333333333333,1.0,0.2894736842105263,0.15384615384615385,53
4,1463580959,0.1,0.9,0.35,0.25,40,40,0,9,0,9,30,0,0.0,,0.23076923076923078,,53
5,390296515,0.1,0.9,0.35,0.25,40,40,0,11,0,11,28,0,0.0,,0.28205128205128205,,53
6,946717607,0.1,0.9,0.35,0.25,40,40,0,11,0,11,28,0,0.0,,0.28205128205128205,,53
7,2001779042,0.1,0.9,0.35,0.25,40,40,0,8,0,8,31,0,0.0,,0.20512820512820512,,53
8,2097409730,0.1,0.9,0.35,0.25,40,40,0,13,0,13,26,0,0.0,,0.3333333333333333,,53
9,1604195516,0.1,0.9,0.35,0.25,40,40,0,18,0,18,21,0,0.0,,0.46153846153846156,,53
10,1410524915,0.1,0.9,0.35,0.25,40,40,1,13,0,13,25,1,0.0,0.0,0.34210526315789475,0.0,53
11,680832045,0.1,0.9,0.35,0.25,40,40,1,8,1,7,31,0,0.125,1.0,0.18421052631578946,0.2222222222222222,53
12,1467180997,0.1,0.9,0.35,0.25,40,40,2,13,1,12,25,1,0.07692307692307693,0.5,0.32432432432432434,0.13333333333333336,53
13,2136577024,0.1,0.9,0.35,0.25,40,40,1,12,1,11,27,0,0.08333333333333333,1.0,0.2894736842105263,0.15384615384615385,53
14,801174553,0.1,0.9,0.35,0.25,40,40,0,8,0,8,31,0,0.0,,0.20512820512820512,,53
15,1396880682,0.1,0.9,0.35,0.25,40,40,0,15,0,15,24,0,0.0,,0.38461538461538464,,53
16,511986626,0.1,0.9,0.35,0.25,40,40,0,9,0,9,30,0,0.0,,0.23076923076923078,,53
17,432609507,0.1,0.9,0.35,0.25,40,40,0,10,0,10,29,0,0.0,,0.2564102564102564,,53
18,2095884872,0.1,0.9,0.35,0.25,40,40,0,5,0,5,34,0,0.0,,0.1282051282051282,,53
19,391147532,0.1,0.9,0.35,0.25,40,40,0,14,0,14,25,0,0.0,,0.358974358974359,,53
20,1570349109,0.1,0.9,0.35,0.25,40,40,0,11,0,11,28,0,0.0,,0.28205128205128205,,53
21,1513831707,0.1,0.9,0.35,0.25,40,40,1,13,0,13,25,1,0.0,0.0,0.34210526315789475,0.0,53
22,1194241618,0.1,0.9,0.35,0.25,40,40,0,14,0,14,25,0,0.0,,0.358974358974359,,53
23,797966726,0.1,0.9,0.35,0.25,40,40,1,11,1,10,28,0,0.09090909090909091,1.0,0.2631578947368421,0.16666666666666669,53
24,488581355,0.1,0.9,0.35,0.25,40,40,0,14,0,14,25,0,0.0,,0.358974358974359,,53
25,1173204638,0.1,0.9,0.35,0.25,40,40,1,5,1,4,34,0,0.2,1.0,0.10526315789473684,0.33333333333333337,53
26,2108035327,0.1,0.9,0.35,0.25,40,40,0,15,0,15,24,0,0.0,,0.38461538461538464,,53
27,520623701,0.1,0.9,0.35,0.25,40,40,0,17,0,17,22,0,0.0,,0.4358974358974359,,53
28,1640621023,0.1,0.9,0.35,0.25,40,40,0,20,0,20,19,0,0.0,,0.5128205128205128,,53
29,1088774744,0.1,0.9,0.35,0.25,40,40,1,11,0,11,27,1,0.0,0.0,0.2894736842105263,0.0,53
30,1368069053,0.1,0.9,0.35,0.25,40,40,0,17,0,17,22,0,0.0,,0.4358974358974359,,53
31,706874876,0.1,0.9,0.35,0.25,40,40,0,20,0,20,19,0,0.0,,0.5128205128205128,,53
32,883436495,0.1,0.9,0.35,0.25,40,40,0,12,0,12,27,0,0.0,,0.3076923076923077,,53
33,1660933954,0.1,0.9,0.35,0.25,40,40,1,20,1,19,19,0,0.05,1.0,0.5,0.09523809523809523,53
34,987048693,0.1,0.9,0.35,0.25,40,40,0,17,0,17,22,0,0.0,,0.4358974358974359,,53
35,379310904,0.1,0.9,0.35,0.25,40,40,0,15,0,15,24,0,0.0,,0.38461538461538464,,53
36,1517969012,0.1,0.9,0.35,0.25,40,40,0,16,0,16,23,0,0.0,,0.41025641025641024,,53
37,1098759397,0.1,0.9,0.35,0.25,40,40,0,12,0,12,27,0,0.0,,0.3076923076923077,,53
38,1741795422,0.1,0.9,0.35,0.25,40,40,1,18,1,17,21,0,0.05555555555555555,1.0,0.4473684210526316,0.10526315789473684,53
39,732957981,0.1,0.9,0.35,0.25,40,40,1,17,1,16,22,0,0.058823529411764705,1.0,0.42105263157894735,0.1111111111111111,53
40,1036839070,0.1,0.9,0.35,0.25,40,40,0,9,0,9,30,0,0.0,,0.23076923076923078,,53
41,1696103821,0.1,0.9,0.35,0.25,40,40,0,14,0,14,25,0,0.0,,0.358974358974359,,53
42,78435243,0.1,0.9,0.35,0.25,40,40,1,10,0,10,28,1,0.0,0.0,0.2631578947368421,0.0,53
43,1832094688,0.1,0.9,0.35,0.25,40,40,0,10,0,10,29,0,0.0,,0.2564102564102564,,53
44,1602797281,0.1,0.9,0.35,0.25,40,40,0,14,0,14,25,0,0.0,,0.358974358974359,,53
45,1004075353,0.1,0.9,0.35,0.25,40,40,0,16,0,16,23,0,0.0,,0.41025641025641024,,53
46,2113767744,0.1,0.9,0.35,0.25,40,40,0,10,0,10,29,0,0.0,,0.2564102564102564,,53
47,1173837589,0.1,0.9,0.35,0.25,40,40,1,12,1,11,27,0,0.08333333333333333,1.0,0.2894736842105263,0.15384615384615385,53
48,2042895569,0.1,0.9,0.35,0.25,40,40,0,14,0,14,25,0,0.0,,0.358974358974359,,53
49,1704559754,0.1,0.9,0.35,0.25,40,40,0,14,0,14,25,0,0.0,,0.358974358974359,,53
0,1082661680,0.25,0.2,0.1,0.0,20,20,0,0,0,0,19,0,,,0.0,,54
1,1728062983,0.25,0.2,0.1,0.0,20,20,4,2,2,0,15,2,1.0,0.5,0.0,0.6666666666666666,54
2,929339360,0.25,0.2,0.1,0.0,20,20,1,0,0,0,18,1,,0.0,0.0,,54
3,749895665,0.25,0.2,0.1,0.0,20,20,0,0,0,0,19,0,,,0.0,,54
4,1455082243,0.25,0.2,0.1,0.0,20,20,1,0,0,0,18,1,,0.0,0.0,,54
5,2012476330,0.25,0.2,0.1,0.0,20,20,2,1,1,0,17,1,1.0,0.5,0.0,0.6666666666666666,54
6,1230086457,0.25,0.2,0.1,0.0,20,20,1,0,0,0,18,1,,0.0,0.0,,54
7,1390299383,0.25,0.2,0.1,0.0,20,20,1,1,1,0,18,0,1.0,1.0,0.0,1.0,54
8,1657268731,0.25,0.2,0.1,0.0,20,20,1,0,0,0,18,1,,0.0,0.0,,54
9,1924199820,0.25,0.2,0.1,0.0,20,20,0,0,0,0,19,0,,,0.0,,54
10,235308960,0.25,0.2,0.1,0.0,20,20,2,2,2,0,17,0,1.0,1.0,0.0,1.0,54
11,1769372619,0.25,0.2,0.1,0.0,20,20,2,1,1,0,17,1,1.0,0.5,0.0,0.6666666666666666,54
12,276749351,0.25,0.2,0.1,0.0,20,20,0,0,0,0,19,0,,,0.0,,54
13,316912836,0.25,0.2,0.1,0.0,20,20,0,0,0,0,19,0,,,0.0,,54
14,885140205,0.25,0.2,0.1,0.0,20,20,0,0,0,0,19,0,,,0.0,,54
15,551417136,0.25,0.2,0.1,0.0,20,20,2,2,2,0,17,0,1.0,1.0,0.0,1.0,54
16,32521424,0.25,0.2,0.1,0.0,20,20,2,2,2,0,17,0,1.0,1.0,0.0,1.0,54
17,204488359,0.25,0.2,0.1,0.0,20,20,0,0,0,0,19,0,,,0.0,,54
18,930983776,0.25,0.2,0.1,0.0,20,20,2,2,2,0,17,0,1.0,1.0,0.0,1.0,54
19,1225115838,0.25,0.2,0.1,0.0,20,20,1,0,0,0,18,1,,0.0,0.0,,54
20,1808288970,0.25,0.2,0.1,0.0,20,20,1,0,0,0,18,1,,0.0,0.0,,54
21,2025593959,0.25,0.2,0.1,0.0,20,20,1,0,0,0,18,1,,0.0,0.0,,54
22,456045473,0.25,0.2,0.1,0.0,20,20,3,2,2,0,16,1,1.0,0.6666666666666666,0.0,0.8,54
23,1644532091,0.25,0.2,0.1,0.0,20,20,1,1,1,0,18,0,1.0,1.0,0.0,1.0,54
24,894402422,0.25,0.2,0.1,0.0,20,20,0,0,0,0,19,0,,,0.0,,54
25,1388474531,0.25,0.2,0.1,0.0,20,20,3,1,1,0,16,2,1.0,0.3333333333333333,0.0,0.5,54
26,1139356509,0.25,0.2,0.1,0.0,20,20,3,1,1,0,16,2,1.0,0.3333333333333333,0.0,0.5,54
27,1041824510,0.25,0.2,0.1,0.0,20,20,0,0,0,0,19,0,,,0.0,,54
28,1508860649,0.25,0.2,0.1,0.0,20,20,1,0,0,0,18,1,,0.0,0.0,,54
29,266605598,0.25,0.2,0.1,0.0,20,20,1,0,0,0,18,1,,0.0,0.0,,54
30,1017015586,0.25,0.2,0.1,0.0,20,20,1,1,1,0,18,0,1.0,1.0,0.0,1.0,54
31,1073907439,0.25,0.2,0.1,0.0,20,20,1,1,1,0,18,0,1.0,1.0,0.0,1.0,54
32,1286465936,0.25,0.2,0.1,0.0,20,20,2,0,0,0,17,2,,0.0,0.0,,54
33,506681856,0.25,0.2,0.1,0.0,20,20,1,0,0,0,18,1,,0.0,0.0,,54
34,1834018559,0.25,0.2,0.1,0.0,20,20,2,1,1,0,17,1,1.0,0.5,0.0,0.6666666666666666,54
35,203271721,0.25,0.2,0.1,0.0,20,20,1,1,1,0,18,0,1.0,1.0,0.0,1.0,54
36,428202331,0.25,0.2,0.1,0.0,20,20,1,1,1,0,18,0,1.0,1.0,0.0,1.0,54
37,753411980,0.25,0.2,0.1,0.0,20,20,1,1,1,0,18,0,1.0,1.0,0.0,1.0,54
38,810600197,0.25,0.2,0.1,0.0,20,20,1,1,1,0,18,0,1.0,1.0,0.0,1.0,54
39,731190780,0.25,0.2,0.1,0.0,20,20,1,0,0,0,18,1,,0.0,0.0,,54
40,931754707,0.25,0.2,0.1,0.0,20,20,1,1,1,0,18,0,1.0,1.0,0.0,1.0,54
41,754946084,0.25,0.2,0.1,0.0,20,20,2,0,0,0,17,2,,0.0,0.0,,54
42,897922339,0.25,0.2,0.1,0.0,20,20,1,0,0,0,18,1,,0.0,0.0,,54
43,1152829684,0.25,0.2,0.1,0.0,20,20,2,0,0,0,17,2,,0.0,0.0,,54
44,772026026,0.25,0.2,0.1,0.0,20,20,1,0,0,0,18,1,,0.0,0.0,,54
45,1165614030,0.25,0.2,0.1,0.0,20,20,1,1,1,0,18,0,1.0,1.0,0.0,1.0,54
46,1908378886,0.25,0.2,0.1,0.0,20,20,0,0,0,0,19,0,,,0.0,,54
47,1269299847,0.25,0.2,0.1,0.0,20,20,0,0,0,0,19,0,,,0.0,,54
48,1355097291,0.25,0.2,0.1,0.0,20,20,0,0,0,0,19,0,,,0.0,,54
49,1427910307,0.25,0.2,0.1,0.0,20,20,1,0,0,0,18,1,,0.0,0.0,,54
0,741253218,0.25,0.2,0.1,0.0,40,40,1,2,1,1,37,0,0.5,1.0,0.02631578947368421,0.6666666666666666,55
1,1588729659,0.25,0.2,0.1,0.0,40,40,0,0,0,0,39,0,,,0.0,,55
2,462502793,0.25,0.2,0.1,0.0,40,40,3,2,2,0,36,1,1.0,0.6666666666666666,0.0,0.8,55
3,1825834749,0.25,0.2,0.1,0.0,40,40,1,1,1,0,38,0,1.0,1.0,0.0,1.0,55
4,11088770,0.25,0.2,0.1,0.0,40,40,2,2,2,0,37,0,1.0,1.0,0.0,1.0,55
5,9664344,0.25,0.2,0.1,0.0,40,40,2,1,1,0,37,1,1.0,0.5,0.0,0.6666666666666666,55
6,982381950,0.25,0.2,0.1,0.0,40,40,1,1,1,0,38,0,1.0,1.0,0.0,1.0,55
7,2045121444,0.25,0.2,0.1,0.0,40,40,0,0,0,0,39,0,,,0.0,,55
8,1042085043,0.25,0.2,0.1,0.0,40,40,0,0,0,0,39,0,,,0.0,,55
9,944256600,0.25,0.2,0.1,0.0,40,40,4,4,4,0,35,0,1.0,1.0,0.0,1.0,55
10,1507218840,0.25,0.2,0.1,0.0,40,40,0,0,0,0,39,0,,,0.0,,55
11,1767081305,0.25,0.2,0.1,0.0,40,40,0,0,0,0,39,0,,,0.0,,55
12,99211894,0.25,0.2,0.1,0.0,40,40,1,1,1,0,38,0,1.0,1.0,0.0,1.0,55
13,1925019050,0.25,0.2,0.1,0.0,40,40,2,0,0,0,37,2,,0.0,0.0,,55
14,77201790,0.25,0.2,0.1,0.0,40,40,1,0,0,0,38,1,,0.0,0.0,,55
15,237317781,0.25,0.2,0.1,0.0,40,40,2,2,1,1,36,1,0.5,0.5,0.02702702702702703,0.5,55
16,579720380,0.25,0.2,0.1,0.0,40,40,2,1,1,0,37,1,1.0,0.5,0.0,0.6666666666666666,55
17,248126184,0.25,0.2,0.1,0.0,40,40,2,2,2,0,37,0,1.0,1.0,0.0,1.0,55
18,40571799,0.25,0.2,0.1,0.0,40,40,2,1,1,0,37,1,1.0,0.5,0.0,0.6666666666666666,55
19,212436964,0.25,0.2,0.1,0.0,40,40,1,1,1,0,38,0,1.0,1.0,0.0,1.0,55
20,766997950,0.25,0.2,0.1,0.0,40,40,0,0,0,0,39,0,,,0.0,,55
21,719417523,0.25,0.2,0.1,0.0,40,40,0,0,0,0,39,0,,,0.0,,55
22,282711722,0.25,0.2,0.1,0.0,40,40,0,1,0,1,38,0,0.0,,0.02564102564102564,,55
23,1981236332,0.25,0.2,0.1,0.0,40,40,2,0,0,0,37,2,,0.0,0.0,,55
24,407803883,0.25,0.2,0.1,0.0,40,40,0,0,0,0,39,0,,,0.0,,55
25,228582175,0.25,0.2,0.1,0.0,40,40,1,1,1,0,38,0,1.0,1.0,0.0,1.0,55
26,321963888,0.25,0.2,0.1,0.0,40,40,3,3,3,0,36,0,1.0,1.0,0.0,1.0,55
27,1863423515,0.25,0.2,0.1,0.0,40,40,2,1,1,0,37,1,1.0,0.5,0.0,0.6666666666666666,55
28,1157374820,0.25,0.2,0.1,0.0,40,40,1,0,0,0,38,1,,0.0,0.0,,55
29,767622251,0.25,0.2,0.1,0.0,40,40,2,1,1,0,37,1,1.0,0.5,0.0,0.6666666666666666,55
30,1508414972,0.25,0.2,0.1,0.0,40,40,2,1,1,0,37,1,1.0,0.5,0.0,0.6666666666666666,55
31,542596586,0.25,0.2,0.1,0.0,40,40,0,0,0,0,39,0,,,0.0,,55
32,1491398055,0.25,0.2,0.1,0.0,40,40,4,4,4,0,35,0,1.0,1.0,0.0,1.0,55
33,539207860,0.25,0.2,0.1,0.0,40,40,2,2,2,0,37,0,1.0,1.0,0.0,1.0,55
34,141330206,0.25,0.2,0.1,0.0,40,40,1,1,1,0,38,0,1.0,1.0,0.0,1.0,55
35,1401379900,0.25,0.2,0.1,0.0,40,40,1,0,0,0,38,1,,0.0,0.0,,55
36,159168008,0.25,0.2,0.1,0.0,40,40,2,1,1,0,37,1,1.0,0.5,0.0,0.6666666666666666,55
37,1769981878,0.25,0.2,0.1,0.0,40,40,2,1,0,1,36,2,0.0,0.0,0.02702702702702703,0.0,55
38,463047835,0.25,0.2,0.1,0.0,40,40,3,3,2,1,35,1,0.6666666666666666,0.6666666666666666,0.027777777777777776,0.6666666666666666,55
39,1150441933,0.25,0.2,0.1,0.0,40,40,1,2,1,1,37,0,0.5,1.0,0.02631578947368421,0.6666666666666666,55
40,1028677714,0.25,0.2,0.1,0.0,40,40,6,4,4,0,33,2,1.0,0.6666666666666666,0.0,0.8,55
41,1444641274,0.25,0.2,0.1,0.0,40,40,1,0,0,0,38,1,,0.0,0.0,,55
42,1432210445,0.25,0.2,0.1,0.0,40,40,2,1,1,0,37,1,1.0,0.5,0.0,0.6666666666666666,55
43,2055005924,0.25,0.2,0.1,0.0,40,40,1,1,1,0,38,0,1.0,1.0,0.0,1.0,55
44,1811138831,0.25,0.2,0.1,0.0,40,40,0,0,0,0,39,0,,,0.0,,55
45,37251128,0.25,0.2,0.1,0.0,40,40,1,0,0,0,38,1,,0.0,0.0,,55
46,303500397,0.25,0.2,0.1,0.0,40,40,1,1,1,0,38,0,1.0,1.0,0.0,1.0,55
47,727171144,0.25,0.2,0.1,0.0,40,40,1,1,1,0,38,0,1.0,1.0,0.0,1.0,55
48,535591264,0.25,0.2,0.1,0.0,40,40,2,2,2,0,37,0,1.0,1.0,0.0,1.0,55
49,1049971348,0.25,0.2,0.1,0.0,40,40,0,0,0,0,39,0,,,0.0,,55
0,1882917063,0.25,0.2,0.1,0.1,20,20,2,5,2,3,14,0,0.4,1.0,0.17647058823529413,0.5714285714285715,56
1,1622494496,0.25,0.2,0.1,0.1,20,20,0,6,0,6,13,0,0.0,,0.3157894736842105,,56
2,1122821116,0.25,0.2,0.1,0.1,20,20,2,1,1,0,17,1,1.0,0.5,0.0,0.6666666666666666,56
3,587263802,0.25,0.2,0.1,0.1,20,20,2,7,2,5,12,0,0.2857142857142857,1.0,0.29411764705882354,0.4444444444444445,56
4,948740457,0.25,0.2,0.1,0.1,20,20,2,7,2,5,12,0,0.2857142857142857,1.0,0.29411764705882354,0.4444444444444445,56
5,1839320400,0.25,0.2,0.1,0.1,20,20,3,6,3,3,13,0,0.5,1.0,0.1875,0.6666666666666666,56
6,374469400,0.25,0.2,0.1,0.1,20,20,3,4,1,3,13,2,0.25,0.3333333333333333,0.1875,0.28571428571428575,56
7,1414890431,0.25,0.2,0.1,0.1,20,20,1,7,0,7,11,1,0.0,0.0,0.3888888888888889,0.0,56
8,462215242,0.25,0.2,0.1,0.1,20,20,0,6,0,6,13,0,0.0,,0.3157894736842105,,56
9,1806130179,0.25,0.2,0.1,0.1,20,20,1,4,0,4,14,1,0.0,0.0,0.2222222222222222,0.0,56
10,46713947,0.25,0.2,0.1,0.1,20,20,1,8,1,7,11,0,0.125,1.0,0.3888888888888889,0.2222222222222222,56
11,1808272984,0.25,0.2,0.1,0.1,20,20,1,5,1,4,14,0,0.2,1.0,0.2222222222222222,0.33333333333333337,56
12,1534548512,0.25,0.2,0.1,0.1,20,20,2,6,1,5,12,1,0.16666666666666666,0.5,0.29411764705882354,0.25,56
13,1795033854,0.25,0.2,0.1,0.1,20,20,1,10,1,9,9,0,0.1,1.0,0.5,0.18181818181818182,56
14,1091639977,0.25,0.2,0.1,0.1,20,20,0,5,0,5,14,0,0.0,,0.2631578947368421,,56
15,1419054237,0.25,0.2,0.1,0.1,20,20,2,8,1,7,10,1,0.125,0.5,0.4117647058823529,0.2,56
16,211957216,0.25,0.2,0.1,0.1,20,20,1,7,0,7,11,1,0.0,0.0,0.3888888888888889,0.0,56
17,1886203697,0.25,0.2,0.1,0.1,20,20,0,2,0,2,17,0,0.0,,0.10526315789473684,,56
18,1908195762,0.25,0.2,0.1,0.1,20,20,1,4,0,4,14,1,0.0,0.0,0.2222222222222222,0.0,56
19,269421085,0.25,0.2,0.1,0.1,20,20,2,8,1,7,10,1,0.125,0.5,0.4117647058823529,0.2,56
20,1396524102,0.25,0.2,0.1,0.1,20,20,2,6,1,5,12,1,0.16666666666666666,0.5,0.29411764705882354,0.25,56
21,379325684,0.25,0.2,0.1,0.1,20,20,1,4,0,4,14,1,0.0,0.0,0.2222222222222222,0.0,56
22,1187755973,0.25,0.2,0.1,0.1,20,20,1,8,0,8,10,1,0.0,0.0,0.4444444444444444,0.0,56
23,2130331585,0.25,0.2,0.1,0.1,20,20,1,7,0,7,11,1,0.0,0.0,0.3888888888888889,0.0,56
24,22243636,0.25,0.2,0.1,0.1,20,20,0,3,0,3,16,0,0.0,,0.15789473684210525,,56
25,1176639693,0.25,0.2,0.1,0.1,20,20,3,8,3,5,11,0,0.375,1.0,0.3125,0.5454545454545454,56
26,2069084914,0.25,0.2,0.1,0.1,20,20,2,2,1,1,16,1,0.5,0.5,0.058823529411764705,0.5,56
27,436442200,0.25,0.2,0.1,0.1,20,20,1,6,0,6,12,1,0.0,0.0,0.3333333333333333,0.0,56
28,464289028,0.25,0.2,0.1,0.1,20,20,0,1,0,1,18,0,0.0,,0.05263157894736842,,56
29,1469207741,0.25,0.2,0.1,0.1,20,20,2,8,2,6,11,0,0.25,1.0,0.35294117647058826,0.4,56
30,1861994448,0.25,0.2,0.1,0.1,20,20,4,7,3,4,11,1,0.42857142857142855,0.75,0.26666666666666666,0.5454545454545454,56
31,873938060,0.25,0.2,0.1,0.1,20,20,0,3,0,3,16,0,0.0,,0.15789473684210525,,56
32,258132926,0.25,0.2,0.1,0.1,20,20,0,4,0,4,15,0,0.0,,0.21052631578947367,,56
33,587859481,0.25,0.2,0.1,0.1,20,20,2,7,1,6,11,1,0.14285714285714285,0.5,0.35294117647058826,0.22222222222222224,56
34,741482649,0.25,0.2,0.1,0.1,20,20,2,7,0,7,10,2,0.0,0.0,0.4117647058823529,0.0,56
35,529783813,0.25,0.2,0.1,0.1,20,20,3,7,2,5,11,1,0.2857142857142857,0.6666666666666666,0.3125,0.4,56
36,1562279847,0.25,0.2,0.1,0.1,20,20,2,9,0,9,8,2,0.0,0.0,0.5294117647058824,0.0,56
37,1064448086,0.25,0.2,0.1,0.1,20,20,2,6,2,4,13,0,0.3333333333333333,1.0,0.23529411764705882,0.5,56
38,336128002,0.25,0.2,0.1,0.1,20,20,1,5,1,4,14,0,0.2,1.0,0.2222222222222222,0.33333333333333337,56
39,1391171119,0.25,0.2,0.1,0.1,20,20,1,6,1,5,13,0,0.16666666666666666,1.0,0.2777777777777778,0.2857142857142857,56
40,785530949,0.25,0.2,0.1,0.1,20,20,1,8,1,7,11,0,0.125,1.0,0.3888888888888889,0.2222222222222222,56
41,1043314035,0.25,0.2,0.1,0.1,20,20,1,5,1,4,14,0,0.2,1.0,0.2222222222222222,0.33333333333333337,56
42,153455330,0.25,0.2,0.1,0.1,20,20,2,5,1,4,13,1,0.2,0.5,0.23529411764705882,0.28571428571428575,56
43,1080186311,0.25,0.2,0.1,0.1,20,20,0,5,0,5,14,0,0.0,,0.2631578947368421,,56
44,1260637820,0.25,0.2,0.1,0.1,20,20,1,7,1,6,12,0,0.14285714285714285,1.0,0.3333333333333333,0.25,56
45,176346388,0.25,0.2,0.1,0.1,20,20,2,6,0,6,11,2,0.0,0.0,0.35294117647058826,0.0,56
46,536866745,0.25,0.2,0.1,0.1,20,20,0,7,0,7,12,0,0.0,,0.3684210526315789,,56
47,1557470818,0.25,0.2,0.1,0.1,20,20,1,3,1,2,16,0,0.3333333333333333,1.0,0.1111111111111111,0.5,56
48,1679037520,0.25,0.2,0.1,0.1,20,20,3,7,2,5,11,1,0.2857142857142857,0.6666666666666666,0.3125,0.4,56
49,1889790345,0.25,0.2,0.1,0.1,20,20,0,7,0,7,12,0,0.0,,0.3684210526315789,,56
0,980645454,0.25,0.2,0.1,0.1,40,40,2,20,1,19,18,1,0.05,0.5,0.5135135135135135,0.09090909090909091,57
1,1142745102,0.25,0.2,0.1,0.1,40,40,1,18,1,17,21,0,0.05555555555555555,1.0,0.4473684210526316,0.10526315789473684,57
2,907126087,0.25,0.2,0.1,0.1,40,40,1,10,1,9,29,0,0.1,1.0,0.23684210526315788,0.18181818181818182,57
3,1969839990,0.25,0.2,0.1,0.1,40,40,0,18,0,18,21,0,0.0,,0.46153846153846156,,57
4,182653468,0.25,0.2,0.1,0.1,40,40,2,19,2,17,20,0,0.10526315789473684,1.0,0.4594594594594595,0.1904761904761905,57
5,781507883,0.25,0.2,0.1,0.1,40,40,1,20,1,19,19,0,0.05,1.0,0.5,0.09523809523809523,57
6,1698326431,0.25,0.2,0.1,0.1,40,40,3,20,2,18,18,1,0.1,0.6666666666666666,0.5,0.1739130434782609,57
7,1252472660,0.25,0.2,0.1,0.1,40,40,0,21,0,21,18,0,0.0,,0.5384615384615384,,57
8,13096960,0.25,0.2,0.1,0.1,40,40,0,20,0,20,19,0,0.0,,0.5128205128205128,,57
9,841828998,0.25,0.2,0.1,0.1,40,40,4,19,2,17,18,2,0.10526315789473684,0.5,0.4857142857142857,0.17391304347826086,57
10,1382715614,0.25,0.2,0.1,0.1,40,40,1,15,1,14,24,0,0.06666666666666667,1.0,0.3684210526315789,0.125,57
11,1173128808,0.25,0.2,0.1,0.1,40,40,1,15,1,14,24,0,0.06666666666666667,1.0,0.3684210526315789,0.125,57
12,494322269,0.25,0.2,0.1,0.1,40,40,4,17,3,14,21,1,0.17647058823529413,0.75,0.4,0.2857142857142857,57
13,1904283229,0.25,0.2,0.1,0.1,40,40,0,18,0,18,21,0,0.0,,0.46153846153846156,,57
14,1784630944,0.25,0.2,0.1,0.1,40,40,2,16,1,15,22,1,0.0625,0.5,0.40540540540540543,0.1111111111111111,57
15,1705648375,0.25,0.2,0.1,0.1,40,40,2,22,2,20,17,0,0.09090909090909091,1.0,0.5405405405405406,0.16666666666666669,57
16,1574330823,0.25,0.2,0.1,0.1,40,40,0,25,0,25,14,0,0.0,,0.6410256410256411,,57
17,1017768708,0.25,0.2,0.1,0.1,40,40,2,22,2,20,17,0,0.09090909090909091,1.0,0.5405405405405406,0.16666666666666669,57
18,965238441,0.25,0.2,0.1,0.1,40,40,0,18,0,18,21,0,0.0,,0.46153846153846156,,57
19,1332158668,0.25,0.2,0.1,0.1,40,40,1,21,1,20,18,0,0.047619047619047616,1.0,0.5263157894736842,0.0909090909090909,57
20,76525254,0.25,0.2,0.1,0.1,40,40,2,21,2,19,18,0,0.09523809523809523,1.0,0.5135135135135135,0.17391304347826084,57
21,944101603,0.25,0.2,0.1,0.1,40,40,2,23,2,21,16,0,0.08695652173913043,1.0,0.5675675675675675,0.16,57
22,1708308512,0.25,0.2,0.1,0.1,40,40,0,17,0,17,22,0,0.0,,0.4358974358974359,,57
23,1857963839,0.25,0.2,0.1,0.1,40,40,0,16,0,16,23,0,0.0,,0.41025641025641024,,57
24,1564105122,0.25,0.2,0.1,0.1,40,40,1,24,0,24,14,1,0.0,0.0,0.631578947368421,0.0,57
25,324079674,0.25,0.2,0.1,0.1,40,40,0,23,0,23,16,0,0.0,,0.5897435897435898,,57
26,873845450,0.25,0.2,0.1,0.1,40,40,0,15,0,15,24,0,0.0,,0.38461538461538464,,57
27,486621656,0.25,0.2,0.1,0.1,40,40,2,13,2,11,26,0,0.15384615384615385,1.0,0.2972972972972973,0.2666666666666667,57
28,1299681275,0.25,0.2,0.1,0.1,40,40,1,22,0,22,16,1,0.0,0.0,0.5789473684210527,0.0,57
29,692777965,0.25,0.2,0.1,0.1,40,40,2,22,0,22,15,2,0.0,0.0,0.5945945945945946,0.0,57
30,65243584,0.25,0.2,0.1,0.1,40,40,0,15,0,15,24,0,0.0,,0.38461538461538464,,57
31,1654457040,0.25,0.2,0.1,0.1,40,40,1,17,1,16,22,0,0.058823529411764705,1.0,0.42105263157894735,0.1111111111111111,57
32,2020945511,0.25,0.2,0.1,0.1,40,40,3,15,2,13,23,1,0.13333333333333333,0.6666666666666666,0.3611111111111111,0.2222222222222222,57
33,1144044596,0.25,0.2,0.1,0.1,40,40,1,20,1,19,19,0,0.05,1.0,0.5,0.09523809523809523,57
34,566105015,0.25,0.2,0.1,0.1,40,40,1,19,0,19,19,1,0.0,0.0,0.5,0.0,57
35,698995025,0.25,0.2,0.1,0.1,40,40,1,13,1,12,26,0,0.07692307692307693,1.0,0.3157894736842105,0.14285714285714288,57
36,2039782721,0.25,0.2,0.1,0.1,40,40,2,20,1,19,18,1,0.05,0.5,0.5135135135135135,0.09090909090909091,57
37,1608748411,0.25,0.2,0.1,0.1,40,40,0,22,0,22,17,0,0.0,,0.5641025641025641,,57
38,1889207445,0.25,0.2,0.1,0.1,40,40,3,16,1,15,21,2,0.0625,0.3333333333333333,0.4166666666666667,0.10526315789473684,57
39,455373021,0.25,0.2,0.1,0.1,40,40,1,18,0,18,20,1,0.0,0.0,0.47368421052631576,0.0,57
40,1002816427,0.25,0.2,0.1,0.1,40,40,1,16,1,15,23,0,0.0625,1.0,0.39473684210526316,0.11764705882352941,57
41,493293617,0.25,0.2,0.1,0.1,40,40,2,19,2,17,20,0,0.10526315789473684,1.0,0.4594594594594595,0.1904761904761905,57
42,790211952,0.25,0.2,0.1,0.1,40,40,0,24,0,24,15,0,0.0,,0.6153846153846154,,57
43,1295933585,0.25,0.2,0.1,0.1,40,40,4,17,3,14,21,1,0.17647058823529413,0.75,0.4,0.2857142857142857,57
44,176308747,0.25,0.2,0.1,0.1,40,40,0,16,0,16,23,0,0.0,,0.41025641025641024,,57
45,1874950984,0.25,0.2,0.1,0.1,40,40,1,20,1,19,19,0,0.05,1.0,0.5,0.09523809523809523,57
46,489085314,0.25,0.2,0.1,0.1,40,40,1,20,1,19,19,0,0.05,1.0,0.5,0.09523809523809523,57
47,950039463,0.25,0.2,0.1,0.1,40,40,4,19,3,16,19,1,0.15789473684210525,0.75,0.45714285714285713,0.2608695652173913,57
48,156965729,0.25,0.2,0.1,0.1,40,40,0,21,0,21,18,0,0.0,,0.5384615384615384,,57
49,1083565426,0.25,0.2,0.1,0.1,40,40,1,17,0,17,21,1,0.0,0.0,0.4473684210526316,0.0,57
0,743184208,0.25,0.2,0.1,0.25,20,20,0,13,0,13,6,0,0.0,,0.6842105263157895,,58
1,681644286,0.25,0.2,0.1,0.25,20,20,0,14,0,14,5,0,0.0,,0.7368421052631579,,58
2,433533368,0.25,0.2,0.1,0.25,20,20,1,14,1,13,5,0,0.07142857142857142,1.0,0.7222222222222222,0.13333333333333333,58
3,1212066152,0.25,0.2,0.1,0.25,20,20,1,12,1,11,7,0,0.08333333333333333,1.0,0.6111111111111112,0.15384615384615385,58
4,509855079,0.25,0.2,0.1,0.25,20,20,3,13,2,11,5,1,0.15384615384615385,0.6666666666666666,0.6875,0.25,58
5,1093153800,0.25,0.2,0.1,0.25,20,20,1,15,1,14,4,0,0.06666666666666667,1.0,0.7777777777777778,0.125,58
6,1870333662,0.25,0.2,0.1,0.25,20,20,1,16,0,16,2,1,0.0,0.0,0.8888888888888888,0.0,58
7,1062873088,0.25,0.2,0.1,0.25,20,20,1,14,0,14,4,1,0.0,0.0,0.7777777777777778,0.0,58
8,804508140,0.25,0.2,0.1,0.25,20,20,2,15,2,13,4,0,0.13333333333333333,1.0,0.7647058823529411,0.23529411764705882,58
9,840105955,0.25,0.2,0.1,0.25,20,20,2,10,2,8,9,0,0.2,1.0,0.47058823529411764,0.33333333333333337,58
10,1648349595,0.25,0.2,0.1,0.25,20,20,1,11,1,10,8,0,0.09090909090909091,1.0,0.5555555555555556,0.16666666666666669,58
11,1265545727,0.25,0.2,0.1,0.25,20,20,2,13,2,11,6,0,0.15384615384615385,1.0,0.6470588235294118,0.2666666666666667,58
12,1527523686,0.25,0.2,0.1,0.25,20,20,3,15,2,13,3,1,0.13333333333333333,0.6666666666666666,0.8125,0.2222222222222222,58
13,2016764793,0.25,0.2,0.1,0.25,20,20,3,11,0,11,5,3,0.0,0.0,0.6875,0.0,58
14,880203364,0.25,0.2,0.1,0.25,20,20,2,13,1,12,5,1,0.07692307692307693,0.5,0.7058823529411765,0.13333333333333336,58
15,1480788814,0.25,0.2,0.1,0.25,20,20,3,14,3,11,5,0,0.21428571428571427,1.0,0.6875,0.35294117647058826,58
16,1180405839,0.25,0.2,0.1,0.25,20,20,2,14,2,12,5,0,0.14285714285714285,1.0,0.7058823529411765,0.25,58
17,1778259457,0.25,0.2,0.1,0.25,20,20,2,13,2,11,6,0,0.15384615384615385,1.0,0.6470588235294118,0.2666666666666667,58
18,1307937977,0.25,0.2,0.1,0.25,20,20,2,15,1,14,3,1,0.06666666666666667,0.5,0.8235294117647058,0.11764705882352941,58
19,1541570148,0.25,0.2,0.1,0.25,20,20,1,15,1,14,4,0,0.06666666666666667,1.0,0.7777777777777778,0.125,58
20,297635313,0.25,0.2,0.1,0.25,20,20,0,15,0,15,4,0,0.0,,0.7894736842105263,,58
21,1623882177,0.25,0.2,0.1,0.25,20,20,1,12,1,11,7,0,0.08333333333333333,1.0,0.6111111111111112,0.15384615384615385,58
22,2019917435,0.25,0.2,0.1,0.25,20,20,1,13,1,12,6,0,0.07692307692307693,1.0,0.6666666666666666,0.14285714285714288,58
23,1675012753,0.25,0.2,0.1,0.25,20,20,2,14,2,12,5,0,0.14285714285714285,1.0,0.7058823529411765,0.25,58
24,257368063,0.25,0.2,0.1,0.25,20,20,2,17,1,16,1,1,0.058823529411764705,0.5,0.9411764705882353,0.10526315789473684,58
25,228167193,0.25,0.2,0.1,0.25,20,20,0,12,0,12,7,0,0.0,,0.631578947368421,,58
26,1842411101,0.25,0.2,0.1,0.25,20,20,0,15,0,15,4,0,0.0,,0.7894736842105263,,58
27,1279200933,0.25,0.2,0.1,0.25,20,20,1,9,1,8,10,0,0.1111111111111111,1.0,0.4444444444444444,0.19999999999999998,58
28,354589267,0.25,0.2,0.1,0.25,20,20,1,13,1,12,6,0,0.07692307692307693,1.0,0.6666666666666666,0.14285714285714288,58
29,791747420,0.25,0.2,0.1,0.25,20,20,2,13,2,11,6,0,0.15384615384615385,1.0,0.6470588235294118,0.2666666666666667,58
30,898105462,0.25,0.2,0.1,0.25,20,20,1,13,1,12,6,0,0.07692307692307693,1.0,0.6666666666666666,0.14285714285714288,58
31,1364007147,0.25,0.2,0.1,0.25,20,20,0,13,0,13,6,0,0.0,,0.6842105263157895,,58
32,1445458189,0.25,0.2,0.1,0.25,20,20,1,13,0,13,5,1,0.0,0.0,0.7222222222222222,0.0,58
33,668936946,0.25,0.2,0.1,0.25,20,20,2,10,1,9,8,1,0.1,0.5,0.5294117647058824,0.16666666666666669,58
34,2032842114,0.25,0.2,0.1,0.25,20,20,1,14,1,13,5,0,0.07142857142857142,1.0,0.7222222222222222,0.13333333333333333,58
35,1117061222,0.25,0.2,0.1,0.25,20,20,0,15,0,15,4,0,0.0,,0.7894736842105263,,58
36,301528116,0.25,0.2,0.1,0.25,20,20,1,9,1,8,10,0,0.1111111111111111,1.0,0.4444444444444444,0.19999999999999998,58
37,1417038097,0.25,0.2,0.1,0.25,20,20,2,14,2,12,5,0,0.14285714285714285,1.0,0.7058823529411765,0.25,58
38,623229934,0.25,0.2,0.1,0.25,20,20,1,12,1,11,7,0,0.08333333333333333,1.0,0.6111111111111112,0.15384615384615385,58
39,46705054,0.25,0.2,0.1,0.25,20,20,0,13,0,13,6,0,0.0,,0.6842105263157895,,58
40,749470303,0.25,0.2,0.1,0.25,20,20,0,11,0,11,8,0,0.0,,0.5789473684210527,,58
41,450456284,0.25,0.2,0.1,0.25,20,20,1,13,1,12,6,0,0.07692307692307693,1.0,0.6666666666666666,0.14285714285714288,58
42,1212529535,0.25,0.2,0.1,0.25,20,20,0,14,0,14,5,0,0.0,,0.7368421052631579,,58
43,843590342,0.25,0.2,0.1,0.25,20,20,0,12,0,12,7,0,0.0,,0.631578947368421,,58
44,1341100503,0.25,0.2,0.1,0.25,20,20,0,15,0,15,4,0,0.0,,0.7894736842105263,,58
45,1498258518,0.25,0.2,0.1,0.25,20,20,3,15,2,13,3,1,0.13333333333333333,0.6666666666666666,0.8125,0.2222222222222222,58
46,2053522788,0.25,0.2,0.1,0.25,20,20,1,14,1,13,5,0,0.07142857142857142,1.0,0.7222222222222222,0.13333333333333333,58
47,811477365,0.25,0.2,0.1,0.25,20,20,1,13,1,12,6,0,0.07692307692307693,1.0,0.6666666666666666,0.14285714285714288,58
48,1271255725,0.25,0.2,0.1,0.25,20,20,1,11,1,10,8,0,0.09090909090909091,1.0,0.5555555555555556,0.16666666666666669,58
49,550235800,0.25,0.2,0.1,0.25,20,20,2,11,0,11,6,2,0.0,0.0,0.6470588235294118,0.0,58
0,1034372695,0.25,0.2,0.1,0.25,40,40,0,28,0,28,11,0,0.0,,0.717948717948718,,59
1,1073201581,0.25,0.2,0.1,0.25,40,40,0,30,0,30,9,0,0.0,,0.7692307692307693,,59
2,1656332846,0.25,0.2,0.1,0.25,40,40,2,32,2,30,7,0,0.0625,1.0,0.8108108108108109,0.11764705882352941,59
3,102460912,0.25,0.2,0.1,0.25,40,40,1,30,1,29,9,0,0.03333333333333333,1.0,0.7631578947368421,0.06451612903225806,59
4,1455017249,0.25,0.2,0.1,0.25,40,40,3,29,1,28,8,2,0.034482758620689655,0.3333333333333333,0.7777777777777778,0.0625,59
5,225079303,0.25,0.2,0.1,0.25,40,40,0,32,0,32,7,0,0.0,,0.8205128205128205,,59
6,2089732783,0.25,0.2,0.1,0.25,40,40,2,31,1,30,7,1,0.03225806451612903,0.5,0.8108108108108109,0.06060606060606061,59
7,1981660985,0.25,0.2,0.1,0.25,40,40,3,24,2,22,14,1,0.08333333333333333,0.6666666666666666,0.6111111111111112,0.14814814814814814,59
8,58583861,0.25,0.2,0.1,0.25,40,40,2,31,2,29,8,0,0.06451612903225806,1.0,0.7837837837837838,0.12121212121212122,59
9,382604723,0.25,0.2,0.1,0.25,40,40,1,29,1,28,10,0,0.034482758620689655,1.0,0.7368421052631579,0.06666666666666667,59
10,1828797387,0.25,0.2,0.1,0.25,40,40,0,27,0,27,12,0,0.0,,0.6923076923076923,,59
11,624335106,0.25,0.2,0.1,0.25,40,40,1,31,1,30,8,0,0.03225806451612903,1.0,0.7894736842105263,0.0625,59
12,485093205,0.25,0.2,0.1,0.25,40,40,2,31,1,30,7,1,0.03225806451612903,0.5,0.8108108108108109,0.06060606060606061,59
13,302443550,0.25,0.2,0.1,0.25,40,40,2,36,2,34,3,0,0.05555555555555555,1.0,0.918918918918919,0.10526315789473684,59
14,1288459493,0.25,0.2,0.1,0.25,40,40,1,35,1,34,4,0,0.02857142857142857,1.0,0.8947368421052632,0.05555555555555556,59
15,181750540,0.25,0.2,0.1,0.25,40,40,1,32,1,31,7,0,0.03125,1.0,0.8157894736842105,0.06060606060606061,59
16,1198969529,0.25,0.2,0.1,0.25,40,40,1,27,1,26,12,0,0.037037037037037035,1.0,0.6842105263157895,0.07142857142857142,59
17,1609276518,0.25,0.2,0.1,0.25,40,40,3,33,1,32,4,2,0.030303030303030304,0.3333333333333333,0.8888888888888888,0.05555555555555555,59
18,858645595,0.25,0.2,0.1,0.25,40,40,1,33,0,33,5,1,0.0,0.0,0.868421052631579,0.0,59
19,775130394,0.25,0.2,0.1,0.25,40,40,1,30,1,29,9,0,0.03333333333333333,1.0,0.7631578947368421,0.06451612903225806,59
20,1123513438,0.25,0.2,0.1,0.25,40,40,2,34,2,32,5,0,0.058823529411764705,1.0,0.8648648648648649,0.1111111111111111,59
21,1481476512,0.25,0.2,0.1,0.25,40,40,0,30,0,30,9,0,0.0,,0.7692307692307693,,59
22,1041726983,0.25,0.2,0.1,0.25,40,40,1,32,1,31,7,0,0.03125,1.0,0.8157894736842105,0.06060606060606061,59
23,951441745,0.25,0.2,0.1,0.25,40,40,3,27,2,25,11,1,0.07407407407407407,0.6666666666666666,0.6944444444444444,0.13333333333333333,59
24,1617036516,0.25,0.2,0.1,0.25,40,40,1,33,1,32,6,0,0.030303030303030304,1.0,0.8421052631578947,0.05882352941176471,59
25,700125340,0.25,0.2,0.1,0.25,40,40,2,32,1,31,6,1,0.03125,0.5,0.8378378378378378,0.058823529411764705,59
26,570257287,0.25,0.2,0.1,0.25,40,40,1,31,1,30,8,0,0.03225806451612903,1.0,0.7894736842105263,0.0625,59
27,327806736,0.25,0.2,0.1,0.25,40,40,2,29,1,28,9,1,0.034482758620689655,0.5,0.7567567567567568,0.06451612903225806,59
28,677428136,0.25,0.2,0.1,0.25,40,40,1,26,0,26,12,1,0.0,0.0,0.6842105263157895,0.0,59
29,330233135,0.25,0.2,0.1,0.25,40,40,2,28,1,27,10,1,0.03571428571428571,0.5,0.7297297297297297,0.06666666666666667,59
30,1901903810,0.25,0.2,0.1,0.25,40,40,1,28,1,27,11,0,0.03571428571428571,1.0,0.7105263157894737,0.0689655172413793,59
31,1852930162,0.25,0.2,0.1,0.25,40,40,0,33,0,33,6,0,0.0,,0.8461538461538461,,59
32,702127391,0.25,0.2,0.1,0.25,40,40,2,28,0,28,9,2,0.0,0.0,0.7567567567567568,0.0,59
33,352926356,0.25,0.2,0.1,0.25,40,40,2,29,2,27,10,0,0.06896551724137931,1.0,0.7297297297297297,0.12903225806451613,59
34,178278490,0.25,0.2,0.1,0.25,40,40,0,32,0,32,7,0,0.0,,0.8205128205128205,,59
35,844343530,0.25,0.2,0.1,0.25,40,40,1,23,1,22,16,0,0.043478260869565216,1.0,0.5789473684210527,0.08333333333333333,59
36,1460036199,0.25,0.2,0.1,0.25,40,40,2,36,1,35,2,1,0.027777777777777776,0.5,0.9459459459459459,0.05263157894736842,59
37,1356114876,0.25,0.2,0.1,0.25,40,40,0,23,0,23,16,0,0.0,,0.5897435897435898,,59
38,1202836596,0.25,0.2,0.1,0.25,40,40,0,31,0,31,8,0,0.0,,0.7948717948717948,,59
39,1470686181,0.25,0.2,0.1,0.25,40,40,1,33,1,32,6,0,0.030303030303030304,1.0,0.8421052631578947,0.05882352941176471,59
40,689378133,0.25,0.2,0.1,0.25,40,40,2,30,2,28,9,0,0.06666666666666667,1.0,0.7567567567567568,0.125,59
41,774792336,0.25,0.2,0.1,0.25,40,40,3,26,2,24,12,1,0.07692307692307693,0.6666666666666666,0.6666666666666666,0.13793103448275862,59
42,1882645000,0.25,0.2,0.1,0.25,40,40,1,31,1,30,8,0,0.03225806451612903,1.0,0.7894736842105263,0.0625,59
43,1810461477,0.25,0.2,0.1,0.25,40,40,2,30,2,28,9,0,0.06666666666666667,1.0,0.7567567567567568,0.125,59
44,669891778,0.25,0.2,0.1,0.25,40,40,0,30,0,30,9,0,0.0,,0.7692307692307693,,59
45,275709421,0.25,0.2,0.1,0.25,40,40,1,33,1,32,6,0,0.030303030303030304,1.0,0.8421052631578947,0.05882352941176471,59
46,724208258,0.25,0.2,0.1,0.25,40,40,2,31,2,29,8,0,0.06451612903225806,1.0,0.7837837837837838,0.12121212121212122,59
47,1633712760,0.25,0.2,0.1,0.25,40,40,1,27,1,26,12,0,0.037037037037037035,1.0,0.6842105263157895,0.07142857142857142,59
48,2143588690,0.25,0.2,0.1,0.25,40,40,2,30,1,29,8,1,0.03333333333333333,0.5,0.7837837837837838,0.0625,59
49,11569474,0.25,0.2,0.1,0.25,40,40,0,30,0,30,9,0,0.0,,0.7692307692307693,,59
0,613721649,0.25,0.2,0.2,0.0,20,20,2,0,0,0,17,2,,0.0,0.0,,60
1,107462092,0.25,0.2,0.2,0.0,20,20,0,0,0,0,19,0,,,0.0,,60
2,82879882,0.25,0.2,0.2,0.0,20,20,1,0,0,0,18,1,,0.0,0.0,,60
3,105965524,0.25,0.2,0.2,0.0,20,20,3,1,1,0,16,2,1.0,0.3333333333333333,0.0,0.5,60
4,735850725,0.25,0.2,0.2,0.0,20,20,2,0,0,0,17,2,,0.0,0.0,,60
5,1572138230,0.25,0.2,0.2,0.0,20,20,1,0,0,0,18,1,,0.0,0.0,,60
6,1937622984,0.25,0.2,0.2,0.0,20,20,0,0,0,0,19,0,,,0.0,,60
7,272955934,0.25,0.2,0.2,0.0,20,20,0,0,0,0,19,0,,,0.0,,60
8,2095174141,0.25,0.2,0.2,0.0,20,20,0,0,0,0,19,0,,,0.0,,60
9,1794952710,0.25,0.2,0.2,0.0,20,20,0,0,0,0,19,0,,,0.0,,60
10,755542385,0.25,0.2,0.2,0.0,20,20,2,0,0,0,17,2,,0.0,0.0,,60
11,625525674,0.25,0.2,0.2,0.0,20,20,0,0,0,0,19,0,,,0.0,,60
12,563301004,0.25,0.2,0.2,0.0,20,20,1,1,1,0,18,0,1.0,1.0,0.0,1.0,60
13,1803429312,0.25,0.2,0.2,0.0,20,20,0,1,0,1,18,0,0.0,,0.05263157894736842,,60
14,1302629981,0.25,0.2,0.2,0.0,20,20,1,0,0,0,18,1,,0.0,0.0,,60
15,1822488950,0.25,0.2,0.2,0.0,20,20,1,0,0,0,18,1,,0.0,0.0,,60
16,423743875,0.25,0.2,0.2,0.0,20,20,2,1,1,0,17,1,1.0,0.5,0.0,0.6666666666666666,60
17,588200921,0.25,0.2,0.2,0.0,20,20,4,1,1,0,15,3,1.0,0.25,0.0,0.4,60
18,1119912482,0.25,0.2,0.2,0.0,20,20,0,0,0,0,19,0,,,0.0,,60
19,920595437,0.25,0.2,0.2,0.0,20,20,0,0,0,0,19,0,,,0.0,,60
20,1961112593,0.25,0.2,0.2,0.0,20,20,0,0,0,0,19,0,,,0.0,,60
21,592160953,0.25,0.2,0.2,0.0,20,20,0,0,0,0,19,0,,,0.0,,60
22,874827438,0.25,0.2,0.2,0.0,20,20,0,0,0,0,19,0,,,0.0,,60
23,309022179,0.25,0.2,0.2,0.0,20,20,2,1,1,0,17,1,1.0,0.5,0.0,0.6666666666666666,60
24,1139390948,0.25,0.2,0.2,0.0,20,20,3,0,0,0,16,3,,0.0,0.0,,60
25,2028266245,0.25,0.2,0.2,0.0,20,20,1,1,1,0,18,0,1.0,1.0,0.0,1.0,60
26,1714327380,0.25,0.2,0.2,0.0,20,20,1,0,0,0,18,1,,0.0,0.0,,60
27,1932885779,0.25,0.2,0.2,0.0,20,20,1,0,0,0,18,1,,0.0,0.0,,60
28,2024803981,0.25,0.2,0.2,0.0,20,20,1,0,0,0,18,1,,0.0,0.0,,60
29,360150464,0.25,0.2,0.2,0.0,20,20,1,0,0,0,18,1,,0.0,0.0,,60
30,1112356617,0.25,0.2,0.2,0.0,20,20,1,0,0,0,18,1,,0.0,0.0,,60
31,380904793,0.25,0.2,0.2,0.0,20,20,3,1,1,0,16,2,1.0,0.3333333333333333,0.0,0.5,60
32,1686416673,0.25,0.2,0.2,0.0,20,20,0,0,0,0,19,0,,,0.0,,60
33,2042472462,0.25,0.2,0.2,0.0,20,20,2,0,0,0,17,2,,0.0,0.0,,60
34,1626381342,0.25,0.2,0.2,0.0,20,20,1,1,1,0,18,0,1.0,1.0,0.0,1.0,60
35,214092424,0.25,0.2,0.2,0.0,20,20,0,0,0,0,19,0,,,0.0,,60
36,747593906,0.25,0.2,0.2,0.0,20,20,1,1,1,0,18,0,1.0,1.0,0.0,1.0,60
37,657139815,0.25,0.2,0.2,0.0,20,20,1,0,0,0,18,1,,0.0,0.0,,60
38,1455349859,0.25,0.2,0.2,0.0,20,20,1,0,0,0,18,1,,0.0,0.0,,60
39,2089173440,0.25,0.2,0.2,0.0,20,20,1,2,1,1,17,0,0.5,1.0,0.05555555555555555,0.6666666666666666,60
40,1434250090,0.25,0.2,0.2,0.0,20,20,1,1,1,0,18,0,1.0,1.0,0.0,1.0,60
41,482907824,0.25,0.2,0.2,0.0,20,20,2,0,0,0,17,2,,0.0,0.0,,60
42,322531346,0.25,0.2,0.2,0.0,20,20,0,0,0,0,19,0,,,0.0,,60
43,1064722394,0.25,0.2,0.2,0.0,20,20,1,0,0,0,18,1,,0.0,0.0,,60
44,1019163615,0.25,0.2,0.2,0.0,20,20,1,0,0,0,18,1,,0.0,0.0,,60
45,96551860,0.25,0.2,0.2,0.0,20,20,2,1,0,1,16,2,0.0,0.0,0.058823529411764705,0.0,60
46,755329586,0.25,0.2,0.2,0.0,20,20,2,0,0,0,17,2,,0.0,0.0,,60
47,659823042,0.25,0.2,0.2,0.0,20,20,1,0,0,0,18,1,,0.0,0.0,,60
48,690930651,0.25,0.2,0.2,0.0,20,20,0,0,0,0,19,0,,,0.0,,60
49,1067944182,0.25,0.2,0.2,0.0,20,20,1,0,0,0,18,1,,0.0,0.0,,60
0,1615701962,0.25,0.2,0.2,0.0,40,40,2,0,0,0,37,2,,0.0,0.0,,61
1,1030097598,0.25,0.2,0.2,0.0,40,40,1,0,0,0,38,1,,0.0,0.0,,61
2,457864853,0.25,0.2,0.2,0.0,40,40,0,0,0,0,39,0,,,0.0,,61
3,1759423690,0.25,0.2,0.2,0.0,40,40,3,0,0,0,36,3,,0.0,0.0,,61
4,457483979,0.25,0.2,0.2,0.0,40,40,0,0,0,0,39,0,,,0.0,,61
5,85861428,0.25,0.2,0.2,0.0,40,40,2,1,1,0,37,1,1.0,0.5,0.0,0.6666666666666666,61
6,1873591912,0.25,0.2,0.2,0.0,40,40,1,1,1,0,38,0,1.0,1.0,0.0,1.0,61
7,950311189,0.25,0.2,0.2,0.0,40,40,1,1,0,1,37,1,0.0,0.0,0.02631578947368421,0.0,61
8,2080878355,0.25,0.2,0.2,0.0,40,40,4,1,1,0,35,3,1.0,0.25,0.0,0.4,61
9,458232967,0.25,0.2,0.2,0.0,40,40,1,0,0,0,38,1,,0.0,0.0,,61
10,1238159159,0.25,0.2,0.2,0.0,40,40,1,0,0,0,38,1,,0.0,0.0,,61
11,958571093,0.25,0.2,0.2,0.0,40,40,0,0,0,0,39,0,,,0.0,,61
12,73720382,0.25,0.2,0.2,0.0,40,40,1,0,0,0,38,1,,0.0,0.0,,61
13,1621939767,0.25,0.2,0.2,0.0,40,40,1,1,1,0,38,0,1.0,1.0,0.0,1.0,61
14,748334940,0.25,0.2,0.2,0.0,40,40,0,0,0,0,39,0,,,0.0,,61
15,905587622,0.25,0.2,0.2,0.0,40,40,1,0,0,0,38,1,,0.0,0.0,,61
16,587393743,0.25,0.2,0.2,0.0,40,40,1,2,1,1,37,0,0.5,1.0,0.02631578947368421,0.6666666666666666,61
17,608373451,0.25,0.2,0.2,0.0,40,40,1,1,1,0,38,0,1.0,1.0,0.0,1.0,61
18,575616796,0.25,0.2,0.2,0.0,40,40,1,0,0,0,38,1,,0.0,0.0,,61
19,2120547709,0.25,0.2,0.2,0.0,40,40,1,0,0,0,38,1,,0.0,0.0,,61
20,1216070488,0.25,0.2,0.2,0.0,40,40,2,0,0,0,37,2,,0.0,0.0,,61
21,1992608725,0.25,0.2,0.2,0.0,40,40,0,0,0,0,39,0,,,0.0,,61
22,1224612337,0.25,0.2,0.2,0.0,40,40,2,1,1,0,37,1,1.0,0.5,0.0,0.6666666666666666,61
23,1253129723,0.25,0.2,0.2,0.0,40,40,0,0,0,0,39,0,,,0.0,,61
24,1869235052,0.25,0.2,0.2,0.0,40,40,1,0,0,0,38,1,,0.0,0.0,,61
25,461617142,0.25,0.2,0.2,0.0,40,40,1,2,1,1,37,0,0.5,1.0,0.02631578947368421,0.6666666666666666,61
26,808566490,0.25,0.2,0.2,0.0,40,40,2,0,0,0,37,2,,0.0,0.0,,61
27,89532128,0.25,0.2,0.2,0.0,40,40,1,1,1,0,38,0,1.0,1.0,0.0,1.0,61
28,130866435,0.25,0.2,0.2,0.0,40,40,0,0,0,0,39,0,,,0.0,,61
29,1960194209,0.25,0.2,0.2,0.0,40,40,3,2,2,0,36,1,1.0,0.6666666666666666,0.0,0.8,61
30,273106753,0.25,0.2,0.2,0.0,40,40,1,0,0,0,38,1,,0.0,0.0,,61
31,601205129,0.25,0.2,0.2,0.0,40,40,1,0,0,0,38,1,,0.0,0.0,,61
32,704293754,0.25,0.2,0.2,0.0,40,40,1,1,1,0,38,0,1.0,1.0,0.0,1.0,61
33,902772570,0.25,0.2,0.2,0.0,40,40,1,0,0,0,38,1,,0.0,0.0,,61
34,395241203,0.25,0.2,0.2,0.0,40,40,1,1,1,0,38,0,1.0,1.0,0.0,1.0,61
35,362270852,0.25,0.2,0.2,0.0,40,40,4,1,1,0,35,3,1.0,0.25,0.0,0.4,61
36,1672445640,0.25,0.2,0.2,0.0,40,40,1,1,0,1,37,1,0.0,0.0,0.02631578947368421,0.0,61
37,1787935707,0.25,0.2,0.2,0.0,40,40,0,0,0,0,39,0,,,0.0,,61
38,706909775,0.25,0.2,0.2,0.0,40,40,0,0,0,0,39,0,,,0.0,,61
39,550364557,0.25,0.2,0.2,0.0,40,40,3,0,0,0,36,3,,0.0,0.0,,61
40,1178042681,0.25,0.2,0.2,0.0,40,40,0,0,0,0,39,0,,,0.0,,61
41,1435095736,0.25,0.2,0.2,0.0,40,40,1,0,0,0,38,1,,0.0,0.0,,61
42,513287264,0.25,0.2,0.2,0.0,40,40,2,1,1,0,37,1,1.0,0.5,0.0,0.6666666666666666,61
43,778470739,0.25,0.2,0.2,0.0,40,40,1,1,1,0,38,0,1.0,1.0,0.0,1.0,61
44,2102323038,0.25,0.2,0.2,0.0,40,40,3,0,0,0,36,3,,0.0,0.0,,61
45,1748482808,0.25,0.2,0.2,0.0,40,40,2,0,0,0,37,2,,0.0,0.0,,61
46,758474270,0.25,0.2,0.2,0.0,40,40,0,1,0,1,38,0,0.0,,0.02564102564102564,,61
47,1396868178,0.25,0.2,0.2,0.0,40,40,4,3,3,0,35,1,1.0,0.75,0.0,0.8571428571428571,61
48,352227099,0.25,0.2,0.2,0.0,40,40,2,2,1,1,36,1,0.5,0.5,0.02702702702702703,0.5,61
49,990251128,0.25,0.2,0.2,0.0,40,40,2,1,0,1,36,2,0.0,0.0,0.02702702702702703,0.0,61
0,1230754156,0.25,0.2,0.2,0.1,20,20,0,2,0,2,17,0,0.0,,0.10526315789473684,,62
1,1829288448,0.25,0.2,0.2,0.1,20,20,1,2,0,2,16,1,0.0,0.0,0.1111111111111111,0.0,62
2,1712390360,0.25,0.2,0.2,0.1,20,20,2,3,0,3,14,2,0.0,0.0,0.17647058823529413,0.0,62
3,297794720,0.25,0.2,0.2,0.1,20,20,0,2,0,2,17,0,0.0,,0.10526315789473684,,62
4,723980238,0.25,0.2,0.2,0.1,20,20,0,1,0,1,18,0,0.0,,0.05263157894736842,,62
5,1512038860,0.25,0.2,0.2,0.1,20,20,1,0,0,0,18,1,,0.0,0.0,,62
6,1714668434,0.25,0.2,0.2,0.1,20,20,2,0,0,0,17,2,,0.0,0.0,,62
7,392486215,0.25,0.2,0.2,0.1,20,20,0,4,0,4,15,0,0.0,,0.21052631578947367,,62
8,1671427325,0.25,0.2,0.2,0.1,20,20,1,2,1,1,17,0,0.5,1.0,0.05555555555555555,0.6666666666666666,62
9,510600508,0.25,0.2,0.2,0.1,20,20,1,1,1,0,18,0,1.0,1.0,0.0,1.0,62
10,393517865,0.25,0.2,0.2,0.1,20,20,0,3,0,3,16,0,0.0,,0.15789473684210525,,62
11,1523449257,0.25,0.2,0.2,0.1,20,20,2,2,0,2,15,2,0.0,0.0,0.11764705882352941,0.0,62
12,513876146,0.25,0.2,0.2,0.1,20,20,1,0,0,0,18,1,,0.0,0.0,,62
13,1590617909,0.25,0.2,0.2,0.1,20,20,0,0,0,0,19,0,,,0.0,,62
14,1940265035,0.25,0.2,0.2,0.1,20,20,3,3,0,3,13,3,0.0,0.0,0.1875,0.0,62
15,1816672976,0.25,0.2,0.2,0.1,20,20,0,4,0,4,15,0,0.0,,0.21052631578947367,,62
16,326663692,0.25,0.2,0.2,0.1,20,20,1,2,1,1,17,0,0.5,1.0,0.05555555555555555,0.6666666666666666,62
17,76429379,0.25,0.2,0.2,0.1,20,20,1,1,0,1,17,1,0.0,0.0,0.05555555555555555,0.0,62
18,1156744468,0.25,0.2,0.2,0.1,20,20,0,0,0,0,19,0,,,0.0,,62
19,1856406406,0.25,0.2,0.2,0.1,20,20,1,1,0,1,17,1,0.0,0.0,0.05555555555555555,0.0,62
20,1202720251,0.25,0.2,0.2,0.1,20,20,0,1,0,1,18,0,0.0,,0.05263157894736842,,62
21,824397892,0.25,0.2,0.2,0.1,20,20,1,0,0,0,18,1,,0.0,0.0,,62
22,479566676,0.25,0.2,0.2,0.1,20,20,1,1,0,1,17,1,0.0,0.0,0.05555555555555555,0.0,62
23,335373799,0.25,0.2,0.2,0.1,20,20,1,0,0,0,18,1,,0.0,0.0,,62
24,858803140,0.25,0.2,0.2,0.1,20,20,1,0,0,0,18,1,,0.0,0.0,,62
25,809632100,0.25,0.2,0.2,0.1,20,20,3,4,2,2,14,1,0.5,0.6666666666666666,0.125,0.5714285714285715,62
26,1398306302,0.25,0.2,0.2,0.1,20,20,1,0,0,0,18,1,,0.0,0.0,,62
27,1433940294,0.25,0.2,0.2,0.1,20,20,0,0,0,0,19,0,,,0.0,,62
28,2015676860,0.25,0.2,0.2,0.1,20,20,2,2,1,1,16,1,0.5,0.5,0.058823529411764705,0.5,62
29,68529439,0.25,0.2,0.2,0.1,20,20,3,0,0,0,16,3,,0.0,0.0,,62
30,203666231,0.25,0.2,0.2,0.1,20,20,2,4,0,4,13,2,0.0,0.0,0.23529411764705882,0.0,62
31,35496643,0.25,0.2,0.2,0.1,20,20,0,0,0,0,19,0,,,0.0,,62
32,1460066763,0.25,0.2,0.2,0.1,20,20,2,2,0,2,15,2,0.0,0.0,0.11764705882352941,0.0,62
33,889774925,0.25,0.2,0.2,0.1,20,20,0,0,0,0,19,0,,,0.0,,62
34,1200691064,0.25,0.2,0.2,0.1,20,20,1,1,0,1,17,1,0.0,0.0,0.05555555555555555,0.0,62
35,1771184135,0.25,0.2,0.2,0.1,20,20,1,2,0,2,16,1,0.0,0.0,0.1111111111111111,0.0,62
36,242331329,0.25,0.2,0.2,0.1,20,20,2,4,2,2,15,0,0.5,1.0,0.11764705882352941,0.6666666666666666,62
37,1490275325,0.25,0.2,0.2,0.1,20,20,0,1,0,1,18,0,0.0,,0.05263157894736842,,62
38,1030621615,0.25,0.2,0.2,0.1,20,20,0,3,0,3,16,0,0.0,,0.15789473684210525,,62
39,1899624558,0.25,0.2,0.2,0.1,20,20,1,4,1,3,15,0,0.25,1.0,0.16666666666666666,0.4,62
40,450996770,0.25,0.2,0.2,0.1,20,20,1,0,0,0,18,1,,0.0,0.0,,62
41,6314888,0.25,0.2,0.2,0.1,20,20,2,1,0,1,16,2,0.0,0.0,0.058823529411764705,0.0,62
42,1024159973,0.25,0.2,0.2,0.1,20,20,1,2,1,1,17,0,0.5,1.0,0.05555555555555555,0.6666666666666666,62
43,2088734595,0.25,0.2,0.2,0.1,20,20,1,1,1,0,18,0,1.0,1.0,0.0,1.0,62
44,762422547,0.25,0.2,0.2,0.1,20,20,3,0,0,0,16,3,,0.0,0.0,,62
45,528577678,0.25,0.2,0.2,0.1,20,20,1,1,0,1,17,1,0.0,0.0,0.05555555555555555,0.0,62
46,589349277,0.25,0.2,0.2,0.1,20,20,0,2,0,2,17,0,0.0,,0.10526315789473684,,62
47,73913691,0.25,0.2,0.2,0.1,20,20,0,0,0,0,19,0,,,0.0,,62
48,270948465,0.25,0.2,0.2,0.1,20,20,1,1,1,0,18,0,1.0,1.0,0.0,1.0,62
49,2127514462,0.25,0.2,0.2,0.1,20,20,2,3,0,3,14,2,0.0,0.0,0.17647058823529413,0.0,62
0,842692735,0.25,0.2,0.2,0.1,40,40,0,10,0,10,29,0,0.0,,0.2564102564102564,,63
1,1632388407,0.25,0.2,0.2,0.1,40,40,2,7,0,7,30,2,0.0,0.0,0.1891891891891892,0.0,63
2,1917263754,0.25,0.2,0.2,0.1,40,40,0,9,0,9,30,0,0.0,,0.23076923076923078,,63
3,1526041411,0.25,0.2,0.2,0.1,40,40,1,6,0,6,32,1,0.0,0.0,0.15789473684210525,0.0,63
4,1016825384,0.25,0.2,0.2,0.1,40,40,1,5,0,5,33,1,0.0,0.0,0.13157894736842105,0.0,63
5,516097527,0.25,0.2,0.2,0.1,40,40,1,11,1,10,28,0,0.09090909090909091,1.0,0.2631578947368421,0.16666666666666669,63
6,219776013,0.25,0.2,0.2,0.1,40,40,1,5,1,4,34,0,0.2,1.0,0.10526315789473684,0.33333333333333337,63
7,2022374891,0.25,0.2,0.2,0.1,40,40,1,2,0,2,36,1,0.0,0.0,0.05263157894736842,0.0,63
8,1948680323,0.25,0.2,0.2,0.1,40,40,2,9,0,9,28,2,0.0,0.0,0.24324324324324326,0.0,63
9,2104432672,0.25,0.2,0.2,0.1,40,40,1,5,0,5,33,1,0.0,0.0,0.13157894736842105,0.0,63
10,1397290689,0.25,0.2,0.2,0.1,40,40,0,9,0,9,30,0,0.0,,0.23076923076923078,,63
11,309474462,0.25,0.2,0.2,0.1,40,40,0,11,0,11,28,0,0.0,,0.28205128205128205,,63
12,278826299,0.25,0.2,0.2,0.1,40,40,3,8,2,6,30,1,0.25,0.6666666666666666,0.16666666666666666,0.36363636363636365,63
13,798062736,0.25,0.2,0.2,0.1,40,40,0,9,0,9,30,0,0.0,,0.23076923076923078,,63
14,1404174407,0.25,0.2,0.2,0.1,40,40,1,3,0,3,35,1,0.0,0.0,0.07894736842105263,0.0,63
15,690976806,0.25,0.2,0.2,0.1,40,40,0,9,0,9,30,0,0.0,,0.23076923076923078,,63
16,1973463011,0.25,0.2,0.2,0.1,40,40,4,9,1,8,27,3,0.1111111111111111,0.25,0.22857142857142856,0.15384615384615383,63
17,297593799,0.25,0.2,0.2,0.1,40,40,1,9,1,8,30,0,0.1111111111111111,1.0,0.21052631578947367,0.19999999999999998,63
18,1214934277,0.25,0.2,0.2,0.1,40,40,1,6,1,5,33,0,0.16666666666666666,1.0,0.13157894736842105,0.2857142857142857,63
19,1514510742,0.25,0.2,0.2,0.1,40,40,1,6,1,5,33,0,0.16666666666666666,1.0,0.13157894736842105,0.2857142857142857,63
20,2012692185,0.25,0.2,0.2,0.1,40,40,0,6,0,6,33,0,0.0,,0.15384615384615385,,63
21,70729380,0.25,0.2,0.2,0.1,40,40,2,9,0,9,28,2,0.0,0.0,0.24324324324324326,0.0,63
22,2038594104,0.25,0.2,0.2,0.1,40,40,0,5,0,5,34,0,0.0,,0.1282051282051282,,63
23,996063307,0.25,0.2,0.2,0.1,40,40,1,6,0,6,32,1,0.0,0.0,0.15789473684210525,0.0,63
24,1907773232,0.25,0.2,0.2,0.1,40,40,1,7,1,6,32,0,0.14285714285714285,1.0,0.15789473684210525,0.25,63
25,2067874,0.25,0.2,0.2,0.1,40,40,1,8,0,8,30,1,0.0,0.0,0.21052631578947367,0.0,63
26,2065891091,0.25,0.2,0.2,0.1,40,40,0,8,0,8,31,0,0.0,,0.20512820512820512,,63
27,2008133711,0.25,0.2,0.2,0.1,40,40,0,7,0,7,32,0,0.0,,0.1794871794871795,,63
28,1483594412,0.25,0.2,0.2,0.1,40,40,0,12,0,12,27,0,0.0,,0.3076923076923077,,63
29,1816662280,0.25,0.2,0.2,0.1,40,40,1,5,0,5,33,1,0.0,0.0,0.13157894736842105,0.0,63
30,208424288,0.25,0.2,0.2,0.1,40,40,1,6,0,6,32,1,0.0,0.0,0.15789473684210525,0.0,63
31,184380128,0.25,0.2,0.2,0.1,40,40,1,6,0,6,32,1,0.0,0.0,0.15789473684210525,0.0,63
32,1654597847,0.25,0.2,0.2,0.1,40,40,1,4,0,4,34,1,0.0,0.0,0.10526315789473684,0.0,63
33,1285188682,0.25,0.2,0.2,0.1,40,40,0,4,0,4,35,0,0.0,,0.10256410256410256,,63
34,1108952012,0.25,0.2,0.2,0.1,40,40,2,9,1,8,29,1,0.1111111111111111,0.5,0.21621621621621623,0.1818181818181818,63
35,929944485,0.25,0.2,0.2,0.1,40,40,0,8,0,8,31,0,0.0,,0.20512820512820512,,63
36,1217640204,0.25,0.2,0.2,0.1,40,40,2,8,1,7,30,1,0.125,0.5,0.1891891891891892,0.2,63
37,229120354,0.25,0.2,0.2,0.1,40,40,0,2,0,2,37,0,0.0,,0.05128205128205128,,63
38,1464221150,0.25,0.2,0.2,0.1,40,40,2,4,1,3,34,1,0.25,0.5,0.08108108108108109,0.3333333333333333,63
39,1145990261,0.25,0.2,0.2,0.1,40,40,1,6,0,6,32,1,0.0,0.0,0.15789473684210525,0.0,63
40,93968880,0.25,0.2,0.2,0.1,40,40,2,10,1,9,28,1,0.1,0.5,0.24324324324324326,0.16666666666666669,63
41,1230045451,0.25,0.2,0.2,0.1,40,40,1,7,0,7,31,1,0.0,0.0,0.18421052631578946,0.0,63
42,298255094,0.25,0.2,0.2,0.1,40,40,2,6,2,4,33,0,0.3333333333333333,1.0,0.10810810810810811,0.5,63
43,852169156,0.25,0.2,0.2,0.1,40,40,0,8,0,8,31,0,0.0,,0.20512820512820512,,63
44,1785763132,0.25,0.2,0.2,0.1,40,40,2,12,1,11,26,1,0.08333333333333333,0.5,0.2972972972972973,0.14285714285714285,63
45,2101602651,0.25,0.2,0.2,0.1,40,40,0,7,0,7,32,0,0.0,,0.1794871794871795,,63
46,739603017,0.25,0.2,0.2,0.1,40,40,1,12,0,12,26,1,0.0,0.0,0.3157894736842105,0.0,63
47,728176233,0.25,0.2,0.2,0.1,40,40,1,10,1,9,29,0,0.1,1.0,0.23684210526315788,0.18181818181818182,63
48,422572492,0.25,0.2,0.2,0.1,40,40,0,10,0,10,29,0,0.0,,0.2564102564102564,,63
49,1421232608,0.25,0.2,0.2,0.1,40,40,2,7,1,6,31,1,0.14285714285714285,0.5,0.16216216216216217,0.22222222222222224,63
0,1909353424,0.25,0.2,0.2,0.25,20,20,1,9,1,8,10,0,0.1111111111111111,1.0,0.4444444444444444,0.19999999999999998,64
1,1173054162,0.25,0.2,0.2,0.25,20,20,2,3,0,3,14,2,0.0,0.0,0.17647058823529413,0.0,64
2,307085596,0.25,0.2,0.2,0.25,20,20,2,7,1,6,11,1,0.14285714285714285,0.5,0.35294117647058826,0.22222222222222224,64
3,1776253363,0.25,0.2,0.2,0.25,20,20,0,10,0,10,9,0,0.0,,0.5263157894736842,,64
4,1752490327,0.25,0.2,0.2,0.25,20,20,1,11,1,10,8,0,0.09090909090909091,1.0,0.5555555555555556,0.16666666666666669,64
5,1592027807,0.25,0.2,0.2,0.25,20,20,1,14,1,13,5,0,0.07142857142857142,1.0,0.7222222222222222,0.13333333333333333,64
6,1610992766,0.25,0.2,0.2,0.25,20,20,1,6,0,6,12,1,0.0,0.0,0.3333333333333333,0.0,64
7,1327169313,0.25,0.2,0.2,0.25,20,20,5,3,1,2,12,4,0.3333333333333333,0.2,0.14285714285714285,0.25,64
8,1269876242,0.25,0.2,0.2,0.25,20,20,1,13,0,13,5,1,0.0,0.0,0.7222222222222222,0.0,64
9,364287192,0.25,0.2,0.2,0.25,20,20,2,8,1,7,10,1,0.125,0.5,0.4117647058823529,0.2,64
10,97801470,0.25,0.2,0.2,0.25,20,20,1,8,0,8,10,1,0.0,0.0,0.4444444444444444,0.0,64
11,1480060679,0.25,0.2,0.2,0.25,20,20,0,3,0,3,16,0,0.0,,0.15789473684210525,,64
12,159576722,0.25,0.2,0.2,0.25,20,20,0,5,0,5,14,0,0.0,,0.2631578947368421,,64
13,2111270186,0.25,0.2,0.2,0.25,20,20,1,9,0,9,9,1,0.0,0.0,0.5,0.0,64
14,980434920,0.25,0.2,0.2,0.25,20,20,1,6,0,6,12,1,0.0,0.0,0.3333333333333333,0.0,64
15,1451998465,0.25,0.2,0.2,0.25,20,20,3,6,1,5,11,2,0.16666666666666666,0.3333333333333333,0.3125,0.2222222222222222,64
16,205229018,0.25,0.2,0.2,0.25,20,20,2,10,1,9,8,1,0.1,0.5,0.5294117647058824,0.16666666666666669,64
17,438327695,0.25,0.2,0.2,0.25,20,20,0,6,0,6,13,0,0.0,,0.3157894736842105,,64
18,1079940069,0.25,0.2,0.2,0.25,20,20,2,9,1,8,9,1,0.1111111111111111,0.5,0.47058823529411764,0.1818181818181818,64
19,1363245138,0.25,0.2,0.2,0.25,20,20,3,9,0,9,7,3,0.0,0.0,0.5625,0.0,64
20,1113946482,0.25,0.2,0.2,0.25,20,20,2,5,0,5,12,2,0.0,0.0,0.29411764705882354,0.0,64
21,451142502,0.25,0.2,0.2,0.25,20,20,2,8,0,8,9,2,0.0,0.0,0.47058823529411764,0.0,64
22,2014417796,0.25,0.2,0.2,0.25,20,20,1,10,1,9,9,0,0.1,1.0,0.5,0.18181818181818182,64
23,619539753,0.25,0.2,0.2,0.25,20,20,1,10,0,10,8,1,0.0,0.0,0.5555555555555556,0.0,64
24,1110328350,0.25,0.2,0.2,0.25,20,20,2,10,0,10,7,2,0.0,0.0,0.5882352941176471,0.0,64
25,1189868952,0.25,0.2,0.2,0.25,20,20,0,10,0,10,9,0,0.0,,0.5263157894736842,,64
26,480791402,0.25,0.2,0.2,0.25,20,20,0,10,0,10,9,0,0.0,,0.5263157894736842,,64
27,700947564,0.25,0.2,0.2,0.25,20,20,1,4,0,4,14,1,0.0,0.0,0.2222222222222222,0.0,64
28,1676856523,0.25,0.2,0.2,0.25,20,20,0,4,0,4,15,0,0.0,,0.21052631578947367,,64
29,772704425,0.25,0.2,0.2,0.25,20,20,1,11,1,10,8,0,0.09090909090909091,1.0,0.5555555555555556,0.16666666666666669,64
30,1897076668,0.25,0.2,0.2,0.25,20,20,3,11,1,10,6,2,0.09090909090909091,0.3333333333333333,0.625,0.14285714285714288,64
31,940926639,0.25,0.2,0.2,0.25,20,20,1,4,0,4,14,1,0.0,0.0,0.2222222222222222,0.0,64
32,1714411184,0.25,0.2,0.2,0.25,20,20,1,6,0,6,12,1,0.0,0.0,0.3333333333333333,0.0,64
33,1167181019,0.25,0.2,0.2,0.25,20,20,1,10,0,10,8,1,0.0,0.0,0.5555555555555556,0.0,64
34,1426983001,0.25,0.2,0.2,0.25,20,20,2,7,1,6,11,1,0.14285714285714285,0.5,0.35294117647058826,0.22222222222222224,64
35,701207065,0.25,0.2,0.2,0.25,20,20,0,11,0,11,8,0,0.0,,0.5789473684210527,,64
36,162916205,0.25,0.2,0.2,0.25,20,20,2,10,1,9,8,1,0.1,0.5,0.5294117647058824,0.16666666666666669,64
37,957486536,0.25,0.2,0.2,0.25,20,20,1,6,1,5,13,0,0.16666666666666666,1.0,0.2777777777777778,0.2857142857142857,64
38,484951769,0.25,0.2,0.2,0.25,20,20,1,12,1,11,7,0,0.08333333333333333,1.0,0.6111111111111112,0.15384615384615385,64
39,149287979,0.25,0.2,0.2,0.25,20,20,2,9,1,8,9,1,0.1111111111111111,0.5,0.47058823529411764,0.1818181818181818,64
40,55147237,0.25,0.2,0.2,0.25,20,20,2,14,1,13,4,1,0.07142857142857142,0.5,0.7647058823529411,0.125,64
41,2103104401,0.25,0.2,0.2,0.25,20,20,1,11,1,10,8,0,0.09090909090909091,1.0,0.5555555555555556,0.16666666666666669,64
42,557141888,0.25,0.2,0.2,0.25,20,20,2,10,2,8,9,0,0.2,1.0,0.47058823529411764,0.33333333333333337,64
43,1867349780,0.25,0.2,0.2,0.25,20,20,1,12,1,11,7,0,0.08333333333333333,1.0,0.6111111111111112,0.15384615384615385,64
44,998164484,0.25,0.2,0.2,0.25,20,20,3,8,2,6,10,1,0.25,0.6666666666666666,0.375,0.36363636363636365,64
45,804648955,0.25,0.2,0.2,0.25,20,20,2,7,2,5,12,0,0.2857142857142857,1.0,0.29411764705882354,0.4444444444444445,64
46,13267602,0.25,0.2,0.2,0.25,20,20,2,9,1,8,9,1,0.1111111111111111,0.5,0.47058823529411764,0.1818181818181818,64
47,156931183,0.25,0.2,0.2,0.25,20,20,0,7,0,7,12,0,0.0,,0.3684210526315789,,64
48,1205247704,0.25,0.2,0.2,0.25,20,20,0,6,0,6,13,0,0.0,,0.3157894736842105,,64
49,850582813,0.25,0.2,0.2,0.25,20,20,1,8,1,7,11,0,0.125,1.0,0.3888888888888889,0.2222222222222222,64
0,101621317,0.25,0.2,0.2,0.25,40,40,3,22,2,20,16,1,0.09090909090909091,0.6666666666666666,0.5555555555555556,0.16,65
1,1805248528,0.25,0.2,0.2,0.25,40,40,1,21,1,20,18,0,0.047619047619047616,1.0,0.5263157894736842,0.0909090909090909,65
2,468407942,0.25,0.2,0.2,0.25,40,40,0,20,0,20,19,0,0.0,,0.5128205128205128,,65
3,522094121,0.25,0.2,0.2,0.25,40,40,1,18,1,17,21,0,0.05555555555555555,1.0,0.4473684210526316,0.10526315789473684,65
4,214667087,0.25,0.2,0.2,0.25,40,40,0,20,0,20,19,0,0.0,,0.5128205128205128,,65
5,1699852221,0.25,0.2,0.2,0.25,40,40,1,21,1,20,18,0,0.047619047619047616,1.0,0.5263157894736842,0.0909090909090909,65
6,1868995321,0.25,0.2,0.2,0.25,40,40,1,19,1,18,20,0,0.05263157894736842,1.0,0.47368421052631576,0.1,65
7,1045529252,0.25,0.2,0.2,0.25,40,40,2,18,1,17,20,1,0.05555555555555555,0.5,0.4594594594594595,0.09999999999999999,65
8,1694897872,0.25,0.2,0.2,0.25,40,40,2,19,2,17,20,0,0.10526315789473684,1.0,0.4594594594594595,0.1904761904761905,65
9,219071006,0.25,0.2,0.2,0.25,40,40,1,26,1,25,13,0,0.038461538461538464,1.0,0.6578947368421053,0.07407407407407407,65
10,66171367,0.25,0.2,0.2,0.25,40,40,0,24,0,24,15,0,0.0,,0.6153846153846154,,65
11,691196715,0.25,0.2,0.2,0.25,40,40,2,29,2,27,10,0,0.06896551724137931,1.0,0.7297297297297297,0.12903225806451613,65
12,1916134403,0.25,0.2,0.2,0.25,40,40,0,26,0,26,13,0,0.0,,0.6666666666666666,,65
13,1210690794,0.25,0.2,0.2,0.25,40,40,0,19,0,19,20,0,0.0,,0.48717948717948717,,65
14,1620890458,0.25,0.2,0.2,0.25,40,40,1,21,1,20,18,0,0.047619047619047616,1.0,0.5263157894736842,0.0909090909090909,65
15,805276180,0.25,0.2,0.2,0.25,40,40,1,21,1,20,18,0,0.047619047619047616,1.0,0.5263157894736842,0.0909090909090909,65
16,712326074,0.25,0.2,0.2,0.25,40,40,0,21,0,21,18,0,0.0,,0.5384615384615384,,65
17,562380618,0.25,0.2,0.2,0.25,40,40,0,27,0,27,12,0,0.0,,0.6923076923076923,,65
18,1519962785,0.25,0.2,0.2,0.25,40,40,1,15,0,15,23,1,0.0,0.0,0.39473684210526316,0.0,65
19,1284160632,0.25,0.2,0.2,0.25,40,40,1,26,1,25,13,0,0.038461538461538464,1.0,0.6578947368421053,0.07407407407407407,65
20,206781882,0.25,0.2,0.2,0.25,40,40,0,18,0,18,21,0,0.0,,0.46153846153846156,,65
21,614299958,0.25,0.2,0.2,0.25,40,40,0,17,0,17,22,0,0.0,,0.4358974358974359,,65
22,1237378479,0.25,0.2,0.2,0.25,40,40,2,24,1,23,14,1,0.041666666666666664,0.5,0.6216216216216216,0.07692307692307693,65
23,706075690,0.25,0.2,0.2,0.25,40,40,2,17,1,16,21,1,0.058823529411764705,0.5,0.43243243243243246,0.10526315789473684,65
24,519218733,0.25,0.2,0.2,0.25,40,40,1,22,1,21,17,0,0.045454545454545456,1.0,0.5526315789473685,0.08695652173913045,65
25,698265641,0.25,0.2,0.2,0.25,40,40,1,22,1,21,17,0,0.045454545454545456,1.0,0.5526315789473685,0.08695652173913045,65
26,133965484,0.25,0.2,0.2,0.25,40,40,1,25,1,24,14,0,0.04,1.0,0.631578947368421,0.07692307692307693,65
27,993603297,0.25,0.2,0.2,0.25,40,40,0,24,0,24,15,0,0.0,,0.6153846153846154,,65
28,29120300,0.25,0.2,0.2,0.25,40,40,1,18,1,17,21,0,0.05555555555555555,1.0,0.4473684210526316,0.10526315789473684,65
29,917638141,0.25,0.2,0.2,0.25,40,40,1,22,1,21,17,0,0.045454545454545456,1.0,0.5526315789473685,0.08695652173913045,65
30,771039019,0.25,0.2,0.2,0.25,40,40,0,18,0,18,21,0,0.0,,0.46153846153846156,,65
31,1334863391,0.25,0.2,0.2,0.25,40,40,2,22,1,21,16,1,0.045454545454545456,0.5,0.5675675675675675,0.08333333333333334,65
32,403994496,0.25,0.2,0.2,0.25,40,40,1,20,0,20,18,1,0.0,0.0,0.5263157894736842,0.0,65
33,1580785328,0.25,0.2,0.2,0.25,40,40,1,24,1,23,15,0,0.041666666666666664,1.0,0.6052631578947368,0.07999999999999999,65
34,604514462,0.25,0.2,0.2,0.25,40,40,0,26,0,26,13,0,0.0,,0.6666666666666666,,65
35,1626107820,0.25,0.2,0.2,0.25,40,40,1,19,1,18,20,0,0.05263157894736842,1.0,0.47368421052631576,0.1,65
36,912972657,0.25,0.2,0.2,0.25,40,40,2,22,2,20,17,0,0.09090909090909091,1.0,0.5405405405405406,0.16666666666666669,65
37,1132333122,0.25,0.2,0.2,0.25,40,40,0,18,0,18,21,0,0.0,,0.46153846153846156,,65
38,1194952391,0.25,0.2,0.2,0.25,40,40,3,19,1,18,18,2,0.05263157894736842,0.3333333333333333,0.5,0.09090909090909091,65
39,1863546508,0.25,0.2,0.2,0.25,40,40,2,22,1,21,16,1,0.045454545454545456,0.5,0.5675675675675675,0.08333333333333334,65
40,1857119191,0.25,0.2,0.2,0.25,40,40,2,30,1,29,8,1,0.03333333333333333,0.5,0.7837837837837838,0.0625,65
41,983812268,0.25,0.2,0.2,0.25,40,40,4,20,3,17,18,1,0.15,0.75,0.4857142857142857,0.24999999999999997,65
42,624821448,0.25,0.2,0.2,0.25,40,40,4,22,3,19,16,1,0.13636363636363635,0.75,0.5428571428571428,0.23076923076923075,65
43,308214088,0.25,0.2,0.2,0.25,40,40,1,18,1,17,21,0,0.05555555555555555,1.0,0.4473684210526316,0.10526315789473684,65
44,427961624,0.25,0.2,0.2,0.25,40,40,2,20,1,19,18,1,0.05,0.5,0.5135135135135135,0.09090909090909091,65
45,1615163083,0.25,0.2,0.2,0.25,40,40,2,24,0,24,13,2,0.0,0.0,0.6486486486486487,0.0,65
46,1756689546,0.25,0.2,0.2,0.25,40,40,3,25,2,23,13,1,0.08,0.6666666666666666,0.6388888888888888,0.14285714285714285,65
47,2021312231,0.25,0.2,0.2,0.25,40,40,1,25,0,25,13,1,0.0,0.0,0.6578947368421053,0.0,65
48,1600066479,0.25,0.2,0.2,0.25,40,40,2,21,2,19,18,0,0.09523809523809523,1.0,0.5135135135135135,0.17391304347826084,65
49,188944327,0.25,0.2,0.2,0.25,40,40,3,25,2,23,13,1,0.08,0.6666666666666666,0.6388888888888888,0.14285714285714285,65
0,1602561645,0.25,0.2,0.35,0.0,20,20,2,1,1,0,17,1,1.0,0.5,0.0,0.6666666666666666,66
1,1064501390,0.25,0.2,0.35,0.0,20,20,0,0,0,0,19,0,,,0.0,,66
2,1413234875,0.25,0.2,0.35,0.0,20,20,3,0,0,0,16,3,,0.0,0.0,,66
3,1202834513,0.25,0.2,0.35,0.0,20,20,2,0,0,0,17,2,,0.0,0.0,,66
4,289135546,0.25,0.2,0.35,0.0,20,20,0,0,0,0,19,0,,,0.0,,66
5,27718055,0.25,0.2,0.35,0.0,20,20,3,0,0,0,16,3,,0.0,0.0,,66
6,1088171958,0.25,0.2,0.35,0.0,20,20,1,0,0,0,18,1,,0.0,0.0,,66
7,1138150660,0.25,0.2,0.35,0.0,20,20,3,1,0,1,15,3,0.0,0.0,0.0625,0.0,66
8,1297724360,0.25,0.2,0.35,0.0,20,20,1,0,0,0,18,1,,0.0,0.0,,66
9,1271862736,0.25,0.2,0.35,0.0,20,20,0,0,0,0,19,0,,,0.0,,66
10,343156736,0.25,0.2,0.35,0.0,20,20,3,0,0,0,16,3,,0.0,0.0,,66
11,897834466,0.25,0.2,0.35,0.0,20,20,2,0,0,0,17,2,,0.0,0.0,,66
12,1515244603,0.25,0.2,0.35,0.0,20,20,0,0,0,0,19,0,,,0.0,,66
13,1323432374,0.25,0.2,0.35,0.0,20,20,1,0,0,0,18,1,,0.0,0.0,,66
14,793235212,0.25,0.2,0.35,0.0,20,20,1,0,0,0,18,1,,0.0,0.0,,66
15,437125646,0.25,0.2,0.35,0.0,20,20,1,0,0,0,18,1,,0.0,0.0,,66
16,543302761,0.25,0.2,0.35,0.0,20,20,2,1,0,1,16,2,0.0,0.0,0.058823529411764705,0.0,66
17,622319601,0.25,0.2,0.35,0.0,20,20,1,0,0,0,18,1,,0.0,0.0,,66
18,1081718149,0.25,0.2,0.35,0.0,20,20,2,0,0,0,17,2,,0.0,0.0,,66
19,1023703265,0.25,0.2,0.35,0.0,20,20,0,0,0,0,19,0,,,0.0,,66
20,373058276,0.25,0.2,0.35,0.0,20,20,2,0,0,0,17,2,,0.0,0.0,,66
21,2143318147,0.25,0.2,0.35,0.0,20,20,1,1,1,0,18,0,1.0,1.0,0.0,1.0,66
22,1678093964,0.25,0.2,0.35,0.0,20,20,0,0,0,0,19,0,,,0.0,,66
23,1022511349,0.25,0.2,0.35,0.0,20,20,2,0,0,0,17,2,,0.0,0.0,,66
24,608523734,0.25,0.2,0.35,0.0,20,20,1,0,0,0,18,1,,0.0,0.0,,66
25,256791465,0.25,0.2,0.35,0.0,20,20,1,1,1,0,18,0,1.0,1.0,0.0,1.0,66
26,433824970,0.25,0.2,0.35,0.0,20,20,3,1,1,0,16,2,1.0,0.3333333333333333,0.0,0.5,66
27,1771743167,0.25,0.2,0.35,0.0,20,20,1,0,0,0,18,1,,0.0,0.0,,66
28,1211300667,0.25,0.2,0.35,0.0,20,20,1,0,0,0,18,1,,0.0,0.0,,66
29,979131842,0.25,0.2,0.35,0.0,20,20,0,0,0,0,19,0,,,0.0,,66
30,425226473,0.25,0.2,0.35,0.0,20,20,0,0,0,0,19,0,,,0.0,,66
31,1058429482,0.25,0.2,0.35,0.0,20,20,0,0,0,0,19,0,,,0.0,,66
32,1940709176,0.25,0.2,0.35,0.0,20,20,0,0,0,0,19,0,,,0.0,,66
33,1475214587,0.25,0.2,0.35,0.0,20,20,2,0,0,0,17,2,,0.0,0.0,,66
34,1964993160,0.25,0.2,0.35,0.0,20,20,0,0,0,0,19,0,,,0.0,,66
35,1472976858,0.25,0.2,0.35,0.0,20,20,0,0,0,0,19,0,,,0.0,,66
36,390982295,0.25,0.2,0.35,0.0,20,20,0,0,0,0,19,0,,,0.0,,66
37,541242747,0.25,0.2,0.35,0.0,20,20,0,0,0,0,19,0,,,0.0,,66
38,962951647,0.25,0.2,0.35,0.0,20,20,1,0,0,0,18,1,,0.0,0.0,,66
39,322108071,0.25,0.2,0.35,0.0,20,20,0,0,0,0,19,0,,,0.0,,66
40,706896862,0.25,0.2,0.35,0.0,20,20,2,0,0,0,17,2,,0.0,0.0,,66
41,2005797160,0.25,0.2,0.35,0.0,20,20,1,0,0,0,18,1,,0.0,0.0,,66
42,1711280854,0.25,0.2,0.35,0.0,20,20,0,0,0,0,19,0,,,0.0,,66
43,1165154237,0.25,0.2,0.35,0.0,20,20,0,0,0,0,19,0,,,0.0,,66
44,1425761196,0.25,0.2,0.35,0.0,20,20,1,0,0,0,18,1,,0.0,0.0,,66
45,981892398,0.25,0.2,0.35,0.0,20,20,1,0,0,0,18,1,,0.0,0.0,,66
46,1138210548,0.25,0.2,0.35,0.0,20,20,3,0,0,0,16,3,,0.0,0.0,,66
47,1291174033,0.25,0.2,0.35,0.0,20,20,2,1,0,1,16,2,0.0,0.0,0.058823529411764705,0.0,66
48,544568369,0.25,0.2,0.35,0.0,20,20,2,0,0,0,17,2,,0.0,0.0,,66
49,828645345,0.25,0.2,0.35,0.0,20,20,0,0,0,0,19,0,,,0.0,,66
0,1456515319,0.25,0.2,0.35,0.0,40,40,2,0,0,0,37,2,,0.0,0.0,,67
1,1238613980,0.25,0.2,0.35,0.0,40,40,1,1,1,0,38,0,1.0,1.0,0.0,1.0,67
2,1805072479,0.25,0.2,0.35,0.0,40,40,1,0,0,0,38,1,,0.0,0.0,,67
3,1242485422,0.25,0.2,0.35,0.0,40,40,2,1,1,0,37,1,1.0,0.5,0.0,0.6666666666666666,67
4,1349910336,0.25,0.2,0.35,0.0,40,40,0,0,0,0,39,0,,,0.0,,67
5,1765887843,0.25,0.2,0.35,0.0,40,40,1,0,0,0,38,1,,0.0,0.0,,67
6,62542284,0.25,0.2,0.35,0.0,40,40,3,1,0,1,35,3,0.0,0.0,0.027777777777777776,0.0,67
7,1432093997,0.25,0.2,0.35,0.0,40,40,0,0,0,0,39,0,,,0.0,,67
8,187403205,0.25,0.2,0.35,0.0,40,40,2,2,1,1,36,1,0.5,0.5,0.02702702702702703,0.5,67
9,1907622461,0.25,0.2,0.35,0.0,40,40,2,0,0,0,37,2,,0.0,0.0,,67
10,200355365,0.25,0.2,0.35,0.0,40,40,3,0,0,0,36,3,,0.0,0.0,,67
11,638679760,0.25,0.2,0.35,0.0,40,40,1,0,0,0,38,1,,0.0,0.0,,67
12,2097043715,0.25,0.2,0.35,0.0,40,40,2,1,1,0,37,1,1.0,0.5,0.0,0.6666666666666666,67
13,1816943922,0.25,0.2,0.35,0.0,40,40,2,1,1,0,37,1,1.0,0.5,0.0,0.6666666666666666,67
14,174678835,0.25,0.2,0.35,0.0,40,40,0,0,0,0,39,0,,,0.0,,67
15,1810342210,0.25,0.2,0.35,0.0,40,40,1,1,0,1,37,1,0.0,0.0,0.02631578947368421,0.0,67
16,609098654,0.25,0.2,0.35,0.0,40,40,1,0,0,0,38,1,,0.0,0.0,,67
17,399788938,0.25,0.2,0.35,0.0,40,40,2,1,1,0,37,1,1.0,0.5,0.0,0.6666666666666666,67
18,326282818,0.25,0.2,0.35,0.0,40,40,0,0,0,0,39,0,,,0.0,,67
19,1516489337,0.25,0.2,0.35,0.0,40,40,1,0,0,0,38,1,,0.0,0.0,,67
20,2006625487,0.25,0.2,0.35,0.0,40,40,2,0,0,0,37,2,,0.0,0.0,,67
21,232453941,0.25,0.2,0.35,0.0,40,40,1,1,1,0,38,0,1.0,1.0,0.0,1.0,67
22,2010825769,0.25,0.2,0.35,0.0,40,40,2,1,0,1,36,2,0.0,0.0,0.02702702702702703,0.0,67
23,1539929637,0.25,0.2,0.35,0.0,40,40,2,0,0,0,37,2,,0.0,0.0,,67
24,1918757937,0.25,0.2,0.35,0.0,40,40,0,0,0,0,39,0,,,0.0,,67
25,1627814704,0.25,0.2,0.35,0.0,40,40,0,0,0,0,39,0,,,0.0,,67
26,1595148368,0.25,0.2,0.35,0.0,40,40,1,1,1,0,38,0,1.0,1.0,0.0,1.0,67
27,1605826125,0.25,0.2,0.35,0.0,40,40,0,0,0,0,39,0,,,0.0,,67
28,1368878394,0.25,0.2,0.35,0.0,40,40,3,0,0,0,36,3,,0.0,0.0,,67
29,1321928250,0.25,0.2,0.35,0.0,40,40,0,0,0,0,39,0,,,0.0,,67
30,580196174,0.25,0.2,0.35,0.0,40,40,1,0,0,0,38,1,,0.0,0.0,,67
31,679481550,0.25,0.2,0.35,0.0,40,40,3,0,0,0,36,3,,0.0,0.0,,67
32,1357005464,0.25,0.2,0.35,0.0,40,40,3,1,1,0,36,2,1.0,0.3333333333333333,0.0,0.5,67
33,938350106,0.25,0.2,0.35,0.0,40,40,2,0,0,0,37,2,,0.0,0.0,,67
34,1165782040,0.25,0.2,0.35,0.0,40,40,0,0,0,0,39,0,,,0.0,,67
35,1033362560,0.25,0.2,0.35,0.0,40,40,1,0,0,0,38,1,,0.0,0.0,,67
36,1111614602,0.25,0.2,0.35,0.0,40,40,0,0,0,0,39,0,,,0.0,,67
37,1778010872,0.25,0.2,0.35,0.0,40,40,1,0,0,0,38,1,,0.0,0.0,,67
38,540525499,0.25,0.2,0.35,0.0,40,40,0,1,0,1,38,0,0.0,,0.02564102564102564,,67
39,1461131321,0.25,0.2,0.35,0.0,40,40,1,0,0,0,38,1,,0.0,0.0,,67
40,1353712617,0.25,0.2,0.35,0.0,40,40,1,0,0,0,38,1,,0.0,0.0,,67
41,1959095352,0.25,0.2,0.35,0.0,40,40,0,0,0,0,39,0,,,0.0,,67
42,1635904579,0.25,0.2,0.35,0.0,40,40,1,0,0,0,38,1,,0.0,0.0,,67
43,1003767587,0.25,0.2,0.35,0.0,40,40,2,0,0,0,37,2,,0.0,0.0,,67
44,426824429,0.25,0.2,0.35,0.0,40,40,2,0,0,0,37,2,,0.0,0.0,,67
45,762533400,0.25,0.2,0.35,0.0,40,40,2,0,0,0,37,2,,0.0,0.0,,67
46,1252567575,0.25,0.2,0.35,0.0,40,40,1,0,0,0,38,1,,0.0,0.0,,67
47,1656244642,0.25,0.2,0.35,0.0,40,40,1,0,0,0,38,1,,0.0,0.0,,67
48,1995734410,0.25,0.2,0.35,0.0,40,40,2,0,0,0,37,2,,0.0,0.0,,67
49,1454489290,0.25,0.2,0.35,0.0,40,40,2,0,0,0,37,2,,0.0,0.0,,67
0,1205136217,0.25,0.2,0.35,0.1,20,20,1,0,0,0,18,1,,0.0,0.0,,68
1,435925826,0.25,0.2,0.35,0.1,20,20,1,0,0,0,18,1,,0.0,0.0,,68
2,1207056262,0.25,0.2,0.35,0.1,20,20,1,0,0,0,18,1,,0.0,0.0,,68
3,138427090,0.25,0.2,0.35,0.1,20,20,1,0,0,0,18,1,,0.0,0.0,,68
4,576254260,0.25,0.2,0.35,0.1,20,20,1,0,0,0,18,1,,0.0,0.0,,68
5,2067003219,0.25,0.2,0.35,0.1,20,20,1,0,0,0,18,1,,0.0,0.0,,68
6,1425456906,0.25,0.2,0.35,0.1,20,20,0,0,0,0,19,0,,,0.0,,68
7,67287214,0.25,0.2,0.35,0.1,20,20,1,0,0,0,18,1,,0.0,0.0,,68
8,731537019,0.25,0.2,0.35,0.1,20,20,0,1,0,1,18,0,0.0,,0.05263157894736842,,68
9,1426193989,0.25,0.2,0.35,0.1,20,20,2,2,1,1,16,1,0.5,0.5,0.058823529411764705,0.5,68
10,2070148568,0.25,0.2,0.35,0.1,20,20,3,0,0,0,16,3,,0.0,0.0,,68
11,453946476,0.25,0.2,0.35,0.1,20,20,0,0,0,0,19,0,,,0.0,,68
12,85134359,0.25,0.2,0.35,0.1,20,20,2,1,1,0,17,1,1.0,0.5,0.0,0.6666666666666666,68
13,1051263160,0.25,0.2,0.35,0.1,20,20,0,1,0,1,18,0,0.0,,0.05263157894736842,,68
14,155309736,0.25,0.2,0.35,0.1,20,20,2,0,0,0,17,2,,0.0,0.0,,68
15,829554925,0.25,0.2,0.35,0.1,20,20,0,1,0,1,18,0,0.0,,0.05263157894736842,,68
16,1727282471,0.25,0.2,0.35,0.1,20,20,1,0,0,0,18,1,,0.0,0.0,,68
17,1075751119,0.25,0.2,0.35,0.1,20,20,1,0,0,0,18,1,,0.0,0.0,,68
18,69100185,0.25,0.2,0.35,0.1,20,20,3,2,1,1,15,2,0.5,0.3333333333333333,0.0625,0.4,68
19,210439197,0.25,0.2,0.35,0.1,20,20,2,1,0,1,16,2,0.0,0.0,0.058823529411764705,0.0,68
20,166034996,0.25,0.2,0.35,0.1,20,20,0,1,0,1,18,0,0.0,,0.05263157894736842,,68
21,1134105534,0.25,0.2,0.35,0.1,20,20,4,2,1,1,14,3,0.5,0.25,0.06666666666666667,0.3333333333333333,68
22,800308382,0.25,0.2,0.35,0.1,20,20,2,0,0,0,17,2,,0.0,0.0,,68
23,1247476489,0.25,0.2,0.35,0.1,20,20,2,0,0,0,17,2,,0.0,0.0,,68
24,1424616386,0.25,0.2,0.35,0.1,20,20,0,0,0,0,19,0,,,0.0,,68
25,621716179,0.25,0.2,0.35,0.1,20,20,5,2,1,1,13,4,0.5,0.2,0.07142857142857142,0.28571428571428575,68
26,2021479805,0.25,0.2,0.35,0.1,20,20,0,0,0,0,19,0,,,0.0,,68
27,960194094,0.25,0.2,0.35,0.1,20,20,3,2,1,1,15,2,0.5,0.3333333333333333,0.0625,0.4,68
28,70798304,0.25,0.2,0.35,0.1,20,20,2,0,0,0,17,2,,0.0,0.0,,68
29,1605848566,0.25,0.2,0.35,0.1,20,20,1,1,0,1,17,1,0.0,0.0,0.05555555555555555,0.0,68
30,1071779808,0.25,0.2,0.35,0.1,20,20,0,0,0,0,19,0,,,0.0,,68
31,2014809896,0.25,0.2,0.35,0.1,20,20,1,0,0,0,18,1,,0.0,0.0,,68
32,569723425,0.25,0.2,0.35,0.1,20,20,0,1,0,1,18,0,0.0,,0.05263157894736842,,68
33,842751061,0.25,0.2,0.35,0.1,20,20,0,1,0,1,18,0,0.0,,0.05263157894736842,,68
34,490969998,0.25,0.2,0.35,0.1,20,20,1,1,1,0,18,0,1.0,1.0,0.0,1.0,68
35,1387299325,0.25,0.2,0.35,0.1,20,20,1,0,0,0,18,1,,0.0,0.0,,68
36,194971797,0.25,0.2,0.35,0.1,20,20,2,1,0,1,16,2,0.0,0.0,0.058823529411764705,0.0,68
37,298006507,0.25,0.2,0.35,0.1,20,20,2,1,0,1,16,2,0.0,0.0,0.058823529411764705,0.0,68
38,2112236121,0.25,0.2,0.35,0.1,20,20,1,1,0,1,17,1,0.0,0.0,0.05555555555555555,0.0,68
39,1787038767,0.25,0.2,0.35,0.1,20,20,0,1,0,1,18,0,0.0,,0.05263157894736842,,68
40,119537287,0.25,0.2,0.35,0.1,20,20,1,0,0,0,18,1,,0.0,0.0,,68
41,1215510455,0.25,0.2,0.35,0.1,20,20,0,2,0,2,17,0,0.0,,0.10526315789473684,,68
42,1728158375,0.25,0.2,0.35,0.1,20,20,4,1,1,0,15,3,1.0,0.25,0.0,0.4,68
43,1236469279,0.25,0.2,0.35,0.1,20,20,2,0,0,0,17,2,,0.0,0.0,,68
44,398088396,0.25,0.2,0.35,0.1,20,20,1,0,0,0,18,1,,0.0,0.0,,68
45,160815385,0.25,0.2,0.35,0.1,20,20,0,0,0,0,19,0,,,0.0,,68
46,1460792758,0.25,0.2,0.35,0.1,20,20,2,0,0,0,17,2,,0.0,0.0,,68
47,263078309,0.25,0.2,0.35,0.1,20,20,3,1,1,0,16,2,1.0,0.3333333333333333,0.0,0.5,68
48,2127302282,0.25,0.2,0.35,0.1,20,20,3,0,0,0,16,3,,0.0,0.0,,68
49,325687771,0.25,0.2,0.35,0.1,20,20,0,0,0,0,19,0,,,0.0,,68
0,369631542,0.25,0.2,0.35,0.1,40,40,1,2,0,2,36,1,0.0,0.0,0.05263157894736842,0.0,69
1,1688986310,0.25,0.2,0.35,0.1,40,40,2,1,0,1,36,2,0.0,0.0,0.02702702702702703,0.0,69
2,1250942135,0.25,0.2,0.35,0.1,40,40,2,1,0,1,36,2,0.0,0.0,0.02702702702702703,0.0,69
3,887174316,0.25,0.2,0.35,0.1,40,40,1,1,0,1,37,1,0.0,0.0,0.02631578947368421,0.0,69
4,928678897,0.25,0.2,0.35,0.1,40,40,0,1,0,1,38,0,0.0,,0.02564102564102564,,69
5,248636009,0.25,0.2,0.35,0.1,40,40,1,1,0,1,37,1,0.0,0.0,0.02631578947368421,0.0,69
6,821865210,0.25,0.2,0.35,0.1,40,40,2,3,1,2,35,1,0.3333333333333333,0.5,0.05405405405405406,0.4,69
7,994437532,0.25,0.2,0.35,0.1,40,40,0,2,0,2,37,0,0.0,,0.05128205128205128,,69
8,2033620631,0.25,0.2,0.35,0.1,40,40,1,1,0,1,37,1,0.0,0.0,0.02631578947368421,0.0,69
9,1400615305,0.25,0.2,0.35,0.1,40,40,1,1,0,1,37,1,0.0,0.0,0.02631578947368421,0.0,69
10,744726482,0.25,0.2,0.35,0.1,40,40,0,2,0,2,37,0,0.0,,0.05128205128205128,,69
11,1266563890,0.25,0.2,0.35,0.1,40,40,4,3,1,2,33,3,0.3333333333333333,0.25,0.05714285714285714,0.28571428571428575,69
12,693227996,0.25,0.2,0.35,0.1,40,40,2,4,1,3,34,1,0.25,0.5,0.08108108108108109,0.3333333333333333,69
13,1842711511,0.25,0.2,0.35,0.1,40,40,1,4,0,4,34,1,0.0,0.0,0.10526315789473684,0.0,69
14,193154344,0.25,0.2,0.35,0.1,40,40,3,0,0,0,36,3,,0.0,0.0,,69
15,668155462,0.25,0.2,0.35,0.1,40,40,1,0,0,0,38,1,,0.0,0.0,,69
16,1424496401,0.25,0.2,0.35,0.1,40,40,1,4,1,3,35,0,0.25,1.0,0.07894736842105263,0.4,69
17,1826578928,0.25,0.2,0.35,0.1,40,40,0,2,0,2,37,0,0.0,,0.05128205128205128,,69
18,1801150999,0.25,0.2,0.35,0.1,40,40,0,0,0,0,39,0,,,0.0,,69
19,1176351605,0.25,0.2,0.35,0.1,40,40,0,1,0,1,38,0,0.0,,0.02564102564102564,,69
20,165327716,0.25,0.2,0.35,0.1,40,40,2,2,1,1,36,1,0.5,0.5,0.02702702702702703,0.5,69
21,1217479186,0.25,0.2,0.35,0.1,40,40,3,3,0,3,33,3,0.0,0.0,0.08333333333333333,0.0,69
22,1917957916,0.25,0.2,0.35,0.1,40,40,1,0,0,0,38,1,,0.0,0.0,,69
23,994274402,0.25,0.2,0.35,0.1,40,40,0,3,0,3,36,0,0.0,,0.07692307692307693,,69
24,304403970,0.25,0.2,0.35,0.1,40,40,3,0,0,0,36,3,,0.0,0.0,,69
25,608170687,0.25,0.2,0.35,0.1,40,40,6,2,1,1,32,5,0.5,0.16666666666666666,0.030303030303030304,0.25,69
26,1328450143,0.25,0.2,0.35,0.1,40,40,1,4,0,4,34,1,0.0,0.0,0.10526315789473684,0.0,69
27,2068812223,0.25,0.2,0.35,0.1,40,40,2,2,0,2,35,2,0.0,0.0,0.05405405405405406,0.0,69
28,102422515,0.25,0.2,0.35,0.1,40,40,2,3,0,3,34,2,0.0,0.0,0.08108108108108109,0.0,69
29,1950219759,0.25,0.2,0.35,0.1,40,40,0,2,0,2,37,0,0.0,,0.05128205128205128,,69
30,1648273169,0.25,0.2,0.35,0.1,40,40,1,3,0,3,35,1,0.0,0.0,0.07894736842105263,0.0,69
31,1091047057,0.25,0.2,0.35,0.1,40,40,3,1,1,0,36,2,1.0,0.3333333333333333,0.0,0.5,69
32,619119738,0.25,0.2,0.35,0.1,40,40,1,0,0,0,38,1,,0.0,0.0,,69
33,1986730854,0.25,0.2,0.35,0.1,40,40,0,3,0,3,36,0,0.0,,0.07692307692307693,,69
34,560886151,0.25,0.2,0.35,0.1,40,40,1,3,0,3,35,1,0.0,0.0,0.07894736842105263,0.0,69
35,179419535,0.25,0.2,0.35,0.1,40,40,0,2,0,2,37,0,0.0,,0.05128205128205128,,69
36,1278561952,0.25,0.2,0.35,0.1,40,40,1,3,0,3,35,1,0.0,0.0,0.07894736842105263,0.0,69
37,848283744,0.25,0.2,0.35,0.1,40,40,1,2,0,2,36,1,0.0,0.0,0.05263157894736842,0.0,69
38,1143009473,0.25,0.2,0.35,0.1,40,40,0,2,0,2,37,0,0.0,,0.05128205128205128,,69
39,946487649,0.25,0.2,0.35,0.1,40,40,2,1,0,1,36,2,0.0,0.0,0.02702702702702703,0.0,69
40,2053858207,0.25,0.2,0.35,0.1,40,40,1,1,0,1,37,1,0.0,0.0,0.02631578947368421,0.0,69
41,356131497,0.25,0.2,0.35,0.1,40,40,5,0,0,0,34,5,,0.0,0.0,,69
42,509021952,0.25,0.2,0.35,0.1,40,40,3,2,2,0,36,1,1.0,0.6666666666666666,0.0,0.8,69
43,1037996480,0.25,0.2,0.35,0.1,40,40,1,3,1,2,36,0,0.3333333333333333,1.0,0.05263157894736842,0.5,69
44,1862058353,0.25,0.2,0.35,0.1,40,40,0,1,0,1,38,0,0.0,,0.02564102564102564,,69
45,934356877,0.25,0.2,0.35,0.1,40,40,0,2,0,2,37,0,0.0,,0.05128205128205128,,69
46,1346210605,0.25,0.2,0.35,0.1,40,40,1,4,0,4,34,1,0.0,0.0,0.10526315789473684,0.0,69
47,1376340744,0.25,0.2,0.35,0.1,40,40,3,4,0,4,32,3,0.0,0.0,0.1111111111111111,0.0,69
48,1054363584,0.25,0.2,0.35,0.1,40,40,4,3,2,1,34,2,0.6666666666666666,0.5,0.02857142857142857,0.5714285714285715,69
49,780055973,0.25,0.2,0.35,0.1,40,40,1,1,0,1,37,1,0.0,0.0,0.02631578947368421,0.0,69
0,1234444197,0.25,0.2,0.35,0.25,20,20,2,3,1,2,15,1,0.3333333333333333,0.5,0.11764705882352941,0.4,70
1,1951666284,0.25,0.2,0.35,0.25,20,20,0,1,0,1,18,0,0.0,,0.05263157894736842,,70
2,1276181532,0.25,0.2,0.35,0.25,20,20,1,3,0,3,15,1,0.0,0.0,0.16666666666666666,0.0,70
3,306694595,0.25,0.2,0.35,0.25,20,20,1,5,0,5,13,1,0.0,0.0,0.2777777777777778,0.0,70
4,384647697,0.25,0.2,0.35,0.25,20,20,2,3,0,3,14,2,0.0,0.0,0.17647058823529413,0.0,70
5,689250721,0.25,0.2,0.35,0.25,20,20,0,3,0,3,16,0,0.0,,0.15789473684210525,,70
6,156444702,0.25,0.2,0.35,0.25,20,20,2,7,0,7,10,2,0.0,0.0,0.4117647058823529,0.0,70
7,181431950,0.25,0.2,0.35,0.25,20,20,0,0,0,0,19,0,,,0.0,,70
8,2074691404,0.25,0.2,0.35,0.25,20,20,0,7,0,7,12,0,0.0,,0.3684210526315789,,70
9,262332164,0.25,0.2,0.35,0.25,20,20,0,2,0,2,17,0,0.0,,0.10526315789473684,,70
10,1675211694,0.25,0.2,0.35,0.25,20,20,0,5,0,5,14,0,0.0,,0.2631578947368421,,70
11,1930251412,0.25,0.2,0.35,0.25,20,20,1,2,0,2,16,1,0.0,0.0,0.1111111111111111,0.0,70
12,1093885438,0.25,0.2,0.35,0.25,20,20,1,4,1,3,15,0,0.25,1.0,0.16666666666666666,0.4,70
13,1688189380,0.25,0.2,0.35,0.25,20,20,1,3,0,3,15,1,0.0,0.0,0.16666666666666666,0.0,70
14,1426332171,0.25,0.2,0.35,0.25,20,20,1,0,0,0,18,1,,0.0,0.0,,70
15,90355388,0.25,0.2,0.35,0.25,20,20,0,3,0,3,16,0,0.0,,0.15789473684210525,,70
16,273521424,0.25,0.2,0.35,0.25,20,20,0,6,0,6,13,0,0.0,,0.3157894736842105,,70
17,29274001,0.25,0.2,0.35,0.25,20,20,2,6,0,6,11,2,0.0,0.0,0.35294117647058826,0.0,70
18,245285855,0.25,0.2,0.35,0.25,20,20,3,5,1,4,12,2,0.2,0.3333333333333333,0.25,0.25,70
19,1638921999,0.25,0.2,0.35,0.25,20,20,0,4,0,4,15,0,0.0,,0.21052631578947367,,70
20,1952615961,0.25,0.2,0.35,0.25,20,20,0,1,0,1,18,0,0.0,,0.05263157894736842,,70
21,2104002844,0.25,0.2,0.35,0.25,20,20,0,4,0,4,15,0,0.0,,0.21052631578947367,,70
22,2006639577,0.25,0.2,0.35,0.25,20,20,1,2,0,2,16,1,0.0,0.0,0.1111111111111111,0.0,70
23,297492034,0.25,0.2,0.35,0.25,20,20,0,3,0,3,16,0,0.0,,0.15789473684210525,,70
24,1806475418,0.25,0.2,0.35,0.25,20,20,2,5,1,4,13,1,0.2,0.5,0.23529411764705882,0.28571428571428575,70
25,369978430,0.25,0.2,0.35,0.25,20,20,1,2,0,2,16,1,0.0,0.0,0.1111111111111111,0.0,70
26,1834850220,0.25,0.2,0.35,0.25,20,20,1,6,1,5,13,0,0.16666666666666666,1.0,0.2777777777777778,0.2857142857142857,70
27,1924008303,0.25,0.2,0.35,0.25,20,20,0,2,0,2,17,0,0.0,,0.10526315789473684,,70
28,921804747,0.25,0.2,0.35,0.25,20,20,1,3,0,3,15,1,0.0,0.0,0.16666666666666666,0.0,70
29,1215340844,0.25,0.2,0.35,0.25,20,20,3,4,1,3,13,2,0.25,0.3333333333333333,0.1875,0.28571428571428575,70
30,1452471799,0.25,0.2,0.35,0.25,20,20,1,3,0,3,15,1,0.0,0.0,0.16666666666666666,0.0,70
31,1461472945,0.25,0.2,0.35,0.25,20,20,1,2,0,2,16,1,0.0,0.0,0.1111111111111111,0.0,70
32,291107154,0.25,0.2,0.35,0.25,20,20,1,3,0,3,15,1,0.0,0.0,0.16666666666666666,0.0,70
33,1667698037,0.25,0.2,0.35,0.25,20,20,1,4,1,3,15,0,0.25,1.0,0.16666666666666666,0.4,70
34,1138251863,0.25,0.2,0.35,0.25,20,20,1,2,1,1,17,0,0.5,1.0,0.05555555555555555,0.6666666666666666,70
35,1583995237,0.25,0.2,0.35,0.25,20,20,2,0,0,0,17,2,,0.0,0.0,,70
36,1033780071,0.25,0.2,0.35,0.25,20,20,0,4,0,4,15,0,0.0,,0.21052631578947367,,70
37,2084530330,0.25,0.2,0.35,0.25,20,20,1,3,0,3,15,1,0.0,0.0,0.16666666666666666,0.0,70
38,1308703327,0.25,0.2,0.35,0.25,20,20,2,6,1,5,12,1,0.16666666666666666,0.5,0.29411764705882354,0.25,70
39,1504083401,0.25,0.2,0.35,0.25,20,20,1,3,0,3,15,1,0.0,0.0,0.16666666666666666,0.0,70
40,536226347,0.25,0.2,0.35,0.25,20,20,1,2,0,2,16,1,0.0,0.0,0.1111111111111111,0.0,70
41,723278167,0.25,0.2,0.35,0.25,20,20,0,2,0,2,17,0,0.0,,0.10526315789473684,,70
42,1765711423,0.25,0.2,0.35,0.25,20,20,3,4,0,4,12,3,0.0,0.0,0.25,0.0,70
43,1795156106,0.25,0.2,0.35,0.25,20,20,1,7,0,7,11,1,0.0,0.0,0.3888888888888889,0.0,70
44,1462599491,0.25,0.2,0.35,0.25,20,20,1,4,1,3,15,0,0.25,1.0,0.16666666666666666,0.4,70
45,773516236,0.25,0.2,0.35,0.25,20,20,1,1,0,1,17,1,0.0,0.0,0.05555555555555555,0.0,70
46,370316353,0.25,0.2,0.35,0.25,20,20,1,2,0,2,16,1,0.0,0.0,0.1111111111111111,0.0,70
47,932763124,0.25,0.2,0.35,0.25,20,20,0,2,0,2,17,0,0.0,,0.10526315789473684,,70
48,1003980415,0.25,0.2,0.35,0.25,20,20,3,0,0,0,16,3,,0.0,0.0,,70
49,1240117502,0.25,0.2,0.35,0.25,20,20,2,5,2,3,14,0,0.4,1.0,0.17647058823529413,0.5714285714285715,70
0,1308298527,0.25,0.2,0.35,0.25,40,40,1,15,0,15,23,1,0.0,0.0,0.39473684210526316,0.0,71
1,128658868,0.25,0.2,0.35,0.25,40,40,1,6,0,6,32,1,0.0,0.0,0.15789473684210525,0.0,71
2,1216062594,0.25,0.2,0.35,0.25,40,40,1,17,0,17,21,1,0.0,0.0,0.4473684210526316,0.0,71
3,1686824719,0.25,0.2,0.35,0.25,40,40,0,12,0,12,27,0,0.0,,0.3076923076923077,,71
4,1133893542,0.25,0.2,0.35,0.25,40,40,1,14,1,13,25,0,0.07142857142857142,1.0,0.34210526315789475,0.13333333333333333,71
5,1739771044,0.25,0.2,0.35,0.25,40,40,0,12,0,12,27,0,0.0,,0.3076923076923077,,71
6,1427185360,0.25,0.2,0.35,0.25,40,40,2,13,2,11,26,0,0.15384615384615385,1.0,0.2972972972972973,0.2666666666666667,71
7,1988439814,0.25,0.2,0.35,0.25,40,40,1,15,1,14,24,0,0.06666666666666667,1.0,0.3684210526315789,0.125,71
8,8135045,0.25,0.2,0.35,0.25,40,40,2,7,1,6,31,1,0.14285714285714285,0.5,0.16216216216216217,0.22222222222222224,71
9,688648453,0.25,0.2,0.35,0.25,40,40,1,18,0,18,20,1,0.0,0.0,0.47368421052631576,0.0,71
10,1291253524,0.25,0.2,0.35,0.25,40,40,1,15,1,14,24,0,0.06666666666666667,1.0,0.3684210526315789,0.125,71
11,1285149139,0.25,0.2,0.35,0.25,40,40,1,11,0,11,27,1,0.0,0.0,0.2894736842105263,0.0,71
12,951971454,0.25,0.2,0.35,0.25,40,40,2,12,0,12,25,2,0.0,0.0,0.32432432432432434,0.0,71
13,1316249146,0.25,0.2,0.35,0.25,40,40,0,10,0,10,29,0,0.0,,0.2564102564102564,,71
14,843175293,0.25,0.2,0.35,0.25,40,40,4,16,2,14,21,2,0.125,0.5,0.4,0.2,71
15,431148764,0.25,0.2,0.35,0.25,40,40,0,13,0,13,26,0,0.0,,0.3333333333333333,,71
16,1349287743,0.25,0.2,0.35,0.25,40,40,0,10,0,10,29,0,0.0,,0.2564102564102564,,71
17,2124509249,0.25,0.2,0.35,0.25,40,40,2,14,0,14,23,2,0.0,0.0,0.3783783783783784,0.0,71
18,152519029,0.25,0.2,0.35,0.25,40,40,1,11,0,11,27,1,0.0,0.0,0.2894736842105263,0.0,71
19,340834181,0.25,0.2,0.35,0.25,40,40,0,13,0,13,26,0,0.0,,0.3333333333333333,,71
20,282924707,0.25,0.2,0.35,0.25,40,40,1,15,1,14,24,0,0.06666666666666667,1.0,0.3684210526315789,0.125,71
21,160054033,0.25,0.2,0.35,0.25,40,40,2,13,2,11,26,0,0.15384615384615385,1.0,0.2972972972972973,0.2666666666666667,71
22,1611335762,0.25,0.2,0.35,0.25,40,40,1,9,0,9,29,1,0.0,0.0,0.23684210526315788,0.0,71
23,1068407406,0.25,0.2,0.35,0.25,40,40,0,12,0,12,27,0,0.0,,0.3076923076923077,,71
24,1070408381,0.25,0.2,0.35,0.25,40,40,0,14,0,14,25,0,0.0,,0.358974358974359,,71
25,1833383167,0.25,0.2,0.35,0.25,40,40,0,11,0,11,28,0,0.0,,0.28205128205128205,,71
26,1881621402,0.25,0.2,0.35,0.25,40,40,1,13,0,13,25,1,0.0,0.0,0.34210526315789475,0.0,71
27,849861851,0.25,0.2,0.35,0.25,40,40,1,9,0,9,29,1,0.0,0.0,0.23684210526315788,0.0,71
28,1046550784,0.25,0.2,0.35,0.25,40,40,0,18,0,18,21,0,0.0,,0.46153846153846156,,71
29,222294226,0.25,0.2,0.35,0.25,40,40,2,13,0,13,24,2,0.0,0.0,0.35135135135135137,0.0,71
30,1567125268,0.25,0.2,0.35,0.25,40,40,3,13,2,11,25,1,0.15384615384615385,0.6666666666666666,0.3055555555555556,0.25,71
31,228021606,0.25,0.2,0.35,0.25,40,40,1,11,0,11,27,1,0.0,0.0,0.2894736842105263,0.0,71
32,549826752,0.25,0.2,0.35,0.25,40,40,2,10,1,9,28,1,0.1,0.5,0.24324324324324326,0.16666666666666669,71
33,224713170,0.25,0.2,0.35,0.25,40,40,0,11,0,11,28,0,0.0,,0.28205128205128205,,71
34,1498345894,0.25,0.2,0.35,0.25,40,40,3,14,1,13,23,2,0.07142857142857142,0.3333333333333333,0.3611111111111111,0.11764705882352941,71
35,599129913,0.25,0.2,0.35,0.25,40,40,1,17,1,16,22,0,0.058823529411764705,1.0,0.42105263157894735,0.1111111111111111,71
36,766498421,0.25,0.2,0.35,0.25,40,40,1,16,0,16,22,1,0.0,0.0,0.42105263157894735,0.0,71
37,1875458281,0.25,0.2,0.35,0.25,40,40,2,16,0,16,21,2,0.0,0.0,0.43243243243243246,0.0,71
38,126953901,0.25,0.2,0.35,0.25,40,40,0,10,0,10,29,0,0.0,,0.2564102564102564,,71
39,1579514654,0.25,0.2,0.35,0.25,40,40,2,12,1,11,26,1,0.08333333333333333,0.5,0.2972972972972973,0.14285714285714285,71
40,220171244,0.25,0.2,0.35,0.25,40,40,2,9,2,7,30,0,0.2222222222222222,1.0,0.1891891891891892,0.3636363636363636,71
41,1335874252,0.25,0.2,0.35,0.25,40,40,2,12,1,11,26,1,0.08333333333333333,0.5,0.2972972972972973,0.14285714285714285,71
42,1368183771,0.25,0.2,0.35,0.25,40,40,1,18,0,18,20,1,0.0,0.0,0.47368421052631576,0.0,71
43,1275394445,0.25,0.2,0.35,0.25,40,40,1,10,0,10,28,1,0.0,0.0,0.2631578947368421,0.0,71
44,339268794,0.25,0.2,0.35,0.25,40,40,0,12,0,12,27,0,0.0,,0.3076923076923077,,71
45,525986311,0.25,0.2,0.35,0.25,40,40,3,13,2,11,25,1,0.15384615384615385,0.6666666666666666,0.3055555555555556,0.25,71
46,1541772042,0.25,0.2,0.35,0.25,40,40,1,9,0,9,29,1,0.0,0.0,0.23684210526315788,0.0,71
47,440610449,0.25,0.2,0.35,0.25,40,40,2,9,1,8,29,1,0.1111111111111111,0.5,0.21621621621621623,0.1818181818181818,71
48,1236244759,0.25,0.2,0.35,0.25,40,40,1,15,1,14,24,0,0.06666666666666667,1.0,0.3684210526315789,0.125,71
49,679724077,0.25,0.2,0.35,0.25,40,40,0,14,0,14,25,0,0.0,,0.358974358974359,,71
0,1219134095,0.25,0.5,0.1,0.0,20,20,1,1,1,0,18,0,1.0,1.0,0.0,1.0,72
1,814133600,0.25,0.5,0.1,0.0,20,20,2,2,2,0,17,0,1.0,1.0,0.0,1.0,72
2,308890008,0.25,0.5,0.1,0.0,20,20,3,2,2,0,16,1,1.0,0.6666666666666666,0.0,0.8,72
3,235789977,0.25,0.5,0.1,0.0,20,20,1,1,1,0,18,0,1.0,1.0,0.0,1.0,72
4,1029865746,0.25,0.5,0.1,0.0,20,20,0,0,0,0,19,0,,,0.0,,72
5,1095072280,0.25,0.5,0.1,0.0,20,20,0,0,0,0,19,0,,,0.0,,72
6,683547430,0.25,0.5,0.1,0.0,20,20,2,1,1,0,17,1,1.0,0.5,0.0,0.6666666666666666,72
7,1467515393,0.25,0.5,0.1,0.0,20,20,0,0,0,0,19,0,,,0.0,,72
8,1372888544,0.25,0.5,0.1,0.0,20,20,0,0,0,0,19,0,,,0.0,,72
9,165714029,0.25,0.5,0.1,0.0,20,20,1,1,1,0,18,0,1.0,1.0,0.0,1.0,72
10,1034292922,0.25,0.5,0.1,0.0,20,20,1,0,0,0,18,1,,0.0,0.0,,72
11,685120513,0.25,0.5,0.1,0.0,20,20,0,0,0,0,19,0,,,0.0,,72
12,849701690,0.25,0.5,0.1,0.0,20,20,3,2,2,0,16,1,1.0,0.6666666666666666,0.0,0.8,72
13,1094499232,0.25,0.5,0.1,0.0,20,20,1,1,1,0,18,0,1.0,1.0,0.0,1.0,72
14,606426182,0.25,0.5,0.1,0.0,20,20,1,1,1,0,18,0,1.0,1.0,0.0,1.0,72
15,756881257,0.25,0.5,0.1,0.0,20,20,0,0,0,0,19,0,,,0.0,,72
16,418669329,0.25,0.5,0.1,0.0,20,20,0,0,0,0,19,0,,,0.0,,72
17,2114949571,0.25,0.5,0.1,0.0,20,20,1,1,0,1,17,1,0.0,0.0,0.05555555555555555,0.0,72
18,935235530,0.25,0.5,0.1,0.0,20,20,1,1,1,0,18,0,1.0,1.0,0.0,1.0,72
19,2146688081,0.25,0.5,0.1,0.0,20,20,3,3,3,0,16,0,1.0,1.0,0.0,1.0,72
20,1433868974,0.25,0.5,0.1,0.0,20,20,1,1,1,0,18,0,1.0,1.0,0.0,1.0,72
21,345629426,0.25,0.5,0.1,0.0,20,20,1,1,1,0,18,0,1.0,1.0,0.0,1.0,72
22,1139538543,0.25,0.5,0.1,0.0,20,20,1,1,1,0,18,0,1.0,1.0,0.0,1.0,72
23,88736984,0.25,0.5,0.1,0.0,20,20,0,0,0,0,19,0,,,0.0,,72
24,1522183387,0.25,0.5,0.1,0.0,20,20,2,1,1,0,17,1,1.0,0.5,0.0,0.6666666666666666,72
25,854633436,0.25,0.5,0.1,0.0,20,20,2,2,2,0,17,0,1.0,1.0,0.0,1.0,72
26,1648830216,0.25,0.5,0.1,0.0,20,20,0,0,0,0,19,0,,,0.0,,72
27,578137019,0.25,0.5,0.1,0.0,20,20,1,1,1,0,18,0,1.0,1.0,0.0,1.0,72
28,1506152122,0.25,0.5,0.1,0.0,20,20,2,1,1,0,17,1,1.0,0.5,0.0,0.6666666666666666,72
29,1737871239,0.25,0.5,0.1,0.0,20,20,0,0,0,0,19,0,,,0.0,,72
30,2114217782,0.25,0.5,0.1,0.0,20,20,3,2,2,0,16,1,1.0,0.6666666666666666,0.0,0.8,72
31,792991460,0.25,0.5,0.1,0.0,20,20,1,1,1,0,18,0,1.0,1.0,0.0,1.0,72
32,645291036,0.25,0.5,0.1,0.0,20,20,1,1,0,1,17,1,0.0,0.0,0.05555555555555555,0.0,72
33,1825137355,0.25,0.5,0.1,0.0,20,20,2,1,1,0,17,1,1.0,0.5,0.0,0.6666666666666666,72
34,1075440911,0.25,0.5,0.1,0.0,20,20,1,0,0,0,18,1,,0.0,0.0,,72
35,275897834,0.25,0.5,0.1,0.0,20,20,1,1,1,0,18,0,1.0,1.0,0.0,1.0,72
36,1012497616,0.25,0.5,0.1,0.0,20,20,0,0,0,0,19,0,,,0.0,,72
37,1828423966,0.25,0.5,0.1,0.0,20,20,1,1,1,0,18,0,1.0,1.0,0.0,1.0,72
38,1870693780,0.25,0.5,0.1,0.0,20,20,0,0,0,0,19,0,,,0.0,,72
39,1618527264,0.25,0.5,0.1,0.0,20,20,2,3,2,1,16,0,0.6666666666666666,1.0,0.058823529411764705,0.8,72
40,722421793,0.25,0.5,0.1,0.0,20,20,0,0,0,0,19,0,,,0.0,,72
41,786241029,0.25,0.5,0.1,0.0,20,20,3,2,2,0,16,1,1.0,0.6666666666666666,0.0,0.8,72
42,437427807,0.25,0.5,0.1,0.0,20,20,1,1,1,0,18,0,1.0,1.0,0.0,1.0,72
43,1437036894,0.25,0.5,0.1,0.0,20,20,1,1,1,0,18,0,1.0,1.0,0.0,1.0,72
44,1961744668,0.25,0.5,0.1,0.0,20,20,0,0,0,0,19,0,,,0.0,,72
45,1513236627,0.25,0.5,0.1,0.0,20,20,1,0,0,0,18,1,,0.0,0.0,,72
46,2048040748,0.25,0.5,0.1,0.0,20,20,3,3,3,0,16,0,1.0,1.0,0.0,1.0,72
47,1714138662,0.25,0.5,0.1,0.0,20,20,0,0,0,0,19,0,,,0.0,,72
48,1019147290,0.25,0.5,0.1,0.0,20,20,2,1,1,0,17,1,1.0,0.5,0.0,0.6666666666666666,72
49,494061961,0.25,0.5,0.1,0.0,20,20,2,1,1,0,17,1,1.0,0.5,0.0,0.6666666666666666,72
0,1105931085,0.25,0.5,0.1,0.0,40,40,2,0,0,0,37,2,,0.0,0.0,,73
1,1258620709,0.25,0.5,0.1,0.0,40,40,2,3,2,1,36,0,0.6666666666666666,1.0,0.02702702702702703,0.8,73
2,112869274,0.25,0.5,0.1,0.0,40,40,2,2,2,0,37,0,1.0,1.0,0.0,1.0,73
3,959991549,0.25,0.5,0.1,0.0,40,40,0,1,0,1,38,0,0.0,,0.02564102564102564,,73
4,1057344708,0.25,0.5,0.1,0.0,40,40,2,2,2,0,37,0,1.0,1.0,0.0,1.0,73
5,1467261581,0.25,0.5,0.1,0.0,40,40,0,0,0,0,39,0,,,0.0,,73
6,721588980,0.25,0.5,0.1,0.0,40,40,1,1,1,0,38,0,1.0,1.0,0.0,1.0,73
7,2062551175,0.25,0.5,0.1,0.0,40,40,2,1,1,0,37,1,1.0,0.5,0.0,0.6666666666666666,73
8,1109662163,0.25,0.5,0.1,0.0,40,40,0,0,0,0,39,0,,,0.0,,73
9,1618648713,0.25,0.5,0.1,0.0,40,40,2,2,2,0,37,0,1.0,1.0,0.0,1.0,73
10,128241170,0.25,0.5,0.1,0.0,40,40,1,2,1,1,37,0,0.5,1.0,0.02631578947368421,0.6666666666666666,73
11,1245471906,0.25,0.5,0.1,0.0,40,40,0,0,0,0,39,0,,,0.0,,73
12,1961814190,0.25,0.5,0.1,0.0,40,40,0,0,0,0,39,0,,,0.0,,73
13,474427233,0.25,0.5,0.1,0.0,40,40,2,2,2,0,37,0,1.0,1.0,0.0,1.0,73
14,381512751,0.25,0.5,0.1,0.0,40,40,1,0,0,0,38,1,,0.0,0.0,,73
15,579927060,0.25,0.5,0.1,0.0,40,40,2,2,2,0,37,0,1.0,1.0,0.0,1.0,73
16,1338132185,0.25,0.5,0.1,0.0,40,40,3,3,3,0,36,0,1.0,1.0,0.0,1.0,73
17,281631240,0.25,0.5,0.1,0.0,40,40,0,0,0,0,39,0,,,0.0,,73
18,1986333957,0.25,0.5,0.1,0.0,40,40,3,4,3,1,35,0,0.75,1.0,0.027777777777777776,0.8571428571428571,73
19,1142924797,0.25,0.5,0.1,0.0,40,40,1,1,1,0,38,0,1.0,1.0,0.0,1.0,73
20,1862843472,0.25,0.5,0.1,0.0,40,40,0,0,0,0,39,0,,,0.0,,73
21,125781993,0.25,0.5,0.1,0.0,40,40,2,2,2,0,37,0,1.0,1.0,0.0,1.0,73
22,692763673,0.25,0.5,0.1,0.0,40,40,0,0,0,0,39,0,,,0.0,,73
23,2071025538,0.25,0.5,0.1,0.0,40,40,1,0,0,0,38,1,,0.0,0.0,,73
24,795603528,0.25,0.5,0.1,0.0,40,40,3,3,3,0,36,0,1.0,1.0,0.0,1.0,73
25,2016052572,0.25,0.5,0.1,0.0,40,40,1,0,0,0,38,1,,0.0,0.0,,73
26,1119121497,0.25,0.5,0.1,0.0,40,40,2,2,2,0,37,0,1.0,1.0,0.0,1.0,73
27,407393738,0.25,0.5,0.1,0.0,40,40,1,1,1,0,38,0,1.0,1.0,0.0,1.0,73
28,643649334,0.25,0.5,0.1,0.0,40,40,1,1,1,0,38,0,1.0,1.0,0.0,1.0,73
29,1155844599,0.25,0.5,0.1,0.0,40,40,2,2,2,0,37,0,1.0,1.0,0.0,1.0,73
30,2090208977,0.25,0.5,0.1,0.0,40,40,2,2,2,0,37,0,1.0,1.0,0.0,1.0,73
31,1016235931,0.25,0.5,0.1,0.0,40,40,1,1,1,0,38,0,1.0,1.0,0.0,1.0,73
32,619787943,0.25,0.5,0.1,0.0,40,40,0,0,0,0,39,0,,,0.0,,73
33,802926426,0.25,0.5,0.1,0.0,40,40,2,2,2,0,37,0,1.0,1.0,0.0,1.0,73
34,1181481740,0.25,0.5,0.1,0.0,40,40,2,2,2,0,37,0,1.0,1.0,0.0,1.0,73
35,661700097,0.25,0.5,0.1,0.0,40,40,1,0,0,0,38,1,,0.0,0.0,,73
36,289742312,0.25,0.5,0.1,0.0,40,40,1,1,1,0,38,0,1.0,1.0,0.0,1.0,73
37,2108842398,0.25,0.5,0.1,0.0,40,40,0,0,0,0,39,0,,,0.0,,73
38,63963590,0.25,0.5,0.1,0.0,40,40,2,2,2,0,37,0,1.0,1.0,0.0,1.0,73
39,792495082,0.25,0.5,0.1,0.0,40,40,1,0,0,0,38,1,,0.0,0.0,,73
40,1984313609,0.25,0.5,0.1,0.0,40,40,2,2,2,0,37,0,1.0,1.0,0.0,1.0,73
41,521427600,0.25,0.5,0.1,0.0,40,40,0,0,0,0,39,0,,,0.0,,73
42,30378503,0.25,0.5,0.1,0.0,40,40,1,1,1,0,38,0,1.0,1.0,0.0,1.0,73
43,1167858494,0.25,0.5,0.1,0.0,40,40,1,2,1,1,37,0,0.5,1.0,0.02631578947368421,0.6666666666666666,73
44,961439805,0.25,0.5,0.1,0.0,40,40,0,0,0,0,39,0,,,0.0,,73
45,1570218401,0.25,0.5,0.1,0.0,40,40,0,0,0,0,39,0,,,0.0,,73
46,338417160,0.25,0.5,0.1,0.0,40,40,3,2,2,0,36,1,1.0,0.6666666666666666,0.0,0.8,73
47,92359375,0.25,0.5,0.1,0.0,40,40,1,1,1,0,38,0,1.0,1.0,0.0,1.0,73
48,1589692229,0.25,0.5,0.1,0.0,40,40,2,2,2,0,37,0,1.0,1.0,0.0,1.0,73
49,1764071626,0.25,0.5,0.1,0.0,40,40,2,2,2,0,37,0,1.0,1.0,0.0,1.0,73
0,821928983,0.25,0.5,0.1,0.1,20,20,2,11,2,9,8,0,0.18181818181818182,1.0,0.5294117647058824,0.3076923076923077,74
1,2525488,0.25,0.5,0.1,0.1,20,20,0,5,0,5,14,0,0.0,,0.2631578947368421,,74
2,752443557,0.25,0.5,0.1,0.1,20,20,0,5,0,5,14,0,0.0,,0.2631578947368421,,74
3,1783640445,0.25,0.5,0.1,0.1,20,20,0,3,0,3,16,0,0.0,,0.15789473684210525,,74
4,2025686000,0.25,0.5,0.1,0.1,20,20,2,6,0,6,11,2,0.0,0.0,0.35294117647058826,0.0,74
5,1895241854,0.25,0.5,0.1,0.1,20,20,0,2,0,2,17,0,0.0,,0.10526315789473684,,74
6,1288649980,0.25,0.5,0.1,0.1,20,20,3,8,3,5,11,0,0.375,1.0,0.3125,0.5454545454545454,74
7,1263633236,0.25,0.5,0.1,0.1,20,20,0,8,0,8,11,0,0.0,,0.42105263157894735,,74
8,2109225430,0.25,0.5,0.1,0.1,20,20,3,8,1,7,9,2,0.125,0.3333333333333333,0.4375,0.18181818181818182,74
9,381411089,0.25,0.5,0.1,0.1,20,20,0,6,0,6,13,0,0.0,,0.3157894736842105,,74
10,1484369050,0.25,0.5,0.1,0.1,20,20,0,6,0,6,13,0,0.0,,0.3157894736842105,,74
11,403873360,0.25,0.5,0.1,0.1,20,20,3,5,2,3,13,1,0.4,0.6666666666666666,0.1875,0.5,74
12,702696348,0.25,0.5,0.1,0.1,20,20,2,3,1,2,15,1,0.3333333333333333,0.5,0.11764705882352941,0.4,74
13,963582024,0.25,0.5,0.1,0.1,20,20,2,8,1,7,10,1,0.125,0.5,0.4117647058823529,0.2,74
14,1404151009,0.25,0.5,0.1,0.1,20,20,0,2,0,2,17,0,0.0,,0.10526315789473684,,74
15,388852739,0.25,0.5,0.1,0.1,20,20,1,7,0,7,11,1,0.0,0.0,0.3888888888888889,0.0,74
16,1805323434,0.25,0.5,0.1,0.1,20,20,2,7,2,5,12,0,0.2857142857142857,1.0,0.29411764705882354,0.4444444444444445,74
17,537099148,0.25,0.5,0.1,0.1,20,20,0,5,0,5,14,0,0.0,,0.2631578947368421,,74
18,321647629,0.25,0.5,0.1,0.1,20,20,1,4,1,3,15,0,0.25,1.0,0.16666666666666666,0.4,74
19,2088112333,0.25,0.5,0.1,0.1,20,20,0,2,0,2,17,0,0.0,,0.10526315789473684,,74
20,1165074054,0.25,0.5,0.1,0.1,20,20,3,10,3,7,9,0,0.3,1.0,0.4375,0.4615384615384615,74
21,1399009970,0.25,0.5,0.1,0.1,20,20,1,7,1,6,12,0,0.14285714285714285,1.0,0.3333333333333333,0.25,74
22,2137625477,0.25,0.5,0.1,0.1,20,20,0,6,0,6,13,0,0.0,,0.3157894736842105,,74
23,942253831,0.25,0.5,0.1,0.1,20,20,0,6,0,6,13,0,0.0,,0.3157894736842105,,74
24,1551447194,0.25,0.5,0.1,0.1,20,20,1,9,1,8,10,0,0.1111111111111111,1.0,0.4444444444444444,0.19999999999999998,74
25,1564073054,0.25,0.5,0.1,0.1,20,20,5,11,4,7,7,1,0.36363636363636365,0.8,0.5,0.5000000000000001,74
26,362900916,0.25,0.5,0.1,0.1,20,20,1,4,1,3,15,0,0.25,1.0,0.16666666666666666,0.4,74
27,1646541113,0.25,0.5,0.1,0.1,20,20,2,7,2,5,12,0,0.2857142857142857,1.0,0.29411764705882354,0.4444444444444445,74
28,821569075,0.25,0.5,0.1,0.1,20,20,2,9,1,8,9,1,0.1111111111111111,0.5,0.47058823529411764,0.1818181818181818,74
29,585149731,0.25,0.5,0.1,0.1,20,20,2,7,2,5,12,0,0.2857142857142857,1.0,0.29411764705882354,0.4444444444444445,74
30,539099226,0.25,0.5,0.1,0.1,20,20,3,10,2,8,8,1,0.2,0.6666666666666666,0.5,0.30769230769230765,74
31,103606298,0.25,0.5,0.1,0.1,20,20,0,11,0,11,8,0,0.0,,0.5789473684210527,,74
32,17085150,0.25,0.5,0.1,0.1,20,20,0,10,0,10,9,0,0.0,,0.5263157894736842,,74
33,212924018,0.25,0.5,0.1,0.1,20,20,0,4,0,4,15,0,0.0,,0.21052631578947367,,74
34,1311840428,0.25,0.5,0.1,0.1,20,20,0,7,0,7,12,0,0.0,,0.3684210526315789,,74
35,637555569,0.25,0.5,0.1,0.1,20,20,0,7,0,7,12,0,0.0,,0.3684210526315789,,74
36,711750478,0.25,0.5,0.1,0.1,20,20,5,9,3,6,8,2,0.3333333333333333,0.6,0.42857142857142855,0.42857142857142855,74
37,1569376726,0.25,0.5,0.1,0.1,20,20,1,6,1,5,13,0,0.16666666666666666,1.0,0.2777777777777778,0.2857142857142857,74
38,1516417771,0.25,0.5,0.1,0.1,20,20,5,7,5,2,12,0,0.7142857142857143,1.0,0.14285714285714285,0.8333333333333333,74
39,1623360319,0.25,0.5,0.1,0.1,20,20,1,4,1,3,15,0,0.25,1.0,0.16666666666666666,0.4,74
40,621517010,0.25,0.5,0.1,0.1,20,20,2,7,2,5,12,0,0.2857142857142857,1.0,0.29411764705882354,0.4444444444444445,74
41,1018813972,0.25,0.5,0.1,0.1,20,20,3,10,3,7,9,0,0.3,1.0,0.4375,0.4615384615384615,74
42,537927586,0.25,0.5,0.1,0.1,20,20,1,3,1,2,16,0,0.3333333333333333,1.0,0.1111111111111111,0.5,74
43,173672508,0.25,0.5,0.1,0.1,20,20,2,9,1,8,9,1,0.1111111111111111,0.5,0.47058823529411764,0.1818181818181818,74
44,2011177944,0.25,0.5,0.1,0.1,20,20,2,3,1,2,15,1,0.3333333333333333,0.5,0.11764705882352941,0.4,74
45,82841692,0.25,0.5,0.1,0.1,20,20,1,5,1,4,14,0,0.2,1.0,0.2222222222222222,0.33333333333333337,74
46,494397357,0.25,0.5,0.1,0.1,20,20,3,10,2,8,8,1,0.2,0.6666666666666666,0.5,0.30769230769230765,74
47,1446657286,0.25,0.5,0.1,0.1,20,20,1,9,0,9,9,1,0.0,0.0,0.5,0.0,74
48,944701682,0.25,0.5,0.1,0.1,20,20,3,5,3,2,14,0,0.6,1.0,0.125,0.7499999999999999,74
49,1442782944,0.25,0.5,0.1,0.1,20,20,2,8,2,6,11,0,0.25,1.0,0.35294117647058826,0.4,74
0,1628187495,0.25,0.5,0.1,0.1,40,40,1,17,1,16,22,0,0.058823529411764705,1.0,0.42105263157894735,0.1111111111111111,75
1,792422341,0.25,0.5,0.1,0.1,40,40,0,16,0,16,23,0,0.0,,0.41025641025641024,,75
2,819192734,0.25,0.5,0.1,0.1,40,40,1,21,1,20,18,0,0.047619047619047616,1.0,0.5263157894736842,0.0909090909090909,75
3,1562040572,0.25,0.5,0.1,0.1,40,40,0,14,0,14,25,0,0.0,,0.358974358974359,,75
4,846450925,0.25,0.5,0.1,0.1,40,40,0,16,0,16,23,0,0.0,,0.41025641025641024,,75
5,523050580,0.25,0.5,0.1,0.1,40,40,4,16,4,12,23,0,0.25,1.0,0.34285714285714286,0.4,75
6,255758835,0.25,0.5,0.1,0.1,40,40,2,23,2,21,16,0,0.08695652173913043,1.0,0.5675675675675675,0.16,75
7,645170815,0.25,0.5,0.1,0.1,40,40,2,22,2,20,17,0,0.09090909090909091,1.0,0.5405405405405406,0.16666666666666669,75
8,1724696884,0.25,0.5,0.1,0.1,40,40,1,17,1,16,22,0,0.058823529411764705,1.0,0.42105263157894735,0.1111111111111111,75
9,475897214,0.25,0.5,0.1,0.1,40,40,0,15,0,15,24,0,0.0,,0.38461538461538464,,75
10,815136330,0.25,0.5,0.1,0.1,40,40,0,22,0,22,17,0,0.0,,0.5641025641025641,,75
11,252908481,0.25,0.5,0.1,0.1,40,40,2,18,1,17,20,1,0.05555555555555555,0.5,0.4594594594594595,0.09999999999999999,75
12,447179137,0.25,0.5,0.1,0.1,40,40,1,20,1,19,19,0,0.05,1.0,0.5,0.09523809523809523,75
13,407672270,0.25,0.5,0.1,0.1,40,40,1,13,1,12,26,0,0.07692307692307693,1.0,0.3157894736842105,0.14285714285714288,75
14,223095150,0.25,0.5,0.1,0.1,40,40,0,14,0,14,25,0,0.0,,0.358974358974359,,75
15,648832801,0.25,0.5,0.1,0.1,40,40,1,18,1,17,21,0,0.05555555555555555,1.0,0.4473684210526316,0.10526315789473684,75
16,2005403039,0.25,0.5,0.1,0.1,40,40,0,20,0,20,19,0,0.0,,0.5128205128205128,,75
17,1193061785,0.25,0.5,0.1,0.1,40,40,0,17,0,17,22,0,0.0,,0.4358974358974359,,75
18,812435899,0.25,0.5,0.1,0.1,40,40,2,21,1,20,17,1,0.047619047619047616,0.5,0.5405405405405406,0.08695652173913042,75
19,132190906,0.25,0.5,0.1,0.1,40,40,1,21,1,20,18,0,0.047619047619047616,1.0,0.5263157894736842,0.0909090909090909,75
20,682572687,0.25,0.5,0.1,0.1,40,40,2,24,2,22,15,0,0.08333333333333333,1.0,0.5945945945945946,0.15384615384615385,75
21,1006043510,0.25,0.5,0.1,0.1,40,40,1,20,1,19,19,0,0.05,1.0,0.5,0.09523809523809523,75
22,1766509395,0.25,0.5,0.1,0.1,40,40,1,20,0,20,18,1,0.0,0.0,0.5263157894736842,0.0,75
23,1985675253,0.25,0.5,0.1,0.1,40,40,0,13,0,13,26,0,0.0,,0.3333333333333333,,75
24,980594990,0.25,0.5,0.1,0.1,40,40,1,18,1,17,21,0,0.05555555555555555,1.0,0.4473684210526316,0.10526315789473684,75
25,436925120,0.25,0.5,0.1,0.1,40,40,3,19,3,16,20,0,0.15789473684210525,1.0,0.4444444444444444,0.2727272727272727,75
26,1801660520,0.25,0.5,0.1,0.1,40,40,1,19,1,18,20,0,0.05263157894736842,1.0,0.47368421052631576,0.1,75
27,906502350,0.25,0.5,0.1,0.1,40,40,1,16,1,15,23,0,0.0625,1.0,0.39473684210526316,0.11764705882352941,75
28,1286641110,0.25,0.5,0.1,0.1,40,40,0,13,0,13,26,0,0.0,,0.3333333333333333,,75
29,762059668,0.25,0.5,0.1,0.1,40,40,0,14,0,14,25,0,0.0,,0.358974358974359,,75
30,2067378937,0.25,0.5,0.1,0.1,40,40,1,18,1,17,21,0,0.05555555555555555,1.0,0.4473684210526316,0.10526315789473684,75
31,1151605257,0.25,0.5,0.1,0.1,40,40,1,16,1,15,23,0,0.0625,1.0,0.39473684210526316,0.11764705882352941,75
32,1537583949,0.25,0.5,0.1,0.1,40,40,0,17,0,17,22,0,0.0,,0.4358974358974359,,75
33,1943345244,0.25,0.5,0.1,0.1,40,40,3,18,2,16,20,1,0.1111111111111111,0.6666666666666666,0.4444444444444444,0.1904761904761905,75
34,561536387,0.25,0.5,0.1,0.1,40,40,1,18,1,17,21,0,0.05555555555555555,1.0,0.4473684210526316,0.10526315789473684,75
35,1621065148,0.25,0.5,0.1,0.1,40,40,0,12,0,12,27,0,0.0,,0.3076923076923077,,75
36,261198976,0.25,0.5,0.1,0.1,40,40,1,14,1,13,25,0,0.07142857142857142,1.0,0.34210526315789475,0.13333333333333333,75
37,455947123,0.25,0.5,0.1,0.1,40,40,2,17,1,16,21,1,0.058823529411764705,0.5,0.43243243243243246,0.10526315789473684,75
38,751668188,0.25,0.5,0.1,0.1,40,40,1,17,1,16,22,0,0.058823529411764705,1.0,0.42105263157894735,0.1111111111111111,75
39,911113600,0.25,0.5,0.1,0.1,40,40,1,21,1,20,18,0,0.047619047619047616,1.0,0.5263157894736842,0.0909090909090909,75
40,75050934,0.25,0.5,0.1,0.1,40,40,0,15,0,15,24,0,0.0,,0.38461538461538464,,75
41,2082904330,0.25,0.5,0.1,0.1,40,40,2,26,2,24,13,0,0.07692307692307693,1.0,0.6486486486486487,0.14285714285714288,75
42,154428656,0.25,0.5,0.1,0.1,40,40,3,24,3,21,15,0,0.125,1.0,0.5833333333333334,0.2222222222222222,75
43,951168629,0.25,0.5,0.1,0.1,40,40,1,15,1,14,24,0,0.06666666666666667,1.0,0.3684210526315789,0.125,75
44,1599211672,0.25,0.5,0.1,0.1,40,40,0,12,0,12,27,0,0.0,,0.3076923076923077,,75
45,859054293,0.25,0.5,0.1,0.1,40,40,3,16,3,13,23,0,0.1875,1.0,0.3611111111111111,0.3157894736842105,75
46,1084757581,0.25,0.5,0.1,0.1,40,40,2,17,2,15,22,0,0.11764705882352941,1.0,0.40540540540540543,0.21052631578947367,75
47,1990409964,0.25,0.5,0.1,0.1,40,40,0,19,0,19,20,0,0.0,,0.48717948717948717,,75
48,1624523514,0.25,0.5,0.1,0.1,40,40,0,17,0,17,22,0,0.0,,0.4358974358974359,,75
49,904762405,0.25,0.5,0.1,0.1,40,40,2,19,2,17,20,0,0.10526315789473684,1.0,0.4594594594594595,0.1904761904761905,75
0,891351842,0.25,0.5,0.1,0.25,20,20,1,11,0,11,7,1,0.0,0.0,0.6111111111111112,0.0,76
1,1712511503,0.25,0.5,0.1,0.25,20,20,1,13,1,12,6,0,0.07692307692307693,1.0,0.6666666666666666,0.14285714285714288,76
2,1706309768,0.25,0.5,0.1,0.25,20,20,2,10,2,8,9,0,0.2,1.0,0.47058823529411764,0.33333333333333337,76
3,191980581,0.25,0.5,0.1,0.25,20,20,1,12,1,11,7,0,0.08333333333333333,1.0,0.6111111111111112,0.15384615384615385,76
4,591048382,0.25,0.5,0.1,0.25,20,20,1,15,1,14,4,0,0.06666666666666667,1.0,0.7777777777777778,0.125,76
5,1594227502,0.25,0.5,0.1,0.25,20,20,1,14,0,14,4,1,0.0,0.0,0.7777777777777778,0.0,76
6,114600260,0.25,0.5,0.1,0.25,20,20,3,14,3,11,5,0,0.21428571428571427,1.0,0.6875,0.35294117647058826,76
7,1903636843,0.25,0.5,0.1,0.25,20,20,1,10,1,9,9,0,0.1,1.0,0.5,0.18181818181818182,76
8,1332393428,0.25,0.5,0.1,0.25,20,20,2,17,2,15,2,0,0.11764705882352941,1.0,0.8823529411764706,0.21052631578947367,76
9,1433051839,0.25,0.5,0.1,0.25,20,20,0,8,0,8,11,0,0.0,,0.42105263157894735,,76
10,1958986053,0.25,0.5,0.1,0.25,20,20,1,12,1,11,7,0,0.08333333333333333,1.0,0.6111111111111112,0.15384615384615385,76
11,878237439,0.25,0.5,0.1,0.25,20,20,2,13,2,11,6,0,0.15384615384615385,1.0,0.6470588235294118,0.2666666666666667,76
12,295399317,0.25,0.5,0.1,0.25,20,20,0,11,0,11,8,0,0.0,,0.5789473684210527,,76
13,1222659714,0.25,0.5,0.1,0.25,20,20,3,13,1,12,4,2,0.07692307692307693,0.3333333333333333,0.75,0.125,76
14,1338684485,0.25,0.5,0.1,0.25,20,20,1,14,1,13,5,0,0.07142857142857142,1.0,0.7222222222222222,0.13333333333333333,76
15,1551655136,0.25,0.5,0.1,0.25,20,20,2,14,2,12,5,0,0.14285714285714285,1.0,0.7058823529411765,0.25,76
16,688327701,0.25,0.5,0.1,0.25,20,20,2,14,2,12,5,0,0.14285714285714285,1.0,0.7058823529411765,0.25,76
17,2137828802,0.25,0.5,0.1,0.25,20,20,2,14,2,12,5,0,0.14285714285714285,1.0,0.7058823529411765,0.25,76
18,1993115958,0.25,0.5,0.1,0.25,20,20,1,12,1,11,7,0,0.08333333333333333,1.0,0.6111111111111112,0.15384615384615385,76
19,514809297,0.25,0.5,0.1,0.25,20,20,3,12,2,10,6,1,0.16666666666666666,0.6666666666666666,0.625,0.26666666666666666,76
20,770301834,0.25,0.5,0.1,0.25,20,20,2,16,2,14,3,0,0.125,1.0,0.8235294117647058,0.2222222222222222,76
21,1205613603,0.25,0.5,0.1,0.25,20,20,2,14,1,13,4,1,0.07142857142857142,0.5,0.7647058823529411,0.125,76
22,2131345481,0.25,0.5,0.1,0.25,20,20,1,12,0,12,6,1,0.0,0.0,0.6666666666666666,0.0,76
23,2010719127,0.25,0.5,0.1,0.25,20,20,1,13,1,12,6,0,0.07692307692307693,1.0,0.6666666666666666,0.14285714285714288,76
24,337996353,0.25,0.5,0.1,0.25,20,20,2,13,2,11,6,0,0.15384615384615385,1.0,0.6470588235294118,0.2666666666666667,76
25,1278505065,0.25,0.5,0.1,0.25,20,20,2,12,1,11,6,1,0.08333333333333333,0.5,0.6470588235294118,0.14285714285714285,76
26,505261941,0.25,0.5,0.1,0.25,20,20,1,14,1,13,5,0,0.07142857142857142,1.0,0.7222222222222222,0.13333333333333333,76
27,1402244657,0.25,0.5,0.1,0.25,20,20,1,13,1,12,6,0,0.07692307692307693,1.0,0.6666666666666666,0.14285714285714288,76
28,1182022220,0.25,0.5,0.1,0.25,20,20,0,16,0,16,3,0,0.0,,0.8421052631578947,,76
29,1928191540,0.25,0.5,0.1,0.25,20,20,1,13,1,12,6,0,0.07692307692307693,1.0,0.6666666666666666,0.14285714285714288,76
30,2018764103,0.25,0.5,0.1,0.25,20,20,2,16,2,14,3,0,0.125,1.0,0.8235294117647058,0.2222222222222222,76
31,627307950,0.25,0.5,0.1,0.25,20,20,1,12,1,11,7,0,0.08333333333333333,1.0,0.6111111111111112,0.15384615384615385,76
32,1783523247,0.25,0.5,0.1,0.25,20,20,3,14,2,12,4,1,0.14285714285714285,0.6666666666666666,0.75,0.23529411764705882,76
33,152375353,0.25,0.5,0.1,0.25,20,20,3,11,3,8,8,0,0.2727272727272727,1.0,0.5,0.42857142857142855,76
34,631489399,0.25,0.5,0.1,0.25,20,20,0,15,0,15,4,0,0.0,,0.7894736842105263,,76
35,1403089832,0.25,0.5,0.1,0.25,20,20,2,8,1,7,10,1,0.125,0.5,0.4117647058823529,0.2,76
36,554641145,0.25,0.5,0.1,0.25,20,20,1,13,1,12,6,0,0.07692307692307693,1.0,0.6666666666666666,0.14285714285714288,76
37,310076204,0.25,0.5,0.1,0.25,20,20,1,14,1,13,5,0,0.07142857142857142,1.0,0.7222222222222222,0.13333333333333333,76
38,415328488,0.25,0.5,0.1,0.25,20,20,4,15,3,12,3,1,0.2,0.75,0.8,0.31578947368421056,76
39,96034694,0.25,0.5,0.1,0.25,20,20,3,16,3,13,3,0,0.1875,1.0,0.8125,0.3157894736842105,76
40,620657788,0.25,0.5,0.1,0.25,20,20,1,15,1,14,4,0,0.06666666666666667,1.0,0.7777777777777778,0.125,76
41,1657439665,0.25,0.5,0.1,0.25,20,20,0,13,0,13,6,0,0.0,,0.6842105263157895,,76
42,1597339487,0.25,0.5,0.1,0.25,20,20,2,11,2,9,8,0,0.18181818181818182,1.0,0.5294117647058824,0.3076923076923077,76
43,1435742477,0.25,0.5,0.1,0.25,20,20,1,10,1,9,9,0,0.1,1.0,0.5,0.18181818181818182,76
44,1785038631,0.25,0.5,0.1,0.25,20,20,1,15,1,14,4,0,0.06666666666666667,1.0,0.7777777777777778,0.125,76
45,1497553913,0.25,0.5,0.1,0.25,20,20,0,9,0,9,10,0,0.0,,0.47368421052631576,,76
46,1800411462,0.25,0.5,0.1,0.25,20,20,0,11,0,11,8,0,0.0,,0.5789473684210527,,76
47,951269959,0.25,0.5,0.1,0.25,20,20,1,12,1,11,7,0,0.08333333333333333,1.0,0.6111111111111112,0.15384615384615385,76
48,1555044163,0.25,0.5,0.1,0.25,20,20,2,14,2,12,5,0,0.14285714285714285,1.0,0.7058823529411765,0.25,76
49,833103330,0.25,0.5,0.1,0.25,20,20,2,15,2,13,4,0,0.13333333333333333,1.0,0.7647058823529411,0.23529411764705882,76
0,1963455104,0.25,0.5,0.1,0.25,40,40,1,30,1,29,9,0,0.03333333333333333,1.0,0.7631578947368421,0.06451612903225806,77
1,558211403,0.25,0.5,0.1,0.25,40,40,0,31,0,31,8,0,0.0,,0.7948717948717948,,77
2,1462813126,0.25,0.5,0.1,0.25,40,40,2,33,2,31,6,0,0.06060606060606061,1.0,0.8378378378378378,0.1142857142857143,77
3,1986844987,0.25,0.5,0.1,0.25,40,40,1,30,1,29,9,0,0.03333333333333333,1.0,0.7631578947368421,0.06451612903225806,77
4,1679714516,0.25,0.5,0.1,0.25,40,40,0,31,0,31,8,0,0.0,,0.7948717948717948,,77
5,950811076,0.25,0.5,0.1,0.25,40,40,4,28,4,24,11,0,0.14285714285714285,1.0,0.6857142857142857,0.25,77
6,1866812474,0.25,0.5,0.1,0.25,40,40,4,31,4,27,8,0,0.12903225806451613,1.0,0.7714285714285715,0.2285714285714286,77
7,327238315,0.25,0.5,0.1,0.25,40,40,6,32,5,27,6,1,0.15625,0.8333333333333334,0.8181818181818182,0.2631578947368421,77
8,1750838728,0.25,0.5,0.1,0.25,40,40,0,33,0,33,6,0,0.0,,0.8461538461538461,,77
9,1677918559,0.25,0.5,0.1,0.25,40,40,2,29,0,29,8,2,0.0,0.0,0.7837837837837838,0.0,77
10,508211211,0.25,0.5,0.1,0.25,40,40,2,28,1,27,10,1,0.03571428571428571,0.5,0.7297297297297297,0.06666666666666667,77
11,864142840,0.25,0.5,0.1,0.25,40,40,0,32,0,32,7,0,0.0,,0.8205128205128205,,77
12,2132869907,0.25,0.5,0.1,0.25,40,40,0,31,0,31,8,0,0.0,,0.7948717948717948,,77
13,1208106449,0.25,0.5,0.1,0.25,40,40,1,26,1,25,13,0,0.038461538461538464,1.0,0.6578947368421053,0.07407407407407407,77
14,1915178369,0.25,0.5,0.1,0.25,40,40,2,29,2,27,10,0,0.06896551724137931,1.0,0.7297297297297297,0.12903225806451613,77
15,11901274,0.25,0.5,0.1,0.25,40,40,1,26,1,25,13,0,0.038461538461538464,1.0,0.6578947368421053,0.07407407407407407,77
16,189025223,0.25,0.5,0.1,0.25,40,40,3,32,3,29,7,0,0.09375,1.0,0.8055555555555556,0.17142857142857143,77
17,1149543338,0.25,0.5,0.1,0.25,40,40,2,29,1,28,9,1,0.034482758620689655,0.5,0.7567567567567568,0.06451612903225806,77
18,960080884,0.25,0.5,0.1,0.25,40,40,1,33,1,32,6,0,0.030303030303030304,1.0,0.8421052631578947,0.05882352941176471,77
19,296820969,0.25,0.5,0.1,0.25,40,40,0,31,0,31,8,0,0.0,,0.7948717948717948,,77
20,1851372847,0.25,0.5,0.1,0.25,40,40,1,30,1,29,9,0,0.03333333333333333,1.0,0.7631578947368421,0.06451612903225806,77
21,1857291579,0.25,0.5,0.1,0.25,40,40,0,32,0,32,7,0,0.0,,0.8205128205128205,,77
22,2045235174,0.25,0.5,0.1,0.25,40,40,0,30,0,30,9,0,0.0,,0.7692307692307693,,77
23,572831226,0.25,0.5,0.1,0.25,40,40,0,27,0,27,12,0,0.0,,0.6923076923076923,,77
24,1707731291,0.25,0.5,0.1,0.25,40,40,2,31,1,30,7,1,0.03225806451612903,0.5,0.8108108108108109,0.06060606060606061,77
25,277377593,0.25,0.5,0.1,0.25,40,40,2,30,2,28,9,0,0.06666666666666667,1.0,0.7567567567567568,0.125,77
26,920500521,0.25,0.5,0.1,0.25,40,40,1,31,1,30,8,0,0.03225806451612903,1.0,0.7894736842105263,0.0625,77
27,1723420493,0.25,0.5,0.1,0.25,40,40,1,33,1,32,6,0,0.030303030303030304,1.0,0.8421052631578947,0.05882352941176471,77
28,2039427381,0.25,0.5,0.1,0.25,40,40,5,28,5,23,11,0,0.17857142857142858,1.0,0.6764705882352942,0.30303030303030304,77
29,240057238,0.25,0.5,0.1,0.25,40,40,2,33,2,31,6,0,0.06060606060606061,1.0,0.8378378378378378,0.1142857142857143,77
30,360220752,0.25,0.5,0.1,0.25,40,40,2,28,2,26,11,0,0.07142857142857142,1.0,0.7027027027027027,0.13333333333333333,77
31,690346397,0.25,0.5,0.1,0.25,40,40,0,27,0,27,12,0,0.0,,0.6923076923076923,,77
32,1722536989,0.25,0.5,0.1,0.25,40,40,0,29,0,29,10,0,0.0,,0.7435897435897436,,77
33,2060494922,0.25,0.5,0.1,0.25,40,40,3,27,1,26,10,2,0.037037037037037035,0.3333333333333333,0.7222222222222222,0.06666666666666667,77
34,1670913400,0.25,0.5,0.1,0.25,40,40,2,31,2,29,8,0,0.06451612903225806,1.0,0.7837837837837838,0.12121212121212122,77
35,1137296463,0.25,0.5,0.1,0.25,40,40,0,27,0,27,12,0,0.0,,0.6923076923076923,,77
36,2106219294,0.25,0.5,0.1,0.25,40,40,3,30,2,28,8,1,0.06666666666666667,0.6666666666666666,0.7777777777777778,0.1212121212121212,77
37,1973452726,0.25,0.5,0.1,0.25,40,40,0,28,0,28,11,0,0.0,,0.717948717948718,,77
38,344676899,0.25,0.5,0.1,0.25,40,40,3,32,3,29,7,0,0.09375,1.0,0.8055555555555556,0.17142857142857143,77
39,1371288097,0.25,0.5,0.1,0.25,40,40,1,28,0,28,10,1,0.0,0.0,0.7368421052631579,0.0,77
40,376721867,0.25,0.5,0.1,0.25,40,40,0,31,0,31,8,0,0.0,,0.7948717948717948,,77
41,204516312,0.25,0.5,0.1,0.25,40,40,2,28,1,27,10,1,0.03571428571428571,0.5,0.7297297297297297,0.06666666666666667,77
42,741006545,0.25,0.5,0.1,0.25,40,40,0,30,0,30,9,0,0.0,,0.7692307692307693,,77
43,988069447,0.25,0.5,0.1,0.25,40,40,2,25,2,23,14,0,0.08,1.0,0.6216216216216216,0.14814814814814814,77
44,1992012808,0.25,0.5,0.1,0.25,40,40,3,32,3,29,7,0,0.09375,1.0,0.8055555555555556,0.17142857142857143,77
45,909795215,0.25,0.5,0.1,0.25,40,40,1,30,1,29,9,0,0.03333333333333333,1.0,0.7631578947368421,0.06451612903225806,77
46,2135486084,0.25,0.5,0.1,0.25,40,40,3,27,2,25,11,1,0.07407407407407407,0.6666666666666666,0.6944444444444444,0.13333333333333333,77
47,756749024,0.25,0.5,0.1,0.25,40,40,0,31,0,31,8,0,0.0,,0.7948717948717948,,77
48,143798434,0.25,0.5,0.1,0.25,40,40,0,30,0,30,9,0,0.0,,0.7692307692307693,,77
49,1339403931,0.25,0.5,0.1,0.25,40,40,0,31,0,31,8,0,0.0,,0.7948717948717948,,77
0,1396807758,0.25,0.5,0.2,0.0,20,20,3,2,2,0,16,1,1.0,0.6666666666666666,0.0,0.8,78
1,1037360668,0.25,0.5,0.2,0.0,20,20,1,0,0,0,18,1,,0.0,0.0,,78
2,151340952,0.25,0.5,0.2,0.0,20,20,0,0,0,0,19,0,,,0.0,,78
3,1465878069,0.25,0.5,0.2,0.0,20,20,1,0,0,0,18,1,,0.0,0.0,,78
4,13842247,0.25,0.5,0.2,0.0,20,20,0,0,0,0,19,0,,,0.0,,78
5,769427841,0.25,0.5,0.2,0.0,20,20,2,2,2,0,17,0,1.0,1.0,0.0,1.0,78
6,1112938420,0.25,0.5,0.2,0.0,20,20,0,0,0,0,19,0,,,0.0,,78
7,933657717,0.25,0.5,0.2,0.0,20,20,1,0,0,0,18,1,,0.0,0.0,,78
8,21163011,0.25,0.5,0.2,0.0,20,20,1,1,1,0,18,0,1.0,1.0,0.0,1.0,78
9,543158354,0.25,0.5,0.2,0.0,20,20,3,3,3,0,16,0,1.0,1.0,0.0,1.0,78
10,598980184,0.25,0.5,0.2,0.0,20,20,0,0,0,0,19,0,,,0.0,,78
11,509313191,0.25,0.5,0.2,0.0,20,20,2,2,2,0,17,0,1.0,1.0,0.0,1.0,78
12,1823414273,0.25,0.5,0.2,0.0,20,20,2,0,0,0,17,2,,0.0,0.0,,78
13,1418324132,0.25,0.5,0.2,0.0,20,20,2,2,2,0,17,0,1.0,1.0,0.0,1.0,78
14,1729893801,0.25,0.5,0.2,0.0,20,20,1,0,0,0,18,1,,0.0,0.0,,78
15,1642545844,0.25,0.5,0.2,0.0,20,20,1,1,1,0,18,0,1.0,1.0,0.0,1.0,78
16,620363289,0.25,0.5,0.2,0.0,20,20,0,0,0,0,19,0,,,0.0,,78
17,901247567,0.25,0.5,0.2,0.0,20,20,2,1,1,0,17,1,1.0,0.5,0.0,0.6666666666666666,78
18,692576042,0.25,0.5,0.2,0.0,20,20,2,2,2,0,17,0,1.0,1.0,0.0,1.0,78
19,2133233421,0.25,0.5,0.2,0.0,20,20,0,0,0,0,19,0,,,0.0,,78
20,1856812092,0.25,0.5,0.2,0.0,20,20,2,0,0,0,17,2,,0.0,0.0,,78
21,839075377,0.25,0.5,0.2,0.0,20,20,2,1,1,0,17,1,1.0,0.5,0.0,0.6666666666666666,78
22,1618496905,0.25,0.5,0.2,0.0,20,20,1,0,0,0,18,1,,0.0,0.0,,78
23,258902821,0.25,0.5,0.2,0.0,20,20,1,1,1,0,18,0,1.0,1.0,0.0,1.0,78
24,1915390258,0.25,0.5,0.2,0.0,20,20,1,1,1,0,18,0,1.0,1.0,0.0,1.0,78
25,1359727012,0.25,0.5,0.2,0.0,20,20,1,0,0,0,18,1,,0.0,0.0,,78
26,1517595731,0.25,0.5,0.2,0.0,20,20,0,0,0,0,19,0,,,0.0,,78
27,994627171,0.25,0.5,0.2,0.0,20,20,4,4,4,0,15,0,1.0,1.0,0.0,1.0,78
28,916022120,0.25,0.5,0.2,0.0,20,20,0,0,0,0,19,0,,,0.0,,78
29,600799978,0.25,0.5,0.2,0.0,20,20,0,0,0,0,19,0,,,0.0,,78
30,498313241,0.25,0.5,0.2,0.0,20,20,1,0,0,0,18,1,,0.0,0.0,,78
31,1361591580,0.25,0.5,0.2,0.0,20,20,0,0,0,0,19,0,,,0.0,,78
32,2129021124,0.25,0.5,0.2,0.0,20,20,2,2,2,0,17,0,1.0,1.0,0.0,1.0,78
33,1169683524,0.25,0.5,0.2,0.0,20,20,1,0,0,0,18,1,,0.0,0.0,,78
34,655060679,0.25,0.5,0.2,0.0,20,20,1,0,0,0,18,1,,0.0,0.0,,78
35,1205534444,0.25,0.5,0.2,0.0,20,20,0,0,0,0,19,0,,,0.0,,78
36,1139885238,0.25,0.5,0.2,0.0,20,20,1,0,0,0,18,1,,0.0,0.0,,78
37,559998139,0.25,0.5,0.2,0.0,20,20,1,1,1,0,18,0,1.0,1.0,0.0,1.0,78
38,1286906120,0.25,0.5,0.2,0.0,20,20,1,0,0,0,18,1,,0.0,0.0,,78
39,99291168,0.25,0.5,0.2,0.0,20,20,2,1,1,0,17,1,1.0,0.5,0.0,0.6666666666666666,78
40,1880520361,0.25,0.5,0.2,0.0,20,20,0,0,0,0,19,0,,,0.0,,78
41,977521152,0.25,0.5,0.2,0.0,20,20,1,1,1,0,18,0,1.0,1.0,0.0,1.0,78
42,788078184,0.25,0.5,0.2,0.0,20,20,0,0,0,0,19,0,,,0.0,,78
43,1547356905,0.25,0.5,0.2,0.0,20,20,3,2,2,0,16,1,1.0,0.6666666666666666,0.0,0.8,78
44,2132997709,0.25,0.5,0.2,0.0,20,20,1,0,0,0,18,1,,0.0,0.0,,78
45,746175280,0.25,0.5,0.2,0.0,20,20,3,1,1,0,16,2,1.0,0.3333333333333333,0.0,0.5,78
46,1679755934,0.25,0.5,0.2,0.0,20,20,3,2,2,0,16,1,1.0,0.6666666666666666,0.0,0.8,78
47,1135347686,0.25,0.5,0.2,0.0,20,20,4,3,3,0,15,1,1.0,0.75,0.0,0.8571428571428571,78
48,1857056745,0.25,0.5,0.2,0.0,20,20,0,0,0,0,19,0,,,0.0,,78
49,1839308587,0.25,0.5,0.2,0.0,20,20,1,0,0,0,18,1,,0.0,0.0,,78
0,1970954512,0.25,0.5,0.2,0.0,40,40,4,3,2,1,34,2,0.6666666666666666,0.5,0.02857142857142857,0.5714285714285715,79
1,1239979728,0.25,0.5,0.2,0.0,40,40,0,0,0,0,39,0,,,0.0,,79
2,1582455703,0.25,0.5,0.2,0.0,40,40,0,1,0,1,38,0,0.0,,0.02564102564102564,,79
3,521906413,0.25,0.5,0.2,0.0,40,40,1,2,1,1,37,0,0.5,1.0,0.02631578947368421,0.6666666666666666,79
4,1919802865,0.25,0.5,0.2,0.0,40,40,0,0,0,0,39,0,,,0.0,,79
5,1513033495,0.25,0.5,0.2,0.0,40,40,1,1,1,0,38,0,1.0,1.0,0.0,1.0,79
6,1509755190,0.25,0.5,0.2,0.0,40,40,1,0,0,0,38,1,,0.0,0.0,,79
7,613065447,0.25,0.5,0.2,0.0,40,40,2,1,1,0,37,1,1.0,0.5,0.0,0.6666666666666666,79
8,1004891447,0.25,0.5,0.2,0.0,40,40,0,0,0,0,39,0,,,0.0,,79
9,490511108,0.25,0.5,0.2,0.0,40,40,0,0,0,0,39,0,,,0.0,,79
10,340126871,0.25,0.5,0.2,0.0,40,40,2,2,2,0,37,0,1.0,1.0,0.0,1.0,79
11,2064960628,0.25,0.5,0.2,0.0,40,40,2,2,2,0,37,0,1.0,1.0,0.0,1.0,79
12,2110732151,0.25,0.5,0.2,0.0,40,40,2,0,0,0,37,2,,0.0,0.0,,79
13,653032523,0.25,0.5,0.2,0.0,40,40,0,0,0,0,39,0,,,0.0,,79
14,1340668603,0.25,0.5,0.2,0.0,40,40,0,0,0,0,39,0,,,0.0,,79
15,996240928,0.25,0.5,0.2,0.0,40,40,0,1,0,1,38,0,0.0,,0.02564102564102564,,79
16,309511351,0.25,0.5,0.2,0.0,40,40,0,0,0,0,39,0,,,0.0,,79
17,720689525,0.25,0.5,0.2,0.0,40,40,3,1,1,0,36,2,1.0,0.3333333333333333,0.0,0.5,79
18,1597585344,0.25,0.5,0.2,0.0,40,40,0,0,0,0,39,0,,,0.0,,79
19,345237882,0.25,0.5,0.2,0.0,40,40,1,1,1,0,38,0,1.0,1.0,0.0,1.0,79
20,553570744,0.25,0.5,0.2,0.0,40,40,1,2,1,1,37,0,0.5,1.0,0.02631578947368421,0.6666666666666666,79
21,1635794209,0.25,0.5,0.2,0.0,40,40,1,1,1,0,38,0,1.0,1.0,0.0,1.0,79
22,430719958,0.25,0.5,0.2,0.0,40,40,2,1,1,0,37,1,1.0,0.5,0.0,0.6666666666666666,79
23,1844376217,0.25,0.5,0.2,0.0,40,40,2,2,2,0,37,0,1.0,1.0,0.0,1.0,79
24,870781917,0.25,0.5,0.2,0.0,40,40,1,0,0,0,38,1,,0.0,0.0,,79
25,327485442,0.25,0.5,0.2,0.0,40,40,2,1,1,0,37,1,1.0,0.5,0.0,0.6666666666666666,79
26,1830277957,0.25,0.5,0.2,0.0,40,40,2,2,2,0,37,0,1.0,1.0,0.0,1.0,79
27,1165389389,0.25,0.5,0.2,0.0,40,40,2,0,0,0,37,2,,0.0,0.0,,79
28,1225480616,0.25,0.5,0.2,0.0,40,40,3,2,2,0,36,1,1.0,0.6666666666666666,0.0,0.8,79
29,1898652850,0.25,0.5,0.2,0.0,40,40,3,1,1,0,36,2,1.0,0.3333333333333333,0.0,0.5,79
30,1751791884,0.25,0.5,0.2,0.0,40,40,0,1,0,1,38,0,0.0,,0.02564102564102564,,79
31,1001258896,0.25,0.5,0.2,0.0,40,40,0,0,0,0,39,0,,,0.0,,79
32,464995671,0.25,0.5,0.2,0.0,40,40,3,1,1,0,36,2,1.0,0.3333333333333333,0.0,0.5,79
33,1975191267,0.25,0.5,0.2,0.0,40,40,2,2,2,0,37,0,1.0,1.0,0.0,1.0,79
34,554929713,0.25,0.5,0.2,0.0,40,40,2,3,2,1,36,0,0.6666666666666666,1.0,0.02702702702702703,0.8,79
35,1808710943,0.25,0.5,0.2,0.0,40,40,2,2,2,0,37,0,1.0,1.0,0.0,1.0,79
36,1707852866,0.25,0.5,0.2,0.0,40,40,1,1,1,0,38,0,1.0,1.0,0.0,1.0,79
37,1876047752,0.25,0.5,0.2,0.0,40,40,5,4,4,0,34,1,1.0,0.8,0.0,0.888888888888889,79
38,1199975481,0.25,0.5,0.2,0.0,40,40,2,2,2,0,37,0,1.0,1.0,0.0,1.0,79
39,1534839527,0.25,0.5,0.2,0.0,40,40,2,2,2,0,37,0,1.0,1.0,0.0,1.0,79
40,720315985,0.25,0.5,0.2,0.0,40,40,0,0,0,0,39,0,,,0.0,,79
41,1228091750,0.25,0.5,0.2,0.0,40,40,0,0,0,0,39,0,,,0.0,,79
42,229493362,0.25,0.5,0.2,0.0,40,40,1,1,1,0,38,0,1.0,1.0,0.0,1.0,79
43,1213731551,0.25,0.5,0.2,0.0,40,40,0,0,0,0,39,0,,,0.0,,79
44,187385551,0.25,0.5,0.2,0.0,40,40,1,1,1,0,38,0,1.0,1.0,0.0,1.0,79
45,1437067943,0.25,0.5,0.2,0.0,40,40,2,1,1,0,37,1,1.0,0.5,0.0,0.6666666666666666,79
46,2036101089,0.25,0.5,0.2,0.0,40,40,1,1,1,0,38,0,1.0,1.0,0.0,1.0,79
47,597712991,0.25,0.5,0.2,0.0,40,40,2,2,2,0,37,0,1.0,1.0,0.0,1.0,79
48,1564517340,0.25,0.5,0.2,0.0,40,40,1,1,1,0,38,0,1.0,1.0,0.0,1.0,79
49,1143753673,0.25,0.5,0.2,0.0,40,40,3,2,2,0,36,1,1.0,0.6666666666666666,0.0,0.8,79
0,845420423,0.25,0.5,0.2,0.1,20,20,0,4,0,4,15,0,0.0,,0.21052631578947367,,80
1,867792884,0.25,0.5,0.2,0.1,20,20,0,1,0,1,18,0,0.0,,0.05263157894736842,,80
2,863196730,0.25,0.5,0.2,0.1,20,20,2,3,2,1,16,0,0.6666666666666666,1.0,0.058823529411764705,0.8,80
3,1990405609,0.25,0.5,0.2,0.1,20,20,1,3,0,3,15,1,0.0,0.0,0.16666666666666666,0.0,80
4,1454452423,0.25,0.5,0.2,0.1,20,20,1,3,1,2,16,0,0.3333333333333333,1.0,0.1111111111111111,0.5,80
5,1468419017,0.25,0.5,0.2,0.1,20,20,3,2,1,1,15,2,0.5,0.3333333333333333,0.0625,0.4,80
6,2143600136,0.25,0.5,0.2,0.1,20,20,1,2,0,2,16,1,0.0,0.0,0.1111111111111111,0.0,80
7,1093359557,0.25,0.5,0.2,0.1,20,20,0,0,0,0,19,0,,,0.0,,80
8,611773591,0.25,0.5,0.2,0.1,20,20,1,1,1,0,18,0,1.0,1.0,0.0,1.0,80
9,1147462860,0.25,0.5,0.2,0.1,20,20,2,2,2,0,17,0,1.0,1.0,0.0,1.0,80
10,232792679,0.25,0.5,0.2,0.1,20,20,1,2,1,1,17,0,0.5,1.0,0.05555555555555555,0.6666666666666666,80
11,1591117076,0.25,0.5,0.2,0.1,20,20,0,2,0,2,17,0,0.0,,0.10526315789473684,,80
12,1944732061,0.25,0.5,0.2,0.1,20,20,0,2,0,2,17,0,0.0,,0.10526315789473684,,80
13,1939134551,0.25,0.5,0.2,0.1,20,20,1,2,1,1,17,0,0.5,1.0,0.05555555555555555,0.6666666666666666,80
14,239919515,0.25,0.5,0.2,0.1,20,20,1,2,1,1,17,0,0.5,1.0,0.05555555555555555,0.6666666666666666,80
15,214868795,0.25,0.5,0.2,0.1,20,20,0,1,0,1,18,0,0.0,,0.05263157894736842,,80
16,723045859,0.25,0.5,0.2,0.1,20,20,2,1,0,1,16,2,0.0,0.0,0.058823529411764705,0.0,80
17,508075902,0.25,0.5,0.2,0.1,20,20,0,1,0,1,18,0,0.0,,0.05263157894736842,,80
18,1879496204,0.25,0.5,0.2,0.1,20,20,0,5,0,5,14,0,0.0,,0.2631578947368421,,80
19,38013234,0.25,0.5,0.2,0.1,20,20,2,2,1,1,16,1,0.5,0.5,0.058823529411764705,0.5,80
20,2053727691,0.25,0.5,0.2,0.1,20,20,1,2,1,1,17,0,0.5,1.0,0.05555555555555555,0.6666666666666666,80
21,890310102,0.25,0.5,0.2,0.1,20,20,1,0,0,0,18,1,,0.0,0.0,,80
22,2140964722,0.25,0.5,0.2,0.1,20,20,1,4,1,3,15,0,0.25,1.0,0.16666666666666666,0.4,80
23,2043571476,0.25,0.5,0.2,0.1,20,20,0,1,0,1,18,0,0.0,,0.05263157894736842,,80
24,899746095,0.25,0.5,0.2,0.1,20,20,1,3,1,2,16,0,0.3333333333333333,1.0,0.1111111111111111,0.5,80
25,223498155,0.25,0.5,0.2,0.1,20,20,0,2,0,2,17,0,0.0,,0.10526315789473684,,80
26,497291486,0.25,0.5,0.2,0.1,20,20,1,5,1,4,14,0,0.2,1.0,0.2222222222222222,0.33333333333333337,80
27,72454690,0.25,0.5,0.2,0.1,20,20,0,0,0,0,19,0,,,0.0,,80
28,1256198798,0.25,0.5,0.2,0.1,20,20,0,0,0,0,19,0,,,0.0,,80
29,1254439345,0.25,0.5,0.2,0.1,20,20,0,1,0,1,18,0,0.0,,0.05263157894736842,,80
30,977559169,0.25,0.5,0.2,0.1,20,20,0,0,0,0,19,0,,,0.0,,80
31,1795306475,0.25,0.5,0.2,0.1,20,20,0,2,0,2,17,0,0.0,,0.10526315789473684,,80
32,1025209978,0.25,0.5,0.2,0.1,20,20,0,1,0,1,18,0,0.0,,0.05263157894736842,,80
33,933249265,0.25,0.5,0.2,0.1,20,20,1,1,1,0,18,0,1.0,1.0,0.0,1.0,80
34,1644616144,0.25,0.5,0.2,0.1,20,20,0,2,0,2,17,0,0.0,,0.10526315789473684,,80
35,145531555,0.25,0.5,0.2,0.1,20,20,1,1,0,1,17,1,0.0,0.0,0.05555555555555555,0.0,80
36,1196054845,0.25,0.5,0.2,0.1,20,20,2,2,2,0,17,0,1.0,1.0,0.0,1.0,80
37,636591735,0.25,0.5,0.2,0.1,20,20,0,1,0,1,18,0,0.0,,0.05263157894736842,,80
38,1603305247,0.25,0.5,0.2,0.1,20,20,0,2,0,2,17,0,0.0,,0.10526315789473684,,80
39,2030969072,0.25,0.5,0.2,0.1,20,20,2,5,2,3,14,0,0.4,1.0,0.17647058823529413,0.5714285714285715,80
40,1929013743,0.25,0.5,0.2,0.1,20,20,2,2,2,0,17,0,1.0,1.0,0.0,1.0,80
41,1662158761,0.25,0.5,0.2,0.1,20,20,0,2,0,2,17,0,0.0,,0.10526315789473684,,80
42,691230696,0.25,0.5,0.2,0.1,20,20,2,2,2,0,17,0,1.0,1.0,0.0,1.0,80
43,1960464740,0.25,0.5,0.2,0.1,20,20,2,1,1,0,17,1,1.0,0.5,0.0,0.6666666666666666,80
44,1227320392,0.25,0.5,0.2,0.1,20,20,0,2,0,2,17,0,0.0,,0.10526315789473684,,80
45,615155976,0.25,0.5,0.2,0.1,20,20,0,3,0,3,16,0,0.0,,0.15789473684210525,,80
46,1007952470,0.25,0.5,0.2,0.1,20,20,0,2,0,2,17,0,0.0,,0.10526315789473684,,80
47,253555514,0.25,0.5,0.2,0.1,20,20,1,0,0,0,18,1,,0.0,0.0,,80
48,1993696049,0.25,0.5,0.2,0.1,20,20,4,6,4,2,13,0,0.6666666666666666,1.0,0.13333333333333333,0.8,80
49,2080077888,0.25,0.5,0.2,0.1,20,20,1,1,1,0,18,0,1.0,1.0,0.0,1.0,80
0,1460415334,0.25,0.5,0.2,0.1,40,40,0,4,0,4,35,0,0.0,,0.10256410256410256,,81
1,685556619,0.25,0.5,0.2,0.1,40,40,0,9,0,9,30,0,0.0,,0.23076923076923078,,81
2,979240251,0.25,0.5,0.2,0.1,40,40,3,10,2,8,28,1,0.2,0.6666666666666666,0.2222222222222222,0.30769230769230765,81
3,1448106049,0.25,0.5,0.2,0.1,40,40,2,8,1,7,30,1,0.125,0.5,0.1891891891891892,0.2,81
4,582192359,0.25,0.5,0.2,0.1,40,40,1,6,0,6,32,1,0.0,0.0,0.15789473684210525,0.0,81
5,1011298191,0.25,0.5,0.2,0.1,40,40,1,6,1,5,33,0,0.16666666666666666,1.0,0.13157894736842105,0.2857142857142857,81
6,2010934747,0.25,0.5,0.2,0.1,40,40,2,7,1,6,31,1,0.14285714285714285,0.5,0.16216216216216217,0.22222222222222224,81
7,1787094871,0.25,0.5,0.2,0.1,40,40,1,6,1,5,33,0,0.16666666666666666,1.0,0.13157894736842105,0.2857142857142857,81
8,688931516,0.25,0.5,0.2,0.1,40,40,1,10,1,9,29,0,0.1,1.0,0.23684210526315788,0.18181818181818182,81
9,1311924556,0.25,0.5,0.2,0.1,40,40,2,8,1,7,30,1,0.125,0.5,0.1891891891891892,0.2,81
10,1019315956,0.25,0.5,0.2,0.1,40,40,2,9,2,7,30,0,0.2222222222222222,1.0,0.1891891891891892,0.3636363636363636,81
11,613942341,0.25,0.5,0.2,0.1,40,40,0,5,0,5,34,0,0.0,,0.1282051282051282,,81
12,1900648724,0.25,0.5,0.2,0.1,40,40,0,8,0,8,31,0,0.0,,0.20512820512820512,,81
13,1111308089,0.25,0.5,0.2,0.1,40,40,1,8,1,7,31,0,0.125,1.0,0.18421052631578946,0.2222222222222222,81
14,150026236,0.25,0.5,0.2,0.1,40,40,0,7,0,7,32,0,0.0,,0.1794871794871795,,81
15,1080549958,0.25,0.5,0.2,0.1,40,40,0,8,0,8,31,0,0.0,,0.20512820512820512,,81
16,299092167,0.25,0.5,0.2,0.1,40,40,1,7,1,6,32,0,0.14285714285714285,1.0,0.15789473684210525,0.25,81
17,246976036,0.25,0.5,0.2,0.1,40,40,2,8,1,7,30,1,0.125,0.5,0.1891891891891892,0.2,81
18,1952533732,0.25,0.5,0.2,0.1,40,40,2,8,2,6,31,0,0.25,1.0,0.16216216216216217,0.4,81
19,1461024818,0.25,0.5,0.2,0.1,40,40,0,6,0,6,33,0,0.0,,0.15384615384615385,,81
20,1641322346,0.25,0.5,0.2,0.1,40,40,1,9,1,8,30,0,0.1111111111111111,1.0,0.21052631578947367,0.19999999999999998,81
21,163901418,0.25,0.5,0.2,0.1,40,40,2,9,1,8,29,1,0.1111111111111111,0.5,0.21621621621621623,0.1818181818181818,81
22,228319515,0.25,0.5,0.2,0.1,40,40,2,2,0,2,35,2,0.0,0.0,0.05405405405405406,0.0,81
23,672452878,0.25,0.5,0.2,0.1,40,40,1,10,1,9,29,0,0.1,1.0,0.23684210526315788,0.18181818181818182,81
24,1367315071,0.25,0.5,0.2,0.1,40,40,1,15,1,14,24,0,0.06666666666666667,1.0,0.3684210526315789,0.125,81
25,1346404502,0.25,0.5,0.2,0.1,40,40,2,11,2,9,28,0,0.18181818181818182,1.0,0.24324324324324326,0.3076923076923077,81
26,1271465868,0.25,0.5,0.2,0.1,40,40,1,2,1,1,37,0,0.5,1.0,0.02631578947368421,0.6666666666666666,81
27,613653921,0.25,0.5,0.2,0.1,40,40,1,11,1,10,28,0,0.09090909090909091,1.0,0.2631578947368421,0.16666666666666669,81
28,831759087,0.25,0.5,0.2,0.1,40,40,0,8,0,8,31,0,0.0,,0.20512820512820512,,81
29,467995310,0.25,0.5,0.2,0.1,40,40,0,2,0,2,37,0,0.0,,0.05128205128205128,,81
30,746128053,0.25,0.5,0.2,0.1,40,40,1,3,1,2,36,0,0.3333333333333333,1.0,0.05263157894736842,0.5,81
31,1516392901,0.25,0.5,0.2,0.1,40,40,2,6,1,5,32,1,0.16666666666666666,0.5,0.13513513513513514,0.25,81
32,1672035286,0.25,0.5,0.2,0.1,40,40,4,8,4,4,31,0,0.5,1.0,0.11428571428571428,0.6666666666666666,81
33,1966643197,0.25,0.5,0.2,0.1,40,40,2,7,2,5,32,0,0.2857142857142857,1.0,0.13513513513513514,0.4444444444444445,81
34,1377636415,0.25,0.5,0.2,0.1,40,40,0,4,0,4,35,0,0.0,,0.10256410256410256,,81
35,1470385572,0.25,0.5,0.2,0.1,40,40,3,11,1,10,26,2,0.09090909090909091,0.3333333333333333,0.2777777777777778,0.14285714285714288,81
36,281257632,0.25,0.5,0.2,0.1,40,40,2,10,1,9,28,1,0.1,0.5,0.24324324324324326,0.16666666666666669,81
37,138506229,0.25,0.5,0.2,0.1,40,40,0,6,0,6,33,0,0.0,,0.15384615384615385,,81
38,42276310,0.25,0.5,0.2,0.1,40,40,1,9,0,9,29,1,0.0,0.0,0.23684210526315788,0.0,81
39,164128183,0.25,0.5,0.2,0.1,40,40,0,9,0,9,30,0,0.0,,0.23076923076923078,,81
40,130317658,0.25,0.5,0.2,0.1,40,40,5,10,4,6,28,1,0.4,0.8,0.17647058823529413,0.5333333333333333,81
41,1546869816,0.25,0.5,0.2,0.1,40,40,1,14,1,13,25,0,0.07142857142857142,1.0,0.34210526315789475,0.13333333333333333,81
42,1644485003,0.25,0.5,0.2,0.1,40,40,1,7,1,6,32,0,0.14285714285714285,1.0,0.15789473684210525,0.25,81
43,773944380,0.25,0.5,0.2,0.1,40,40,4,12,4,8,27,0,0.3333333333333333,1.0,0.22857142857142856,0.5,81
44,462429284,0.25,0.5,0.2,0.1,40,40,0,4,0,4,35,0,0.0,,0.10256410256410256,,81
45,1899343394,0.25,0.5,0.2,0.1,40,40,3,10,2,8,28,1,0.2,0.6666666666666666,0.2222222222222222,0.30769230769230765,81
46,411676161,0.25,0.5,0.2,0.1,40,40,1,11,0,11,27,1,0.0,0.0,0.2894736842105263,0.0,81
47,1430458409,0.25,0.5,0.2,0.1,40,40,3,6,2,4,32,1,0.3333333333333333,0.6666666666666666,0.1111111111111111,0.4444444444444444,81
48,2131678448,0.25,0.5,0.2,0.1,40,40,3,5,2,3,33,1,0.4,0.6666666666666666,0.08333333333333333,0.5,81
49,238684218,0.25,0.5,0.2,0.1,40,40,0,9,0,9,30,0,0.0,,0.23076923076923078,,81
0,486820597,0.25,0.5,0.2,0.25,20,20,0,13,0,13,6,0,0.0,,0.6842105263157895,,82
1,230365965,0.25,0.5,0.2,0.25,20,20,0,12,0,12,7,0,0.0,,0.631578947368421,,82
2,231097284,0.25,0.5,0.2,0.25,20,20,0,7,0,7,12,0,0.0,,0.3684210526315789,,82
3,337076086,0.25,0.5,0.2,0.25,20,20,3,9,2,7,9,1,0.2222222222222222,0.6666666666666666,0.4375,0.3333333333333333,82
4,1891647857,0.25,0.5,0.2,0.25,20,20,4,8,1,7,8,3,0.125,0.25,0.4666666666666667,0.16666666666666666,82
5,735506907,0.25,0.5,0.2,0.25,20,20,1,6,1,5,13,0,0.16666666666666666,1.0,0.2777777777777778,0.2857142857142857,82
6,1523671129,0.25,0.5,0.2,0.25,20,20,1,6,0,6,12,1,0.0,0.0,0.3333333333333333,0.0,82
7,2083533867,0.25,0.5,0.2,0.25,20,20,0,7,0,7,12,0,0.0,,0.3684210526315789,,82
8,1558722810,0.25,0.5,0.2,0.25,20,20,2,7,2,5,12,0,0.2857142857142857,1.0,0.29411764705882354,0.4444444444444445,82
9,266662315,0.25,0.5,0.2,0.25,20,20,1,10,0,10,8,1,0.0,0.0,0.5555555555555556,0.0,82
10,1008186505,0.25,0.5,0.2,0.25,20,20,0,8,0,8,11,0,0.0,,0.42105263157894735,,82
11,1470696613,0.25,0.5,0.2,0.25,20,20,0,10,0,10,9,0,0.0,,0.5263157894736842,,82
12,849856213,0.25,0.5,0.2,0.25,20,20,0,5,0,5,14,0,0.0,,0.2631578947368421,,82
13,854774129,0.25,0.5,0.2,0.25,20,20,2,7,0,7,10,2,0.0,0.0,0.4117647058823529,0.0,82
14,940051232,0.25,0.5,0.2,0.25,20,20,0,7,0,7,12,0,0.0,,0.3684210526315789,,82
15,249199418,0.25,0.5,0.2,0.25,20,20,0,8,0,8,11,0,0.0,,0.42105263157894735,,82
16,908902814,0.25,0.5,0.2,0.25,20,20,3,9,1,8,8,2,0.1111111111111111,0.3333333333333333,0.5,0.16666666666666666,82
17,1028699857,0.25,0.5,0.2,0.25,20,20,0,10,0,10,9,0,0.0,,0.5263157894736842,,82
18,913020863,0.25,0.5,0.2,0.25,20,20,2,10,2,8,9,0,0.2,1.0,0.47058823529411764,0.33333333333333337,82
19,2101494008,0.25,0.5,0.2,0.25,20,20,1,7,1,6,12,0,0.14285714285714285,1.0,0.3333333333333333,0.25,82
20,1566485062,0.25,0.5,0.2,0.25,20,20,1,6,1,5,13,0,0.16666666666666666,1.0,0.2777777777777778,0.2857142857142857,82
21,1773295894,0.25,0.5,0.2,0.25,20,20,1,3,0,3,15,1,0.0,0.0,0.16666666666666666,0.0,82
22,1370330995,0.25,0.5,0.2,0.25,20,20,0,4,0,4,15,0,0.0,,0.21052631578947367,,82
23,1809825745,0.25,0.5,0.2,0.25,20,20,0,7,0,7,12,0,0.0,,0.3684210526315789,,82
24,1615751,0.25,0.5,0.2,0.25,20,20,0,6,0,6,13,0,0.0,,0.3157894736842105,,82
25,1366505029,0.25,0.5,0.2,0.25,20,20,0,2,0,2,17,0,0.0,,0.10526315789473684,,82
26,657716104,0.25,0.5,0.2,0.25,20,20,1,6,0,6,12,1,0.0,0.0,0.3333333333333333,0.0,82
27,1707075608,0.25,0.5,0.2,0.25,20,20,2,9,2,7,10,0,0.2222222222222222,1.0,0.4117647058823529,0.3636363636363636,82
28,467090584,0.25,0.5,0.2,0.25,20,20,0,7,0,7,12,0,0.0,,0.3684210526315789,,82
29,521892959,0.25,0.5,0.2,0.25,20,20,1,10,1,9,9,0,0.1,1.0,0.5,0.18181818181818182,82
30,2041353603,0.25,0.5,0.2,0.25,20,20,0,12,0,12,7,0,0.0,,0.631578947368421,,82
31,956460157,0.25,0.5,0.2,0.25,20,20,0,9,0,9,10,0,0.0,,0.47368421052631576,,82
32,1291791582,0.25,0.5,0.2,0.25,20,20,1,8,0,8,10,1,0.0,0.0,0.4444444444444444,0.0,82
33,717855216,0.25,0.5,0.2,0.25,20,20,1,11,1,10,8,0,0.09090909090909091,1.0,0.5555555555555556,0.16666666666666669,82
34,583568696,0.25,0.5,0.2,0.25,20,20,1,8,1,7,11,0,0.125,1.0,0.3888888888888889,0.2222222222222222,82
35,17256700,0.25,0.5,0.2,0.25,20,20,1,11,1,10,8,0,0.09090909090909091,1.0,0.5555555555555556,0.16666666666666669,82
36,1809985133,0.25,0.5,0.2,0.25,20,20,0,7,0,7,12,0,0.0,,0.3684210526315789,,82
37,814315679,0.25,0.5,0.2,0.25,20,20,2,4,0,4,13,2,0.0,0.0,0.23529411764705882,0.0,82
38,1165250700,0.25,0.5,0.2,0.25,20,20,3,7,1,6,10,2,0.14285714285714285,0.3333333333333333,0.375,0.2,82
39,1501068722,0.25,0.5,0.2,0.25,20,20,1,7,0,7,11,1,0.0,0.0,0.3888888888888889,0.0,82
40,147859738,0.25,0.5,0.2,0.25,20,20,2,6,0,6,11,2,0.0,0.0,0.35294117647058826,0.0,82
41,582305153,0.25,0.5,0.2,0.25,20,20,1,4,1,3,15,0,0.25,1.0,0.16666666666666666,0.4,82
42,594949705,0.25,0.5,0.2,0.25,20,20,0,9,0,9,10,0,0.0,,0.47368421052631576,,82
43,23411943,0.25,0.5,0.2,0.25,20,20,2,10,2,8,9,0,0.2,1.0,0.47058823529411764,0.33333333333333337,82
44,1505587080,0.25,0.5,0.2,0.25,20,20,0,7,0,7,12,0,0.0,,0.3684210526315789,,82
45,30932080,0.25,0.5,0.2,0.25,20,20,2,8,0,8,9,2,0.0,0.0,0.47058823529411764,0.0,82
46,1188115783,0.25,0.5,0.2,0.25,20,20,1,9,1,8,10,0,0.1111111111111111,1.0,0.4444444444444444,0.19999999999999998,82
47,114019275,0.25,0.5,0.2,0.25,20,20,2,6,1,5,12,1,0.16666666666666666,0.5,0.29411764705882354,0.25,82
48,699867499,0.25,0.5,0.2,0.25,20,20,2,9,1,8,9,1,0.1111111111111111,0.5,0.47058823529411764,0.1818181818181818,82
49,1392743396,0.25,0.5,0.2,0.25,20,20,2,7,1,6,11,1,0.14285714285714285,0.5,0.35294117647058826,0.22222222222222224,82
0,375579797,0.25,0.5,0.2,0.25,40,40,1,23,0,23,15,1,0.0,0.0,0.6052631578947368,0.0,83
1,924887510,0.25,0.5,0.2,0.25,40,40,0,25,0,25,14,0,0.0,,0.6410256410256411,,83
2,1106619733,0.25,0.5,0.2,0.25,40,40,4,22,4,18,17,0,0.18181818181818182,1.0,0.5142857142857142,0.3076923076923077,83
3,421128788,0.25,0.5,0.2,0.25,40,40,1,21,1,20,18,0,0.047619047619047616,1.0,0.5263157894736842,0.0909090909090909,83
4,1632973853,0.25,0.5,0.2,0.25,40,40,1,21,0,21,17,1,0.0,0.0,0.5526315789473685,0.0,83
5,1003147283,0.25,0.5,0.2,0.25,40,40,1,22,0,22,16,1,0.0,0.0,0.5789473684210527,0.0,83
6,1258591098,0.25,0.5,0.2,0.25,40,40,0,17,0,17,22,0,0.0,,0.4358974358974359,,83
7,1180503673,0.25,0.5,0.2,0.25,40,40,4,25,3,22,13,1,0.12,0.75,0.6285714285714286,0.20689655172413793,83
8,372365459,0.25,0.5,0.2,0.25,40,40,2,21,2,19,18,0,0.09523809523809523,1.0,0.5135135135135135,0.17391304347826084,83
9,477257561,0.25,0.5,0.2,0.25,40,40,2,21,1,20,17,1,0.047619047619047616,0.5,0.5405405405405406,0.08695652173913042,83
10,1700617393,0.25,0.5,0.2,0.25,40,40,0,21,0,21,18,0,0.0,,0.5384615384615384,,83
11,1122418136,0.25,0.5,0.2,0.25,40,40,1,19,1,18,20,0,0.05263157894736842,1.0,0.47368421052631576,0.1,83
12,1312272731,0.25,0.5,0.2,0.25,40,40,0,20,0,20,19,0,0.0,,0.5128205128205128,,83
13,218766262,0.25,0.5,0.2,0.25,40,40,1,23,1,22,16,0,0.043478260869565216,1.0,0.5789473684210527,0.08333333333333333,83
14,323912343,0.25,0.5,0.2,0.25,40,40,0,23,0,23,16,0,0.0,,0.5897435897435898,,83
15,1563570251,0.25,0.5,0.2,0.25,40,40,1,22,1,21,17,0,0.045454545454545456,1.0,0.5526315789473685,0.08695652173913045,83
16,1984665920,0.25,0.5,0.2,0.25,40,40,1,21,0,21,17,1,0.0,0.0,0.5526315789473685,0.0,83
17,8224869,0.25,0.5,0.2,0.25,40,40,3,21,2,19,17,1,0.09523809523809523,0.6666666666666666,0.5277777777777778,0.16666666666666666,83
18,1829129756,0.25,0.5,0.2,0.25,40,40,0,19,0,19,20,0,0.0,,0.48717948717948717,,83
19,1404688886,0.25,0.5,0.2,0.25,40,40,2,22,2,20,17,0,0.09090909090909091,1.0,0.5405405405405406,0.16666666666666669,83
20,173942337,0.25,0.5,0.2,0.25,40,40,0,25,0,25,14,0,0.0,,0.6410256410256411,,83
21,1768747251,0.25,0.5,0.2,0.25,40,40,2,20,1,19,18,1,0.05,0.5,0.5135135135135135,0.09090909090909091,83
22,1253403727,0.25,0.5,0.2,0.25,40,40,0,26,0,26,13,0,0.0,,0.6666666666666666,,83
23,987141119,0.25,0.5,0.2,0.25,40,40,1,25,1,24,14,0,0.04,1.0,0.631578947368421,0.07692307692307693,83
24,1271317558,0.25,0.5,0.2,0.25,40,40,1,24,0,24,14,1,0.0,0.0,0.631578947368421,0.0,83
25,381920412,0.25,0.5,0.2,0.25,40,40,0,23,0,23,16,0,0.0,,0.5897435897435898,,83
26,1117285113,0.25,0.5,0.2,0.25,40,40,2,22,2,20,17,0,0.09090909090909091,1.0,0.5405405405405406,0.16666666666666669,83
27,367461982,0.25,0.5,0.2,0.25,40,40,1,22,1,21,17,0,0.045454545454545456,1.0,0.5526315789473685,0.08695652173913045,83
28,1218959916,0.25,0.5,0.2,0.25,40,40,0,24,0,24,15,0,0.0,,0.6153846153846154,,83
29,137883168,0.25,0.5,0.2,0.25,40,40,0,26,0,26,13,0,0.0,,0.6666666666666666,,83
30,1193921868,0.25,0.5,0.2,0.25,40,40,1,15,1,14,24,0,0.06666666666666667,1.0,0.3684210526315789,0.125,83
31,135913736,0.25,0.5,0.2,0.25,40,40,2,17,0,17,20,2,0.0,0.0,0.4594594594594595,0.0,83
32,811675126,0.25,0.5,0.2,0.25,40,40,1,20,1,19,19,0,0.05,1.0,0.5,0.09523809523809523,83
33,1600873410,0.25,0.5,0.2,0.25,40,40,0,20,0,20,19,0,0.0,,0.5128205128205128,,83
34,1512327635,0.25,0.5,0.2,0.25,40,40,2,18,0,18,19,2,0.0,0.0,0.4864864864864865,0.0,83
35,381916918,0.25,0.5,0.2,0.25,40,40,2,22,1,21,16,1,0.045454545454545456,0.5,0.5675675675675675,0.08333333333333334,83
36,1702237696,0.25,0.5,0.2,0.25,40,40,1,24,1,23,15,0,0.041666666666666664,1.0,0.6052631578947368,0.07999999999999999,83
37,917884931,0.25,0.5,0.2,0.25,40,40,1,26,1,25,13,0,0.038461538461538464,1.0,0.6578947368421053,0.07407407407407407,83
38,523129787,0.25,0.5,0.2,0.25,40,40,3,24,2,22,14,1,0.08333333333333333,0.6666666666666666,0.6111111111111112,0.14814814814814814,83
39,496153746,0.25,0.5,0.2,0.25,40,40,2,19,1,18,19,1,0.05263157894736842,0.5,0.4864864864864865,0.09523809523809525,83
40,1131610352,0.25,0.5,0.2,0.25,40,40,0,22,0,22,17,0,0.0,,0.5641025641025641,,83
41,41604642,0.25,0.5,0.2,0.25,40,40,1,23,1,22,16,0,0.043478260869565216,1.0,0.5789473684210527,0.08333333333333333,83
42,1597641142,0.25,0.5,0.2,0.25,40,40,3,16,1,15,21,2,0.0625,0.3333333333333333,0.4166666666666667,0.10526315789473684,83
43,1132264505,0.25,0.5,0.2,0.25,40,40,2,22,2,20,17,0,0.09090909090909091,1.0,0.5405405405405406,0.16666666666666669,83
44,1136028171,0.25,0.5,0.2,0.25,40,40,1,21,0,21,17,1,0.0,0.0,0.5526315789473685,0.0,83
45,1550825829,0.25,0.5,0.2,0.25,40,40,0,19,0,19,20,0,0.0,,0.48717948717948717,,83
46,146664141,0.25,0.5,0.2,0.25,40,40,2,21,1,20,17,1,0.047619047619047616,0.5,0.5405405405405406,0.08695652173913042,83
47,1056625255,0.25,0.5,0.2,0.25,40,40,0,21,0,21,18,0,0.0,,0.5384615384615384,,83
48,1383406191,0.25,0.5,0.2,0.25,40,40,2,24,2,22,15,0,0.08333333333333333,1.0,0.5945945945945946,0.15384615384615385,83
49,969768149,0.25,0.5,0.2,0.25,40,40,1,17,0,17,21,1,0.0,0.0,0.4473684210526316,0.0,83
0,1714279401,0.25,0.5,0.35,0.0,20,20,1,0,0,0,18,1,,0.0,0.0,,84
1,1968571760,0.25,0.5,0.35,0.0,20,20,2,0,0,0,17,2,,0.0,0.0,,84
2,1815962705,0.25,0.5,0.35,0.0,20,20,0,0,0,0,19,0,,,0.0,,84
3,1816404996,0.25,0.5,0.35,0.0,20,20,0,0,0,0,19,0,,,0.0,,84
4,1030761690,0.25,0.5,0.35,0.0,20,20,1,1,1,0,18,0,1.0,1.0,0.0,1.0,84
5,1690400066,0.25,0.5,0.35,0.0,20,20,4,0,0,0,15,4,,0.0,0.0,,84
6,1289496904,0.25,0.5,0.35,0.0,20,20,2,0,0,0,17,2,,0.0,0.0,,84
7,1051308752,0.25,0.5,0.35,0.0,20,20,2,0,0,0,17,2,,0.0,0.0,,84
8,1341974205,0.25,0.5,0.35,0.0,20,20,4,3,3,0,15,1,1.0,0.75,0.0,0.8571428571428571,84
9,856525525,0.25,0.5,0.35,0.0,20,20,2,0,0,0,17,2,,0.0,0.0,,84
10,1679106410,0.25,0.5,0.35,0.0,20,20,4,1,1,0,15,3,1.0,0.25,0.0,0.4,84
11,281006046,0.25,0.5,0.35,0.0,20,20,3,2,2,0,16,1,1.0,0.6666666666666666,0.0,0.8,84
12,1235726086,0.25,0.5,0.35,0.0,20,20,1,1,1,0,18,0,1.0,1.0,0.0,1.0,84
13,1624366814,0.25,0.5,0.35,0.0,20,20,0,0,0,0,19,0,,,0.0,,84
14,2012711963,0.25,0.5,0.35,0.0,20,20,1,0,0,0,18,1,,0.0,0.0,,84
15,1209969951,0.25,0.5,0.35,0.0,20,20,0,2,0,2,17,0,0.0,,0.10526315789473684,,84
16,1916779574,0.25,0.5,0.35,0.0,20,20,1,1,1,0,18,0,1.0,1.0,0.0,1.0,84
17,248546299,0.25,0.5,0.35,0.0,20,20,0,0,0,0,19,0,,,0.0,,84
18,984093031,0.25,0.5,0.35,0.0,20,20,1,1,1,0,18,0,1.0,1.0,0.0,1.0,84
19,1821712141,0.25,0.5,0.35,0.0,20,20,0,0,0,0,19,0,,,0.0,,84
20,20348749,0.25,0.5,0.35,0.0,20,20,0,0,0,0,19,0,,,0.0,,84
21,2098954639,0.25,0.5,0.35,0.0,20,20,1,0,0,0,18,1,,0.0,0.0,,84
22,1674478197,0.25,0.5,0.35,0.0,20,20,1,0,0,0,18,1,,0.0,0.0,,84
23,1985809702,0.25,0.5,0.35,0.0,20,20,0,0,0,0,19,0,,,0.0,,84
24,157025313,0.25,0.5,0.35,0.0,20,20,1,1,1,0,18,0,1.0,1.0,0.0,1.0,84
25,724400532,0.25,0.5,0.35,0.0,20,20,0,0,0,0,19,0,,,0.0,,84
26,563817227,0.25,0.5,0.35,0.0,20,20,3,3,3,0,16,0,1.0,1.0,0.0,1.0,84
27,1055882337,0.25,0.5,0.35,0.0,20,20,0,1,0,1,18,0,0.0,,0.05263157894736842,,84
28,1585700348,0.25,0.5,0.35,0.0,20,20,1,0,0,0,18,1,,0.0,0.0,,84
29,937567836,0.25,0.5,0.35,0.0,20,20,2,2,2,0,17,0,1.0,1.0,0.0,1.0,84
30,1587545580,0.25,0.5,0.35,0.0,20,20,1,0,0,0,18,1,,0.0,0.0,,84
31,55924523,0.25,0.5,0.35,0.0,20,20,2,1,1,0,17,1,1.0,0.5,0.0,0.6666666666666666,84
32,1541898694,0.25,0.5,0.35,0.0,20,20,0,0,0,0,19,0,,,0.0,,84
33,897062361,0.25,0.5,0.35,0.0,20,20,0,0,0,0,19,0,,,0.0,,84
34,1334501983,0.25,0.5,0.35,0.0,20,20,1,0,0,0,18,1,,0.0,0.0,,84
35,256281015,0.25,0.5,0.35,0.0,20,20,0,0,0,0,19,0,,,0.0,,84
36,824684599,0.25,0.5,0.35,0.0,20,20,2,1,1,0,17,1,1.0,0.5,0.0,0.6666666666666666,84
37,1710494214,0.25,0.5,0.35,0.0,20,20,1,0,0,0,18,1,,0.0,0.0,,84
38,1135161209,0.25,0.5,0.35,0.0,20,20,1,0,0,0,18,1,,0.0,0.0,,84
39,1316665941,0.25,0.5,0.35,0.0,20,20,0,0,0,0,19,0,,,0.0,,84
40,1252590658,0.25,0.5,0.35,0.0,20,20,1,1,0,1,17,1,0.0,0.0,0.05555555555555555,0.0,84
41,1484872085,0.25,0.5,0.35,0.0,20,20,3,0,0,0,16,3,,0.0,0.0,,84
42,1792688655,0.25,0.5,0.35,0.0,20,20,0,0,0,0,19,0,,,0.0,,84
43,1479445111,0.25,0.5,0.35,0.0,20,20,2,1,1,0,17,1,1.0,0.5,0.0,0.6666666666666666,84
44,143436274,0.25,0.5,0.35,0.0,20,20,1,1,1,0,18,0,1.0,1.0,0.0,1.0,84
45,1490890686,0.25,0.5,0.35,0.0,20,20,2,0,0,0,17,2,,0.0,0.0,,84
46,147479033,0.25,0.5,0.35,0.0,20,20,1,1,1,0,18,0,1.0,1.0,0.0,1.0,84
47,2067412246,0.25,0.5,0.35,0.0,20,20,0,0,0,0,19,0,,,0.0,,84
48,1880916092,0.25,0.5,0.35,0.0,20,20,2,0,0,0,17,2,,0.0,0.0,,84
49,682231968,0.25,0.5,0.35,0.0,20,20,2,0,0,0,17,2,,0.0,0.0,,84
0,522750789,0.25,0.5,0.35,0.0,40,40,2,1,1,0,37,1,1.0,0.5,0.0,0.6666666666666666,85
1,2039328234,0.25,0.5,0.35,0.0,40,40,1,1,1,0,38,0,1.0,1.0,0.0,1.0,85
2,1038333003,0.25,0.5,0.35,0.0,40,40,3,3,3,0,36,0,1.0,1.0,0.0,1.0,85
3,2068047604,0.25,0.5,0.35,0.0,40,40,2,1,1,0,37,1,1.0,0.5,0.0,0.6666666666666666,85
4,1935779354,0.25,0.5,0.35,0.0,40,40,1,1,1,0,38,0,1.0,1.0,0.0,1.0,85
5,1492324020,0.25,0.5,0.35,0.0,40,40,1,2,0,2,36,1,0.0,0.0,0.05263157894736842,0.0,85
6,1988345995,0.25,0.5,0.35,0.0,40,40,1,1,1,0,38,0,1.0,1.0,0.0,1.0,85
7,602420066,0.25,0.5,0.35,0.0,40,40,2,0,0,0,37,2,,0.0,0.0,,85
8,1361446283,0.25,0.5,0.35,0.0,40,40,1,0,0,0,38,1,,0.0,0.0,,85
9,579536042,0.25,0.5,0.35,0.0,40,40,3,1,1,0,36,2,1.0,0.3333333333333333,0.0,0.5,85
10,609211067,0.25,0.5,0.35,0.0,40,40,0,0,0,0,39,0,,,0.0,,85
11,1452460302,0.25,0.5,0.35,0.0,40,40,0,0,0,0,39,0,,,0.0,,85
12,12090950,0.25,0.5,0.35,0.0,40,40,0,0,0,0,39,0,,,0.0,,85
13,1820831922,0.25,0.5,0.35,0.0,40,40,0,0,0,0,39,0,,,0.0,,85
14,249095398,0.25,0.5,0.35,0.0,40,40,0,0,0,0,39,0,,,0.0,,85
15,528256413,0.25,0.5,0.35,0.0,40,40,1,1,1,0,38,0,1.0,1.0,0.0,1.0,85
16,1228361481,0.25,0.5,0.35,0.0,40,40,0,0,0,0,39,0,,,0.0,,85
17,328175259,0.25,0.5,0.35,0.0,40,40,3,2,2,0,36,1,1.0,0.6666666666666666,0.0,0.8,85
18,122464534,0.25,0.5,0.35,0.0,40,40,0,0,0,0,39,0,,,0.0,,85
19,727108100,0.25,0.5,0.35,0.0,40,40,4,2,2,0,35,2,1.0,0.5,0.0,0.6666666666666666,85
20,823459506,0.25,0.5,0.35,0.0,40,40,1,0,0,0,38,1,,0.0,0.0,,85
21,462170610,0.25,0.5,0.35,0.0,40,40,1,2,1,1,37,0,0.5,1.0,0.02631578947368421,0.6666666666666666,85
22,1379598459,0.25,0.5,0.35,0.0,40,40,0,0,0,0,39,0,,,0.0,,85
23,490193607,0.25,0.5,0.35,0.0,40,40,0,0,0,0,39,0,,,0.0,,85
24,1319732905,0.25,0.5,0.35,0.0,40,40,1,1,1,0,38,0,1.0,1.0,0.0,1.0,85
25,194010428,0.25,0.5,0.35,0.0,40,40,2,1,1,0,37,1,1.0,0.5,0.0,0.6666666666666666,85
26,586843602,0.25,0.5,0.35,0.0,40,40,2,1,1,0,37,1,1.0,0.5,0.0,0.6666666666666666,85
27,319982244,0.25,0.5,0.35,0.0,40,40,0,0,0,0,39,0,,,0.0,,85
28,460977376,0.25,0.5,0.35,0.0,40,40,1,1,1,0,38,0,1.0,1.0,0.0,1.0,85
29,333523738,0.25,0.5,0.35,0.0,40,40,1,1,1,0,38,0,1.0,1.0,0.0,1.0,85
30,1091307678,0.25,0.5,0.35,0.0,40,40,1,0,0,0,38,1,,0.0,0.0,,85
31,684805488,0.25,0.5,0.35,0.0,40,40,2,1,1,0,37,1,1.0,0.5,0.0,0.6666666666666666,85
32,644754605,0.25,0.5,0.35,0.0,40,40,0,0,0,0,39,0,,,0.0,,85
33,886385868,0.25,0.5,0.35,0.0,40,40,1,1,1,0,38,0,1.0,1.0,0.0,1.0,85
34,70036633,0.25,0.5,0.35,0.0,40,40,2,2,2,0,37,0,1.0,1.0,0.0,1.0,85
35,1921015051,0.25,0.5,0.35,0.0,40,40,0,0,0,0,39,0,,,0.0,,85
36,306881434,0.25,0.5,0.35,0.0,40,40,1,0,0,0,38,1,,0.0,0.0,,85
37,1260943727,0.25,0.5,0.35,0.0,40,40,4,2,2,0,35,2,1.0,0.5,0.0,0.6666666666666666,85
38,1225333142,0.25,0.5,0.35,0.0,40,40,0,0,0,0,39,0,,,0.0,,85
39,707088446,0.25,0.5,0.35,0.0,40,40,2,0,0,0,37,2,,0.0,0.0,,85
40,823782916,0.25,0.5,0.35,0.0,40,40,2,2,2,0,37,0,1.0,1.0,0.0,1.0,85
41,358178557,0.25,0.5,0.35,0.0,40,40,0,0,0,0,39,0,,,0.0,,85
42,316089187,0.25,0.5,0.35,0.0,40,40,2,1,1,0,37,1,1.0,0.5,0.0,0.6666666666666666,85
43,340869111,0.25,0.5,0.35,0.0,40,40,0,0,0,0,39,0,,,0.0,,85
44,348195041,0.25,0.5,0.35,0.0,40,40,1,0,0,0,38,1,,0.0,0.0,,85
45,1930424451,0.25,0.5,0.35,0.0,40,40,1,0,0,0,38,1,,0.0,0.0,,85
46,713440230,0.25,0.5,0.35,0.0,40,40,0,0,0,0,39,0,,,0.0,,85
47,1011521262,0.25,0.5,0.35,0.0,40,40,0,0,0,0,39,0,,,0.0,,85
48,124776936,0.25,0.5,0.35,0.0,40,40,0,0,0,0,39,0,,,0.0,,85
49,104251388,0.25,0.5,0.35,0.0,40,40,0,0,0,0,39,0,,,0.0,,85
0,225749806,0.25,0.5,0.35,0.1,20,20,0,0,0,0,19,0,,,0.0,,86
1,1378855880,0.25,0.5,0.35,0.1,20,20,0,1,0,1,18,0,0.0,,0.05263157894736842,,86
2,454782082,0.25,0.5,0.35,0.1,20,20,1,1,1,0,18,0,1.0,1.0,0.0,1.0,86
3,1307451102,0.25,0.5,0.35,0.1,20,20,1,2,1,1,17,0,0.5,1.0,0.05555555555555555,0.6666666666666666,86
4,1562812336,0.25,0.5,0.35,0.1,20,20,1,0,0,0,18,1,,0.0,0.0,,86
5,1542189475,0.25,0.5,0.35,0.1,20,20,1,1,0,1,17,1,0.0,0.0,0.05555555555555555,0.0,86
6,21850710,0.25,0.5,0.35,0.1,20,20,2,1,1,0,17,1,1.0,0.5,0.0,0.6666666666666666,86
7,236144637,0.25,0.5,0.35,0.1,20,20,1,2,1,1,17,0,0.5,1.0,0.05555555555555555,0.6666666666666666,86
8,195080150,0.25,0.5,0.35,0.1,20,20,3,3,2,1,15,1,0.6666666666666666,0.6666666666666666,0.0625,0.6666666666666666,86
9,893879064,0.25,0.5,0.35,0.1,20,20,2,1,0,1,16,2,0.0,0.0,0.058823529411764705,0.0,86
10,2123521016,0.25,0.5,0.35,0.1,20,20,1,2,0,2,16,1,0.0,0.0,0.1111111111111111,0.0,86
11,919230864,0.25,0.5,0.35,0.1,20,20,0,0,0,0,19,0,,,0.0,,86
12,847995065,0.25,0.5,0.35,0.1,20,20,3,1,1,0,16,2,1.0,0.3333333333333333,0.0,0.5,86
13,1687720697,0.25,0.5,0.35,0.1,20,20,4,1,1,0,15,3,1.0,0.25,0.0,0.4,86
14,1992748953,0.25,0.5,0.35,0.1,20,20,1,1,1,0,18,0,1.0,1.0,0.0,1.0,86
15,505001755,0.25,0.5,0.35,0.1,20,20,0,2,0,2,17,0,0.0,,0.10526315789473684,,86
16,361844311,0.25,0.5,0.35,0.1,20,20,2,1,1,0,17,1,1.0,0.5,0.0,0.6666666666666666,86
17,1519743563,0.25,0.5,0.35,0.1,20,20,0,0,0,0,19,0,,,0.0,,86
18,917188767,0.25,0.5,0.35,0.1,20,20,2,0,0,0,17,2,,0.0,0.0,,86
19,1566483046,0.25,0.5,0.35,0.1,20,20,1,0,0,0,18,1,,0.0,0.0,,86
20,1024114342,0.25,0.5,0.35,0.1,20,20,4,2,1,1,14,3,0.5,0.25,0.06666666666666667,0.3333333333333333,86
21,1185873856,0.25,0.5,0.35,0.1,20,20,0,0,0,0,19,0,,,0.0,,86
22,2043207967,0.25,0.5,0.35,0.1,20,20,2,2,1,1,16,1,0.5,0.5,0.058823529411764705,0.5,86
23,420955429,0.25,0.5,0.35,0.1,20,20,1,3,1,2,16,0,0.3333333333333333,1.0,0.1111111111111111,0.5,86
24,479148645,0.25,0.5,0.35,0.1,20,20,1,1,1,0,18,0,1.0,1.0,0.0,1.0,86
25,1106034644,0.25,0.5,0.35,0.1,20,20,0,0,0,0,19,0,,,0.0,,86
26,245359850,0.25,0.5,0.35,0.1,20,20,0,0,0,0,19,0,,,0.0,,86
27,1576824606,0.25,0.5,0.35,0.1,20,20,3,1,0,1,15,3,0.0,0.0,0.0625,0.0,86
28,1765089205,0.25,0.5,0.35,0.1,20,20,1,2,0,2,16,1,0.0,0.0,0.1111111111111111,0.0,86
29,1672071962,0.25,0.5,0.35,0.1,20,20,1,1,1,0,18,0,1.0,1.0,0.0,1.0,86
30,1689577718,0.25,0.5,0.35,0.1,20,20,0,2,0,2,17,0,0.0,,0.10526315789473684,,86
31,1365835844,0.25,0.5,0.35,0.1,20,20,2,1,0,1,16,2,0.0,0.0,0.058823529411764705,0.0,86
32,659183152,0.25,0.5,0.35,0.1,20,20,1,0,0,0,18,1,,0.0,0.0,,86
33,102737636,0.25,0.5,0.35,0.1,20,20,1,1,0,1,17,1,0.0,0.0,0.05555555555555555,0.0,86
34,1755882790,0.25,0.5,0.35,0.1,20,20,1,0,0,0,18,1,,0.0,0.0,,86
35,1193796005,0.25,0.5,0.35,0.1,20,20,1,1,0,1,17,1,0.0,0.0,0.05555555555555555,0.0,86
36,421647963,0.25,0.5,0.35,0.1,20,20,0,1,0,1,18,0,0.0,,0.05263157894736842,,86
37,1158983903,0.25,0.5,0.35,0.1,20,20,1,1,0,1,17,1,0.0,0.0,0.05555555555555555,0.0,86
38,865789630,0.25,0.5,0.35,0.1,20,20,0,1,0,1,18,0,0.0,,0.05263157894736842,,86
39,349065400,0.25,0.5,0.35,0.1,20,20,1,1,1,0,18,0,1.0,1.0,0.0,1.0,86
40,29264750,0.25,0.5,0.35,0.1,20,20,1,1,1,0,18,0,1.0,1.0,0.0,1.0,86
41,1450731248,0.25,0.5,0.35,0.1,20,20,3,2,2,0,16,1,1.0,0.6666666666666666,0.0,0.8,86
42,343717644,0.25,0.5,0.35,0.1,20,20,2,1,1,0,17,1,1.0,0.5,0.0,0.6666666666666666,86
43,2123547322,0.25,0.5,0.35,0.1,20,20,1,1,0,1,17,1,0.0,0.0,0.05555555555555555,0.0,86
44,1894128866,0.25,0.5,0.35,0.1,20,20,1,0,0,0,18,1,,0.0,0.0,,86
45,1473446996,0.25,0.5,0.35,0.1,20,20,5,3,3,0,14,2,1.0,0.6,0.0,0.7499999999999999,86
46,884338530,0.25,0.5,0.35,0.1,20,20,1,1,1,0,18,0,1.0,1.0,0.0,1.0,86
47,1648384681,0.25,0.5,0.35,0.1,20,20,3,1,1,0,16,2,1.0,0.3333333333333333,0.0,0.5,86
48,20234485,0.25,0.5,0.35,0.1,20,20,0,0,0,0,19,0,,,0.0,,86
49,390145934,0.25,0.5,0.35,0.1,20,20,1,2,1,1,17,0,0.5,1.0,0.05555555555555555,0.6666666666666666,86
0,53723412,0.25,0.5,0.35,0.1,40,40,0,1,0,1,38,0,0.0,,0.02564102564102564,,87
1,991479443,0.25,0.5,0.35,0.1,40,40,0,1,0,1,38,0,0.0,,0.02564102564102564,,87
2,710946815,0.25,0.5,0.35,0.1,40,40,3,5,2,3,33,1,0.4,0.6666666666666666,0.08333333333333333,0.5,87
3,1775696289,0.25,0.5,0.35,0.1,40,40,1,2,0,2,36,1,0.0,0.0,0.05263157894736842,0.0,87
4,559841828,0.25,0.5,0.35,0.1,40,40,0,3,0,3,36,0,0.0,,0.07692307692307693,,87
5,1197386670,0.25,0.5,0.35,0.1,40,40,1,2,1,1,37,0,0.5,1.0,0.02631578947368421,0.6666666666666666,87
6,179808177,0.25,0.5,0.35,0.1,40,40,2,2,0,2,35,2,0.0,0.0,0.05405405405405406,0.0,87
7,1453205950,0.25,0.5,0.35,0.1,40,40,1,3,0,3,35,1,0.0,0.0,0.07894736842105263,0.0,87
8,794837068,0.25,0.5,0.35,0.1,40,40,0,2,0,2,37,0,0.0,,0.05128205128205128,,87
9,238203742,0.25,0.5,0.35,0.1,40,40,0,1,0,1,38,0,0.0,,0.02564102564102564,,87
10,682245663,0.25,0.5,0.35,0.1,40,40,0,1,0,1,38,0,0.0,,0.02564102564102564,,87
11,1293404634,0.25,0.5,0.35,0.1,40,40,1,4,0,4,34,1,0.0,0.0,0.10526315789473684,0.0,87
12,1288542710,0.25,0.5,0.35,0.1,40,40,3,1,1,0,36,2,1.0,0.3333333333333333,0.0,0.5,87
13,792173515,0.25,0.5,0.35,0.1,40,40,2,6,2,4,33,0,0.3333333333333333,1.0,0.10810810810810811,0.5,87
14,1723343245,0.25,0.5,0.35,0.1,40,40,2,1,1,0,37,1,1.0,0.5,0.0,0.6666666666666666,87
15,1078673298,0.25,0.5,0.35,0.1,40,40,1,5,1,4,34,0,0.2,1.0,0.10526315789473684,0.33333333333333337,87
16,347476031,0.25,0.5,0.35,0.1,40,40,4,5,2,3,32,2,0.4,0.5,0.08571428571428572,0.4444444444444445,87
17,1183909097,0.25,0.5,0.35,0.1,40,40,1,2,0,2,36,1,0.0,0.0,0.05263157894736842,0.0,87
18,1073671507,0.25,0.5,0.35,0.1,40,40,1,2,1,1,37,0,0.5,1.0,0.02631578947368421,0.6666666666666666,87
19,777085409,0.25,0.5,0.35,0.1,40,40,1,1,0,1,37,1,0.0,0.0,0.02631578947368421,0.0,87
20,1311260587,0.25,0.5,0.35,0.1,40,40,1,0,0,0,38,1,,0.0,0.0,,87
21,1411714741,0.25,0.5,0.35,0.1,40,40,0,1,0,1,38,0,0.0,,0.02564102564102564,,87
22,883694081,0.25,0.5,0.35,0.1,40,40,1,3,1,2,36,0,0.3333333333333333,1.0,0.05263157894736842,0.5,87
23,909349386,0.25,0.5,0.35,0.1,40,40,0,1,0,1,38,0,0.0,,0.02564102564102564,,87
24,346414159,0.25,0.5,0.35,0.1,40,40,1,4,1,3,35,0,0.25,1.0,0.07894736842105263,0.4,87
25,1002231775,0.25,0.5,0.35,0.1,40,40,1,1,1,0,38,0,1.0,1.0,0.0,1.0,87
26,71097819,0.25,0.5,0.35,0.1,40,40,3,2,0,2,34,3,0.0,0.0,0.05555555555555555,0.0,87
27,392060636,0.25,0.5,0.35,0.1,40,40,1,4,0,4,34,1,0.0,0.0,0.10526315789473684,0.0,87
28,2041582391,0.25,0.5,0.35,0.1,40,40,0,0,0,0,39,0,,,0.0,,87
29,259816637,0.25,0.5,0.35,0.1,40,40,0,3,0,3,36,0,0.0,,0.07692307692307693,,87
30,1726086998,0.25,0.5,0.35,0.1,40,40,0,2,0,2,37,0,0.0,,0.05128205128205128,,87
31,1116890074,0.25,0.5,0.35,0.1,40,40,1,2,0,2,36,1,0.0,0.0,0.05263157894736842,0.0,87
32,2107176197,0.25,0.5,0.35,0.1,40,40,3,2,1,1,35,2,0.5,0.3333333333333333,0.027777777777777776,0.4,87
33,868118386,0.25,0.5,0.35,0.1,40,40,1,0,0,0,38,1,,0.0,0.0,,87
34,699663584,0.25,0.5,0.35,0.1,40,40,1,2,1,1,37,0,0.5,1.0,0.02631578947368421,0.6666666666666666,87
35,1300389563,0.25,0.5,0.35,0.1,40,40,3,3,1,2,34,2,0.3333333333333333,0.3333333333333333,0.05555555555555555,0.3333333333333333,87
36,419706245,0.25,0.5,0.35,0.1,40,40,1,2,0,2,36,1,0.0,0.0,0.05263157894736842,0.0,87
37,1046337971,0.25,0.5,0.35,0.1,40,40,2,4,1,3,34,1,0.25,0.5,0.08108108108108109,0.3333333333333333,87
38,611555770,0.25,0.5,0.35,0.1,40,40,0,3,0,3,36,0,0.0,,0.07692307692307693,,87
39,1401036308,0.25,0.5,0.35,0.1,40,40,0,1,0,1,38,0,0.0,,0.02564102564102564,,87
40,327389141,0.25,0.5,0.35,0.1,40,40,2,0,0,0,37,2,,0.0,0.0,,87
41,2018895228,0.25,0.5,0.35,0.1,40,40,0,1,0,1,38,0,0.0,,0.02564102564102564,,87
42,1826298401,0.25,0.5,0.35,0.1,40,40,3,4,2,2,34,1,0.5,0.6666666666666666,0.05555555555555555,0.5714285714285715,87
43,435281653,0.25,0.5,0.35,0.1,40,40,2,1,1,0,37,1,1.0,0.5,0.0,0.6666666666666666,87
44,782296847,0.25,0.5,0.35,0.1,40,40,1,4,1,3,35,0,0.25,1.0,0.07894736842105263,0.4,87
45,137715260,0.25,0.5,0.35,0.1,40,40,2,1,1,0,37,1,1.0,0.5,0.0,0.6666666666666666,87
46,919808004,0.25,0.5,0.35,0.1,40,40,0,6,0,6,33,0,0.0,,0.15384615384615385,,87
47,249396154,0.25,0.5,0.35,0.1,40,40,2,4,1,3,34,1,0.25,0.5,0.08108108108108109,0.3333333333333333,87
48,1822279369,0.25,0.5,0.35,0.1,40,40,0,3,0,3,36,0,0.0,,0.07692307692307693,,87
49,271596863,0.25,0.5,0.35,0.1,40,40,1,2,1,1,37,0,0.5,1.0,0.02631578947368421,0.6666666666666666,87
0,881891951,0.25,0.5,0.35,0.25,20,20,3,6,2,4,12,1,0.3333333333333333,0.6666666666666666,0.25,0.4444444444444444,88
1,27829114,0.25,0.5,0.35,0.25,20,20,0,3,0,3,16,0,0.0,,0.15789473684210525,,88
2,1084562289,0.25,0.5,0.35,0.25,20,20,3,4,1,3,13,2,0.25,0.3333333333333333,0.1875,0.28571428571428575,88
3,971975281,0.25,0.5,0.35,0.25,20,20,2,2,0,2,15,2,0.0,0.0,0.11764705882352941,0.0,88
4,1792779422,0.25,0.5,0.35,0.25,20,20,1,4,1,3,15,0,0.25,1.0,0.16666666666666666,0.4,88
5,1113797747,0.25,0.5,0.35,0.25,20,20,1,6,1,5,13,0,0.16666666666666666,1.0,0.2777777777777778,0.2857142857142857,88
6,138529965,0.25,0.5,0.35,0.25,20,20,1,1,0,1,17,1,0.0,0.0,0.05555555555555555,0.0,88
7,1015836119,0.25,0.5,0.35,0.25,20,20,0,7,0,7,12,0,0.0,,0.3684210526315789,,88
8,1802078897,0.25,0.5,0.35,0.25,20,20,1,7,1,6,12,0,0.14285714285714285,1.0,0.3333333333333333,0.25,88
9,295474248,0.25,0.5,0.35,0.25,20,20,1,7,1,6,12,0,0.14285714285714285,1.0,0.3333333333333333,0.25,88
10,13762220,0.25,0.5,0.35,0.25,20,20,1,3,1,2,16,0,0.3333333333333333,1.0,0.1111111111111111,0.5,88
11,570932766,0.25,0.5,0.35,0.25,20,20,1,2,0,2,16,1,0.0,0.0,0.1111111111111111,0.0,88
12,1533083253,0.25,0.5,0.35,0.25,20,20,1,6,0,6,12,1,0.0,0.0,0.3333333333333333,0.0,88
13,1885856517,0.25,0.5,0.35,0.25,20,20,0,3,0,3,16,0,0.0,,0.15789473684210525,,88
14,638335574,0.25,0.5,0.35,0.25,20,20,2,6,1,5,12,1,0.16666666666666666,0.5,0.29411764705882354,0.25,88
15,882994766,0.25,0.5,0.35,0.25,20,20,1,4,1,3,15,0,0.25,1.0,0.16666666666666666,0.4,88
16,1750516996,0.25,0.5,0.35,0.25,20,20,0,4,0,4,15,0,0.0,,0.21052631578947367,,88
17,1806564344,0.25,0.5,0.35,0.25,20,20,2,4,1,3,14,1,0.25,0.5,0.17647058823529413,0.3333333333333333,88
18,402073193,0.25,0.5,0.35,0.25,20,20,2,8,1,7,10,1,0.125,0.5,0.4117647058823529,0.2,88
19,1041021812,0.25,0.5,0.35,0.25,20,20,2,6,2,4,13,0,0.3333333333333333,1.0,0.23529411764705882,0.5,88
20,860960295,0.25,0.5,0.35,0.25,20,20,1,4,1,3,15,0,0.25,1.0,0.16666666666666666,0.4,88
21,1300940044,0.25,0.5,0.35,0.25,20,20,0,3,0,3,16,0,0.0,,0.15789473684210525,,88
22,1740325968,0.25,0.5,0.35,0.25,20,20,1,6,0,6,12,1,0.0,0.0,0.3333333333333333,0.0,88
23,785823961,0.25,0.5,0.35,0.25,20,20,1,5,1,4,14,0,0.2,1.0,0.2222222222222222,0.33333333333333337,88
24,1180214852,0.25,0.5,0.35,0.25,20,20,0,4,0,4,15,0,0.0,,0.21052631578947367,,88
25,671440197,0.25,0.5,0.35,0.25,20,20,1,3,0,3,15,1,0.0,0.0,0.16666666666666666,0.0,88
26,243878504,0.25,0.5,0.35,0.25,20,20,3,2,1,1,15,2,0.5,0.3333333333333333,0.0625,0.4,88
27,835221920,0.25,0.5,0.35,0.25,20,20,1,4,1,3,15,0,0.25,1.0,0.16666666666666666,0.4,88
28,51799525,0.25,0.5,0.35,0.25,20,20,2,5,1,4,13,1,0.2,0.5,0.23529411764705882,0.28571428571428575,88
29,644618916,0.25,0.5,0.35,0.25,20,20,1,4,1,3,15,0,0.25,1.0,0.16666666666666666,0.4,88
30,2037193139,0.25,0.5,0.35,0.25,20,20,1,2,1,1,17,0,0.5,1.0,0.05555555555555555,0.6666666666666666,88
31,1141184134,0.25,0.5,0.35,0.25,20,20,1,4,1,3,15,0,0.25,1.0,0.16666666666666666,0.4,88
32,645858912,0.25,0.5,0.35,0.25,20,20,2,4,2,2,15,0,0.5,1.0,0.11764705882352941,0.6666666666666666,88
33,29910651,0.25,0.5,0.35,0.25,20,20,0,5,0,5,14,0,0.0,,0.2631578947368421,,88
34,1827441842,0.25,0.5,0.35,0.25,20,20,0,3,0,3,16,0,0.0,,0.15789473684210525,,88
35,1985454189,0.25,0.5,0.35,0.25,20,20,0,4,0,4,15,0,0.0,,0.21052631578947367,,88
36,285907303,0.25,0.5,0.35,0.25,20,20,1,6,1,5,13,0,0.16666666666666666,1.0,0.2777777777777778,0.2857142857142857,88
37,458178850,0.25,0.5,0.35,0.25,20,20,1,6,1,5,13,0,0.16666666666666666,1.0,0.2777777777777778,0.2857142857142857,88
38,762926277,0.25,0.5,0.35,0.25,20,20,0,3,0,3,16,0,0.0,,0.15789473684210525,,88
39,832792259,0.25,0.5,0.35,0.25,20,20,1,4,1,3,15,0,0.25,1.0,0.16666666666666666,0.4,88
40,978254890,0.25,0.5,0.35,0.25,20,20,1,1,0,1,17,1,0.0,0.0,0.05555555555555555,0.0,88
41,1339143099,0.25,0.5,0.35,0.25,20,20,0,1,0,1,18,0,0.0,,0.05263157894736842,,88
42,503954745,0.25,0.5,0.35,0.25,20,20,1,4,0,4,14,1,0.0,0.0,0.2222222222222222,0.0,88
43,1779905877,0.25,0.5,0.35,0.25,20,20,3,5,1,4,12,2,0.2,0.3333333333333333,0.25,0.25,88
44,1504373280,0.25,0.5,0.35,0.25,20,20,1,1,1,0,18,0,1.0,1.0,0.0,1.0,88
45,1608392070,0.25,0.5,0.35,0.25,20,20,2,5,0,5,12,2,0.0,0.0,0.29411764705882354,0.0,88
46,1862116937,0.25,0.5,0.35,0.25,20,20,1,3,1,2,16,0,0.3333333333333333,1.0,0.1111111111111111,0.5,88
47,5835398,0.25,0.5,0.35,0.25,20,20,0,6,0,6,13,0,0.0,,0.3157894736842105,,88
48,158054836,0.25,0.5,0.35,0.25,20,20,1,1,0,1,17,1,0.0,0.0,0.05555555555555555,0.0,88
49,639851564,0.25,0.5,0.35,0.25,20,20,2,5,1,4,13,1,0.2,0.5,0.23529411764705882,0.28571428571428575,88
0,1798028829,0.25,0.5,0.35,0.25,40,40,2,13,2,11,26,0,0.15384615384615385,1.0,0.2972972972972973,0.2666666666666667,89
1,1497468109,0.25,0.5,0.35,0.25,40,40,0,17,0,17,22,0,0.0,,0.4358974358974359,,89
2,725757526,0.25,0.5,0.35,0.25,40,40,1,10,1,9,29,0,0.1,1.0,0.23684210526315788,0.18181818181818182,89
3,1299584778,0.25,0.5,0.35,0.25,40,40,2,15,1,14,23,1,0.06666666666666667,0.5,0.3783783783783784,0.11764705882352941,89
4,531852777,0.25,0.5,0.35,0.25,40,40,3,10,1,9,27,2,0.1,0.3333333333333333,0.25,0.15384615384615383,89
5,1822769899,0.25,0.5,0.35,0.25,40,40,2,10,1,9,28,1,0.1,0.5,0.24324324324324326,0.16666666666666669,89
6,1692408248,0.25,0.5,0.35,0.25,40,40,3,15,3,12,24,0,0.2,1.0,0.3333333333333333,0.33333333333333337,89
7,711212433,0.25,0.5,0.35,0.25,40,40,0,9,0,9,30,0,0.0,,0.23076923076923078,,89
8,1472517021,0.25,0.5,0.35,0.25,40,40,1,17,1,16,22,0,0.058823529411764705,1.0,0.42105263157894735,0.1111111111111111,89
9,685071685,0.25,0.5,0.35,0.25,40,40,3,11,2,9,27,1,0.18181818181818182,0.6666666666666666,0.25,0.28571428571428575,89
10,1218687482,0.25,0.5,0.35,0.25,40,40,1,12,1,11,27,0,0.08333333333333333,1.0,0.2894736842105263,0.15384615384615385,89
11,1771294109,0.25,0.5,0.35,0.25,40,40,1,12,1,11,27,0,0.08333333333333333,1.0,0.2894736842105263,0.15384615384615385,89
12,225815319,0.25,0.5,0.35,0.25,40,40,3,12,1,11,25,2,0.08333333333333333,0.3333333333333333,0.3055555555555556,0.13333333333333333,89
13,105741448,0.25,0.5,0.35,0.25,40,40,0,13,0,13,26,0,0.0,,0.3333333333333333,,89
14,75971178,0.25,0.5,0.35,0.25,40,40,0,13,0,13,26,0,0.0,,0.3333333333333333,,89
15,601052672,0.25,0.5,0.35,0.25,40,40,1,11,1,10,28,0,0.09090909090909091,1.0,0.2631578947368421,0.16666666666666669,89
16,1160761395,0.25,0.5,0.35,0.25,40,40,4,12,3,9,26,1,0.25,0.75,0.2571428571428571,0.375,89
17,1813601529,0.25,0.5,0.35,0.25,40,40,0,12,0,12,27,0,0.0,,0.3076923076923077,,89
18,347070837,0.25,0.5,0.35,0.25,40,40,0,10,0,10,29,0,0.0,,0.2564102564102564,,89
19,388843335,0.25,0.5,0.35,0.25,40,40,1,15,1,14,24,0,0.06666666666666667,1.0,0.3684210526315789,0.125,89
20,892780418,0.25,0.5,0.35,0.25,40,40,2,13,2,11,26,0,0.15384615384615385,1.0,0.2972972972972973,0.2666666666666667,89
21,1915987401,0.25,0.5,0.35,0.25,40,40,1,22,1,21,17,0,0.045454545454545456,1.0,0.5526315789473685,0.08695652173913045,89
22,404994784,0.25,0.5,0.35,0.25,40,40,0,8,0,8,31,0,0.0,,0.20512820512820512,,89
23,1650356620,0.25,0.5,0.35,0.25,40,40,1,12,0,12,26,1,0.0,0.0,0.3157894736842105,0.0,89
24,898581197,0.25,0.5,0.35,0.25,40,40,4,11,2,9,26,2,0.18181818181818182,0.5,0.2571428571428571,0.26666666666666666,89
25,222709658,0.25,0.5,0.35,0.25,40,40,3,12,1,11,25,2,0.08333333333333333,0.3333333333333333,0.3055555555555556,0.13333333333333333,89
26,110541297,0.25,0.5,0.35,0.25,40,40,2,12,1,11,26,1,0.08333333333333333,0.5,0.2972972972972973,0.14285714285714285,89
27,230570630,0.25,0.5,0.35,0.25,40,40,4,10,2,8,27,2,0.2,0.5,0.22857142857142856,0.28571428571428575,89
28,9668200,0.25,0.5,0.35,0.25,40,40,3,15,1,14,22,2,0.06666666666666667,0.3333333333333333,0.3888888888888889,0.1111111111111111,89
29,1731220277,0.25,0.5,0.35,0.25,40,40,1,17,0,17,21,1,0.0,0.0,0.4473684210526316,0.0,89
30,1419092907,0.25,0.5,0.35,0.25,40,40,1,13,1,12,26,0,0.07692307692307693,1.0,0.3157894736842105,0.14285714285714288,89
31,455612782,0.25,0.5,0.35,0.25,40,40,1,13,1,12,26,0,0.07692307692307693,1.0,0.3157894736842105,0.14285714285714288,89
32,94104194,0.25,0.5,0.35,0.25,40,40,3,18,2,16,20,1,0.1111111111111111,0.6666666666666666,0.4444444444444444,0.1904761904761905,89
33,150225701,0.25,0.5,0.35,0.25,40,40,0,14,0,14,25,0,0.0,,0.358974358974359,,89
34,1612570799,0.25,0.5,0.35,0.25,40,40,0,7,0,7,32,0,0.0,,0.1794871794871795,,89
35,422642003,0.25,0.5,0.35,0.25,40,40,0,7,0,7,32,0,0.0,,0.1794871794871795,,89
36,6376455,0.25,0.5,0.35,0.25,40,40,0,15,0,15,24,0,0.0,,0.38461538461538464,,89
37,126685049,0.25,0.5,0.35,0.25,40,40,1,20,0,20,18,1,0.0,0.0,0.5263157894736842,0.0,89
38,120024805,0.25,0.5,0.35,0.25,40,40,1,9,0,9,29,1,0.0,0.0,0.23684210526315788,0.0,89
39,606163662,0.25,0.5,0.35,0.25,40,40,1,14,1,13,25,0,0.07142857142857142,1.0,0.34210526315789475,0.13333333333333333,89
40,862545694,0.25,0.5,0.35,0.25,40,40,0,8,0,8,31,0,0.0,,0.20512820512820512,,89
41,1471262546,0.25,0.5,0.35,0.25,40,40,2,9,1,8,29,1,0.1111111111111111,0.5,0.21621621621621623,0.1818181818181818,89
42,1822249075,0.25,0.5,0.35,0.25,40,40,2,12,1,11,26,1,0.08333333333333333,0.5,0.2972972972972973,0.14285714285714285,89
43,1798353927,0.25,0.5,0.35,0.25,40,40,0,12,0,12,27,0,0.0,,0.3076923076923077,,89
44,847446031,0.25,0.5,0.35,0.25,40,40,1,15,0,15,23,1,0.0,0.0,0.39473684210526316,0.0,89
45,1071683649,0.25,0.5,0.35,0.25,40,40,1,11,1,10,28,0,0.09090909090909091,1.0,0.2631578947368421,0.16666666666666669,89
46,616134532,0.25,0.5,0.35,0.25,40,40,0,11,0,11,28,0,0.0,,0.28205128205128205,,89
47,1673405491,0.25,0.5,0.35,0.25,40,40,1,13,1,12,26,0,0.07692307692307693,1.0,0.3157894736842105,0.14285714285714288,89
48,1153999883,0.25,0.5,0.35,0.25,40,40,2,14,2,12,25,0,0.14285714285714285,1.0,0.32432432432432434,0.25,89
49,708092798,0.25,0.5,0.35,0.25,40,40,1,15,1,14,24,0,0.06666666666666667,1.0,0.3684210526315789,0.125,89
0,1998977214,0.25,0.9,0.1,0.0,20,20,2,2,2,0,17,0,1.0,1.0,0.0,1.0,90
1,2035877688,0.25,0.9,0.1,0.0,20,20,2,2,2,0,17,0,1.0,1.0,0.0,1.0,90
2,536482952,0.25,0.9,0.1,0.0,20,20,1,1,1,0,18,0,1.0,1.0,0.0,1.0,90
3,1700937800,0.25,0.9,0.1,0.0,20,20,1,0,0,0,18,1,,0.0,0.0,,90
4,1374874159,0.25,0.9,0.1,0.0,20,20,2,3,2,1,16,0,0.6666666666666666,1.0,0.058823529411764705,0.8,90
5,221940070,0.25,0.9,0.1,0.0,20,20,1,1,1,0,18,0,1.0,1.0,0.0,1.0,90
6,727343485,0.25,0.9,0.1,0.0,20,20,4,3,3,0,15,1,1.0,0.75,0.0,0.8571428571428571,90
7,1537645680,0.25,0.9,0.1,0.0,20,20,1,1,1,0,18,0,1.0,1.0,0.0,1.0,90
8,387888305,0.25,0.9,0.1,0.0,20,20,5,5,5,0,14,0,1.0,1.0,0.0,1.0,90
9,810147284,0.25,0.9,0.1,0.0,20,20,2,2,2,0,17,0,1.0,1.0,0.0,1.0,90
10,622142618,0.25,0.9,0.1,0.0,20,20,1,1,1,0,18,0,1.0,1.0,0.0,1.0,90
11,1542771862,0.25,0.9,0.1,0.0,20,20,3,3,3,0,16,0,1.0,1.0,0.0,1.0,90
12,1154453028,0.25,0.9,0.1,0.0,20,20,0,0,0,0,19,0,,,0.0,,90
13,1778416171,0.25,0.9,0.1,0.0,20,20,1,1,1,0,18,0,1.0,1.0,0.0,1.0,90
14,1332382811,0.25,0.9,0.1,0.0,20,20,2,2,2,0,17,0,1.0,1.0,0.0,1.0,90
15,394467745,0.25,0.9,0.1,0.0,20,20,2,2,2,0,17,0,1.0,1.0,0.0,1.0,90
16,466289270,0.25,0.9,0.1,0.0,20,20,1,0,0,0,18,1,,0.0,0.0,,90
17,302238334,0.25,0.9,0.1,0.0,20,20,2,2,2,0,17,0,1.0,1.0,0.0,1.0,90
18,1547801774,0.25,0.9,0.1,0.0,20,20,2,1,1,0,17,1,1.0,0.5,0.0,0.6666666666666666,90
19,599354662,0.25,0.9,0.1,0.0,20,20,2,2,2,0,17,0,1.0,1.0,0.0,1.0,90
20,1413768028,0.25,0.9,0.1,0.0,20,20,3,3,3,0,16,0,1.0,1.0,0.0,1.0,90
21,1063727691,0.25,0.9,0.1,0.0,20,20,2,2,2,0,17,0,1.0,1.0,0.0,1.0,90
22,1831259960,0.25,0.9,0.1,0.0,20,20,3,3,3,0,16,0,1.0,1.0,0.0,1.0,90
23,1878701413,0.25,0.9,0.1,0.0,20,20,0,0,0,0,19,0,,,0.0,,90
24,1714595582,0.25,0.9,0.1,0.0,20,20,0,0,0,0,19,0,,,0.0,,90
25,1973426461,0.25,0.9,0.1,0.0,20,20,3,2,2,0,16,1,1.0,0.6666666666666666,0.0,0.8,90
26,1189606030,0.25,0.9,0.1,0.0,20,20,1,1,1,0,18,0,1.0,1.0,0.0,1.0,90
27,2084426548,0.25,0.9,0.1,0.0,20,20,1,1,1,0,18,0,1.0,1.0,0.0,1.0,90
28,320685613,0.25,0.9,0.1,0.0,20,20,1,1,1,0,18,0,1.0,1.0,0.0,1.0,90
29,449423231,0.25,0.9,0.1,0.0,20,20,0,0,0,0,19,0,,,0.0,,90
30,702081737,0.25,0.9,0.1,0.0,20,20,1,1,1,0,18,0,1.0,1.0,0.0,1.0,90
31,1650958153,0.25,0.9,0.1,0.0,20,20,0,0,0,0,19,0,,,0.0,,90
32,2138562744,0.25,0.9,0.1,0.0,20,20,0,0,0,0,19,0,,,0.0,,90
33,220764821,0.25,0.9,0.1,0.0,20,20,1,1,0,1,17,1,0.0,0.0,0.05555555555555555,0.0,90
34,1638633787,0.25,0.9,0.1,0.0,20,20,1,1,1,0,18,0,1.0,1.0,0.0,1.0,90
35,282822262,0.25,0.9,0.1,0.0,20,20,3,3,3,0,16,0,1.0,1.0,0.0,1.0,90
36,1844137427,0.25,0.9,0.1,0.0,20,20,1,1,1,0,18,0,1.0,1.0,0.0,1.0,90
37,557579428,0.25,0.9,0.1,0.0,20,20,0,0,0,0,19,0,,,0.0,,90
38,1621256723,0.25,0.9,0.1,0.0,20,20,1,1,1,0,18,0,1.0,1.0,0.0,1.0,90
39,1122083636,0.25,0.9,0.1,0.0,20,20,0,0,0,0,19,0,,,0.0,,90
40,1174309596,0.25,0.9,0.1,0.0,20,20,3,3,3,0,16,0,1.0,1.0,0.0,1.0,90
41,145529374,0.25,0.9,0.1,0.0,20,20,2,2,2,0,17,0,1.0,1.0,0.0,1.0,90
42,830197251,0.25,0.9,0.1,0.0,20,20,2,2,2,0,17,0,1.0,1.0,0.0,1.0,90
43,1331105911,0.25,0.9,0.1,0.0,20,20,0,0,0,0,19,0,,,0.0,,90
44,50111914,0.25,0.9,0.1,0.0,20,20,2,2,2,0,17,0,1.0,1.0,0.0,1.0,90
45,1608561738,0.25,0.9,0.1,0.0,20,20,2,2,2,0,17,0,1.0,1.0,0.0,1.0,90
46,1084137256,0.25,0.9,0.1,0.0,20,20,2,1,1,0,17,1,1.0,0.5,0.0,0.6666666666666666,90
47,977215046,0.25,0.9,0.1,0.0,20,20,3,3,3,0,16,0,1.0,1.0,0.0,1.0,90
48,307236702,0.25,0.9,0.1,0.0,20,20,1,1,1,0,18,0,1.0,1.0,0.0,1.0,90
49,1771594988,0.25,0.9,0.1,0.0,20,20,2,2,2,0,17,0,1.0,1.0,0.0,1.0,90
0,1895702806,0.25,0.9,0.1,0.0,40,40,3,3,3,0,36,0,1.0,1.0,0.0,1.0,91
1,1945752252,0.25,0.9,0.1,0.0,40,40,1,3,1,2,36,0,0.3333333333333333,1.0,0.05263157894736842,0.5,91
2,1259707168,0.25,0.9,0.1,0.0,40,40,0,0,0,0,39,0,,,0.0,,91
3,1072593330,0.25,0.9,0.1,0.0,40,40,0,0,0,0,39,0,,,0.0,,91
4,1646588694,0.25,0.9,0.1,0.0,40,40,2,1,1,0,37,1,1.0,0.5,0.0,0.6666666666666666,91
5,401467387,0.25,0.9,0.1,0.0,40,40,0,0,0,0,39,0,,,0.0,,91
6,1601490587,0.25,0.9,0.1,0.0,40,40,4,3,3,0,35,1,1.0,0.75,0.0,0.8571428571428571,91
7,2093578988,0.25,0.9,0.1,0.0,40,40,1,1,1,0,38,0,1.0,1.0,0.0,1.0,91
8,2006146255,0.25,0.9,0.1,0.0,40,40,3,3,3,0,36,0,1.0,1.0,0.0,1.0,91
9,1164671606,0.25,0.9,0.1,0.0,40,40,2,2,2,0,37,0,1.0,1.0,0.0,1.0,91
10,1017198224,0.25,0.9,0.1,0.0,40,40,0,0,0,0,39,0,,,0.0,,91
11,1462988413,0.25,0.9,0.1,0.0,40,40,1,1,1,0,38,0,1.0,1.0,0.0,1.0,91
12,2077703450,0.25,0.9,0.1,0.0,40,40,2,2,2,0,37,0,1.0,1.0,0.0,1.0,91
13,1643079609,0.25,0.9,0.1,0.0,40,40,2,1,1,0,37,1,1.0,0.5,0.0,0.6666666666666666,91
14,74762349,0.25,0.9,0.1,0.0,40,40,2,2,2,0,37,0,1.0,1.0,0.0,1.0,91
15,495778980,0.25,0.9,0.1,0.0,40,40,0,0,0,0,39,0,,,0.0,,91
16,2109449264,0.25,0.9,0.1,0.0,40,40,2,1,1,0,37,1,1.0,0.5,0.0,0.6666666666666666,91
17,1873540480,0.25,0.9,0.1,0.0,40,40,1,1,1,0,38,0,1.0,1.0,0.0,1.0,91
18,1842583052,0.25,0.9,0.1,0.0,40,40,3,3,3,0,36,0,1.0,1.0,0.0,1.0,91
19,376064131,0.25,0.9,0.1,0.0,40,40,0,0,0,0,39,0,,,0.0,,91
20,1661678231,0.25,0.9,0.1,0.0,40,40,2,2,2,0,37,0,1.0,1.0,0.0,1.0,91
21,1002502953,0.25,0.9,0.1,0.0,40,40,1,1,1,0,38,0,1.0,1.0,0.0,1.0,91
22,1084653307,0.25,0.9,0.1,0.0,40,40,3,3,3,0,36,0,1.0,1.0,0.0,1.0,91
23,228719989,0.25,0.9,0.1,0.0,40,40,1,1,1,0,38,0,1.0,1.0,0.0,1.0,91
24,966675511,0.25,0.9,0.1,0.0,40,40,0,0,0,0,39,0,,,0.0,,91
25,2067554377,0.25,0.9,0.1,0.0,40,40,1,1,0,1,37,1,0.0,0.0,0.02631578947368421,0.0,91
26,1754982270,0.25,0.9,0.1,0.0,40,40,3,3,3,0,36,0,1.0,1.0,0.0,1.0,91
27,2078627532,0.25,0.9,0.1,0.0,40,40,1,0,0,0,38,1,,0.0,0.0,,91
28,1783807653,0.25,0.9,0.1,0.0,40,40,1,1,1,0,38,0,1.0,1.0,0.0,1.0,91
29,46572318,0.25,0.9,0.1,0.0,40,40,1,2,1,1,37,0,0.5,1.0,0.02631578947368421,0.6666666666666666,91
30,1040929754,0.25,0.9,0.1,0.0,40,40,0,0,0,0,39,0,,,0.0,,91
31,26518301,0.25,0.9,0.1,0.0,40,40,0,0,0,0,39,0,,,0.0,,91
32,689120871,0.25,0.9,0.1,0.0,40,40,1,1,1,0,38,0,1.0,1.0,0.0,1.0,91
33,1585690111,0.25,0.9,0.1,0.0,40,40,0,0,0,0,39,0,,,0.0,,91
34,450723255,0.25,0.9,0.1,0.0,40,40,1,1,1,0,38,0,1.0,1.0,0.0,1.0,91
35,546523823,0.25,0.9,0.1,0.0,40,40,3,2,2,0,36,1,1.0,0.6666666666666666,0.0,0.8,91
36,789414733,0.25,0.9,0.1,0.0,40,40,2,2,2,0,37,0,1.0,1.0,0.0,1.0,91
37,662000566,0.25,0.9,0.1,0.0,40,40,0,0,0,0,39,0,,,0.0,,91
38,309961600,0.25,0.9,0.1,0.0,40,40,1,0,0,0,38,1,,0.0,0.0,,91
39,792401581,0.25,0.9,0.1,0.0,40,40,2,2,2,0,37,0,1.0,1.0,0.0,1.0,91
40,1556847629,0.25,0.9,0.1,0.0,40,40,1,1,1,0,38,0,1.0,1.0,0.0,1.0,91
41,858893615,0.25,0.9,0.1,0.0,40,40,0,0,0,0,39,0,,,0.0,,91
42,1551083726,0.25,0.9,0.1,0.0,40,40,0,0,0,0,39,0,,,0.0,,91
43,1200901332,0.25,0.9,0.1,0.0,40,40,1,0,0,0,38,1,,0.0,0.0,,91
44,467328350,0.25,0.9,0.1,0.0,40,40,0,0,0,0,39,0,,,0.0,,91
45,1706304938,0.25,0.9,0.1,0.0,40,40,1,1,1,0,38,0,1.0,1.0,0.0,1.0,91
46,1782261387,0.25,0.9,0.1,0.0,40,40,2,2,2,0,37,0,1.0,1.0,0.0,1.0,91
47,37110851,0.25,0.9,0.1,0.0,40,40,2,2,2,0,37,0,1.0,1.0,0.0,1.0,91
48,1969066649,0.25,0.9,0.1,0.0,40,40,2,2,2,0,37,0,1.0,1.0,0.0,1.0,91
49,895708259,0.25,0.9,0.1,0.0,40,40,1,1,1,0,38,0,1.0,1.0,0.0,1.0,91
0,1749571039,0.25,0.9,0.1,0.1,20,20,0,10,0,10,9,0,0.0,,0.5263157894736842,,92
1,1488111754,0.25,0.9,0.1,0.1,20,20,0,5,0,5,14,0,0.0,,0.2631578947368421,,92
2,1994540981,0.25,0.9,0.1,0.1,20,20,1,5,1,4,14,0,0.2,1.0,0.2222222222222222,0.33333333333333337,92
3,1500717330,0.25,0.9,0.1,0.1,20,20,1,5,0,5,13,1,0.0,0.0,0.2777777777777778,0.0,92
4,1724845837,0.25,0.9,0.1,0.1,20,20,4,7,3,4,11,1,0.42857142857142855,0.75,0.26666666666666666,0.5454545454545454,92
5,885794193,0.25,0.9,0.1,0.1,20,20,2,7,2,5,12,0,0.2857142857142857,1.0,0.29411764705882354,0.4444444444444445,92
6,147088368,0.25,0.9,0.1,0.1,20,20,0,5,0,5,14,0,0.0,,0.2631578947368421,,92
7,1505800002,0.25,0.9,0.1,0.1,20,20,2,7,2,5,12,0,0.2857142857142857,1.0,0.29411764705882354,0.4444444444444445,92
8,280162952,0.25,0.9,0.1,0.1,20,20,1,8,1,7,11,0,0.125,1.0,0.3888888888888889,0.2222222222222222,92
9,1090013062,0.25,0.9,0.1,0.1,20,20,3,5,2,3,13,1,0.4,0.6666666666666666,0.1875,0.5,92
10,1171940010,0.25,0.9,0.1,0.1,20,20,0,10,0,10,9,0,0.0,,0.5263157894736842,,92
11,374979471,0.25,0.9,0.1,0.1,20,20,1,6,1,5,13,0,0.16666666666666666,1.0,0.2777777777777778,0.2857142857142857,92
12,1756837538,0.25,0.9,0.1,0.1,20,20,2,8,2,6,11,0,0.25,1.0,0.35294117647058826,0.4,92
13,1677759508,0.25,0.9,0.1,0.1,20,20,0,6,0,6,13,0,0.0,,0.3157894736842105,,92
14,1027454941,0.25,0.9,0.1,0.1,20,20,0,6,0,6,13,0,0.0,,0.3157894736842105,,92
15,1988299774,0.25,0.9,0.1,0.1,20,20,0,5,0,5,14,0,0.0,,0.2631578947368421,,92
16,1029439004,0.25,0.9,0.1,0.1,20,20,0,6,0,6,13,0,0.0,,0.3157894736842105,,92
17,1499922074,0.25,0.9,0.1,0.1,20,20,0,8,0,8,11,0,0.0,,0.42105263157894735,,92
18,25429548,0.25,0.9,0.1,0.1,20,20,2,7,2,5,12,0,0.2857142857142857,1.0,0.29411764705882354,0.4444444444444445,92
19,867844817,0.25,0.9,0.1,0.1,20,20,1,6,1,5,13,0,0.16666666666666666,1.0,0.2777777777777778,0.2857142857142857,92
20,712001781,0.25,0.9,0.1,0.1,20,20,1,6,1,5,13,0,0.16666666666666666,1.0,0.2777777777777778,0.2857142857142857,92
21,561695541,0.25,0.9,0.1,0.1,20,20,0,6,0,6,13,0,0.0,,0.3157894736842105,,92
22,668910297,0.25,0.9,0.1,0.1,20,20,2,8,2,6,11,0,0.25,1.0,0.35294117647058826,0.4,92
23,1904718509,0.25,0.9,0.1,0.1,20,20,1,8,1,7,11,0,0.125,1.0,0.3888888888888889,0.2222222222222222,92
24,1470477094,0.25,0.9,0.1,0.1,20,20,2,7,2,5,12,0,0.2857142857142857,1.0,0.29411764705882354,0.4444444444444445,92
25,1971252678,0.25,0.9,0.1,0.1,20,20,0,10,0,10,9,0,0.0,,0.5263157894736842,,92
26,1459699961,0.25,0.9,0.1,0.1,20,20,2,10,2,8,9,0,0.2,1.0,0.47058823529411764,0.33333333333333337,92
27,1437563443,0.25,0.9,0.1,0.1,20,20,1,10,1,9,9,0,0.1,1.0,0.5,0.18181818181818182,92
28,989616760,0.25,0.9,0.1,0.1,20,20,0,4,0,4,15,0,0.0,,0.21052631578947367,,92
29,1905708673,0.25,0.9,0.1,0.1,20,20,3,10,2,8,8,1,0.2,0.6666666666666666,0.5,0.30769230769230765,92
30,1396371082,0.25,0.9,0.1,0.1,20,20,0,8,0,8,11,0,0.0,,0.42105263157894735,,92
31,301272598,0.25,0.9,0.1,0.1,20,20,1,7,1,6,12,0,0.14285714285714285,1.0,0.3333333333333333,0.25,92
32,1674249063,0.25,0.9,0.1,0.1,20,20,1,7,1,6,12,0,0.14285714285714285,1.0,0.3333333333333333,0.25,92
33,982076273,0.25,0.9,0.1,0.1,20,20,1,8,0,8,10,1,0.0,0.0,0.4444444444444444,0.0,92
34,1632033231,0.25,0.9,0.1,0.1,20,20,1,8,0,8,10,1,0.0,0.0,0.4444444444444444,0.0,92
35,1536191827,0.25,0.9,0.1,0.1,20,20,1,5,1,4,14,0,0.2,1.0,0.2222222222222222,0.33333333333333337,92
36,1222414193,0.25,0.9,0.1,0.1,20,20,1,5,1,4,14,0,0.2,1.0,0.2222222222222222,0.33333333333333337,92
37,754042925,0.25,0.9,0.1,0.1,20,20,2,4,2,2,15,0,0.5,1.0,0.11764705882352941,0.6666666666666666,92
38,1851132207,0.25,0.9,0.1,0.1,20,20,2,8,2,6,11,0,0.25,1.0,0.35294117647058826,0.4,92
39,445746355,0.25,0.9,0.1,0.1,20,20,2,9,2,7,10,0,0.2222222222222222,1.0,0.4117647058823529,0.3636363636363636,92
40,1120605240,0.25,0.9,0.1,0.1,20,20,1,7,1,6,12,0,0.14285714285714285,1.0,0.3333333333333333,0.25,92
41,227666908,0.25,0.9,0.1,0.1,20,20,1,6,1,5,13,0,0.16666666666666666,1.0,0.2777777777777778,0.2857142857142857,92
42,643037200,0.25,0.9,0.1,0.1,20,20,1,8,1,7,11,0,0.125,1.0,0.3888888888888889,0.2222222222222222,92
43,1959745873,0.25,0.9,0.1,0.1,20,20,1,7,1,6,12,0,0.14285714285714285,1.0,0.3333333333333333,0.25,92
44,1608442298,0.25,0.9,0.1,0.1,20,20,0,7,0,7,12,0,0.0,,0.3684210526315789,,92
45,1707655984,0.25,0.9,0.1,0.1,20,20,0,8,0,8,11,0,0.0,,0.42105263157894735,,92
46,1917469297,0.25,0.9,0.1,0.1,20,20,1,9,1,8,10,0,0.1111111111111111,1.0,0.4444444444444444,0.19999999999999998,92
47,107575008,0.25,0.9,0.1,0.1,20,20,0,8,0,8,11,0,0.0,,0.42105263157894735,,92
48,490781881,0.25,0.9,0.1,0.1,20,20,1,8,1,7,11,0,0.125,1.0,0.3888888888888889,0.2222222222222222,92
49,183538462,0.25,0.9,0.1,0.1,20,20,0,5,0,5,14,0,0.0,,0.2631578947368421,,92
0,1755675692,0.25,0.9,0.1,0.1,40,40,0,18,0,18,21,0,0.0,,0.46153846153846156,,93
1,1922336871,0.25,0.9,0.1,0.1,40,40,2,16,1,15,22,1,0.0625,0.5,0.40540540540540543,0.1111111111111111,93
2,714785863,0.25,0.9,0.1,0.1,40,40,1,18,1,17,21,0,0.05555555555555555,1.0,0.4473684210526316,0.10526315789473684,93
3,401047214,0.25,0.9,0.1,0.1,40,40,1,23,1,22,16,0,0.043478260869565216,1.0,0.5789473684210527,0.08333333333333333,93
4,384554043,0.25,0.9,0.1,0.1,40,40,0,18,0,18,21,0,0.0,,0.46153846153846156,,93
5,1376746397,0.25,0.9,0.1,0.1,40,40,2,16,2,14,23,0,0.125,1.0,0.3783783783783784,0.2222222222222222,93
6,1635583666,0.25,0.9,0.1,0.1,40,40,3,20,3,17,19,0,0.15,1.0,0.4722222222222222,0.2608695652173913,93
7,1784949475,0.25,0.9,0.1,0.1,40,40,1,18,1,17,21,0,0.05555555555555555,1.0,0.4473684210526316,0.10526315789473684,93
8,1440336657,0.25,0.9,0.1,0.1,40,40,0,16,0,16,23,0,0.0,,0.41025641025641024,,93
9,1618719339,0.25,0.9,0.1,0.1,40,40,1,21,1,20,18,0,0.047619047619047616,1.0,0.5263157894736842,0.0909090909090909,93
10,1930115168,0.25,0.9,0.1,0.1,40,40,2,21,2,19,18,0,0.09523809523809523,1.0,0.5135135135135135,0.17391304347826084,93
11,1271297218,0.25,0.9,0.1,0.1,40,40,0,16,0,16,23,0,0.0,,0.41025641025641024,,93
12,348185484,0.25,0.9,0.1,0.1,40,40,0,20,0,20,19,0,0.0,,0.5128205128205128,,93
13,1604014416,0.25,0.9,0.1,0.1,40,40,0,19,0,19,20,0,0.0,,0.48717948717948717,,93
14,427465040,0.25,0.9,0.1,0.1,40,40,1,18,1,17,21,0,0.05555555555555555,1.0,0.4473684210526316,0.10526315789473684,93
15,956052745,0.25,0.9,0.1,0.1,40,40,2,20,1,19,18,1,0.05,0.5,0.5135135135135135,0.09090909090909091,93
16,995800576,0.25,0.9,0.1,0.1,40,40,1,20,1,19,19,0,0.05,1.0,0.5,0.09523809523809523,93
17,1803370927,0.25,0.9,0.1,0.1,40,40,1,21,1,20,18,0,0.047619047619047616,1.0,0.5263157894736842,0.0909090909090909,93
18,1442682873,0.25,0.9,0.1,0.1,40,40,3,19,2,17,19,1,0.10526315789473684,0.6666666666666666,0.4722222222222222,0.18181818181818182,93
19,1929219841,0.25,0.9,0.1,0.1,40,40,0,17,0,17,22,0,0.0,,0.4358974358974359,,93
20,1079358802,0.25,0.9,0.1,0.1,40,40,0,14,0,14,25,0,0.0,,0.358974358974359,,93
21,329336230,0.25,0.9,0.1,0.1,40,40,1,19,1,18,20,0,0.05263157894736842,1.0,0.47368421052631576,0.1,93
22,1406624674,0.25,0.9,0.1,0.1,40,40,4,18,4,14,21,0,0.2222222222222222,1.0,0.4,0.3636363636363636,93
23,2090585688,0.25,0.9,0.1,0.1,40,40,1,16,1,15,23,0,0.0625,1.0,0.39473684210526316,0.11764705882352941,93
24,975901694,0.25,0.9,0.1,0.1,40,40,2,17,2,15,22,0,0.11764705882352941,1.0,0.40540540540540543,0.21052631578947367,93
25,602065872,0.25,0.9,0.1,0.1,40,40,0,22,0,22,17,0,0.0,,0.5641025641025641,,93
26,1686565594,0.25,0.9,0.1,0.1,40,40,2,13,2,11,26,0,0.15384615384615385,1.0,0.2972972972972973,0.2666666666666667,93
27,219325016,0.25,0.9,0.1,0.1,40,40,0,21,0,21,18,0,0.0,,0.5384615384615384,,93
28,1451944485,0.25,0.9,0.1,0.1,40,40,2,17,2,15,22,0,0.11764705882352941,1.0,0.40540540540540543,0.21052631578947367,93
29,163651528,0.25,0.9,0.1,0.1,40,40,0,17,0,17,22,0,0.0,,0.4358974358974359,,93
30,2120186933,0.25,0.9,0.1,0.1,40,40,0,22,0,22,17,0,0.0,,0.5641025641025641,,93
31,1173462350,0.25,0.9,0.1,0.1,40,40,0,20,0,20,19,0,0.0,,0.5128205128205128,,93
32,720652318,0.25,0.9,0.1,0.1,40,40,1,21,1,20,18,0,0.047619047619047616,1.0,0.5263157894736842,0.0909090909090909,93
33,476445400,0.25,0.9,0.1,0.1,40,40,3,22,3,19,17,0,0.13636363636363635,1.0,0.5277777777777778,0.24000000000000002,93
34,619795818,0.25,0.9,0.1,0.1,40,40,1,17,1,16,22,0,0.058823529411764705,1.0,0.42105263157894735,0.1111111111111111,93
35,730267694,0.25,0.9,0.1,0.1,40,40,2,19,2,17,20,0,0.10526315789473684,1.0,0.4594594594594595,0.1904761904761905,93
36,1578905475,0.25,0.9,0.1,0.1,40,40,0,23,0,23,16,0,0.0,,0.5897435897435898,,93
37,81068580,0.25,0.9,0.1,0.1,40,40,1,15,1,14,24,0,0.06666666666666667,1.0,0.3684210526315789,0.125,93
38,1475976085,0.25,0.9,0.1,0.1,40,40,1,15,1,14,24,0,0.06666666666666667,1.0,0.3684210526315789,0.125,93
39,245488061,0.25,0.9,0.1,0.1,40,40,0,19,0,19,20,0,0.0,,0.48717948717948717,,93
40,399866141,0.25,0.9,0.1,0.1,40,40,1,16,1,15,23,0,0.0625,1.0,0.39473684210526316,0.11764705882352941,93
41,1783258375,0.25,0.9,0.1,0.1,40,40,2,20,2,18,19,0,0.1,1.0,0.4864864864864865,0.18181818181818182,93
42,1284573686,0.25,0.9,0.1,0.1,40,40,3,17,2,15,21,1,0.11764705882352941,0.6666666666666666,0.4166666666666667,0.2,93
43,508223879,0.25,0.9,0.1,0.1,40,40,1,19,1,18,20,0,0.05263157894736842,1.0,0.47368421052631576,0.1,93
44,615557323,0.25,0.9,0.1,0.1,40,40,1,17,1,16,22,0,0.058823529411764705,1.0,0.42105263157894735,0.1111111111111111,93
45,1936397330,0.25,0.9,0.1,0.1,40,40,1,13,1,12,26,0,0.07692307692307693,1.0,0.3157894736842105,0.14285714285714288,93
46,1806417038,0.25,0.9,0.1,0.1,40,40,2,25,2,23,14,0,0.08,1.0,0.6216216216216216,0.14814814814814814,93
47,2017642091,0.25,0.9,0.1,0.1,40,40,4,21,4,17,18,0,0.19047619047619047,1.0,0.4857142857142857,0.32,93
48,1241975077,0.25,0.9,0.1,0.1,40,40,2,20,2,18,19,0,0.1,1.0,0.4864864864864865,0.18181818181818182,93
49,473303379,0.25,0.9,0.1,0.1,40,40,0,18,0,18,21,0,0.0,,0.46153846153846156,,93
0,697622283,0.25,0.9,0.1,0.25,20,20,2,10,2,8,9,0,0.2,1.0,0.47058823529411764,0.33333333333333337,94
1,810554847,0.25,0.9,0.1,0.25,20,20,2,15,1,14,3,1,0.06666666666666667,0.5,0.8235294117647058,0.11764705882352941,94
2,1447709691,0.25,0.9,0.1,0.25,20,20,1,14,1,13,5,0,0.07142857142857142,1.0,0.7222222222222222,0.13333333333333333,94
3,2126265893,0.25,0.9,0.1,0.25,20,20,0,10,0,10,9,0,0.0,,0.5263157894736842,,94
4,477723197,0.25,0.9,0.1,0.25,20,20,1,17,1,16,2,0,0.058823529411764705,1.0,0.8888888888888888,0.1111111111111111,94
5,1751537403,0.25,0.9,0.1,0.25,20,20,2,14,2,12,5,0,0.14285714285714285,1.0,0.7058823529411765,0.25,94
6,758735378,0.25,0.9,0.1,0.25,20,20,3,12,3,9,7,0,0.25,1.0,0.5625,0.4,94
7,1187509252,0.25,0.9,0.1,0.25,20,20,0,12,0,12,7,0,0.0,,0.631578947368421,,94
8,2074043112,0.25,0.9,0.1,0.25,20,20,2,14,2,12,5,0,0.14285714285714285,1.0,0.7058823529411765,0.25,94
9,845311744,0.25,0.9,0.1,0.25,20,20,0,14,0,14,5,0,0.0,,0.7368421052631579,,94
10,1417028088,0.25,0.9,0.1,0.25,20,20,1,15,1,14,4,0,0.06666666666666667,1.0,0.7777777777777778,0.125,94
11,2080102765,0.25,0.9,0.1,0.25,20,20,2,15,2,13,4,0,0.13333333333333333,1.0,0.7647058823529411,0.23529411764705882,94
12,1262155225,0.25,0.9,0.1,0.25,20,20,3,17,3,14,2,0,0.17647058823529413,1.0,0.875,0.3,94
13,1694364825,0.25,0.9,0.1,0.25,20,20,0,13,0,13,6,0,0.0,,0.6842105263157895,,94
14,880478428,0.25,0.9,0.1,0.25,20,20,0,12,0,12,7,0,0.0,,0.631578947368421,,94
15,1163585146,0.25,0.9,0.1,0.25,20,20,2,11,1,10,7,1,0.09090909090909091,0.5,0.5882352941176471,0.15384615384615385,94
16,467803272,0.25,0.9,0.1,0.25,20,20,0,12,0,12,7,0,0.0,,0.631578947368421,,94
17,863385209,0.25,0.9,0.1,0.25,20,20,3,11,2,9,7,1,0.18181818181818182,0.6666666666666666,0.5625,0.28571428571428575,94
18,1498751863,0.25,0.9,0.1,0.25,20,20,0,12,0,12,7,0,0.0,,0.631578947368421,,94
19,1781807943,0.25,0.9,0.1,0.25,20,20,2,13,2,11,6,0,0.15384615384615385,1.0,0.6470588235294118,0.2666666666666667,94
20,2117309919,0.25,0.9,0.1,0.25,20,20,2,13,2,11,6,0,0.15384615384615385,1.0,0.6470588235294118,0.2666666666666667,94
21,814546901,0.25,0.9,0.1,0.25,20,20,0,10,0,10,9,0,0.0,,0.5263157894736842,,94
22,291674573,0.25,0.9,0.1,0.25,20,20,5,18,5,13,1,0,0.2777777777777778,1.0,0.9285714285714286,0.4347826086956522,94
23,2114494868,0.25,0.9,0.1,0.25,20,20,0,12,0,12,7,0,0.0,,0.631578947368421,,94
24,76500090,0.25,0.9,0.1,0.25,20,20,1,13,1,12,6,0,0.07692307692307693,1.0,0.6666666666666666,0.14285714285714288,94
25,1138161450,0.25,0.9,0.1,0.25,20,20,1,17,1,16,2,0,0.058823529411764705,1.0,0.8888888888888888,0.1111111111111111,94
26,427394066,0.25,0.9,0.1,0.25,20,20,1,14,1,13,5,0,0.07142857142857142,1.0,0.7222222222222222,0.13333333333333333,94
27,601181768,0.25,0.9,0.1,0.25,20,20,4,11,3,8,7,1,0.2727272727272727,0.75,0.5333333333333333,0.39999999999999997,94
28,1071056773,0.25,0.9,0.1,0.25,20,20,0,14,0,14,5,0,0.0,,0.7368421052631579,,94
29,1491492376,0.25,0.9,0.1,0.25,20,20,0,15,0,15,4,0,0.0,,0.7894736842105263,,94
30,1257111850,0.25,0.9,0.1,0.25,20,20,1,12,1,11,7,0,0.08333333333333333,1.0,0.6111111111111112,0.15384615384615385,94
31,743810516,0.25,0.9,0.1,0.25,20,20,1,14,1,13,5,0,0.07142857142857142,1.0,0.7222222222222222,0.13333333333333333,94
32,361561677,0.25,0.9,0.1,0.25,20,20,0,11,0,11,8,0,0.0,,0.5789473684210527,,94
33,1725063779,0.25,0.9,0.1,0.25,20,20,3,10,2,8,8,1,0.2,0.6666666666666666,0.5,0.30769230769230765,94
34,1877492650,0.25,0.9,0.1,0.25,20,20,1,12,1,11,7,0,0.08333333333333333,1.0,0.6111111111111112,0.15384615384615385,94
35,1495328109,0.25,0.9,0.1,0.25,20,20,0,13,0,13,6,0,0.0,,0.6842105263157895,,94
36,100247663,0.25,0.9,0.1,0.25,20,20,1,13,1,12,6,0,0.07692307692307693,1.0,0.6666666666666666,0.14285714285714288,94
37,1501737688,0.25,0.9,0.1,0.25,20,20,2,14,2,12,5,0,0.14285714285714285,1.0,0.7058823529411765,0.25,94
38,310332308,0.25,0.9,0.1,0.25,20,20,1,8,1,7,11,0,0.125,1.0,0.3888888888888889,0.2222222222222222,94
39,20911053,0.25,0.9,0.1,0.25,20,20,2,15,2,13,4,0,0.13333333333333333,1.0,0.7647058823529411,0.23529411764705882,94
40,1294477470,0.25,0.9,0.1,0.25,20,20,0,14,0,14,5,0,0.0,,0.7368421052631579,,94
41,1427967990,0.25,0.9,0.1,0.25,20,20,1,12,1,11,7,0,0.08333333333333333,1.0,0.6111111111111112,0.15384615384615385,94
42,777737706,0.25,0.9,0.1,0.25,20,20,1,10,1,9,9,0,0.1,1.0,0.5,0.18181818181818182,94
43,500902637,0.25,0.9,0.1,0.25,20,20,3,17,2,15,1,1,0.11764705882352941,0.6666666666666666,0.9375,0.2,94
44,1099996323,0.25,0.9,0.1,0.25,20,20,1,13,1,12,6,0,0.07692307692307693,1.0,0.6666666666666666,0.14285714285714288,94
45,1541018013,0.25,0.9,0.1,0.25,20,20,2,12,2,10,7,0,0.16666666666666666,1.0,0.5882352941176471,0.2857142857142857,94
46,564588590,0.25,0.9,0.1,0.25,20,20,1,11,1,10,8,0,0.09090909090909091,1.0,0.5555555555555556,0.16666666666666669,94
47,436538385,0.25,0.9,0.1,0.25,20,20,0,15,0,15,4,0,0.0,,0.7894736842105263,,94
48,237072741,0.25,0.9,0.1,0.25,20,20,0,10,0,10,9,0,0.0,,0.5263157894736842,,94
49,798458214,0.25,0.9,0.1,0.25,20,20,3,13,3,10,6,0,0.23076923076923078,1.0,0.625,0.375,94
0,1905031061,0.25,0.9,0.1,0.25,40,40,2,32,2,30,7,0,0.0625,1.0,0.8108108108108109,0.11764705882352941,95
1,641722153,0.25,0.9,0.1,0.25,40,40,1,31,1,30,8,0,0.03225806451612903,1.0,0.7894736842105263,0.0625,95
2,115916749,0.25,0.9,0.1,0.25,40,40,0,32,0,32,7,0,0.0,,0.8205128205128205,,95
3,876559456,0.25,0.9,0.1,0.25,40,40,3,24,3,21,15,0,0.125,1.0,0.5833333333333334,0.2222222222222222,95
4,990976571,0.25,0.9,0.1,0.25,40,40,0,29,0,29,10,0,0.0,,0.7435897435897436,,95
5,283546541,0.25,0.9,0.1,0.25,40,40,6,29,6,23,10,0,0.20689655172413793,1.0,0.696969696969697,0.34285714285714286,95
6,1831921016,0.25,0.9,0.1,0.25,40,40,0,34,0,34,5,0,0.0,,0.8717948717948718,,95
7,1639731192,0.25,0.9,0.1,0.25,40,40,2,29,2,27,10,0,0.06896551724137931,1.0,0.7297297297297297,0.12903225806451613,95
8,106110476,0.25,0.9,0.1,0.25,40,40,1,30,1,29,9,0,0.03333333333333333,1.0,0.7631578947368421,0.06451612903225806,95
9,1063650752,0.25,0.9,0.1,0.25,40,40,1,26,1,25,13,0,0.038461538461538464,1.0,0.6578947368421053,0.07407407407407407,95
10,790887603,0.25,0.9,0.1,0.25,40,40,0,21,0,21,18,0,0.0,,0.5384615384615384,,95
11,979179668,0.25,0.9,0.1,0.25,40,40,1,30,1,29,9,0,0.03333333333333333,1.0,0.7631578947368421,0.06451612903225806,95
12,874412289,0.25,0.9,0.1,0.25,40,40,1,29,0,29,9,1,0.0,0.0,0.7631578947368421,0.0,95
13,1524159954,0.25,0.9,0.1,0.25,40,40,2,33,2,31,6,0,0.06060606060606061,1.0,0.8378378378378378,0.1142857142857143,95
14,676917820,0.25,0.9,0.1,0.25,40,40,1,30,1,29,9,0,0.03333333333333333,1.0,0.7631578947368421,0.06451612903225806,95
15,396486708,0.25,0.9,0.1,0.25,40,40,3,27,2,25,11,1,0.07407407407407407,0.6666666666666666,0.6944444444444444,0.13333333333333333,95
16,1191815607,0.25,0.9,0.1,0.25,40,40,1,31,1,30,8,0,0.03225806451612903,1.0,0.7894736842105263,0.0625,95
17,693436733,0.25,0.9,0.1,0.25,40,40,0,29,0,29,10,0,0.0,,0.7435897435897436,,95
18,672484772,0.25,0.9,0.1,0.25,40,40,2,29,2,27,10,0,0.06896551724137931,1.0,0.7297297297297297,0.12903225806451613,95
19,771440310,0.25,0.9,0.1,0.25,40,40,2,31,2,29,8,0,0.06451612903225806,1.0,0.7837837837837838,0.12121212121212122,95
20,478485475,0.25,0.9,0.1,0.25,40,40,2,26,2,24,13,0,0.07692307692307693,1.0,0.6486486486486487,0.14285714285714288,95
21,2058925593,0.25,0.9,0.1,0.25,40,40,1,30,1,29,9,0,0.03333333333333333,1.0,0.7631578947368421,0.06451612903225806,95
22,904465737,0.25,0.9,0.1,0.25,40,40,1,29,1,28,10,0,0.034482758620689655,1.0,0.7368421052631579,0.06666666666666667,95
23,1748039840,0.25,0.9,0.1,0.25,40,40,2,29,2,27,10,0,0.06896551724137931,1.0,0.7297297297297297,0.12903225806451613,95
24,1519209375,0.25,0.9,0.1,0.25,40,40,2,21,2,19,18,0,0.09523809523809523,1.0,0.5135135135135135,0.17391304347826084,95
25,1793915726,0.25,0.9,0.1,0.25,40,40,0,29,0,29,10,0,0.0,,0.7435897435897436,,95
26,1166503883,0.25,0.9,0.1,0.25,40,40,0,33,0,33,6,0,0.0,,0.8461538461538461,,95
27,172370485,0.25,0.9,0.1,0.25,40,40,0,29,0,29,10,0,0.0,,0.7435897435897436,,95
28,1451067760,0.25,0.9,0.1,0.25,40,40,0,28,0,28,11,0,0.0,,0.717948717948718,,95
29,1514315910,0.25,0.9,0.1,0.25,40,40,1,28,1,27,11,0,0.03571428571428571,1.0,0.7105263157894737,0.0689655172413793,95
30,2081295102,0.25,0.9,0.1,0.25,40,40,3,30,3,27,9,0,0.1,1.0,0.75,0.18181818181818182,95
31,1550945327,0.25,0.9,0.1,0.25,40,40,1,31,1,30,8,0,0.03225806451612903,1.0,0.7894736842105263,0.0625,95
32,27884562,0.25,0.9,0.1,0.25,40,40,2,27,2,25,12,0,0.07407407407407407,1.0,0.6756756756756757,0.13793103448275862,95
33,384312514,0.25,0.9,0.1,0.25,40,40,1,29,1,28,10,0,0.034482758620689655,1.0,0.7368421052631579,0.06666666666666667,95
34,1704481138,0.25,0.9,0.1,0.25,40,40,0,28,0,28,11,0,0.0,,0.717948717948718,,95
35,1103224297,0.25,0.9,0.1,0.25,40,40,0,29,0,29,10,0,0.0,,0.7435897435897436,,95
36,1927531461,0.25,0.9,0.1,0.25,40,40,2,31,2,29,8,0,0.06451612903225806,1.0,0.7837837837837838,0.12121212121212122,95
37,628281137,0.25,0.9,0.1,0.25,40,40,1,27,1,26,12,0,0.037037037037037035,1.0,0.6842105263157895,0.07142857142857142,95
38,668448022,0.25,0.9,0.1,0.25,40,40,1,31,1,30,8,0,0.03225806451612903,1.0,0.7894736842105263,0.0625,95
39,103939233,0.25,0.9,0.1,0.25,40,40,0,28,0,28,11,0,0.0,,0.717948717948718,,95
40,573689977,0.25,0.9,0.1,0.25,40,40,2,29,1,28,9,1,0.034482758620689655,0.5,0.7567567567567568,0.06451612903225806,95
41,1000115020,0.25,0.9,0.1,0.25,40,40,1,27,0,27,11,1,0.0,0.0,0.7105263157894737,0.0,95
42,1359328417,0.25,0.9,0.1,0.25,40,40,0,33,0,33,6,0,0.0,,0.8461538461538461,,95
43,514617789,0.25,0.9,0.1,0.25,40,40,2,28,2,26,11,0,0.07142857142857142,1.0,0.7027027027027027,0.13333333333333333,95
44,29545186,0.25,0.9,0.1,0.25,40,40,0,29,0,29,10,0,0.0,,0.7435897435897436,,95
45,265127300,0.25,0.9,0.1,0.25,40,40,0,28,0,28,11,0,0.0,,0.717948717948718,,95
46,235363833,0.25,0.9,0.1,0.25,40,40,2,32,2,30,7,0,0.0625,1.0,0.8108108108108109,0.11764705882352941,95
47,1078948537,0.25,0.9,0.1,0.25,40,40,1,27,1,26,12,0,0.037037037037037035,1.0,0.6842105263157895,0.07142857142857142,95
48,1828060827,0.25,0.9,0.1,0.25,40,40,3,28,3,25,11,0,0.10714285714285714,1.0,0.6944444444444444,0.19354838709677416,95
49,457896067,0.25,0.9,0.1,0.25,40,40,0,32,0,32,7,0,0.0,,0.8205128205128205,,95
0,207340340,0.25,0.9,0.2,0.0,20,20,1,0,0,0,18,1,,0.0,0.0,,96
1,1287161153,0.25,0.9,0.2,0.0,20,20,2,2,2,0,17,0,1.0,1.0,0.0,1.0,96
2,1593401145,0.25,0.9,0.2,0.0,20,20,4,3,3,0,15,1,1.0,0.75,0.0,0.8571428571428571,96
3,1410202142,0.25,0.9,0.2,0.0,20,20,1,1,1,0,18,0,1.0,1.0,0.0,1.0,96
4,241745287,0.25,0.9,0.2,0.0,20,20,1,1,1,0,18,0,1.0,1.0,0.0,1.0,96
5,2110655385,0.25,0.9,0.2,0.0,20,20,2,2,2,0,17,0,1.0,1.0,0.0,1.0,96
6,392251788,0.25,0.9,0.2,0.0,20,20,1,1,1,0,18,0,1.0,1.0,0.0,1.0,96
7,1258759859,0.25,0.9,0.2,0.0,20,20,3,3,3,0,16,0,1.0,1.0,0.0,1.0,96
8,1127175163,0.25,0.9,0.2,0.0,20,20,0,0,0,0,19,0,,,0.0,,96
9,514318874,0.25,0.9,0.2,0.0,20,20,2,2,2,0,17,0,1.0,1.0,0.0,1.0,96
10,288588952,0.25,0.9,0.2,0.0,20,20,4,4,3,1,14,1,0.75,0.75,0.06666666666666667,0.75,96
11,373516179,0.25,0.9,0.2,0.0,20,20,4,3,3,0,15,1,1.0,0.75,0.0,0.8571428571428571,96
12,2135900229,0.25,0.9,0.2,0.0,20,20,1,1,1,0,18,0,1.0,1.0,0.0,1.0,96
13,78089308,0.25,0.9,0.2,0.0,20,20,1,1,1,0,18,0,1.0,1.0,0.0,1.0,96
14,1823051532,0.25,0.9,0.2,0.0,20,20,2,1,1,0,17,1,1.0,0.5,0.0,0.6666666666666666,96
15,752922426,0.25,0.9,0.2,0.0,20,20,0,0,0,0,19,0,,,0.0,,96
16,1860776133,0.25,0.9,0.2,0.0,20,20,0,0,0,0,19,0,,,0.0,,96
17,58186747,0.25,0.9,0.2,0.0,20,20,1,0,0,0,18,1,,0.0,0.0,,96
18,306108169,0.25,0.9,0.2,0.0,20,20,2,1,1,0,17,1,1.0,0.5,0.0,0.6666666666666666,96
19,1100281525,0.25,0.9,0.2,0.0,20,20,2,1,1,0,17,1,1.0,0.5,0.0,0.6666666666666666,96
20,604587036,0.25,0.9,0.2,0.0,20,20,3,3,3,0,16,0,1.0,1.0,0.0,1.0,96
21,1056727953,0.25,0.9,0.2,0.0,20,20,2,1,1,0,17,1,1.0,0.5,0.0,0.6666666666666666,96
22,65659141,0.25,0.9,0.2,0.0,20,20,0,0,0,0,19,0,,,0.0,,96
23,1909167379,0.25,0.9,0.2,0.0,20,20,1,0,0,0,18,1,,0.0,0.0,,96
24,1975262756,0.25,0.9,0.2,0.0,20,20,0,0,0,0,19,0,,,0.0,,96
25,2003822131,0.25,0.9,0.2,0.0,20,20,0,0,0,0,19,0,,,0.0,,96
26,1892000152,0.25,0.9,0.2,0.0,20,20,2,2,2,0,17,0,1.0,1.0,0.0,1.0,96
27,1920871618,0.25,0.9,0.2,0.0,20,20,2,1,1,0,17,1,1.0,0.5,0.0,0.6666666666666666,96
28,1092087964,0.25,0.9,0.2,0.0,20,20,2,2,2,0,17,0,1.0,1.0,0.0,1.0,96
29,2092949199,0.25,0.9,0.2,0.0,20,20,0,0,0,0,19,0,,,0.0,,96
30,618954123,0.25,0.9,0.2,0.0,20,20,3,3,3,0,16,0,1.0,1.0,0.0,1.0,96
31,1650152629,0.25,0.9,0.2,0.0,20,20,2,1,1,0,17,1,1.0,0.5,0.0,0.6666666666666666,96
32,1340280604,0.25,0.9,0.2,0.0,20,20,3,2,2,0,16,1,1.0,0.6666666666666666,0.0,0.8,96
33,919245436,0.25,0.9,0.2,0.0,20,20,3,3,3,0,16,0,1.0,1.0,0.0,1.0,96
34,1720772631,0.25,0.9,0.2,0.0,20,20,1,1,1,0,18,0,1.0,1.0,0.0,1.0,96
35,835027699,0.25,0.9,0.2,0.0,20,20,1,1,1,0,18,0,1.0,1.0,0.0,1.0,96
36,2098384145,0.25,0.9,0.2,0.0,20,20,0,0,0,0,19,0,,,0.0,,96
37,163704634,0.25,0.9,0.2,0.0,20,20,1,1,1,0,18,0,1.0,1.0,0.0,1.0,96
38,1201630274,0.25,0.9,0.2,0.0,20,20,2,2,1,1,16,1,0.5,0.5,0.058823529411764705,0.5,96
39,1906343540,0.25,0.9,0.2,0.0,20,20,0,0,0,0,19,0,,,0.0,,96
40,1299823323,0.25,0.9,0.2,0.0,20,20,2,1,1,0,17,1,1.0,0.5,0.0,0.6666666666666666,96
41,1616801734,0.25,0.9,0.2,0.0,20,20,3,3,3,0,16,0,1.0,1.0,0.0,1.0,96
42,1719305322,0.25,0.9,0.2,0.0,20,20,0,0,0,0,19,0,,,0.0,,96
43,181425715,0.25,0.9,0.2,0.0,20,20,2,1,1,0,17,1,1.0,0.5,0.0,0.6666666666666666,96
44,724295558,0.25,0.9,0.2,0.0,20,20,0,0,0,0,19,0,,,0.0,,96
45,667490,0.25,0.9,0.2,0.0,20,20,2,1,1,0,17,1,1.0,0.5,0.0,0.6666666666666666,96
46,1075318387,0.25,0.9,0.2,0.0,20,20,2,1,1,0,17,1,1.0,0.5,0.0,0.6666666666666666,96
47,1344014566,0.25,0.9,0.2,0.0,20,20,2,2,1,1,16,1,0.5,0.5,0.058823529411764705,0.5,96
48,1447251415,0.25,0.9,0.2,0.0,20,20,0,0,0,0,19,0,,,0.0,,96
49,753153392,0.25,0.9,0.2,0.0,20,20,1,1,1,0,18,0,1.0,1.0,0.0,1.0,96
0,1664319927,0.25,0.9,0.2,0.0,40,40,2,2,2,0,37,0,1.0,1.0,0.0,1.0,97
1,1559109470,0.25,0.9,0.2,0.0,40,40,0,0,0,0,39,0,,,0.0,,97
2,503405999,0.25,0.9,0.2,0.0,40,40,2,1,1,0,37,1,1.0,0.5,0.0,0.6666666666666666,97
3,1876920845,0.25,0.9,0.2,0.0,40,40,1,1,1,0,38,0,1.0,1.0,0.0,1.0,97
4,1695605582,0.25,0.9,0.2,0.0,40,40,0,0,0,0,39,0,,,0.0,,97
5,527405354,0.25,0.9,0.2,0.0,40,40,0,0,0,0,39,0,,,0.0,,97
6,720198728,0.25,0.9,0.2,0.0,40,40,1,1,1,0,38,0,1.0,1.0,0.0,1.0,97
7,1477733332,0.25,0.9,0.2,0.0,40,40,2,1,1,0,37,1,1.0,0.5,0.0,0.6666666666666666,97
8,1819375124,0.25,0.9,0.2,0.0,40,40,1,1,1,0,38,0,1.0,1.0,0.0,1.0,97
9,1145027658,0.25,0.9,0.2,0.0,40,40,2,2,2,0,37,0,1.0,1.0,0.0,1.0,97
10,728876935,0.25,0.9,0.2,0.0,40,40,0,0,0,0,39,0,,,0.0,,97
11,424328257,0.25,0.9,0.2,0.0,40,40,0,0,0,0,39,0,,,0.0,,97
12,87614242,0.25,0.9,0.2,0.0,40,40,1,1,1,0,38,0,1.0,1.0,0.0,1.0,97
13,581830471,0.25,0.9,0.2,0.0,40,40,0,0,0,0,39,0,,,0.0,,97
14,1626838471,0.25,0.9,0.2,0.0,40,40,2,3,2,1,36,0,0.6666666666666666,1.0,0.02702702702702703,0.8,97
15,1085037266,0.25,0.9,0.2,0.0,40,40,1,1,1,0,38,0,1.0,1.0,0.0,1.0,97
16,1531702647,0.25,0.9,0.2,0.0,40,40,0,0,0,0,39,0,,,0.0,,97
17,455824793,0.25,0.9,0.2,0.0,40,40,0,0,0,0,39,0,,,0.0,,97
18,133939197,0.25,0.9,0.2,0.0,40,40,2,2,2,0,37,0,1.0,1.0,0.0,1.0,97
19,799274422,0.25,0.9,0.2,0.0,40,40,2,1,1,0,37,1,1.0,0.5,0.0,0.6666666666666666,97
20,1723389894,0.25,0.9,0.2,0.0,40,40,0,0,0,0,39,0,,,0.0,,97
21,1185843991,0.25,0.9,0.2,0.0,40,40,1,0,0,0,38,1,,0.0,0.0,,97
22,1012154211,0.25,0.9,0.2,0.0,40,40,0,0,0,0,39,0,,,0.0,,97
23,2092087676,0.25,0.9,0.2,0.0,40,40,0,0,0,0,39,0,,,0.0,,97
24,305993326,0.25,0.9,0.2,0.0,40,40,2,1,1,0,37,1,1.0,0.5,0.0,0.6666666666666666,97
25,1956665113,0.25,0.9,0.2,0.0,40,40,0,0,0,0,39,0,,,0.0,,97
26,1518961547,0.25,0.9,0.2,0.0,40,40,0,0,0,0,39,0,,,0.0,,97
27,2096298511,0.25,0.9,0.2,0.0,40,40,1,2,1,1,37,0,0.5,1.0,0.02631578947368421,0.6666666666666666,97
28,1250478441,0.25,0.9,0.2,0.0,40,40,0,0,0,0,39,0,,,0.0,,97
29,1603999379,0.25,0.9,0.2,0.0,40,40,1,1,1,0,38,0,1.0,1.0,0.0,1.0,97
30,1372240801,0.25,0.9,0.2,0.0,40,40,0,0,0,0,39,0,,,0.0,,97
31,527284606,0.25,0.9,0.2,0.0,40,40,2,2,2,0,37,0,1.0,1.0,0.0,1.0,97
32,1774220429,0.25,0.9,0.2,0.0,40,40,1,1,1,0,38,0,1.0,1.0,0.0,1.0,97
33,1071207707,0.25,0.9,0.2,0.0,40,40,1,1,1,0,38,0,1.0,1.0,0.0,1.0,97
34,1822790918,0.25,0.9,0.2,0.0,40,40,2,3,2,1,36,0,0.6666666666666666,1.0,0.02702702702702703,0.8,97
35,1022617640,0.25,0.9,0.2,0.0,40,40,2,1,1,0,37,1,1.0,0.5,0.0,0.6666666666666666,97
36,1794432392,0.25,0.9,0.2,0.0,40,40,1,1,1,0,38,0,1.0,1.0,0.0,1.0,97
37,1238471141,0.25,0.9,0.2,0.0,40,40,1,1,1,0,38,0,1.0,1.0,0.0,1.0,97
38,2118051077,0.25,0.9,0.2,0.0,40,40,1,1,1,0,38,0,1.0,1.0,0.0,1.0,97
39,1740551210,0.25,0.9,0.2,0.0,40,40,1,1,1,0,38,0,1.0,1.0,0.0,1.0,97
40,582411401,0.25,0.9,0.2,0.0,40,40,1,1,0,1,37,1,0.0,0.0,0.02631578947368421,0.0,97
41,76667763,0.25,0.9,0.2,0.0,40,40,2,2,2,0,37,0,1.0,1.0,0.0,1.0,97
42,582228056,0.25,0.9,0.2,0.0,40,40,3,3,3,0,36,0,1.0,1.0,0.0,1.0,97
43,1439036902,0.25,0.9,0.2,0.0,40,40,1,0,0,0,38,1,,0.0,0.0,,97
44,1217710617,0.25,0.9,0.2,0.0,40,40,2,2,2,0,37,0,1.0,1.0,0.0,1.0,97
45,216789556,0.25,0.9,0.2,0.0,40,40,2,1,1,0,37,1,1.0,0.5,0.0,0.6666666666666666,97
46,1837675632,0.25,0.9,0.2,0.0,40,40,1,1,1,0,38,0,1.0,1.0,0.0,1.0,97
47,493562508,0.25,0.9,0.2,0.0,40,40,1,1,1,0,38,0,1.0,1.0,0.0,1.0,97
48,1835454218,0.25,0.9,0.2,0.0,40,40,0,0,0,0,39,0,,,0.0,,97
49,1555768914,0.25,0.9,0.2,0.0,40,40,1,0,0,0,38,1,,0.0,0.0,,97
0,745467960,0.25,0.9,0.2,0.1,20,20,0,1,0,1,18,0,0.0,,0.05263157894736842,,98
1,1184023771,0.25,0.9,0.2,0.1,20,20,0,1,0,1,18,0,0.0,,0.05263157894736842,,98
2,76043681,0.25,0.9,0.2,0.1,20,20,1,1,0,1,17,1,0.0,0.0,0.05555555555555555,0.0,98
3,761940394,0.25,0.9,0.2,0.1,20,20,0,2,0,2,17,0,0.0,,0.10526315789473684,,98
4,1880539444,0.25,0.9,0.2,0.1,20,20,3,5,3,2,14,0,0.6,1.0,0.125,0.7499999999999999,98
5,1106554118,0.25,0.9,0.2,0.1,20,20,3,3,1,2,14,2,0.3333333333333333,0.3333333333333333,0.125,0.3333333333333333,98
6,1844963267,0.25,0.9,0.2,0.1,20,20,3,2,2,0,16,1,1.0,0.6666666666666666,0.0,0.8,98
7,545007111,0.25,0.9,0.2,0.1,20,20,0,1,0,1,18,0,0.0,,0.05263157894736842,,98
8,59626023,0.25,0.9,0.2,0.1,20,20,0,0,0,0,19,0,,,0.0,,98
9,838861406,0.25,0.9,0.2,0.1,20,20,0,1,0,1,18,0,0.0,,0.05263157894736842,,98
10,637332994,0.25,0.9,0.2,0.1,20,20,1,1,0,1,17,1,0.0,0.0,0.05555555555555555,0.0,98
11,1788580485,0.25,0.9,0.2,0.1,20,20,3,3,2,1,15,1,0.6666666666666666,0.6666666666666666,0.0625,0.6666666666666666,98
12,527853501,0.25,0.9,0.2,0.1,20,20,1,4,1,3,15,0,0.25,1.0,0.16666666666666666,0.4,98
13,731455529,0.25,0.9,0.2,0.1,20,20,3,4,1,3,13,2,0.25,0.3333333333333333,0.1875,0.28571428571428575,98
14,556027112,0.25,0.9,0.2,0.1,20,20,0,2,0,2,17,0,0.0,,0.10526315789473684,,98
15,1610895034,0.25,0.9,0.2,0.1,20,20,1,4,1,3,15,0,0.25,1.0,0.16666666666666666,0.4,98
16,1494306146,0.25,0.9,0.2,0.1,20,20,0,1,0,1,18,0,0.0,,0.05263157894736842,,98
17,726545851,0.25,0.9,0.2,0.1,20,20,2,3,2,1,16,0,0.6666666666666666,1.0,0.058823529411764705,0.8,98
18,1944610524,0.25,0.9,0.2,0.1,20,20,1,3,1,2,16,0,0.3333333333333333,1.0,0.1111111111111111,0.5,98
19,649793366,0.25,0.9,0.2,0.1,20,20,3,2,1,1,15,2,0.5,0.3333333333333333,0.0625,0.4,98
20,2012769756,0.25,0.9,0.2,0.1,20,20,2,3,2,1,16,0,0.6666666666666666,1.0,0.058823529411764705,0.8,98
21,945163886,0.25,0.9,0.2,0.1,20,20,2,1,0,1,16,2,0.0,0.0,0.058823529411764705,0.0,98
22,1791626894,0.25,0.9,0.2,0.1,20,20,1,1,0,1,17,1,0.0,0.0,0.05555555555555555,0.0,98
23,133077672,0.25,0.9,0.2,0.1,20,20,3,4,3,1,15,0,0.75,1.0,0.0625,0.8571428571428571,98
24,127159975,0.25,0.9,0.2,0.1,20,20,4,4,2,2,13,2,0.5,0.5,0.13333333333333333,0.5,98
25,756302740,0.25,0.9,0.2,0.1,20,20,1,1,1,0,18,0,1.0,1.0,0.0,1.0,98
26,1911072613,0.25,0.9,0.2,0.1,20,20,1,2,1,1,17,0,0.5,1.0,0.05555555555555555,0.6666666666666666,98
27,947272057,0.25,0.9,0.2,0.1,20,20,1,3,1,2,16,0,0.3333333333333333,1.0,0.1111111111111111,0.5,98
28,761992476,0.25,0.9,0.2,0.1,20,20,0,1,0,1,18,0,0.0,,0.05263157894736842,,98
29,602224100,0.25,0.9,0.2,0.1,20,20,3,4,2,2,14,1,0.5,0.6666666666666666,0.125,0.5714285714285715,98
30,298908301,0.25,0.9,0.2,0.1,20,20,0,2,0,2,17,0,0.0,,0.10526315789473684,,98
31,406107687,0.25,0.9,0.2,0.1,20,20,1,1,1,0,18,0,1.0,1.0,0.0,1.0,98
32,1204152755,0.25,0.9,0.2,0.1,20,20,0,0,0,0,19,0,,,0.0,,98
33,1271295411,0.25,0.9,0.2,0.1,20,20,0,1,0,1,18,0,0.0,,0.05263157894736842,,98
34,1365448614,0.25,0.9,0.2,0.1,20,20,1,2,1,1,17,0,0.5,1.0,0.05555555555555555,0.6666666666666666,98
35,144540219,0.25,0.9,0.2,0.1,20,20,2,2,2,0,17,0,1.0,1.0,0.0,1.0,98
36,1464727131,0.25,0.9,0.2,0.1,20,20,0,5,0,5,14,0,0.0,,0.2631578947368421,,98
37,1280941044,0.25,0.9,0.2,0.1,20,20,1,3,0,3,15,1,0.0,0.0,0.16666666666666666,0.0,98
38,1717005321,0.25,0.9,0.2,0.1,20,20,0,2,0,2,17,0,0.0,,0.10526315789473684,,98
39,942280631,0.25,0.9,0.2,0.1,20,20,1,3,1,2,16,0,0.3333333333333333,1.0,0.1111111111111111,0.5,98
40,2119283510,0.25,0.9,0.2,0.1,20,20,3,3,3,0,16,0,1.0,1.0,0.0,1.0,98
41,380524255,0.25,0.9,0.2,0.1,20,20,4,5,3,2,13,1,0.6,0.75,0.13333333333333333,0.6666666666666665,98
42,168179632,0.25,0.9,0.2,0.1,20,20,1,2,0,2,16,1,0.0,0.0,0.1111111111111111,0.0,98
43,2015895359,0.25,0.9,0.2,0.1,20,20,1,1,0,1,17,1,0.0,0.0,0.05555555555555555,0.0,98
44,1155069049,0.25,0.9,0.2,0.1,20,20,1,5,1,4,14,0,0.2,1.0,0.2222222222222222,0.33333333333333337,98
45,1022993411,0.25,0.9,0.2,0.1,20,20,2,4,2,2,15,0,0.5,1.0,0.11764705882352941,0.6666666666666666,98
46,62931495,0.25,0.9,0.2,0.1,20,20,1,3,1,2,16,0,0.3333333333333333,1.0,0.1111111111111111,0.5,98
47,1724041843,0.25,0.9,0.2,0.1,20,20,1,2,1,1,17,0,0.5,1.0,0.05555555555555555,0.6666666666666666,98
48,1584265093,0.25,0.9,0.2,0.1,20,20,0,1,0,1,18,0,0.0,,0.05263157894736842,,98
49,1767149498,0.25,0.9,0.2,0.1,20,20,4,6,3,3,12,1,0.5,0.75,0.2,0.6,98
0,678182945,0.25,0.9,0.2,0.1,40,40,1,5,0,5,33,1,0.0,0.0,0.13157894736842105,0.0,99
1,2048164032,0.25,0.9,0.2,0.1,40,40,1,4,1,3,35,0,0.25,1.0,0.07894736842105263,0.4,99
2,1143940650,0.25,0.9,0.2,0.1,40,40,2,5,2,3,34,0,0.4,1.0,0.08108108108108109,0.5714285714285715,99
3,908038003,0.25,0.9,0.2,0.1,40,40,2,7,1,6,31,1,0.14285714285714285,0.5,0.16216216216216217,0.22222222222222224,99
4,544604837,0.25,0.9,0.2,0.1,40,40,1,8,0,8,30,1,0.0,0.0,0.21052631578947367,0.0,99
5,1269264063,0.25,0.9,0.2,0.1,40,40,2,5,1,4,33,1,0.2,0.5,0.10810810810810811,0.28571428571428575,99
6,963105082,0.25,0.9,0.2,0.1,40,40,1,6,1,5,33,0,0.16666666666666666,1.0,0.13157894736842105,0.2857142857142857,99
7,681345407,0.25,0.9,0.2,0.1,40,40,1,5,1,4,34,0,0.2,1.0,0.10526315789473684,0.33333333333333337,99
8,1651384061,0.25,0.9,0.2,0.1,40,40,2,10,1,9,28,1,0.1,0.5,0.24324324324324326,0.16666666666666669,99
9,2013855642,0.25,0.9,0.2,0.1,40,40,0,14,0,14,25,0,0.0,,0.358974358974359,,99
10,1615600099,0.25,0.9,0.2,0.1,40,40,1,12,1,11,27,0,0.08333333333333333,1.0,0.2894736842105263,0.15384615384615385,99
11,86248352,0.25,0.9,0.2,0.1,40,40,2,4,2,2,35,0,0.5,1.0,0.05405405405405406,0.6666666666666666,99
12,1038691815,0.25,0.9,0.2,0.1,40,40,0,10,0,10,29,0,0.0,,0.2564102564102564,,99
13,1019881035,0.25,0.9,0.2,0.1,40,40,2,8,2,6,31,0,0.25,1.0,0.16216216216216217,0.4,99
14,1243853316,0.25,0.9,0.2,0.1,40,40,5,9,5,4,30,0,0.5555555555555556,1.0,0.11764705882352941,0.7142857142857143,99
15,67154429,0.25,0.9,0.2,0.1,40,40,3,14,2,12,24,1,0.14285714285714285,0.6666666666666666,0.3333333333333333,0.23529411764705882,99
16,7246270,0.25,0.9,0.2,0.1,40,40,2,8,2,6,31,0,0.25,1.0,0.16216216216216217,0.4,99
17,479647667,0.25,0.9,0.2,0.1,40,40,1,8,0,8,30,1,0.0,0.0,0.21052631578947367,0.0,99
18,136693504,0.25,0.9,0.2,0.1,40,40,2,8,1,7,30,1,0.125,0.5,0.1891891891891892,0.2,99
19,1178238635,0.25,0.9,0.2,0.1,40,40,1,15,1,14,24,0,0.06666666666666667,1.0,0.3684210526315789,0.125,99
20,627392981,0.25,0.9,0.2,0.1,40,40,1,10,0,10,28,1,0.0,0.0,0.2631578947368421,0.0,99
21,386818331,0.25,0.9,0.2,0.1,40,40,1,7,0,7,31,1,0.0,0.0,0.18421052631578946,0.0,99
22,605889757,0.25,0.9,0.2,0.1,40,40,2,6,1,5,32,1,0.16666666666666666,0.5,0.13513513513513514,0.25,99
23,1840194682,0.25,0.9,0.2,0.1,40,40,3,8,3,5,31,0,0.375,1.0,0.1388888888888889,0.5454545454545454,99
24,94047999,0.25,0.9,0.2,0.1,40,40,3,7,2,5,31,1,0.2857142857142857,0.6666666666666666,0.1388888888888889,0.4,99
25,1658332890,0.25,0.9,0.2,0.1,40,40,0,8,0,8,31,0,0.0,,0.20512820512820512,,99
26,694439382,0.25,0.9,0.2,0.1,40,40,0,7,0,7,32,0,0.0,,0.1794871794871795,,99
27,1936215881,0.25,0.9,0.2,0.1,40,40,0,4,0,4,35,0,0.0,,0.10256410256410256,,99
28,1159426753,0.25,0.9,0.2,0.1,40,40,0,4,0,4,35,0,0.0,,0.10256410256410256,,99
29,1064808392,0.25,0.9,0.2,0.1,40,40,1,7,1,6,32,0,0.14285714285714285,1.0,0.15789473684210525,0.25,99
30,182395078,0.25,0.9,0.2,0.1,40,40,1,5,1,4,34,0,0.2,1.0,0.10526315789473684,0.33333333333333337,99
31,1815609843,0.25,0.9,0.2,0.1,40,40,3,10,3,7,29,0,0.3,1.0,0.19444444444444445,0.4615384615384615,99
32,822126749,0.25,0.9,0.2,0.1,40,40,1,9,1,8,30,0,0.1111111111111111,1.0,0.21052631578947367,0.19999999999999998,99
33,1205132148,0.25,0.9,0.2,0.1,40,40,1,10,0,10,28,1,0.0,0.0,0.2631578947368421,0.0,99
34,840558734,0.25,0.9,0.2,0.1,40,40,0,10,0,10,29,0,0.0,,0.2564102564102564,,99
35,2033926918,0.25,0.9,0.2,0.1,40,40,3,8,3,5,31,0,0.375,1.0,0.1388888888888889,0.5454545454545454,99
36,2063500618,0.25,0.9,0.2,0.1,40,40,1,8,1,7,31,0,0.125,1.0,0.18421052631578946,0.2222222222222222,99
37,1000583148,0.25,0.9,0.2,0.1,40,40,0,9,0,9,30,0,0.0,,0.23076923076923078,,99
38,608792533,0.25,0.9,0.2,0.1,40,40,2,14,1,13,24,1,0.07142857142857142,0.5,0.35135135135135137,0.125,99
39,1330140367,0.25,0.9,0.2,0.1,40,40,1,6,1,5,33,0,0.16666666666666666,1.0,0.13157894736842105,0.2857142857142857,99
40,75577361,0.25,0.9,0.2,0.1,40,40,0,4,0,4,35,0,0.0,,0.10256410256410256,,99
41,176138667,0.25,0.9,0.2,0.1,40,40,2,6,1,5,32,1,0.16666666666666666,0.5,0.13513513513513514,0.25,99
42,143710238,0.25,0.9,0.2,0.1,40,40,1,10,1,9,29,0,0.1,1.0,0.23684210526315788,0.18181818181818182,99
43,182079624,0.25,0.9,0.2,0.1,40,40,3,8,1,7,29,2,0.125,0.3333333333333333,0.19444444444444445,0.18181818181818182,99
44,1474562989,0.25,0.9,0.2,0.1,40,40,1,10,1,9,29,0,0.1,1.0,0.23684210526315788,0.18181818181818182,99
45,1926525379,0.25,0.9,0.2,0.1,40,40,3,11,2,9,27,1,0.18181818181818182,0.6666666666666666,0.25,0.28571428571428575,99
46,137655287,0.25,0.9,0.2,0.1,40,40,2,4,1,3,34,1,0.25,0.5,0.08108108108108109,0.3333333333333333,99
47,1348585782,0.25,0.9,0.2,0.1,40,40,2,7,2,5,32,0,0.2857142857142857,1.0,0.13513513513513514,0.4444444444444445,99
48,1766661475,0.25,0.9,0.2,0.1,40,40,1,8,1,7,31,0,0.125,1.0,0.18421052631578946,0.2222222222222222,99
49,1099546027,0.25,0.9,0.2,0.1,40,40,2,16,2,14,23,0,0.125,1.0,0.3783783783783784,0.2222222222222222,99
0,467271632,0.25,0.9,0.2,0.25,20,20,1,9,1,8,10,0,0.1111111111111111,1.0,0.4444444444444444,0.19999999999999998,100
1,1913989319,0.25,0.9,0.2,0.25,20,20,2,11,2,9,8,0,0.18181818181818182,1.0,0.5294117647058824,0.3076923076923077,100
2,1408321381,0.25,0.9,0.2,0.25,20,20,1,8,0,8,10,1,0.0,0.0,0.4444444444444444,0.0,100
3,1372633724,0.25,0.9,0.2,0.25,20,20,1,8,1,7,11,0,0.125,1.0,0.3888888888888889,0.2222222222222222,100
4,1159905051,0.25,0.9,0.2,0.25,20,20,0,10,0,10,9,0,0.0,,0.5263157894736842,,100
5,1289422455,0.25,0.9,0.2,0.25,20,20,0,6,0,6,13,0,0.0,,0.3157894736842105,,100
6,574054695,0.25,0.9,0.2,0.25,20,20,0,9,0,9,10,0,0.0,,0.47368421052631576,,100
7,1548799853,0.25,0.9,0.2,0.25,20,20,2,6,2,4,13,0,0.3333333333333333,1.0,0.23529411764705882,0.5,100
8,2057948659,0.25,0.9,0.2,0.25,20,20,0,7,0,7,12,0,0.0,,0.3684210526315789,,100
9,1066119741,0.25,0.9,0.2,0.25,20,20,2,8,2,6,11,0,0.25,1.0,0.35294117647058826,0.4,100
10,1780981674,0.25,0.9,0.2,0.25,20,20,1,7,1,6,12,0,0.14285714285714285,1.0,0.3333333333333333,0.25,100
11,2111993047,0.25,0.9,0.2,0.25,20,20,2,12,2,10,7,0,0.16666666666666666,1.0,0.5882352941176471,0.2857142857142857,100
12,1448618719,0.25,0.9,0.2,0.25,20,20,0,9,0,9,10,0,0.0,,0.47368421052631576,,100
13,1945797930,0.25,0.9,0.2,0.25,20,20,0,6,0,6,13,0,0.0,,0.3157894736842105,,100
14,1761870277,0.25,0.9,0.2,0.25,20,20,2,6,1,5,12,1,0.16666666666666666,0.5,0.29411764705882354,0.25,100
15,875898322,0.25,0.9,0.2,0.25,20,20,0,8,0,8,11,0,0.0,,0.42105263157894735,,100
16,881171699,0.25,0.9,0.2,0.25,20,20,2,11,2,9,8,0,0.18181818181818182,1.0,0.5294117647058824,0.3076923076923077,100
17,207448726,0.25,0.9,0.2,0.25,20,20,2,7,2,5,12,0,0.2857142857142857,1.0,0.29411764705882354,0.4444444444444445,100
18,964838727,0.25,0.9,0.2,0.25,20,20,2,9,1,8,9,1,0.1111111111111111,0.5,0.47058823529411764,0.1818181818181818,100
19,931313888,0.25,0.9,0.2,0.25,20,20,2,8,1,7,10,1,0.125,0.5,0.4117647058823529,0.2,100
20,1166057527,0.25,0.9,0.2,0.25,20,20,1,9,0,9,9,1,0.0,0.0,0.5,0.0,100
21,947421009,0.25,0.9,0.2,0.25,20,20,1,7,1,6,12,0,0.14285714285714285,1.0,0.3333333333333333,0.25,100
22,2113326952,0.25,0.9,0.2,0.25,20,20,1,7,1,6,12,0,0.14285714285714285,1.0,0.3333333333333333,0.25,100
23,2059712174,0.25,0.9,0.2,0.25,20,20,0,3,0,3,16,0,0.0,,0.15789473684210525,,100
24,809297437,0.25,0.9,0.2,0.25,20,20,2,10,2,8,9,0,0.2,1.0,0.47058823529411764,0.33333333333333337,100
25,367150902,0.25,0.9,0.2,0.25,20,20,0,5,0,5,14,0,0.0,,0.2631578947368421,,100
26,1293596015,0.25,0.9,0.2,0.25,20,20,1,10,1,9,9,0,0.1,1.0,0.5,0.18181818181818182,100
27,1978324943,0.25,0.9,0.2,0.25,20,20,1,11,1,10,8,0,0.09090909090909091,1.0,0.5555555555555556,0.16666666666666669,100
28,1647160132,0.25,0.9,0.2,0.25,20,20,1,8,1,7,11,0,0.125,1.0,0.3888888888888889,0.2222222222222222,100
29,926633224,0.25,0.9,0.2,0.25,20,20,0,10,0,10,9,0,0.0,,0.5263157894736842,,100
30,1469696378,0.25,0.9,0.2,0.25,20,20,1,3,0,3,15,1,0.0,0.0,0.16666666666666666,0.0,100
31,592904220,0.25,0.9,0.2,0.25,20,20,3,6,3,3,13,0,0.5,1.0,0.1875,0.6666666666666666,100
32,167422972,0.25,0.9,0.2,0.25,20,20,0,10,0,10,9,0,0.0,,0.5263157894736842,,100
33,1496034692,0.25,0.9,0.2,0.25,20,20,2,9,2,7,10,0,0.2222222222222222,1.0,0.4117647058823529,0.3636363636363636,100
34,1576524734,0.25,0.9,0.2,0.25,20,20,0,9,0,9,10,0,0.0,,0.47368421052631576,,100
35,635349689,0.25,0.9,0.2,0.25,20,20,1,11,1,10,8,0,0.09090909090909091,1.0,0.5555555555555556,0.16666666666666669,100
36,2009493926,0.25,0.9,0.2,0.25,20,20,2,5,2,3,14,0,0.4,1.0,0.17647058823529413,0.5714285714285715,100
37,1060683821,0.25,0.9,0.2,0.25,20,20,0,7,0,7,12,0,0.0,,0.3684210526315789,,100
38,1451328226,0.25,0.9,0.2,0.25,20,20,0,7,0,7,12,0,0.0,,0.3684210526315789,,100
39,885738785,0.25,0.9,0.2,0.25,20,20,2,6,2,4,13,0,0.3333333333333333,1.0,0.23529411764705882,0.5,100
40,667813989,0.25,0.9,0.2,0.25,20,20,1,9,1,8,10,0,0.1111111111111111,1.0,0.4444444444444444,0.19999999999999998,100
41,1931362560,0.25,0.9,0.2,0.25,20,20,0,8,0,8,11,0,0.0,,0.42105263157894735,,100
42,1473019516,0.25,0.9,0.2,0.25,20,20,1,9,1,8,10,0,0.1111111111111111,1.0,0.4444444444444444,0.19999999999999998,100
43,907208063,0.25,0.9,0.2,0.25,20,20,1,6,1,5,13,0,0.16666666666666666,1.0,0.2777777777777778,0.2857142857142857,100
44,1440995789,0.25,0.9,0.2,0.25,20,20,1,8,1,7,11,0,0.125,1.0,0.3888888888888889,0.2222222222222222,100
45,138291162,0.25,0.9,0.2,0.25,20,20,1,8,1,7,11,0,0.125,1.0,0.3888888888888889,0.2222222222222222,100
46,101000160,0.25,0.9,0.2,0.25,20,20,2,6,1,5,12,1,0.16666666666666666,0.5,0.29411764705882354,0.25,100
47,184978336,0.25,0.9,0.2,0.25,20,20,2,5,2,3,14,0,0.4,1.0,0.17647058823529413,0.5714285714285715,100
48,1582561473,0.25,0.9,0.2,0.25,20,20,1,9,1,8,10,0,0.1111111111111111,1.0,0.4444444444444444,0.19999999999999998,100
49,1757095325,0.25,0.9,0.2,0.25,20,20,2,7,2,5,12,0,0.2857142857142857,1.0,0.29411764705882354,0.4444444444444445,100
0,1871558474,0.25,0.9,0.2,0.25,40,40,4,23,4,19,16,0,0.17391304347826086,1.0,0.5428571428571428,0.29629629629629634,101
1,1193352939,0.25,0.9,0.2,0.25,40,40,0,28,0,28,11,0,0.0,,0.717948717948718,,101
2,861968342,0.25,0.9,0.2,0.25,40,40,1,20,1,19,19,0,0.05,1.0,0.5,0.09523809523809523,101
3,1514635535,0.25,0.9,0.2,0.25,40,40,2,24,2,22,15,0,0.08333333333333333,1.0,0.5945945945945946,0.15384615384615385,101
4,354267929,0.25,0.9,0.2,0.25,40,40,3,24,3,21,15,0,0.125,1.0,0.5833333333333334,0.2222222222222222,101
5,1403236246,0.25,0.9,0.2,0.25,40,40,0,23,0,23,16,0,0.0,,0.5897435897435898,,101
6,503491232,0.25,0.9,0.2,0.25,40,40,4,21,2,19,16,2,0.09523809523809523,0.5,0.5428571428571428,0.16,101
7,1950268381,0.25,0.9,0.2,0.25,40,40,0,17,0,17,22,0,0.0,,0.4358974358974359,,101
8,1886627388,0.25,0.9,0.2,0.25,40,40,1,19,1,18,20,0,0.05263157894736842,1.0,0.47368421052631576,0.1,101
9,546749815,0.25,0.9,0.2,0.25,40,40,0,15,0,15,24,0,0.0,,0.38461538461538464,,101
10,1413976037,0.25,0.9,0.2,0.25,40,40,0,26,0,26,13,0,0.0,,0.6666666666666666,,101
11,510020560,0.25,0.9,0.2,0.25,40,40,1,18,1,17,21,0,0.05555555555555555,1.0,0.4473684210526316,0.10526315789473684,101
12,1699603575,0.25,0.9,0.2,0.25,40,40,0,16,0,16,23,0,0.0,,0.41025641025641024,,101
13,484215701,0.25,0.9,0.2,0.25,40,40,2,25,1,24,13,1,0.04,0.5,0.6486486486486487,0.07407407407407407,101
14,1178777785,0.25,0.9,0.2,0.25,40,40,2,23,1,22,15,1,0.043478260869565216,0.5,0.5945945945945946,0.08,101
15,726962536,0.25,0.9,0.2,0.25,40,40,1,22,1,21,17,0,0.045454545454545456,1.0,0.5526315789473685,0.08695652173913045,101
16,1369528829,0.25,0.9,0.2,0.25,40,40,2,20,2,18,19,0,0.1,1.0,0.4864864864864865,0.18181818181818182,101
17,832923835,0.25,0.9,0.2,0.25,40,40,0,20,0,20,19,0,0.0,,0.5128205128205128,,101
18,2062307716,0.25,0.9,0.2,0.25,40,40,1,26,1,25,13,0,0.038461538461538464,1.0,0.6578947368421053,0.07407407407407407,101
19,606209018,0.25,0.9,0.2,0.25,40,40,0,26,0,26,13,0,0.0,,0.6666666666666666,,101
20,924367193,0.25,0.9,0.2,0.25,40,40,1,20,1,19,19,0,0.05,1.0,0.5,0.09523809523809523,101
21,1596311951,0.25,0.9,0.2,0.25,40,40,0,18,0,18,21,0,0.0,,0.46153846153846156,,101
22,511422180,0.25,0.9,0.2,0.25,40,40,1,19,1,18,20,0,0.05263157894736842,1.0,0.47368421052631576,0.1,101
23,994602278,0.25,0.9,0.2,0.25,40,40,1,27,1,26,12,0,0.037037037037037035,1.0,0.6842105263157895,0.07142857142857142,101
24,385857609,0.25,0.9,0.2,0.25,40,40,1,22,1,21,17,0,0.045454545454545456,1.0,0.5526315789473685,0.08695652173913045,101
25,424247725,0.25,0.9,0.2,0.25,40,40,3,25,2,23,13,1,0.08,0.6666666666666666,0.6388888888888888,0.14285714285714285,101
26,1876190130,0.25,0.9,0.2,0.25,40,40,0,22,0,22,17,0,0.0,,0.5641025641025641,,101
27,1859121623,0.25,0.9,0.2,0.25,40,40,2,20,2,18,19,0,0.1,1.0,0.4864864864864865,0.18181818181818182,101
28,796850950,0.25,0.9,0.2,0.25,40,40,0,24,0,24,15,0,0.0,,0.6153846153846154,,101
29,23932929,0.25,0.9,0.2,0.25,40,40,1,28,1,27,11,0,0.03571428571428571,1.0,0.7105263157894737,0.0689655172413793,101
30,285765939,0.25,0.9,0.2,0.25,40,40,2,21,2,19,18,0,0.09523809523809523,1.0,0.5135135135135135,0.17391304347826084,101
31,19811293,0.25,0.9,0.2,0.25,40,40,0,23,0,23,16,0,0.0,,0.5897435897435898,,101
32,2069423878,0.25,0.9,0.2,0.25,40,40,1,19,1,18,20,0,0.05263157894736842,1.0,0.47368421052631576,0.1,101
33,983624323,0.25,0.9,0.2,0.25,40,40,1,26,1,25,13,0,0.038461538461538464,1.0,0.6578947368421053,0.07407407407407407,101
34,727656943,0.25,0.9,0.2,0.25,40,40,0,22,0,22,17,0,0.0,,0.5641025641025641,,101
35,1459873516,0.25,0.9,0.2,0.25,40,40,0,19,0,19,20,0,0.0,,0.48717948717948717,,101
36,181498904,0.25,0.9,0.2,0.25,40,40,1,14,1,13,25,0,0.07142857142857142,1.0,0.34210526315789475,0.13333333333333333,101
37,1347354132,0.25,0.9,0.2,0.25,40,40,1,20,1,19,19,0,0.05,1.0,0.5,0.09523809523809523,101
38,1989331634,0.25,0.9,0.2,0.25,40,40,2,23,2,21,16,0,0.08695652173913043,1.0,0.5675675675675675,0.16,101
39,581524243,0.25,0.9,0.2,0.25,40,40,1,26,1,25,13,0,0.038461538461538464,1.0,0.6578947368421053,0.07407407407407407,101
40,601619862,0.25,0.9,0.2,0.25,40,40,1,23,0,23,15,1,0.0,0.0,0.6052631578947368,0.0,101
41,170353201,0.25,0.9,0.2,0.25,40,40,0,23,0,23,16,0,0.0,,0.5897435897435898,,101
42,1568307900,0.25,0.9,0.2,0.25,40,40,3,28,3,25,11,0,0.10714285714285714,1.0,0.6944444444444444,0.19354838709677416,101
43,387717508,0.25,0.9,0.2,0.25,40,40,1,19,1,18,20,0,0.05263157894736842,1.0,0.47368421052631576,0.1,101
44,914303825,0.25,0.9,0.2,0.25,40,40,0,22,0,22,17,0,0.0,,0.5641025641025641,,101
45,1085030773,0.25,0.9,0.2,0.25,40,40,2,21,1,20,17,1,0.047619047619047616,0.5,0.5405405405405406,0.08695652173913042,101
46,1293751564,0.25,0.9,0.2,0.25,40,40,1,25,1,24,14,0,0.04,1.0,0.631578947368421,0.07692307692307693,101
47,887212952,0.25,0.9,0.2,0.25,40,40,1,24,1,23,15,0,0.041666666666666664,1.0,0.6052631578947368,0.07999999999999999,101
48,189837528,0.25,0.9,0.2,0.25,40,40,0,24,0,24,15,0,0.0,,0.6153846153846154,,101
49,1046010494,0.25,0.9,0.2,0.25,40,40,1,19,1,18,20,0,0.05263157894736842,1.0,0.47368421052631576,0.1,101
0,25757685,0.25,0.9,0.35,0.0,20,20,1,1,1,0,18,0,1.0,1.0,0.0,1.0,102
1,1081375721,0.25,0.9,0.35,0.0,20,20,3,2,2,0,16,1,1.0,0.6666666666666666,0.0,0.8,102
2,1547499147,0.25,0.9,0.35,0.0,20,20,1,0,0,0,18,1,,0.0,0.0,,102
3,412415673,0.25,0.9,0.35,0.0,20,20,2,1,1,0,17,1,1.0,0.5,0.0,0.6666666666666666,102
4,365528152,0.25,0.9,0.35,0.0,20,20,0,0,0,0,19,0,,,0.0,,102
5,1007623949,0.25,0.9,0.35,0.0,20,20,1,2,1,1,17,0,0.5,1.0,0.05555555555555555,0.6666666666666666,102
6,664218792,0.25,0.9,0.35,0.0,20,20,2,1,1,0,17,1,1.0,0.5,0.0,0.6666666666666666,102
7,1861442069,0.25,0.9,0.35,0.0,20,20,2,2,2,0,17,0,1.0,1.0,0.0,1.0,102
8,682167512,0.25,0.9,0.35,0.0,20,20,2,2,2,0,17,0,1.0,1.0,0.0,1.0,102
9,3521048,0.25,0.9,0.35,0.0,20,20,5,0,0,0,14,5,,0.0,0.0,,102
10,1116434164,0.25,0.9,0.35,0.0,20,20,3,2,2,0,16,1,1.0,0.6666666666666666,0.0,0.8,102
11,1738517858,0.25,0.9,0.35,0.0,20,20,2,2,2,0,17,0,1.0,1.0,0.0,1.0,102
12,1913689195,0.25,0.9,0.35,0.0,20,20,1,1,1,0,18,0,1.0,1.0,0.0,1.0,102
13,1374093029,0.25,0.9,0.35,0.0,20,20,2,0,0,0,17,2,,0.0,0.0,,102
14,635958849,0.25,0.9,0.35,0.0,20,20,3,2,2,0,16,1,1.0,0.6666666666666666,0.0,0.8,102
15,1420169555,0.25,0.9,0.35,0.0,20,20,0,0,0,0,19,0,,,0.0,,102
16,268814889,0.25,0.9,0.35,0.0,20,20,0,0,0,0,19,0,,,0.0,,102
17,1889084770,0.25,0.9,0.35,0.0,20,20,2,1,1,0,17,1,1.0,0.5,0.0,0.6666666666666666,102
18,2123396968,0.25,0.9,0.35,0.0,20,20,1,1,1,0,18,0,1.0,1.0,0.0,1.0,102
19,1247378327,0.25,0.9,0.35,0.0,20,20,1,0,0,0,18,1,,0.0,0.0,,102
20,2066292175,0.25,0.9,0.35,0.0,20,20,1,0,0,0,18,1,,0.0,0.0,,102
21,761228616,0.25,0.9,0.35,0.0,20,20,0,0,0,0,19,0,,,0.0,,102
22,1028878749,0.25,0.9,0.35,0.0,20,20,1,0,0,0,18,1,,0.0,0.0,,102
23,92099888,0.25,0.9,0.35,0.0,20,20,0,0,0,0,19,0,,,0.0,,102
24,1570655349,0.25,0.9,0.35,0.0,20,20,1,1,1,0,18,0,1.0,1.0,0.0,1.0,102
25,151026696,0.25,0.9,0.35,0.0,20,20,0,0,0,0,19,0,,,0.0,,102
26,410436867,0.25,0.9,0.35,0.0,20,20,2,1,1,0,17,1,1.0,0.5,0.0,0.6666666666666666,102
27,126788228,0.25,0.9,0.35,0.0,20,20,1,0,0,0,18,1,,0.0,0.0,,102
28,1713475219,0.25,0.9,0.35,0.0,20,20,1,1,1,0,18,0,1.0,1.0,0.0,1.0,102
29,152697195,0.25,0.9,0.35,0.0,20,20,0,0,0,0,19,0,,,0.0,,102
30,420121367,0.25,0.9,0.35,0.0,20,20,1,0,0,0,18,1,,0.0,0.0,,102
31,59362985,0.25,0.9,0.35,0.0,20,20,0,1,0,1,18,0,0.0,,0.05263157894736842,,102
32,445152036,0.25,0.9,0.35,0.0,20,20,3,2,2,0,16,1,1.0,0.6666666666666666,0.0,0.8,102
33,2127103950,0.25,0.9,0.35,0.0,20,20,0,0,0,0,19,0,,,0.0,,102
34,1961417791,0.25,0.9,0.35,0.0,20,20,1,0,0,0,18,1,,0.0,0.0,,102
35,1587492347,0.25,0.9,0.35,0.0,20,20,0,0,0,0,19,0,,,0.0,,102
36,1968259405,0.25,0.9,0.35,0.0,20,20,0,0,0,0,19,0,,,0.0,,102
37,1305632582,0.25,0.9,0.35,0.0,20,20,0,0,0,0,19,0,,,0.0,,102
38,693049090,0.25,0.9,0.35,0.0,20,20,4,4,4,0,15,0,1.0,1.0,0.0,1.0,102
39,178554647,0.25,0.9,0.35,0.0,20,20,2,1,1,0,17,1,1.0,0.5,0.0,0.6666666666666666,102
40,1283090105,0.25,0.9,0.35,0.0,20,20,1,0,0,0,18,1,,0.0,0.0,,102
41,135258864,0.25,0.9,0.35,0.0,20,20,2,2,2,0,17,0,1.0,1.0,0.0,1.0,102
42,637077503,0.25,0.9,0.35,0.0,20,20,1,0,0,0,18,1,,0.0,0.0,,102
43,311542197,0.25,0.9,0.35,0.0,20,20,2,1,1,0,17,1,1.0,0.5,0.0,0.6666666666666666,102
44,1191816429,0.25,0.9,0.35,0.0,20,20,3,0,0,0,16,3,,0.0,0.0,,102
45,1353537693,0.25,0.9,0.35,0.0,20,20,1,0,0,0,18,1,,0.0,0.0,,102
46,39910748,0.25,0.9,0.35,0.0,20,20,2,1,1,0,17,1,1.0,0.5,0.0,0.6666666666666666,102
47,1011013281,0.25,0.9,0.35,0.0,20,20,1,1,1,0,18,0,1.0,1.0,0.0,1.0,102
48,938588430,0.25,0.9,0.35,0.0,20,20,0,0,0,0,19,0,,,0.0,,102
49,1900409210,0.25,0.9,0.35,0.0,20,20,2,1,1,0,17,1,1.0,0.5,0.0,0.6666666666666666,102
0,1217593754,0.25,0.9,0.35,0.0,40,40,1,1,0,1,37,1,0.0,0.0,0.02631578947368421,0.0,103
1,185243576,0.25,0.9,0.35,0.0,40,40,2,3,2,1,36,0,0.6666666666666666,1.0,0.02702702702702703,0.8,103
2,1756614524,0.25,0.9,0.35,0.0,40,40,0,1,0,1,38,0,0.0,,0.02564102564102564,,103
3,1957574961,0.25,0.9,0.35,0.0,40,40,0,0,0,0,39,0,,,0.0,,103
4,185143921,0.25,0.9,0.35,0.0,40,40,1,1,1,0,38,0,1.0,1.0,0.0,1.0,103
5,2107190536,0.25,0.9,0.35,0.0,40,40,0,0,0,0,39,0,,,0.0,,103
6,1265088170,0.25,0.9,0.35,0.0,40,40,2,1,1,0,37,1,1.0,0.5,0.0,0.6666666666666666,103
7,1243764133,0.25,0.9,0.35,0.0,40,40,1,1,1,0,38,0,1.0,1.0,0.0,1.0,103
8,1853677361,0.25,0.9,0.35,0.0,40,40,1,1,1,0,38,0,1.0,1.0,0.0,1.0,103
9,112948230,0.25,0.9,0.35,0.0,40,40,2,2,2,0,37,0,1.0,1.0,0.0,1.0,103
10,1604697072,0.25,0.9,0.35,0.0,40,40,1,1,1,0,38,0,1.0,1.0,0.0,1.0,103
11,1755711965,0.25,0.9,0.35,0.0,40,40,2,2,2,0,37,0,1.0,1.0,0.0,1.0,103
12,699212913,0.25,0.9,0.35,0.0,40,40,1,1,1,0,38,0,1.0,1.0,0.0,1.0,103
13,1854813161,0.25,0.9,0.35,0.0,40,40,1,1,1,0,38,0,1.0,1.0,0.0,1.0,103
14,1202877507,0.25,0.9,0.35,0.0,40,40,1,0,0,0,38,1,,0.0,0.0,,103
15,1371173198,0.25,0.9,0.35,0.0,40,40,0,0,0,0,39,0,,,0.0,,103
16,1676437554,0.25,0.9,0.35,0.0,40,40,1,0,0,0,38,1,,0.0,0.0,,103
17,1413390694,0.25,0.9,0.35,0.0,40,40,2,0,0,0,37,2,,0.0,0.0,,103
18,2000536283,0.25,0.9,0.35,0.0,40,40,0,0,0,0,39,0,,,0.0,,103
19,1712457991,0.25,0.9,0.35,0.0,40,40,0,0,0,0,39,0,,,0.0,,103
20,189728088,0.25,0.9,0.35,0.0,40,40,0,0,0,0,39,0,,,0.0,,103
21,1121840344,0.25,0.9,0.35,0.0,40,40,1,1,1,0,38,0,1.0,1.0,0.0,1.0,103
22,1058560288,0.25,0.9,0.35,0.0,40,40,3,3,3,0,36,0,1.0,1.0,0.0,1.0,103
23,961820269,0.25,0.9,0.35,0.0,40,40,1,1,1,0,38,0,1.0,1.0,0.0,1.0,103
24,2129928232,0.25,0.9,0.35,0.0,40,40,2,2,1,1,36,1,0.5,0.5,0.02702702702702703,0.5,103
25,1391870959,0.25,0.9,0.35,0.0,40,40,1,0,0,0,38,1,,0.0,0.0,,103
26,199733597,0.25,0.9,0.35,0.0,40,40,0,0,0,0,39,0,,,0.0,,103
27,1821435441,0.25,0.9,0.35,0.0,40,40,3,4,3,1,35,0,0.75,1.0,0.027777777777777776,0.8571428571428571,103
28,1443923322,0.25,0.9,0.35,0.0,40,40,2,2,1,1,36,1,0.5,0.5,0.02702702702702703,0.5,103
29,849791152,0.25,0.9,0.35,0.0,40,40,2,2,2,0,37,0,1.0,1.0,0.0,1.0,103
30,1182225963,0.25,0.9,0.35,0.0,40,40,1,1,1,0,38,0,1.0,1.0,0.0,1.0,103
31,916713629,0.25,0.9,0.35,0.0,40,40,0,1,0,1,38,0,0.0,,0.02564102564102564,,103
32,324800972,0.25,0.9,0.35,0.0,40,40,0,1,0,1,38,0,0.0,,0.02564102564102564,,103
33,938363254,0.25,0.9,0.35,0.0,40,40,1,1,1,0,38,0,1.0,1.0,0.0,1.0,103
34,293178752,0.25,0.9,0.35,0.0,40,40,0,1,0,1,38,0,0.0,,0.02564102564102564,,103
35,1331003366,0.25,0.9,0.35,0.0,40,40,0,0,0,0,39,0,,,0.0,,103
36,231873907,0.25,0.9,0.35,0.0,40,40,4,2,2,0,35,2,1.0,0.5,0.0,0.6666666666666666,103
37,1469042335,0.25,0.9,0.35,0.0,40,40,0,0,0,0,39,0,,,0.0,,103
38,308162805,0.25,0.9,0.35,0.0,40,40,3,3,3,0,36,0,1.0,1.0,0.0,1.0,103
39,1278938799,0.25,0.9,0.35,0.0,40,40,0,0,0,0,39,0,,,0.0,,103
40,1115806534,0.25,0.9,0.35,0.0,40,40,3,3,3,0,36,0,1.0,1.0,0.0,1.0,103
41,2097896072,0.25,0.9,0.35,0.0,40,40,0,0,0,0,39,0,,,0.0,,103
42,1287180926,0.25,0.9,0.35,0.0,40,40,1,0,0,0,38,1,,0.0,0.0,,103
43,451955450,0.25,0.9,0.35,0.0,40,40,0,0,0,0,39,0,,,0.0,,103
44,2059812460,0.25,0.9,0.35,0.0,40,40,1,0,0,0,38,1,,0.0,0.0,,103
45,399381353,0.25,0.9,0.35,0.0,40,40,1,1,1,0,38,0,1.0,1.0,0.0,1.0,103
46,1044303294,0.25,0.9,0.35,0.0,40,40,3,1,1,0,36,2,1.0,0.3333333333333333,0.0,0.5,103
47,337851140,0.25,0.9,0.35,0.0,40,40,1,1,1,0,38,0,1.0,1.0,0.0,1.0,103
48,1772536875,0.25,0.9,0.35,0.0,40,40,2,2,2,0,37,0,1.0,1.0,0.0,1.0,103
49,2034757036,0.25,0.9,0.35,0.0,40,40,2,2,2,0,37,0,1.0,1.0,0.0,1.0,103
0,1946446538,0.25,0.9,0.35,0.1,20,20,0,0,0,0,19,0,,,0.0,,104
1,557720489,0.25,0.9,0.35,0.1,20,20,1,0,0,0,18,1,,0.0,0.0,,104
2,723860058,0.25,0.9,0.35,0.1,20,20,4,2,2,0,15,2,1.0,0.5,0.0,0.6666666666666666,104
3,337740412,0.25,0.9,0.35,0.1,20,20,2,0,0,0,17,2,,0.0,0.0,,104
4,181559679,0.25,0.9,0.35,0.1,20,20,0,1,0,1,18,0,0.0,,0.05263157894736842,,104
5,1330364147,0.25,0.9,0.35,0.1,20,20,1,0,0,0,18,1,,0.0,0.0,,104
6,779067093,0.25,0.9,0.35,0.1,20,20,0,0,0,0,19,0,,,0.0,,104
7,991786923,0.25,0.9,0.35,0.1,20,20,0,0,0,0,19,0,,,0.0,,104
8,88462671,0.25,0.9,0.35,0.1,20,20,1,0,0,0,18,1,,0.0,0.0,,104
9,1543837617,0.25,0.9,0.35,0.1,20,20,2,1,1,0,17,1,1.0,0.5,0.0,0.6666666666666666,104
10,1185159212,0.25,0.9,0.35,0.1,20,20,1,0,0,0,18,1,,0.0,0.0,,104
11,691994511,0.25,0.9,0.35,0.1,20,20,2,1,1,0,17,1,1.0,0.5,0.0,0.6666666666666666,104
12,1683034579,0.25,0.9,0.35,0.1,20,20,3,2,2,0,16,1,1.0,0.6666666666666666,0.0,0.8,104
13,1817787642,0.25,0.9,0.35,0.1,20,20,1,2,1,1,17,0,0.5,1.0,0.05555555555555555,0.6666666666666666,104
14,970404319,0.25,0.9,0.35,0.1,20,20,3,3,3,0,16,0,1.0,1.0,0.0,1.0,104
15,479990792,0.25,0.9,0.35,0.1,20,20,0,0,0,0,19,0,,,0.0,,104
16,110643062,0.25,0.9,0.35,0.1,20,20,4,2,2,0,15,2,1.0,0.5,0.0,0.6666666666666666,104
17,174573153,0.25,0.9,0.35,0.1,20,20,1,1,1,0,18,0,1.0,1.0,0.0,1.0,104
18,879291972,0.25,0.9,0.35,0.1,20,20,1,2,1,1,17,0,0.5,1.0,0.05555555555555555,0.6666666666666666,104
19,1872266663,0.25,0.9,0.35,0.1,20,20,1,0,0,0,18,1,,0.0,0.0,,104
20,657821408,0.25,0.9,0.35,0.1,20,20,0,0,0,0,19,0,,,0.0,,104
21,975818907,0.25,0.9,0.35,0.1,20,20,3,1,1,0,16,2,1.0,0.3333333333333333,0.0,0.5,104
22,333206356,0.25,0.9,0.35,0.1,20,20,1,1,1,0,18,0,1.0,1.0,0.0,1.0,104
23,1495689777,0.25,0.9,0.35,0.1,20,20,3,1,1,0,16,2,1.0,0.3333333333333333,0.0,0.5,104
24,807891448,0.25,0.9,0.35,0.1,20,20,1,3,1,2,16,0,0.3333333333333333,1.0,0.1111111111111111,0.5,104
25,999762210,0.25,0.9,0.35,0.1,20,20,0,0,0,0,19,0,,,0.0,,104
26,1577480262,0.25,0.9,0.35,0.1,20,20,1,2,1,1,17,0,0.5,1.0,0.05555555555555555,0.6666666666666666,104
27,902202683,0.25,0.9,0.35,0.1,20,20,1,1,0,1,17,1,0.0,0.0,0.05555555555555555,0.0,104
28,2059380390,0.25,0.9,0.35,0.1,20,20,1,1,1,0,18,0,1.0,1.0,0.0,1.0,104
29,1926098492,0.25,0.9,0.35,0.1,20,20,0,0,0,0,19,0,,,0.0,,104
30,876430421,0.25,0.9,0.35,0.1,20,20,2,1,1,0,17,1,1.0,0.5,0.0,0.6666666666666666,104
31,1715024432,0.25,0.9,0.35,0.1,20,20,0,0,0,0,19,0,,,0.0,,104
32,1447789791,0.25,0.9,0.35,0.1,20,20,1,0,0,0,18,1,,0.0,0.0,,104
33,1050192696,0.25,0.9,0.35,0.1,20,20,2,0,0,0,17,2,,0.0,0.0,,104
34,1251966729,0.25,0.9,0.35,0.1,20,20,2,0,0,0,17,2,,0.0,0.0,,104
35,1079162336,0.25,0.9,0.35,0.1,20,20,2,2,2,0,17,0,1.0,1.0,0.0,1.0,104
36,2129500859,0.25,0.9,0.35,0.1,20,20,1,0,0,0,18,1,,0.0,0.0,,104
37,366070709,0.25,0.9,0.35,0.1,20,20,1,1,0,1,17,1,0.0,0.0,0.05555555555555555,0.0,104
38,2117052291,0.25,0.9,0.35,0.1,20,20,0,0,0,0,19,0,,,0.0,,104
39,1333724448,0.25,0.9,0.35,0.1,20,20,0,1,0,1,18,0,0.0,,0.05263157894736842,,104
40,2121790712,0.25,0.9,0.35,0.1,20,20,3,1,1,0,16,2,1.0,0.3333333333333333,0.0,0.5,104
41,1553251577,0.25,0.9,0.35,0.1,20,20,0,0,0,0,19,0,,,0.0,,104
42,886752414,0.25,0.9,0.35,0.1,20,20,1,1,1,0,18,0,1.0,1.0,0.0,1.0,104
43,1076298602,0.25,0.9,0.35,0.1,20,20,2,2,2,0,17,0,1.0,1.0,0.0,1.0,104
44,1234734257,0.25,0.9,0.35,0.1,20,20,1,0,0,0,18,1,,0.0,0.0,,104
45,86072982,0.25,0.9,0.35,0.1,20,20,1,1,1,0,18,0,1.0,1.0,0.0,1.0,104
46,2002186967,0.25,0.9,0.35,0.1,20,20,0,1,0,1,18,0,0.0,,0.05263157894736842,,104
47,1771243737,0.25,0.9,0.35,0.1,20,20,0,0,0,0,19,0,,,0.0,,104
48,955431811,0.25,0.9,0.35,0.1,20,20,0,0,0,0,19,0,,,0.0,,104
49,1258934203,0.25,0.9,0.35,0.1,20,20,1,1,1,0,18,0,1.0,1.0,0.0,1.0,104
0,590965705,0.25,0.9,0.35,0.1,40,40,2,3,2,1,36,0,0.6666666666666666,1.0,0.02702702702702703,0.8,105
1,1381690451,0.25,0.9,0.35,0.1,40,40,0,2,0,2,37,0,0.0,,0.05128205128205128,,105
2,1829182040,0.25,0.9,0.35,0.1,40,40,0,1,0,1,38,0,0.0,,0.02564102564102564,,105
3,402679242,0.25,0.9,0.35,0.1,40,40,0,0,0,0,39,0,,,0.0,,105
4,1206219907,0.25,0.9,0.35,0.1,40,40,2,2,1,1,36,1,0.5,0.5,0.02702702702702703,0.5,105
5,1097716583,0.25,0.9,0.35,0.1,40,40,2,2,1,1,36,1,0.5,0.5,0.02702702702702703,0.5,105
6,1304956937,0.25,0.9,0.35,0.1,40,40,3,3,3,0,36,0,1.0,1.0,0.0,1.0,105
7,1154110711,0.25,0.9,0.35,0.1,40,40,1,2,1,1,37,0,0.5,1.0,0.02631578947368421,0.6666666666666666,105
8,1104773662,0.25,0.9,0.35,0.1,40,40,2,2,1,1,36,1,0.5,0.5,0.02702702702702703,0.5,105
9,73264484,0.25,0.9,0.35,0.1,40,40,2,2,2,0,37,0,1.0,1.0,0.0,1.0,105
10,1079663451,0.25,0.9,0.35,0.1,40,40,1,4,1,3,35,0,0.25,1.0,0.07894736842105263,0.4,105
11,760303712,0.25,0.9,0.35,0.1,40,40,1,1,0,1,37,1,0.0,0.0,0.02631578947368421,0.0,105
12,383942672,0.25,0.9,0.35,0.1,40,40,2,2,0,2,35,2,0.0,0.0,0.05405405405405406,0.0,105
13,1125888603,0.25,0.9,0.35,0.1,40,40,3,4,3,1,35,0,0.75,1.0,0.027777777777777776,0.8571428571428571,105
14,1033896139,0.25,0.9,0.35,0.1,40,40,2,3,2,1,36,0,0.6666666666666666,1.0,0.02702702702702703,0.8,105
15,1482089375,0.25,0.9,0.35,0.1,40,40,4,2,2,0,35,2,1.0,0.5,0.0,0.6666666666666666,105
16,1254613387,0.25,0.9,0.35,0.1,40,40,1,2,1,1,37,0,0.5,1.0,0.02631578947368421,0.6666666666666666,105
17,1908964639,0.25,0.9,0.35,0.1,40,40,0,1,0,1,38,0,0.0,,0.02564102564102564,,105
18,637742798,0.25,0.9,0.35,0.1,40,40,4,4,3,1,34,1,0.75,0.75,0.02857142857142857,0.75,105
19,913508745,0.25,0.9,0.35,0.1,40,40,1,0,0,0,38,1,,0.0,0.0,,105
20,1390618778,0.25,0.9,0.35,0.1,40,40,0,3,0,3,36,0,0.0,,0.07692307692307693,,105
21,1089903051,0.25,0.9,0.35,0.1,40,40,5,5,4,1,33,1,0.8,0.8,0.029411764705882353,0.8000000000000002,105
22,135020056,0.25,0.9,0.35,0.1,40,40,0,4,0,4,35,0,0.0,,0.10256410256410256,,105
23,1520884198,0.25,0.9,0.35,0.1,40,40,4,3,3,0,35,1,1.0,0.75,0.0,0.8571428571428571,105
24,2132756204,0.25,0.9,0.35,0.1,40,40,3,1,1,0,36,2,1.0,0.3333333333333333,0.0,0.5,105
25,1980155423,0.25,0.9,0.35,0.1,40,40,0,1,0,1,38,0,0.0,,0.02564102564102564,,105
26,501614071,0.25,0.9,0.35,0.1,40,40,0,1,0,1,38,0,0.0,,0.02564102564102564,,105
27,1688470336,0.25,0.9,0.35,0.1,40,40,3,3,2,1,35,1,0.6666666666666666,0.6666666666666666,0.027777777777777776,0.6666666666666666,105
28,933674460,0.25,0.9,0.35,0.1,40,40,1,4,0,4,34,1,0.0,0.0,0.10526315789473684,0.0,105
29,1849807105,0.25,0.9,0.35,0.1,40,40,1,4,1,3,35,0,0.25,1.0,0.07894736842105263,0.4,105
30,1640616354,0.25,0.9,0.35,0.1,40,40,0,0,0,0,39,0,,,0.0,,105
31,491617595,0.25,0.9,0.35,0.1,40,40,1,5,1,4,34,0,0.2,1.0,0.10526315789473684,0.33333333333333337,105
32,1603671217,0.25,0.9,0.35,0.1,40,40,2,4,2,2,35,0,0.5,1.0,0.05405405405405406,0.6666666666666666,105
33,1848010489,0.25,0.9,0.35,0.1,40,40,2,3,2,1,36,0,0.6666666666666666,1.0,0.02702702702702703,0.8,105
34,2064393553,0.25,0.9,0.35,0.1,40,40,2,5,1,4,33,1,0.2,0.5,0.10810810810810811,0.28571428571428575,105
35,1369724240,0.25,0.9,0.35,0.1,40,40,1,4,1,3,35,0,0.25,1.0,0.07894736842105263,0.4,105
36,845855844,0.25,0.9,0.35,0.1,40,40,0,2,0,2,37,0,0.0,,0.05128205128205128,,105
37,344462109,0.25,0.9,0.35,0.1,40,40,1,5,0,5,33,1,0.0,0.0,0.13157894736842105,0.0,105
38,267317677,0.25,0.9,0.35,0.1,40,40,1,3,1,2,36,0,0.3333333333333333,1.0,0.05263157894736842,0.5,105
39,742518395,0.25,0.9,0.35,0.1,40,40,4,6,3,3,32,1,0.5,0.75,0.08571428571428572,0.6,105
40,47303677,0.25,0.9,0.35,0.1,40,40,3,5,2,3,33,1,0.4,0.6666666666666666,0.08333333333333333,0.5,105
41,1684427139,0.25,0.9,0.35,0.1,40,40,2,4,2,2,35,0,0.5,1.0,0.05405405405405406,0.6666666666666666,105
42,590444263,0.25,0.9,0.35,0.1,40,40,2,2,1,1,36,1,0.5,0.5,0.02702702702702703,0.5,105
43,1393132469,0.25,0.9,0.35,0.1,40,40,1,4,1,3,35,0,0.25,1.0,0.07894736842105263,0.4,105
44,1858508153,0.25,0.9,0.35,0.1,40,40,1,2,1,1,37,0,0.5,1.0,0.02631578947368421,0.6666666666666666,105
45,1052868927,0.25,0.9,0.35,0.1,40,40,2,2,0,2,35,2,0.0,0.0,0.05405405405405406,0.0,105
46,150528674,0.25,0.9,0.35,0.1,40,40,0,1,0,1,38,0,0.0,,0.02564102564102564,,105
47,491029035,0.25,0.9,0.35,0.1,40,40,1,2,1,1,37,0,0.5,1.0,0.02631578947368421,0.6666666666666666,105
48,1201562512,0.25,0.9,0.35,0.1,40,40,1,2,1,1,37,0,0.5,1.0,0.02631578947368421,0.6666666666666666,105
49,1011587503,0.25,0.9,0.35,0.1,40,40,4,5,3,2,33,1,0.6,0.75,0.05714285714285714,0.6666666666666665,105
0,1316729483,0.25,0.9,0.35,0.25,20,20,2,5,1,4,13,1,0.2,0.5,0.23529411764705882,0.28571428571428575,106
1,1596680309,0.25,0.9,0.35,0.25,20,20,2,4,0,4,13,2,0.0,0.0,0.23529411764705882,0.0,106
2,832390128,0.25,0.9,0.35,0.25,20,20,1,5,0,5,13,1,0.0,0.0,0.2777777777777778,0.0,106
3,1946761515,0.25,0.9,0.35,0.25,20,20,0,2,0,2,17,0,0.0,,0.10526315789473684,,106
4,1063883623,0.25,0.9,0.35,0.25,20,20,1,2,0,2,16,1,0.0,0.0,0.1111111111111111,0.0,106
5,377922018,0.25,0.9,0.35,0.25,20,20,1,3,1,2,16,0,0.3333333333333333,1.0,0.1111111111111111,0.5,106
6,2055808657,0.25,0.9,0.35,0.25,20,20,1,3,0,3,15,1,0.0,0.0,0.16666666666666666,0.0,106
7,716687182,0.25,0.9,0.35,0.25,20,20,2,4,1,3,14,1,0.25,0.5,0.17647058823529413,0.3333333333333333,106
8,785634434,0.25,0.9,0.35,0.25,20,20,1,6,1,5,13,0,0.16666666666666666,1.0,0.2777777777777778,0.2857142857142857,106
9,399431729,0.25,0.9,0.35,0.25,20,20,1,3,1,2,16,0,0.3333333333333333,1.0,0.1111111111111111,0.5,106
10,973966795,0.25,0.9,0.35,0.25,20,20,2,4,1,3,14,1,0.25,0.5,0.17647058823529413,0.3333333333333333,106
11,1802760919,0.25,0.9,0.35,0.25,20,20,1,7,1,6,12,0,0.14285714285714285,1.0,0.3333333333333333,0.25,106
12,1715766560,0.25,0.9,0.35,0.25,20,20,2,2,0,2,15,2,0.0,0.0,0.11764705882352941,0.0,106
13,678491814,0.25,0.9,0.35,0.25,20,20,1,2,0,2,16,1,0.0,0.0,0.1111111111111111,0.0,106
14,1928488578,0.25,0.9,0.35,0.25,20,20,1,2,0,2,16,1,0.0,0.0,0.1111111111111111,0.0,106
15,421124267,0.25,0.9,0.35,0.25,20,20,1,3,1,2,16,0,0.3333333333333333,1.0,0.1111111111111111,0.5,106
16,433146472,0.25,0.9,0.35,0.25,20,20,1,5,1,4,14,0,0.2,1.0,0.2222222222222222,0.33333333333333337,106
17,393985306,0.25,0.9,0.35,0.25,20,20,0,3,0,3,16,0,0.0,,0.15789473684210525,,106
18,433523786,0.25,0.9,0.35,0.25,20,20,2,6,2,4,13,0,0.3333333333333333,1.0,0.23529411764705882,0.5,106
19,2059040697,0.25,0.9,0.35,0.25,20,20,1,3,1,2,16,0,0.3333333333333333,1.0,0.1111111111111111,0.5,106
20,593518521,0.25,0.9,0.35,0.25,20,20,2,2,0,2,15,2,0.0,0.0,0.11764705882352941,0.0,106
21,784115286,0.25,0.9,0.35,0.25,20,20,2,5,1,4,13,1,0.2,0.5,0.23529411764705882,0.28571428571428575,106
22,1232296085,0.25,0.9,0.35,0.25,20,20,1,9,1,8,10,0,0.1111111111111111,1.0,0.4444444444444444,0.19999999999999998,106
23,1737076220,0.25,0.9,0.35,0.25,20,20,0,4,0,4,15,0,0.0,,0.21052631578947367,,106
24,1826384903,0.25,0.9,0.35,0.25,20,20,0,5,0,5,14,0,0.0,,0.2631578947368421,,106
25,1578514543,0.25,0.9,0.35,0.25,20,20,1,5,1,4,14,0,0.2,1.0,0.2222222222222222,0.33333333333333337,106
26,2141691513,0.25,0.9,0.35,0.25,20,20,1,3,0,3,15,1,0.0,0.0,0.16666666666666666,0.0,106
27,397675399,0.25,0.9,0.35,0.25,20,20,1,5,1,4,14,0,0.2,1.0,0.2222222222222222,0.33333333333333337,106
28,1862267703,0.25,0.9,0.35,0.25,20,20,0,2,0,2,17,0,0.0,,0.10526315789473684,,106
29,771086369,0.25,0.9,0.35,0.25,20,20,1,4,1,3,15,0,0.25,1.0,0.16666666666666666,0.4,106
30,1979895703,0.25,0.9,0.35,0.25,20,20,0,4,0,4,15,0,0.0,,0.21052631578947367,,106
31,1217012570,0.25,0.9,0.35,0.25,20,20,1,6,0,6,12,1,0.0,0.0,0.3333333333333333,0.0,106
32,1239826522,0.25,0.9,0.35,0.25,20,20,1,6,1,5,13,0,0.16666666666666666,1.0,0.2777777777777778,0.2857142857142857,106
33,236900835,0.25,0.9,0.35,0.25,20,20,0,2,0,2,17,0,0.0,,0.10526315789473684,,106
34,1195513127,0.25,0.9,0.35,0.25,20,20,1,1,0,1,17,1,0.0,0.0,0.05555555555555555,0.0,106
35,1583894507,0.25,0.9,0.35,0.25,20,20,0,1,0,1,18,0,0.0,,0.05263157894736842,,106
36,435015077,0.25,0.9,0.35,0.25,20,20,2,4,1,3,14,1,0.25,0.5,0.17647058823529413,0.3333333333333333,106
37,611174583,0.25,0.9,0.35,0.25,20,20,2,4,0,4,13,2,0.0,0.0,0.23529411764705882,0.0,106
38,380921663,0.25,0.9,0.35,0.25,20,20,2,5,1,4,13,1,0.2,0.5,0.23529411764705882,0.28571428571428575,106
39,468321107,0.25,0.9,0.35,0.25,20,20,2,3,2,1,16,0,0.6666666666666666,1.0,0.058823529411764705,0.8,106
40,836725632,0.25,0.9,0.35,0.25,20,20,0,8,0,8,11,0,0.0,,0.42105263157894735,,106
41,1583646362,0.25,0.9,0.35,0.25,20,20,1,1,0,1,17,1,0.0,0.0,0.05555555555555555,0.0,106
42,660653211,0.25,0.9,0.35,0.25,20,20,0,2,0,2,17,0,0.0,,0.10526315789473684,,106
43,1186468582,0.25,0.9,0.35,0.25,20,20,1,4,1,3,15,0,0.25,1.0,0.16666666666666666,0.4,106
44,1899880452,0.25,0.9,0.35,0.25,20,20,2,4,0,4,13,2,0.0,0.0,0.23529411764705882,0.0,106
45,1304992023,0.25,0.9,0.35,0.25,20,20,1,5,1,4,14,0,0.2,1.0,0.2222222222222222,0.33333333333333337,106
46,60647164,0.25,0.9,0.35,0.25,20,20,1,1,0,1,17,1,0.0,0.0,0.05555555555555555,0.0,106
47,1948949168,0.25,0.9,0.35,0.25,20,20,1,2,1,1,17,0,0.5,1.0,0.05555555555555555,0.6666666666666666,106
48,450815074,0.25,0.9,0.35,0.25,20,20,1,4,0,4,14,1,0.0,0.0,0.2222222222222222,0.0,106
49,2106127660,0.25,0.9,0.35,0.25,20,20,2,5,0,5,12,2,0.0,0.0,0.29411764705882354,0.0,106
0,280628474,0.25,0.9,0.35,0.25,40,40,1,16,1,15,23,0,0.0625,1.0,0.39473684210526316,0.11764705882352941,107
1,1459094556,0.25,0.9,0.35,0.25,40,40,2,9,2,7,30,0,0.2222222222222222,1.0,0.1891891891891892,0.3636363636363636,107
2,252354295,0.25,0.9,0.35,0.25,40,40,1,11,1,10,28,0,0.09090909090909091,1.0,0.2631578947368421,0.16666666666666669,107
3,936112247,0.25,0.9,0.35,0.25,40,40,1,11,1,10,28,0,0.09090909090909091,1.0,0.2631578947368421,0.16666666666666669,107
4,410929107,0.25,0.9,0.35,0.25,40,40,3,11,2,9,27,1,0.18181818181818182,0.6666666666666666,0.25,0.28571428571428575,107
5,1611847373,0.25,0.9,0.35,0.25,40,40,1,15,1,14,24,0,0.06666666666666667,1.0,0.3684210526315789,0.125,107
6,1274025169,0.25,0.9,0.35,0.25,40,40,0,13,0,13,26,0,0.0,,0.3333333333333333,,107
7,1632504905,0.25,0.9,0.35,0.25,40,40,1,14,1,13,25,0,0.07142857142857142,1.0,0.34210526315789475,0.13333333333333333,107
8,1923191264,0.25,0.9,0.35,0.25,40,40,1,12,1,11,27,0,0.08333333333333333,1.0,0.2894736842105263,0.15384615384615385,107
9,1419863008,0.25,0.9,0.35,0.25,40,40,2,20,2,18,19,0,0.1,1.0,0.4864864864864865,0.18181818181818182,107
10,914830283,0.25,0.9,0.35,0.25,40,40,2,13,2,11,26,0,0.15384615384615385,1.0,0.2972972972972973,0.2666666666666667,107
11,840729851,0.25,0.9,0.35,0.25,40,40,2,15,2,13,24,0,0.13333333333333333,1.0,0.35135135135135137,0.23529411764705882,107
12,47986492,0.25,0.9,0.35,0.25,40,40,1,18,1,17,21,0,0.05555555555555555,1.0,0.4473684210526316,0.10526315789473684,107
13,1460291838,0.25,0.9,0.35,0.25,40,40,3,14,1,13,23,2,0.07142857142857142,0.3333333333333333,0.3611111111111111,0.11764705882352941,107
14,789009812,0.25,0.9,0.35,0.25,40,40,1,14,1,13,25,0,0.07142857142857142,1.0,0.34210526315789475,0.13333333333333333,107
15,752869592,0.25,0.9,0.35,0.25,40,40,1,13,1,12,26,0,0.07692307692307693,1.0,0.3157894736842105,0.14285714285714288,107
16,212902613,0.25,0.9,0.35,0.25,40,40,0,12,0,12,27,0,0.0,,0.3076923076923077,,107
17,2074579757,0.25,0.9,0.35,0.25,40,40,2,17,1,16,21,1,0.058823529411764705,0.5,0.43243243243243246,0.10526315789473684,107
18,861690045,0.25,0.9,0.35,0.25,40,40,1,14,1,13,25,0,0.07142857142857142,1.0,0.34210526315789475,0.13333333333333333,107
19,886685135,0.25,0.9,0.35,0.25,40,40,4,15,3,12,23,1,0.2,0.75,0.34285714285714286,0.31578947368421056,107
20,16888659,0.25,0.9,0.35,0.25,40,40,0,11,0,11,28,0,0.0,,0.28205128205128205,,107
21,674836495,0.25,0.9,0.35,0.25,40,40,2,24,2,22,15,0,0.08333333333333333,1.0,0.5945945945945946,0.15384615384615385,107
22,37593003,0.25,0.9,0.35,0.25,40,40,0,15,0,15,24,0,0.0,,0.38461538461538464,,107
23,68421721,0.25,0.9,0.35,0.25,40,40,1,12,1,11,27,0,0.08333333333333333,1.0,0.2894736842105263,0.15384615384615385,107
24,183647059,0.25,0.9,0.35,0.25,40,40,2,15,1,14,23,1,0.06666666666666667,0.5,0.3783783783783784,0.11764705882352941,107
25,504736382,0.25,0.9,0.35,0.25,40,40,2,16,2,14,23,0,0.125,1.0,0.3783783783783784,0.2222222222222222,107
26,822632294,0.25,0.9,0.35,0.25,40,40,0,9,0,9,30,0,0.0,,0.23076923076923078,,107
27,1997151171,0.25,0.9,0.35,0.25,40,40,0,15,0,15,24,0,0.0,,0.38461538461538464,,107
28,632748696,0.25,0.9,0.35,0.25,40,40,1,13,0,13,25,1,0.0,0.0,0.34210526315789475,0.0,107
29,778874623,0.25,0.9,0.35,0.25,40,40,2,11,1,10,27,1,0.09090909090909091,0.5,0.2702702702702703,0.15384615384615385,107
30,626092797,0.25,0.9,0.35,0.25,40,40,3,17,2,15,21,1,0.11764705882352941,0.6666666666666666,0.4166666666666667,0.2,107
31,850763424,0.25,0.9,0.35,0.25,40,40,1,15,1,14,24,0,0.06666666666666667,1.0,0.3684210526315789,0.125,107
32,1063829503,0.25,0.9,0.35,0.25,40,40,2,11,2,9,28,0,0.18181818181818182,1.0,0.24324324324324326,0.3076923076923077,107
33,1937204703,0.25,0.9,0.35,0.25,40,40,0,17,0,17,22,0,0.0,,0.4358974358974359,,107
34,532706306,0.25,0.9,0.35,0.25,40,40,2,13,1,12,25,1,0.07692307692307693,0.5,0.32432432432432434,0.13333333333333336,107
35,1215514838,0.25,0.9,0.35,0.25,40,40,1,8,0,8,30,1,0.0,0.0,0.21052631578947367,0.0,107
36,982882717,0.25,0.9,0.35,0.25,40,40,2,7,2,5,32,0,0.2857142857142857,1.0,0.13513513513513514,0.4444444444444445,107
37,980398317,0.25,0.9,0.35,0.25,40,40,2,15,2,13,24,0,0.13333333333333333,1.0,0.35135135135135137,0.23529411764705882,107
38,1189625219,0.25,0.9,0.35,0.25,40,40,4,15,4,11,24,0,0.26666666666666666,1.0,0.3142857142857143,0.4210526315789474,107
39,1774592601,0.25,0.9,0.35,0.25,40,40,0,11,0,11,28,0,0.0,,0.28205128205128205,,107
40,145080144,0.25,0.9,0.35,0.25,40,40,1,18,1,17,21,0,0.05555555555555555,1.0,0.4473684210526316,0.10526315789473684,107
41,622284916,0.25,0.9,0.35,0.25,40,40,1,14,0,14,24,1,0.0,0.0,0.3684210526315789,0.0,107
42,1594365116,0.25,0.9,0.35,0.25,40,40,0,6,0,6,33,0,0.0,,0.15384615384615385,,107
43,509288294,0.25,0.9,0.35,0.25,40,40,2,10,2,8,29,0,0.2,1.0,0.21621621621621623,0.33333333333333337,107
44,1324682534,0.25,0.9,0.35,0.25,40,40,1,11,0,11,27,1,0.0,0.0,0.2894736842105263,0.0,107
45,1541285689,0.25,0.9,0.35,0.25,40,40,2,15,1,14,23,1,0.06666666666666667,0.5,0.3783783783783784,0.11764705882352941,107
46,2037792673,0.25,0.9,0.35,0.25,40,40,0,15,0,15,24,0,0.0,,0.38461538461538464,,107
47,1223763213,0.25,0.9,0.35,0.25,40,40,1,14,0,14,24,1,0.0,0.0,0.3684210526315789,0.0,107
48,1184643457,0.25,0.9,0.35,0.25,40,40,0,17,0,17,22,0,0.0,,0.4358974358974359,,107
49,980914073,0.25,0.9,0.35,0.25,40,40,0,13,0,13,26,0,0.0,,0.3333333333333333,,107
0,473941209,0.5,0.2,0.1,0.0,20,20,2,0,0,0,17,2,,0.0,0.0,,108
1,1013577116,0.5,0.2,0.1,0.0,20,20,2,1,1,0,17,1,1.0,0.5,0.0,0.6666666666666666,108
2,1207640843,0.5,0.2,0.1,0.0,20,20,1,1,1,0,18,0,1.0,1.0,0.0,1.0,108
3,114204932,0.5,0.2,0.1,0.0,20,20,5,3,3,0,14,2,1.0,0.6,0.0,0.7499999999999999,108
4,1751843617,0.5,0.2,0.1,0.0,20,20,2,0,0,0,17,2,,0.0,0.0,,108
5,660312156,0.5,0.2,0.1,0.0,20,20,2,3,2,1,16,0,0.6666666666666666,1.0,0.058823529411764705,0.8,108
6,270529360,0.5,0.2,0.1,0.0,20,20,0,0,0,0,19,0,,,0.0,,108
7,810464007,0.5,0.2,0.1,0.0,20,20,2,1,1,0,17,1,1.0,0.5,0.0,0.6666666666666666,108
8,1434868874,0.5,0.2,0.1,0.0,20,20,3,2,2,0,16,1,1.0,0.6666666666666666,0.0,0.8,108
9,541676307,0.5,0.2,0.1,0.0,20,20,5,4,4,0,14,1,1.0,0.8,0.0,0.888888888888889,108
10,1793831796,0.5,0.2,0.1,0.0,20,20,0,0,0,0,19,0,,,0.0,,108
11,883275931,0.5,0.2,0.1,0.0,20,20,3,2,1,1,15,2,0.5,0.3333333333333333,0.0625,0.4,108
12,1812872946,0.5,0.2,0.1,0.0,20,20,3,2,2,0,16,1,1.0,0.6666666666666666,0.0,0.8,108
13,1043965525,0.5,0.2,0.1,0.0,20,20,2,1,1,0,17,1,1.0,0.5,0.0,0.6666666666666666,108
14,1414596677,0.5,0.2,0.1,0.0,20,20,2,1,1,0,17,1,1.0,0.5,0.0,0.6666666666666666,108
15,154036438,0.5,0.2,0.1,0.0,20,20,2,1,1,0,17,1,1.0,0.5,0.0,0.6666666666666666,108
16,724350883,0.5,0.2,0.1,0.0,20,20,2,0,0,0,17,2,,0.0,0.0,,108
17,1500374540,0.5,0.2,0.1,0.0,20,20,1,1,1,0,18,0,1.0,1.0,0.0,1.0,108
18,556935572,0.5,0.2,0.1,0.0,20,20,6,4,4,0,13,2,1.0,0.6666666666666666,0.0,0.8,108
19,2014669602,0.5,0.2,0.1,0.0,20,20,0,0,0,0,19,0,,,0.0,,108
20,127691159,0.5,0.2,0.1,0.0,20,20,1,1,1,0,18,0,1.0,1.0,0.0,1.0,108
21,1947607315,0.5,0.2,0.1,0.0,20,20,1,1,1,0,18,0,1.0,1.0,0.0,1.0,108
22,1857138162,0.5,0.2,0.1,0.0,20,20,4,3,3,0,15,1,1.0,0.75,0.0,0.8571428571428571,108
23,290695281,0.5,0.2,0.1,0.0,20,20,1,1,1,0,18,0,1.0,1.0,0.0,1.0,108
24,1725698777,0.5,0.2,0.1,0.0,20,20,2,2,2,0,17,0,1.0,1.0,0.0,1.0,108
25,1870010452,0.5,0.2,0.1,0.0,20,20,2,1,1,0,17,1,1.0,0.5,0.0,0.6666666666666666,108
26,595378293,0.5,0.2,0.1,0.0,20,20,2,1,1,0,17,1,1.0,0.5,0.0,0.6666666666666666,108
27,141236853,0.5,0.2,0.1,0.0,20,20,4,2,2,0,15,2,1.0,0.5,0.0,0.6666666666666666,108
28,1531045256,0.5,0.2,0.1,0.0,20,20,2,0,0,0,17,2,,0.0,0.0,,108
29,206492511,0.5,0.2,0.1,0.0,20,20,2,2,2,0,17,0,1.0,1.0,0.0,1.0,108
30,581116959,0.5,0.2,0.1,0.0,20,20,1,1,1,0,18,0,1.0,1.0,0.0,1.0,108
31,221724991,0.5,0.2,0.1,0.0,20,20,0,0,0,0,19,0,,,0.0,,108
32,1800315656,0.5,0.2,0.1,0.0,20,20,0,0,0,0,19,0,,,0.0,,108
33,1884165024,0.5,0.2,0.1,0.0,20,20,2,2,2,0,17,0,1.0,1.0,0.0,1.0,108
34,1532188352,0.5,0.2,0.1,0.0,20,20,3,3,3,0,16,0,1.0,1.0,0.0,1.0,108
35,1117819482,0.5,0.2,0.1,0.0,20,20,4,2,2,0,15,2,1.0,0.5,0.0,0.6666666666666666,108
36,2076595449,0.5,0.2,0.1,0.0,20,20,0,0,0,0,19,0,,,0.0,,108
37,768978374,0.5,0.2,0.1,0.0,20,20,1,1,1,0,18,0,1.0,1.0,0.0,1.0,108
38,50988141,0.5,0.2,0.1,0.0,20,20,3,2,2,0,16,1,1.0,0.6666666666666666,0.0,0.8,108
39,1434309289,0.5,0.2,0.1,0.0,20,20,1,0,0,0,18,1,,0.0,0.0,,108
40,739906530,0.5,0.2,0.1,0.0,20,20,1,0,0,0,18,1,,0.0,0.0,,108
41,1902860903,0.5,0.2,0.1,0.0,20,20,2,1,1,0,17,1,1.0,0.5,0.0,0.6666666666666666,108
42,210909969,0.5,0.2,0.1,0.0,20,20,2,1,1,0,17,1,1.0,0.5,0.0,0.6666666666666666,108
43,910166320,0.5,0.2,0.1,0.0,20,20,3,1,1,0,16,2,1.0,0.3333333333333333,0.0,0.5,108
44,1908965608,0.5,0.2,0.1,0.0,20,20,4,2,2,0,15,2,1.0,0.5,0.0,0.6666666666666666,108
45,400853791,0.5,0.2,0.1,0.0,20,20,1,1,1,0,18,0,1.0,1.0,0.0,1.0,108
46,624746010,0.5,0.2,0.1,0.0,20,20,2,0,0,0,17,2,,0.0,0.0,,108
47,1895195474,0.5,0.2,0.1,0.0,20,20,3,1,1,0,16,2,1.0,0.3333333333333333,0.0,0.5,108
48,529771920,0.5,0.2,0.1,0.0,20,20,3,2,2,0,16,1,1.0,0.6666666666666666,0.0,0.8,108
49,1517766535,0.5,0.2,0.1,0.0,20,20,3,1,1,0,16,2,1.0,0.3333333333333333,0.0,0.5,108
0,900446647,0.5,0.2,0.1,0.0,40,40,1,1,1,0,38,0,1.0,1.0,0.0,1.0,109
1,496856424,0.5,0.2,0.1,0.0,40,40,4,3,2,1,34,2,0.6666666666666666,0.5,0.02857142857142857,0.5714285714285715,109
2,1837584747,0.5,0.2,0.1,0.0,40,40,3,0,0,0,36,3,,0.0,0.0,,109
3,454685221,0.5,0.2,0.1,0.0,40,40,2,1,1,0,37,1,1.0,0.5,0.0,0.6666666666666666,109
4,703004780,0.5,0.2,0.1,0.0,40,40,4,2,2,0,35,2,1.0,0.5,0.0,0.6666666666666666,109
5,1933361365,0.5,0.2,0.1,0.0,40,40,1,1,1,0,38,0,1.0,1.0,0.0,1.0,109
6,1805879652,0.5,0.2,0.1,0.0,40,40,1,1,1,0,38,0,1.0,1.0,0.0,1.0,109
7,1574778404,0.5,0.2,0.1,0.0,40,40,2,1,1,0,37,1,1.0,0.5,0.0,0.6666666666666666,109
8,1181570812,0.5,0.2,0.1,0.0,40,40,2,1,1,0,37,1,1.0,0.5,0.0,0.6666666666666666,109
9,4385135,0.5,0.2,0.1,0.0,40,40,3,2,2,0,36,1,1.0,0.6666666666666666,0.0,0.8,109
10,2000441414,0.5,0.2,0.1,0.0,40,40,4,0,0,0,35,4,,0.0,0.0,,109
11,456700173,0.5,0.2,0.1,0.0,40,40,1,1,1,0,38,0,1.0,1.0,0.0,1.0,109
12,2001384257,0.5,0.2,0.1,0.0,40,40,3,3,3,0,36,0,1.0,1.0,0.0,1.0,109
13,2069599845,0.5,0.2,0.1,0.0,40,40,4,4,4,0,35,0,1.0,1.0,0.0,1.0,109
14,365257995,0.5,0.2,0.1,0.0,40,40,1,1,1,0,38,0,1.0,1.0,0.0,1.0,109
15,484562989,0.5,0.2,0.1,0.0,40,40,1,2,1,1,37,0,0.5,1.0,0.02631578947368421,0.6666666666666666,109
16,716196902,0.5,0.2,0.1,0.0,40,40,3,2,2,0,36,1,1.0,0.6666666666666666,0.0,0.8,109
17,1207946638,0.5,0.2,0.1,0.0,40,40,3,3,3,0,36,0,1.0,1.0,0.0,1.0,109
18,2065607071,0.5,0.2,0.1,0.0,40,40,3,2,2,0,36,1,1.0,0.6666666666666666,0.0,0.8,109
19,1189165438,0.5,0.2,0.1,0.0,40,40,4,2,2,0,35,2,1.0,0.5,0.0,0.6666666666666666,109
20,1042868570,0.5,0.2,0.1,0.0,40,40,3,2,2,0,36,1,1.0,0.6666666666666666,0.0,0.8,109
21,2008857568,0.5,0.2,0.1,0.0,40,40,8,5,5,0,31,3,1.0,0.625,0.0,0.7692307692307693,109
22,1353882127,0.5,0.2,0.1,0.0,40,40,5,4,4,0,34,1,1.0,0.8,0.0,0.888888888888889,109
23,126804133,0.5,0.2,0.1,0.0,40,40,2,0,0,0,37,2,,0.0,0.0,,109
24,374578126,0.5,0.2,0.1,0.0,40,40,1,2,1,1,37,0,0.5,1.0,0.02631578947368421,0.6666666666666666,109
25,1189785082,0.5,0.2,0.1,0.0,40,40,1,0,0,0,38,1,,0.0,0.0,,109
26,1703923518,0.5,0.2,0.1,0.0,40,40,3,2,2,0,36,1,1.0,0.6666666666666666,0.0,0.8,109
27,201978792,0.5,0.2,0.1,0.0,40,40,1,0,0,0,38,1,,0.0,0.0,,109
28,827809834,0.5,0.2,0.1,0.0,40,40,2,2,1,1,36,1,0.5,0.5,0.02702702702702703,0.5,109
29,1216708522,0.5,0.2,0.1,0.0,40,40,3,2,1,1,35,2,0.5,0.3333333333333333,0.027777777777777776,0.4,109
30,713243248,0.5,0.2,0.1,0.0,40,40,2,0,0,0,37,2,,0.0,0.0,,109
31,830777982,0.5,0.2,0.1,0.0,40,40,2,1,1,0,37,1,1.0,0.5,0.0,0.6666666666666666,109
32,921137406,0.5,0.2,0.1,0.0,40,40,2,1,1,0,37,1,1.0,0.5,0.0,0.6666666666666666,109
33,1876943370,0.5,0.2,0.1,0.0,40,40,2,2,2,0,37,0,1.0,1.0,0.0,1.0,109
34,689051104,0.5,0.2,0.1,0.0,40,40,2,2,1,1,36,1,0.5,0.5,0.02702702702702703,0.5,109
35,797603518,0.5,0.2,0.1,0.0,40,40,1,1,1,0,38,0,1.0,1.0,0.0,1.0,109
36,1077677016,0.5,0.2,0.1,0.0,40,40,3,2,2,0,36,1,1.0,0.6666666666666666,0.0,0.8,109
37,413246284,0.5,0.2,0.1,0.0,40,40,2,1,1,0,37,1,1.0,0.5,0.0,0.6666666666666666,109
38,515399592,0.5,0.2,0.1,0.0,40,40,2,1,1,0,37,1,1.0,0.5,0.0,0.6666666666666666,109
39,1301864114,0.5,0.2,0.1,0.0,40,40,4,3,3,0,35,1,1.0,0.75,0.0,0.8571428571428571,109
40,936567699,0.5,0.2,0.1,0.0,40,40,1,0,0,0,38,1,,0.0,0.0,,109
41,1542098264,0.5,0.2,0.1,0.0,40,40,4,3,3,0,35,1,1.0,0.75,0.0,0.8571428571428571,109
42,1276931698,0.5,0.2,0.1,0.0,40,40,3,2,2,0,36,1,1.0,0.6666666666666666,0.0,0.8,109
43,1804866853,0.5,0.2,0.1,0.0,40,40,5,3,3,0,34,2,1.0,0.6,0.0,0.7499999999999999,109
44,258873550,0.5,0.2,0.1,0.0,40,40,2,0,0,0,37,2,,0.0,0.0,,109
45,585864105,0.5,0.2,0.1,0.0,40,40,0,1,0,1,38,0,0.0,,0.02564102564102564,,109
46,332661089,0.5,0.2,0.1,0.0,40,40,0,0,0,0,39,0,,,0.0,,109
47,1867635000,0.5,0.2,0.1,0.0,40,40,4,3,3,0,35,1,1.0,0.75,0.0,0.8571428571428571,109
48,1550680584,0.5,0.2,0.1,0.0,40,40,3,1,1,0,36,2,1.0,0.3333333333333333,0.0,0.5,109
49,1257186876,0.5,0.2,0.1,0.0,40,40,1,2,1,1,37,0,0.5,1.0,0.02631578947368421,0.6666666666666666,109
0,1240829853,0.5,0.2,0.1,0.1,20,20,2,9,1,8,9,1,0.1111111111111111,0.5,0.47058823529411764,0.1818181818181818,110
1,1974728028,0.5,0.2,0.1,0.1,20,20,2,5,1,4,13,1,0.2,0.5,0.23529411764705882,0.28571428571428575,110
2,205999456,0.5,0.2,0.1,0.1,20,20,1,4,0,4,14,1,0.0,0.0,0.2222222222222222,0.0,110
3,1553381263,0.5,0.2,0.1,0.1,20,20,1,6,0,6,12,1,0.0,0.0,0.3333333333333333,0.0,110
4,1238332056,0.5,0.2,0.1,0.1,20,20,2,2,1,1,16,1,0.5,0.5,0.058823529411764705,0.5,110
5,1620071804,0.5,0.2,0.1,0.1,20,20,4,7,2,5,10,2,0.2857142857142857,0.5,0.3333333333333333,0.36363636363636365,110
6,739395655,0.5,0.2,0.1,0.1,20,20,3,5,1,4,12,2,0.2,0.3333333333333333,0.25,0.25,110
7,671513664,0.5,0.2,0.1,0.1,20,20,1,6,1,5,13,0,0.16666666666666666,1.0,0.2777777777777778,0.2857142857142857,110
8,1484272950,0.5,0.2,0.1,0.1,20,20,1,7,0,7,11,1,0.0,0.0,0.3888888888888889,0.0,110
9,1887913190,0.5,0.2,0.1,0.1,20,20,3,11,3,8,8,0,0.2727272727272727,1.0,0.5,0.42857142857142855,110
10,374093140,0.5,0.2,0.1,0.1,20,20,2,2,1,1,16,1,0.5,0.5,0.058823529411764705,0.5,110
11,95930510,0.5,0.2,0.1,0.1,20,20,1,5,1,4,14,0,0.2,1.0,0.2222222222222222,0.33333333333333337,110
12,1658078050,0.5,0.2,0.1,0.1,20,20,7,5,5,0,12,2,1.0,0.7142857142857143,0.0,0.8333333333333333,110
13,1799570823,0.5,0.2,0.1,0.1,20,20,3,1,0,1,15,3,0.0,0.0,0.0625,0.0,110
14,1884375583,0.5,0.2,0.1,0.1,20,20,2,7,2,5,12,0,0.2857142857142857,1.0,0.29411764705882354,0.4444444444444445,110
15,471399165,0.5,0.2,0.1,0.1,20,20,2,9,2,7,10,0,0.2222222222222222,1.0,0.4117647058823529,0.3636363636363636,110
16,1841912660,0.5,0.2,0.1,0.1,20,20,0,5,0,5,14,0,0.0,,0.2631578947368421,,110
17,1981104628,0.5,0.2,0.1,0.1,20,20,4,3,1,2,13,3,0.3333333333333333,0.25,0.13333333333333333,0.28571428571428575,110
18,446360806,0.5,0.2,0.1,0.1,20,20,5,9,4,5,9,1,0.4444444444444444,0.8,0.35714285714285715,0.5714285714285714,110
19,774753268,0.5,0.2,0.1,0.1,20,20,1,8,1,7,11,0,0.125,1.0,0.3888888888888889,0.2222222222222222,110
20,1777581022,0.5,0.2,0.1,0.1,20,20,0,4,0,4,15,0,0.0,,0.21052631578947367,,110
21,1519975886,0.5,0.2,0.1,0.1,20,20,2,6,2,4,13,0,0.3333333333333333,1.0,0.23529411764705882,0.5,110
22,1109075025,0.5,0.2,0.1,0.1,20,20,3,8,0,8,8,3,0.0,0.0,0.5,0.0,110
23,545311794,0.5,0.2,0.1,0.1,20,20,2,7,1,6,11,1,0.14285714285714285,0.5,0.35294117647058826,0.22222222222222224,110
24,1741908931,0.5,0.2,0.1,0.1,20,20,2,3,1,2,15,1,0.3333333333333333,0.5,0.11764705882352941,0.4,110
25,87664512,0.5,0.2,0.1,0.1,20,20,1,8,0,8,10,1,0.0,0.0,0.4444444444444444,0.0,110
26,1129312019,0.5,0.2,0.1,0.1,20,20,3,8,2,6,10,1,0.25,0.6666666666666666,0.375,0.36363636363636365,110
27,717586834,0.5,0.2,0.1,0.1,20,20,3,8,1,7,9,2,0.125,0.3333333333333333,0.4375,0.18181818181818182,110
28,983723355,0.5,0.2,0.1,0.1,20,20,3,7,1,6,10,2,0.14285714285714285,0.3333333333333333,0.375,0.2,110
29,851218885,0.5,0.2,0.1,0.1,20,20,2,8,0,8,9,2,0.0,0.0,0.47058823529411764,0.0,110
30,1210834897,0.5,0.2,0.1,0.1,20,20,1,7,0,7,11,1,0.0,0.0,0.3888888888888889,0.0,110
31,1386031117,0.5,0.2,0.1,0.1,20,20,1,7,1,6,12,0,0.14285714285714285,1.0,0.3333333333333333,0.25,110
32,1610236102,0.5,0.2,0.1,0.1,20,20,2,4,1,3,14,1,0.25,0.5,0.17647058823529413,0.3333333333333333,110
33,1350846393,0.5,0.2,0.1,0.1,20,20,0,6,0,6,13,0,0.0,,0.3157894736842105,,110
34,1269539331,0.5,0.2,0.1,0.1,20,20,3,3,1,2,14,2,0.3333333333333333,0.3333333333333333,0.125,0.3333333333333333,110
35,951322780,0.5,0.2,0.1,0.1,20,20,1,4,0,4,14,1,0.0,0.0,0.2222222222222222,0.0,110
36,1110688681,0.5,0.2,0.1,0.1,20,20,3,4,1,3,13,2,0.25,0.3333333333333333,0.1875,0.28571428571428575,110
37,1672949311,0.5,0.2,0.1,0.1,20,20,3,7,1,6,10,2,0.14285714285714285,0.3333333333333333,0.375,0.2,110
38,1254331364,0.5,0.2,0.1,0.1,20,20,4,8,0,8,7,4,0.0,0.0,0.5333333333333333,0.0,110
39,938942677,0.5,0.2,0.1,0.1,20,20,2,5,1,4,13,1,0.2,0.5,0.23529411764705882,0.28571428571428575,110
40,45124734,0.5,0.2,0.1,0.1,20,20,1,4,1,3,15,0,0.25,1.0,0.16666666666666666,0.4,110
41,184960646,0.5,0.2,0.1,0.1,20,20,5,11,3,8,6,2,0.2727272727272727,0.6,0.5714285714285714,0.37499999999999994,110
42,1245456970,0.5,0.2,0.1,0.1,20,20,3,2,1,1,15,2,0.5,0.3333333333333333,0.0625,0.4,110
43,776650440,0.5,0.2,0.1,0.1,20,20,3,5,2,3,13,1,0.4,0.6666666666666666,0.1875,0.5,110
44,1728954992,0.5,0.2,0.1,0.1,20,20,4,11,4,7,8,0,0.36363636363636365,1.0,0.4666666666666667,0.5333333333333333,110
45,1707037888,0.5,0.2,0.1,0.1,20,20,3,9,1,8,8,2,0.1111111111111111,0.3333333333333333,0.5,0.16666666666666666,110
46,1590844622,0.5,0.2,0.1,0.1,20,20,3,5,0,5,11,3,0.0,0.0,0.3125,0.0,110
47,561668176,0.5,0.2,0.1,0.1,20,20,0,8,0,8,11,0,0.0,,0.42105263157894735,,110
48,953316578,0.5,0.2,0.1,0.1,20,20,4,6,3,3,12,1,0.5,0.75,0.2,0.6,110
49,411451031,0.5,0.2,0.1,0.1,20,20,6,6,5,1,12,1,0.8333333333333334,0.8333333333333334,0.07692307692307693,0.8333333333333334,110
0,29503374,0.5,0.2,0.1,0.1,40,40,3,15,2,13,23,1,0.13333333333333333,0.6666666666666666,0.3611111111111111,0.2222222222222222,111
1,419495897,0.5,0.2,0.1,0.1,40,40,1,19,1,18,20,0,0.05263157894736842,1.0,0.47368421052631576,0.1,111
2,620778095,0.5,0.2,0.1,0.1,40,40,1,17,1,16,22,0,0.058823529411764705,1.0,0.42105263157894735,0.1111111111111111,111
3,147420069,0.5,0.2,0.1,0.1,40,40,3,15,2,13,23,1,0.13333333333333333,0.6666666666666666,0.3611111111111111,0.2222222222222222,111
4,1876497443,0.5,0.2,0.1,0.1,40,40,2,14,1,13,24,1,0.07142857142857142,0.5,0.35135135135135137,0.125,111
5,276685687,0.5,0.2,0.1,0.1,40,40,1,17,1,16,22,0,0.058823529411764705,1.0,0.42105263157894735,0.1111111111111111,111
6,1383440130,0.5,0.2,0.1,0.1,40,40,1,17,0,17,21,1,0.0,0.0,0.4473684210526316,0.0,111
7,1226803294,0.5,0.2,0.1,0.1,40,40,2,20,2,18,19,0,0.1,1.0,0.4864864864864865,0.18181818181818182,111
8,107242523,0.5,0.2,0.1,0.1,40,40,3,20,2,18,18,1,0.1,0.6666666666666666,0.5,0.1739130434782609,111
9,488139822,0.5,0.2,0.1,0.1,40,40,1,21,1,20,18,0,0.047619047619047616,1.0,0.5263157894736842,0.0909090909090909,111
10,1511677951,0.5,0.2,0.1,0.1,40,40,1,19,1,18,20,0,0.05263157894736842,1.0,0.47368421052631576,0.1,111
11,940737210,0.5,0.2,0.1,0.1,40,40,2,16,1,15,22,1,0.0625,0.5,0.40540540540540543,0.1111111111111111,111
12,1593269158,0.5,0.2,0.1,0.1,40,40,3,19,3,16,20,0,0.15789473684210525,1.0,0.4444444444444444,0.2727272727272727,111
13,543556140,0.5,0.2,0.1,0.1,40,40,3,22,2,20,16,1,0.09090909090909091,0.6666666666666666,0.5555555555555556,0.16,111
14,2144730704,0.5,0.2,0.1,0.1,40,40,1,23,0,23,15,1,0.0,0.0,0.6052631578947368,0.0,111
15,1670330896,0.5,0.2,0.1,0.1,40,40,2,19,1,18,19,1,0.05263157894736842,0.5,0.4864864864864865,0.09523809523809525,111
16,653423175,0.5,0.2,0.1,0.1,40,40,1,22,1,21,17,0,0.045454545454545456,1.0,0.5526315789473685,0.08695652173913045,111
17,251172530,0.5,0.2,0.1,0.1,40,40,3,18,2,16,20,1,0.1111111111111111,0.6666666666666666,0.4444444444444444,0.1904761904761905,111
18,1633676013,0.5,0.2,0.1,0.1,40,40,3,15,2,13,23,1,0.13333333333333333,0.6666666666666666,0.3611111111111111,0.2222222222222222,111
19,1297316628,0.5,0.2,0.1,0.1,40,40,2,17,1,16,21,1,0.058823529411764705,0.5,0.43243243243243246,0.10526315789473684,111
20,744885595,0.5,0.2,0.1,0.1,40,40,2,18,2,16,21,0,0.1111111111111111,1.0,0.43243243243243246,0.19999999999999998,111
21,787799374,0.5,0.2,0.1,0.1,40,40,0,16,0,16,23,0,0.0,,0.41025641025641024,,111
22,1169809915,0.5,0.2,0.1,0.1,40,40,1,27,1,26,12,0,0.037037037037037035,1.0,0.6842105263157895,0.07142857142857142,111
23,369747643,0.5,0.2,0.1,0.1,40,40,4,17,3,14,21,1,0.17647058823529413,0.75,0.4,0.2857142857142857,111
24,863024744,0.5,0.2,0.1,0.1,40,40,2,19,1,18,19,1,0.05263157894736842,0.5,0.4864864864864865,0.09523809523809525,111
25,863979621,0.5,0.2,0.1,0.1,40,40,6,17,5,12,21,1,0.29411764705882354,0.8333333333333334,0.36363636363636365,0.4347826086956522,111
26,1737511069,0.5,0.2,0.1,0.1,40,40,2,20,2,18,19,0,0.1,1.0,0.4864864864864865,0.18181818181818182,111
27,1223110196,0.5,0.2,0.1,0.1,40,40,2,21,2,19,18,0,0.09523809523809523,1.0,0.5135135135135135,0.17391304347826084,111
28,1374405415,0.5,0.2,0.1,0.1,40,40,0,19,0,19,20,0,0.0,,0.48717948717948717,,111
29,1139521198,0.5,0.2,0.1,0.1,40,40,3,19,1,18,18,2,0.05263157894736842,0.3333333333333333,0.5,0.09090909090909091,111
30,1711305076,0.5,0.2,0.1,0.1,40,40,3,16,2,14,22,1,0.125,0.6666666666666666,0.3888888888888889,0.21052631578947367,111
31,2127137908,0.5,0.2,0.1,0.1,40,40,4,19,3,16,19,1,0.15789473684210525,0.75,0.45714285714285713,0.2608695652173913,111
32,1990074236,0.5,0.2,0.1,0.1,40,40,1,15,0,15,23,1,0.0,0.0,0.39473684210526316,0.0,111
33,2119317616,0.5,0.2,0.1,0.1,40,40,3,17,2,15,21,1,0.11764705882352941,0.6666666666666666,0.4166666666666667,0.2,111
34,937672264,0.5,0.2,0.1,0.1,40,40,3,24,3,21,15,0,0.125,1.0,0.5833333333333334,0.2222222222222222,111
35,1469621374,0.5,0.2,0.1,0.1,40,40,1,24,1,23,15,0,0.041666666666666664,1.0,0.6052631578947368,0.07999999999999999,111
36,2074498898,0.5,0.2,0.1,0.1,40,40,1,16,1,15,23,0,0.0625,1.0,0.39473684210526316,0.11764705882352941,111
37,459374696,0.5,0.2,0.1,0.1,40,40,0,21,0,21,18,0,0.0,,0.5384615384615384,,111
38,1764740593,0.5,0.2,0.1,0.1,40,40,3,14,1,13,23,2,0.07142857142857142,0.3333333333333333,0.3611111111111111,0.11764705882352941,111
39,2048861792,0.5,0.2,0.1,0.1,40,40,4,17,3,14,21,1,0.17647058823529413,0.75,0.4,0.2857142857142857,111
40,736338336,0.5,0.2,0.1,0.1,40,40,2,23,2,21,16,0,0.08695652173913043,1.0,0.5675675675675675,0.16,111
41,984497323,0.5,0.2,0.1,0.1,40,40,5,16,4,12,22,1,0.25,0.8,0.35294117647058826,0.38095238095238093,111
42,1610650170,0.5,0.2,0.1,0.1,40,40,4,23,3,20,15,1,0.13043478260869565,0.75,0.5714285714285714,0.22222222222222218,111
43,574935866,0.5,0.2,0.1,0.1,40,40,4,21,4,17,18,0,0.19047619047619047,1.0,0.4857142857142857,0.32,111
44,1363872855,0.5,0.2,0.1,0.1,40,40,3,18,2,16,20,1,0.1111111111111111,0.6666666666666666,0.4444444444444444,0.1904761904761905,111
45,1497680073,0.5,0.2,0.1,0.1,40,40,2,16,2,14,23,0,0.125,1.0,0.3783783783783784,0.2222222222222222,111
46,759231174,0.5,0.2,0.1,0.1,40,40,2,18,1,17,20,1,0.05555555555555555,0.5,0.4594594594594595,0.09999999999999999,111
47,1691936438,0.5,0.2,0.1,0.1,40,40,3,17,1,16,20,2,0.058823529411764705,0.3333333333333333,0.4444444444444444,0.1,111
48,1459126257,0.5,0.2,0.1,0.1,40,40,2,19,2,17,20,0,0.10526315789473684,1.0,0.4594594594594595,0.1904761904761905,111
49,339325182,0.5,0.2,0.1,0.1,40,40,0,15,0,15,24,0,0.0,,0.38461538461538464,,111
0,2064077455,0.5,0.2,0.1,0.25,20,20,0,12,0,12,7,0,0.0,,0.631578947368421,,112
1,1432622541,0.5,0.2,0.1,0.25,20,20,1,10,1,9,9,0,0.1,1.0,0.5,0.18181818181818182,112
2,1789785544,0.5,0.2,0.1,0.25,20,20,3,9,0,9,7,3,0.0,0.0,0.5625,0.0,112
3,1489416415,0.5,0.2,0.1,0.25,20,20,1,10,1,9,9,0,0.1,1.0,0.5,0.18181818181818182,112
4,349489015,0.5,0.2,0.1,0.25,20,20,1,12,1,11,7,0,0.08333333333333333,1.0,0.6111111111111112,0.15384615384615385,112
5,1502250695,0.5,0.2,0.1,0.25,20,20,3,12,1,11,5,2,0.08333333333333333,0.3333333333333333,0.6875,0.13333333333333333,112
6,119252090,0.5,0.2,0.1,0.25,20,20,1,11,1,10,8,0,0.09090909090909091,1.0,0.5555555555555556,0.16666666666666669,112
7,269921851,0.5,0.2,0.1,0.25,20,20,1,11,1,10,8,0,0.09090909090909091,1.0,0.5555555555555556,0.16666666666666669,112
8,1233229773,0.5,0.2,0.1,0.25,20,20,2,15,2,13,4,0,0.13333333333333333,1.0,0.7647058823529411,0.23529411764705882,112
9,1513444059,0.5,0.2,0.1,0.25,20,20,2,17,2,15,2,0,0.11764705882352941,1.0,0.8823529411764706,0.21052631578947367,112
10,816291791,0.5,0.2,0.1,0.25,20,20,3,11,3,8,8,0,0.2727272727272727,1.0,0.5,0.42857142857142855,112
11,1753780647,0.5,0.2,0.1,0.25,20,20,2,15,1,14,3,1,0.06666666666666667,0.5,0.8235294117647058,0.11764705882352941,112
12,1069913917,0.5,0.2,0.1,0.25,20,20,1,15,1,14,4,0,0.06666666666666667,1.0,0.7777777777777778,0.125,112
13,116907827,0.5,0.2,0.1,0.25,20,20,1,13,1,12,6,0,0.07692307692307693,1.0,0.6666666666666666,0.14285714285714288,112
14,264079732,0.5,0.2,0.1,0.25,20,20,1,16,1,15,3,0,0.0625,1.0,0.8333333333333334,0.11764705882352941,112
15,761603393,0.5,0.2,0.1,0.25,20,20,1,12,1,11,7,0,0.08333333333333333,1.0,0.6111111111111112,0.15384615384615385,112
16,2114842426,0.5,0.2,0.1,0.25,20,20,2,11,2,9,8,0,0.18181818181818182,1.0,0.5294117647058824,0.3076923076923077,112
17,750041745,0.5,0.2,0.1,0.25,20,20,5,14,5,9,5,0,0.35714285714285715,1.0,0.6428571428571429,0.5263157894736842,112
18,489498597,0.5,0.2,0.1,0.25,20,20,1,14,1,13,5,0,0.07142857142857142,1.0,0.7222222222222222,0.13333333333333333,112
19,1399047005,0.5,0.2,0.1,0.25,20,20,1,12,0,12,6,1,0.0,0.0,0.6666666666666666,0.0,112
20,502895621,0.5,0.2,0.1,0.25,20,20,7,12,5,7,5,2,0.4166666666666667,0.7142857142857143,0.5833333333333334,0.5263157894736842,112
21,1423937273,0.5,0.2,0.1,0.25,20,20,1,10,1,9,9,0,0.1,1.0,0.5,0.18181818181818182,112
22,616669345,0.5,0.2,0.1,0.25,20,20,5,9,1,8,6,4,0.1111111111111111,0.2,0.5714285714285714,0.14285714285714285,112
23,1585654236,0.5,0.2,0.1,0.25,20,20,3,14,2,12,4,1,0.14285714285714285,0.6666666666666666,0.75,0.23529411764705882,112
24,1401946023,0.5,0.2,0.1,0.25,20,20,3,12,1,11,5,2,0.08333333333333333,0.3333333333333333,0.6875,0.13333333333333333,112
25,1277751867,0.5,0.2,0.1,0.25,20,20,3,16,3,13,3,0,0.1875,1.0,0.8125,0.3157894736842105,112
26,1888759821,0.5,0.2,0.1,0.25,20,20,5,12,3,9,5,2,0.25,0.6,0.6428571428571429,0.35294117647058826,112
27,1877545158,0.5,0.2,0.1,0.25,20,20,2,13,1,12,5,1,0.07692307692307693,0.5,0.7058823529411765,0.13333333333333336,112
28,1952509253,0.5,0.2,0.1,0.25,20,20,1,14,1,13,5,0,0.07142857142857142,1.0,0.7222222222222222,0.13333333333333333,112
29,327900119,0.5,0.2,0.1,0.25,20,20,2,14,2,12,5,0,0.14285714285714285,1.0,0.7058823529411765,0.25,112
30,832768162,0.5,0.2,0.1,0.25,20,20,3,16,3,13,3,0,0.1875,1.0,0.8125,0.3157894736842105,112
31,210012298,0.5,0.2,0.1,0.25,20,20,2,11,2,9,8,0,0.18181818181818182,1.0,0.5294117647058824,0.3076923076923077,112
32,642985339,0.5,0.2,0.1,0.25,20,20,4,13,4,9,6,0,0.3076923076923077,1.0,0.6,0.47058823529411764,112
33,1019491479,0.5,0.2,0.1,0.25,20,20,2,14,1,13,4,1,0.07142857142857142,0.5,0.7647058823529411,0.125,112
34,2002326712,0.5,0.2,0.1,0.25,20,20,2,12,0,12,5,2,0.0,0.0,0.7058823529411765,0.0,112
35,1635290343,0.5,0.2,0.1,0.25,20,20,3,12,2,10,6,1,0.16666666666666666,0.6666666666666666,0.625,0.26666666666666666,112
36,2012425956,0.5,0.2,0.1,0.25,20,20,4,17,3,14,1,1,0.17647058823529413,0.75,0.9333333333333333,0.2857142857142857,112
37,1925650978,0.5,0.2,0.1,0.25,20,20,4,12,1,11,4,3,0.08333333333333333,0.25,0.7333333333333333,0.125,112
38,1837683728,0.5,0.2,0.1,0.25,20,20,7,9,4,5,7,3,0.4444444444444444,0.5714285714285714,0.4166666666666667,0.5,112
39,982321667,0.5,0.2,0.1,0.25,20,20,2,8,0,8,9,2,0.0,0.0,0.47058823529411764,0.0,112
40,1293180632,0.5,0.2,0.1,0.25,20,20,2,13,2,11,6,0,0.15384615384615385,1.0,0.6470588235294118,0.2666666666666667,112
41,1184825667,0.5,0.2,0.1,0.25,20,20,3,17,2,15,1,1,0.11764705882352941,0.6666666666666666,0.9375,0.2,112
42,65847507,0.5,0.2,0.1,0.25,20,20,0,14,0,14,5,0,0.0,,0.7368421052631579,,112
43,1963683039,0.5,0.2,0.1,0.25,20,20,3,11,2,9,7,1,0.18181818181818182,0.6666666666666666,0.5625,0.28571428571428575,112
44,1191157639,0.5,0.2,0.1,0.25,20,20,2,15,2,13,4,0,0.13333333333333333,1.0,0.7647058823529411,0.23529411764705882,112
45,1123421201,0.5,0.2,0.1,0.25,20,20,2,13,1,12,5,1,0.07692307692307693,0.5,0.7058823529411765,0.13333333333333336,112
46,1988449044,0.5,0.2,0.1,0.25,20,20,3,15,3,12,4,0,0.2,1.0,0.75,0.33333333333333337,112
47,106650739,0.5,0.2,0.1,0.25,20,20,0,12,0,12,7,0,0.0,,0.631578947368421,,112
48,401535769,0.5,0.2,0.1,0.25,20,20,4,14,2,12,3,2,0.14285714285714285,0.5,0.8,0.22222222222222224,112
49,1581587684,0.5,0.2,0.1,0.25,20,20,1,13,1,12,6,0,0.07692307692307693,1.0,0.6666666666666666,0.14285714285714288,112
0,842017095,0.5,0.2,0.1,0.25,40,40,2,33,1,32,5,1,0.030303030303030304,0.5,0.8648648648648649,0.05714285714285715,113
1,287289420,0.5,0.2,0.1,0.25,40,40,4,30,4,26,9,0,0.13333333333333333,1.0,0.7428571428571429,0.23529411764705882,113
2,107742538,0.5,0.2,0.1,0.25,40,40,2,31,2,29,8,0,0.06451612903225806,1.0,0.7837837837837838,0.12121212121212122,113
3,1796698321,0.5,0.2,0.1,0.25,40,40,1,25,1,24,14,0,0.04,1.0,0.631578947368421,0.07692307692307693,113
4,712762191,0.5,0.2,0.1,0.25,40,40,2,28,2,26,11,0,0.07142857142857142,1.0,0.7027027027027027,0.13333333333333333,113
5,958872832,0.5,0.2,0.1,0.25,40,40,3,32,1,31,5,2,0.03125,0.3333333333333333,0.8611111111111112,0.05714285714285714,113
6,873474630,0.5,0.2,0.1,0.25,40,40,1,32,0,32,6,1,0.0,0.0,0.8421052631578947,0.0,113
7,918177101,0.5,0.2,0.1,0.25,40,40,0,33,0,33,6,0,0.0,,0.8461538461538461,,113
8,1837477166,0.5,0.2,0.1,0.25,40,40,6,32,4,28,5,2,0.125,0.6666666666666666,0.8484848484848485,0.21052631578947367,113
9,933514996,0.5,0.2,0.1,0.25,40,40,1,23,1,22,16,0,0.043478260869565216,1.0,0.5789473684210527,0.08333333333333333,113
10,1559245622,0.5,0.2,0.1,0.25,40,40,1,24,1,23,15,0,0.041666666666666664,1.0,0.6052631578947368,0.07999999999999999,113
11,1748722235,0.5,0.2,0.1,0.25,40,40,3,34,3,31,5,0,0.08823529411764706,1.0,0.8611111111111112,0.1621621621621622,113
12,690617681,0.5,0.2,0.1,0.25,40,40,5,24,5,19,15,0,0.20833333333333334,1.0,0.5588235294117647,0.3448275862068966,113
13,851050578,0.5,0.2,0.1,0.25,40,40,2,29,2,27,10,0,0.06896551724137931,1.0,0.7297297297297297,0.12903225806451613,113
14,1928632619,0.5,0.2,0.1,0.25,40,40,0,31,0,31,8,0,0.0,,0.7948717948717948,,113
15,1977899547,0.5,0.2,0.1,0.25,40,40,3,29,3,26,10,0,0.10344827586206896,1.0,0.7222222222222222,0.1875,113
16,1251728543,0.5,0.2,0.1,0.25,40,40,2,32,2,30,7,0,0.0625,1.0,0.8108108108108109,0.11764705882352941,113
17,1293281622,0.5,0.2,0.1,0.25,40,40,1,27,1,26,12,0,0.037037037037037035,1.0,0.6842105263157895,0.07142857142857142,113
18,2055162435,0.5,0.2,0.1,0.25,40,40,3,29,2,27,9,1,0.06896551724137931,0.6666666666666666,0.75,0.125,113
19,456195060,0.5,0.2,0.1,0.25,40,40,1,27,1,26,12,0,0.037037037037037035,1.0,0.6842105263157895,0.07142857142857142,113
20,1219162989,0.5,0.2,0.1,0.25,40,40,2,32,1,31,6,1,0.03125,0.5,0.8378378378378378,0.058823529411764705,113
21,2130354304,0.5,0.2,0.1,0.25,40,40,0,26,0,26,13,0,0.0,,0.6666666666666666,,113
22,1322202919,0.5,0.2,0.1,0.25,40,40,3,29,2,27,9,1,0.06896551724137931,0.6666666666666666,0.75,0.125,113
23,116733488,0.5,0.2,0.1,0.25,40,40,7,30,5,25,7,2,0.16666666666666666,0.7142857142857143,0.78125,0.2702702702702703,113
24,220079447,0.5,0.2,0.1,0.25,40,40,3,29,3,26,10,0,0.10344827586206896,1.0,0.7222222222222222,0.1875,113
25,2100077920,0.5,0.2,0.1,0.25,40,40,5,27,3,24,10,2,0.1111111111111111,0.6,0.7058823529411765,0.18750000000000003,113
26,931415815,0.5,0.2,0.1,0.25,40,40,4,31,3,28,7,1,0.0967741935483871,0.75,0.8,0.1714285714285714,113
27,85589777,0.5,0.2,0.1,0.25,40,40,2,30,1,29,8,1,0.03333333333333333,0.5,0.7837837837837838,0.0625,113
28,1594753671,0.5,0.2,0.1,0.25,40,40,4,33,3,30,5,1,0.09090909090909091,0.75,0.8571428571428571,0.16216216216216214,113
29,1549061603,0.5,0.2,0.1,0.25,40,40,3,29,2,27,9,1,0.06896551724137931,0.6666666666666666,0.75,0.125,113
30,221016905,0.5,0.2,0.1,0.25,40,40,6,33,6,27,6,0,0.18181818181818182,1.0,0.8181818181818182,0.3076923076923077,113
31,1211156860,0.5,0.2,0.1,0.25,40,40,0,32,0,32,7,0,0.0,,0.8205128205128205,,113
32,877579919,0.5,0.2,0.1,0.25,40,40,2,30,1,29,8,1,0.03333333333333333,0.5,0.7837837837837838,0.0625,113
33,654846938,0.5,0.2,0.1,0.25,40,40,2,31,1,30,7,1,0.03225806451612903,0.5,0.8108108108108109,0.06060606060606061,113
34,2007424316,0.5,0.2,0.1,0.25,40,40,3,29,3,26,10,0,0.10344827586206896,1.0,0.7222222222222222,0.1875,113
35,1503009359,0.5,0.2,0.1,0.25,40,40,2,27,1,26,11,1,0.037037037037037035,0.5,0.7027027027027027,0.06896551724137931,113
36,996906534,0.5,0.2,0.1,0.25,40,40,1,32,1,31,7,0,0.03125,1.0,0.8157894736842105,0.06060606060606061,113
37,152781845,0.5,0.2,0.1,0.25,40,40,5,31,4,27,7,1,0.12903225806451613,0.8,0.7941176470588235,0.2222222222222222,113
38,1095474693,0.5,0.2,0.1,0.25,40,40,0,30,0,30,9,0,0.0,,0.7692307692307693,,113
39,728618004,0.5,0.2,0.1,0.25,40,40,2,35,2,33,4,0,0.05714285714285714,1.0,0.8918918918918919,0.1081081081081081,113
40,1570303790,0.5,0.2,0.1,0.25,40,40,2,27,2,25,12,0,0.07407407407407407,1.0,0.6756756756756757,0.13793103448275862,113
41,208933396,0.5,0.2,0.1,0.25,40,40,0,29,0,29,10,0,0.0,,0.7435897435897436,,113
42,1969449040,0.5,0.2,0.1,0.25,40,40,2,28,0,28,9,2,0.0,0.0,0.7567567567567568,0.0,113
43,1462190212,0.5,0.2,0.1,0.25,40,40,0,26,0,26,13,0,0.0,,0.6666666666666666,,113
44,312636229,0.5,0.2,0.1,0.25,40,40,4,31,3,28,7,1,0.0967741935483871,0.75,0.8,0.1714285714285714,113
45,1346148942,0.5,0.2,0.1,0.25,40,40,5,31,3,28,6,2,0.0967741935483871,0.6,0.8235294117647058,0.16666666666666666,113
46,1956737198,0.5,0.2,0.1,0.25,40,40,4,25,4,21,14,0,0.16,1.0,0.6,0.2758620689655173,113
47,806221277,0.5,0.2,0.1,0.25,40,40,3,30,3,27,9,0,0.1,1.0,0.75,0.18181818181818182,113
48,822231937,0.5,0.2,0.1,0.25,40,40,2,30,2,28,9,0,0.06666666666666667,1.0,0.7567567567567568,0.125,113
49,1559131676,0.5,0.2,0.1,0.25,40,40,2,28,2,26,11,0,0.07142857142857142,1.0,0.7027027027027027,0.13333333333333333,113
0,1883568860,0.5,0.2,0.2,0.0,20,20,0,0,0,0,19,0,,,0.0,,114
1,15059945,0.5,0.2,0.2,0.0,20,20,2,0,0,0,17,2,,0.0,0.0,,114
2,220969876,0.5,0.2,0.2,0.0,20,20,4,0,0,0,15,4,,0.0,0.0,,114
3,986882162,0.5,0.2,0.2,0.0,20,20,2,1,1,0,17,1,1.0,0.5,0.0,0.6666666666666666,114
4,707847539,0.5,0.2,0.2,0.0,20,20,2,0,0,0,17,2,,0.0,0.0,,114
5,248128165,0.5,0.2,0.2,0.0,20,20,2,0,0,0,17,2,,0.0,0.0,,114
6,1940081639,0.5,0.2,0.2,0.0,20,20,1,0,0,0,18,1,,0.0,0.0,,114
7,2074046682,0.5,0.2,0.2,0.0,20,20,2,1,1,0,17,1,1.0,0.5,0.0,0.6666666666666666,114
8,1006274455,0.5,0.2,0.2,0.0,20,20,4,1,1,0,15,3,1.0,0.25,0.0,0.4,114
9,890987680,0.5,0.2,0.2,0.0,20,20,2,0,0,0,17,2,,0.0,0.0,,114
10,952094045,0.5,0.2,0.2,0.0,20,20,2,0,0,0,17,2,,0.0,0.0,,114
11,29491234,0.5,0.2,0.2,0.0,20,20,3,1,1,0,16,2,1.0,0.3333333333333333,0.0,0.5,114
12,671328088,0.5,0.2,0.2,0.0,20,20,0,0,0,0,19,0,,,0.0,,114
13,875042358,0.5,0.2,0.2,0.0,20,20,2,0,0,0,17,2,,0.0,0.0,,114
14,442813045,0.5,0.2,0.2,0.0,20,20,3,0,0,0,16,3,,0.0,0.0,,114
15,1232562981,0.5,0.2,0.2,0.0,20,20,0,0,0,0,19,0,,,0.0,,114
16,1952605317,0.5,0.2,0.2,0.0,20,20,2,2,2,0,17,0,1.0,1.0,0.0,1.0,114
17,1966684425,0.5,0.2,0.2,0.0,20,20,2,1,1,0,17,1,1.0,0.5,0.0,0.6666666666666666,114
18,694427831,0.5,0.2,0.2,0.0,20,20,1,1,1,0,18,0,1.0,1.0,0.0,1.0,114
19,1747446259,0.5,0.2,0.2,0.0,20,20,4,2,2,0,15,2,1.0,0.5,0.0,0.6666666666666666,114
20,1080094464,0.5,0.2,0.2,0.0,20,20,2,0,0,0,17,2,,0.0,0.0,,114
21,1679452612,0.5,0.2,0.2,0.0,20,20,4,0,0,0,15,4,,0.0,0.0,,114
22,1718817200,0.5,0.2,0.2,0.0,20,20,4,0,0,0,15,4,,0.0,0.0,,114
23,1286439624,0.5,0.2,0.2,0.0,20,20,2,0,0,0,17,2,,0.0,0.0,,114
24,458912319,0.5,0.2,0.2,0.0,20,20,0,0,0,0,19,0,,,0.0,,114
25,2126802052,0.5,0.2,0.2,0.0,20,20,0,0,0,0,19,0,,,0.0,,114
26,1796754800,0.5,0.2,0.2,0.0,20,20,2,1,1,0,17,1,1.0,0.5,0.0,0.6666666666666666,114
27,1017439871,0.5,0.2,0.2,0.0,20,20,2,0,0,0,17,2,,0.0,0.0,,114
28,1804444168,0.5,0.2,0.2,0.0,20,20,3,3,3,0,16,0,1.0,1.0,0.0,1.0,114
29,1897808404,0.5,0.2,0.2,0.0,20,20,2,0,0,0,17,2,,0.0,0.0,,114
30,1259114261,0.5,0.2,0.2,0.0,20,20,6,3,3,0,13,3,1.0,0.5,0.0,0.6666666666666666,114
31,1308890848,0.5,0.2,0.2,0.0,20,20,2,0,0,0,17,2,,0.0,0.0,,114
32,1360257559,0.5,0.2,0.2,0.0,20,20,4,3,3,0,15,1,1.0,0.75,0.0,0.8571428571428571,114
33,570834618,0.5,0.2,0.2,0.0,20,20,3,1,1,0,16,2,1.0,0.3333333333333333,0.0,0.5,114
34,2052420072,0.5,0.2,0.2,0.0,20,20,3,0,0,0,16,3,,0.0,0.0,,114
35,1224838578,0.5,0.2,0.2,0.0,20,20,3,0,0,0,16,3,,0.0,0.0,,114
36,225717238,0.5,0.2,0.2,0.0,20,20,0,0,0,0,19,0,,,0.0,,114
37,1580024820,0.5,0.2,0.2,0.0,20,20,4,1,1,0,15,3,1.0,0.25,0.0,0.4,114
38,1364463708,0.5,0.2,0.2,0.0,20,20,4,1,1,0,15,3,1.0,0.25,0.0,0.4,114
39,1777938180,0.5,0.2,0.2,0.0,20,20,2,2,1,1,16,1,0.5,0.5,0.058823529411764705,0.5,114
40,1264853496,0.5,0.2,0.2,0.0,20,20,5,1,1,0,14,4,1.0,0.2,0.0,0.33333333333333337,114
41,983543462,0.5,0.2,0.2,0.0,20,20,2,0,0,0,17,2,,0.0,0.0,,114
42,944683039,0.5,0.2,0.2,0.0,20,20,3,1,1,0,16,2,1.0,0.3333333333333333,0.0,0.5,114
43,1225705834,0.5,0.2,0.2,0.0,20,20,3,2,2,0,16,1,1.0,0.6666666666666666,0.0,0.8,114
44,2027277612,0.5,0.2,0.2,0.0,20,20,4,0,0,0,15,4,,0.0,0.0,,114
45,333830633,0.5,0.2,0.2,0.0,20,20,2,1,1,0,17,1,1.0,0.5,0.0,0.6666666666666666,114
46,1597196697,0.5,0.2,0.2,0.0,20,20,3,1,0,1,15,3,0.0,0.0,0.0625,0.0,114
47,548264416,0.5,0.2,0.2,0.0,20,20,2,0,0,0,17,2,,0.0,0.0,,114
48,295478165,0.5,0.2,0.2,0.0,20,20,4,1,1,0,15,3,1.0,0.25,0.0,0.4,114
49,1455058597,0.5,0.2,0.2,0.0,20,20,0,0,0,0,19,0,,,0.0,,114
0,620491046,0.5,0.2,0.2,0.0,40,40,0,0,0,0,39,0,,,0.0,,115
1,1753075139,0.5,0.2,0.2,0.0,40,40,3,1,1,0,36,2,1.0,0.3333333333333333,0.0,0.5,115
2,278026473,0.5,0.2,0.2,0.0,40,40,1,0,0,0,38,1,,0.0,0.0,,115
3,422715608,0.5,0.2,0.2,0.0,40,40,1,0,0,0,38,1,,0.0,0.0,,115
4,942640178,0.5,0.2,0.2,0.0,40,40,2,1,1,0,37,1,1.0,0.5,0.0,0.6666666666666666,115
5,753131900,0.5,0.2,0.2,0.0,40,40,2,1,1,0,37,1,1.0,0.5,0.0,0.6666666666666666,115
6,130674109,0.5,0.2,0.2,0.0,40,40,3,2,2,0,36,1,1.0,0.6666666666666666,0.0,0.8,115
7,1997327023,0.5,0.2,0.2,0.0,40,40,1,0,0,0,38,1,,0.0,0.0,,115
8,1103640740,0.5,0.2,0.2,0.0,40,40,2,2,2,0,37,0,1.0,1.0,0.0,1.0,115
9,1915909043,0.5,0.2,0.2,0.0,40,40,2,1,1,0,37,1,1.0,0.5,0.0,0.6666666666666666,115
10,1672979636,0.5,0.2,0.2,0.0,40,40,4,2,2,0,35,2,1.0,0.5,0.0,0.6666666666666666,115
11,1577756141,0.5,0.2,0.2,0.0,40,40,2,0,0,0,37,2,,0.0,0.0,,115
12,567282221,0.5,0.2,0.2,0.0,40,40,2,1,1,0,37,1,1.0,0.5,0.0,0.6666666666666666,115
13,880345809,0.5,0.2,0.2,0.0,40,40,1,0,0,0,38,1,,0.0,0.0,,115
14,563104452,0.5,0.2,0.2,0.0,40,40,4,2,2,0,35,2,1.0,0.5,0.0,0.6666666666666666,115
15,601164801,0.5,0.2,0.2,0.0,40,40,4,2,1,1,34,3,0.5,0.25,0.02857142857142857,0.3333333333333333,115
16,705133119,0.5,0.2,0.2,0.0,40,40,4,1,1,0,35,3,1.0,0.25,0.0,0.4,115
17,304042673,0.5,0.2,0.2,0.0,40,40,2,0,0,0,37,2,,0.0,0.0,,115
18,1562964515,0.5,0.2,0.2,0.0,40,40,4,2,2,0,35,2,1.0,0.5,0.0,0.6666666666666666,115
19,1955358323,0.5,0.2,0.2,0.0,40,40,2,2,1,1,36,1,0.5,0.5,0.02702702702702703,0.5,115
20,2105204392,0.5,0.2,0.2,0.0,40,40,0,0,0,0,39,0,,,0.0,,115
21,235441736,0.5,0.2,0.2,0.0,40,40,2,0,0,0,37,2,,0.0,0.0,,115
22,922998754,0.5,0.2,0.2,0.0,40,40,3,1,1,0,36,2,1.0,0.3333333333333333,0.0,0.5,115
23,1439575129,0.5,0.2,0.2,0.0,40,40,3,1,1,0,36,2,1.0,0.3333333333333333,0.0,0.5,115
24,819010051,0.5,0.2,0.2,0.0,40,40,2,2,2,0,37,0,1.0,1.0,0.0,1.0,115
25,852829963,0.5,0.2,0.2,0.0,40,40,3,1,1,0,36,2,1.0,0.3333333333333333,0.0,0.5,115
26,312611324,0.5,0.2,0.2,0.0,40,40,3,1,1,0,36,2,1.0,0.3333333333333333,0.0,0.5,115
27,684631727,0.5,0.2,0.2,0.0,40,40,3,3,2,1,35,1,0.6666666666666666,0.6666666666666666,0.027777777777777776,0.6666666666666666,115
28,1039414311,0.5,0.2,0.2,0.0,40,40,4,4,3,1,34,1,0.75,0.75,0.02857142857142857,0.75,115
29,621992272,0.5,0.2,0.2,0.0,40,40,2,1,1,0,37,1,1.0,0.5,0.0,0.6666666666666666,115
30,1569971681,0.5,0.2,0.2,0.0,40,40,1,1,1,0,38,0,1.0,1.0,0.0,1.0,115
31,631322876,0.5,0.2,0.2,0.0,40,40,4,1,1,0,35,3,1.0,0.25,0.0,0.4,115
32,89380765,0.5,0.2,0.2,0.0,40,40,0,0,0,0,39,0,,,0.0,,115
33,1390023896,0.5,0.2,0.2,0.0,40,40,2,0,0,0,37,2,,0.0,0.0,,115
34,1389583600,0.5,0.2,0.2,0.0,40,40,1,0,0,0,38,1,,0.0,0.0,,115
35,1521440531,0.5,0.2,0.2,0.0,40,40,0,0,0,0,39,0,,,0.0,,115
36,1768239117,0.5,0.2,0.2,0.0,40,40,2,1,1,0,37,1,1.0,0.5,0.0,0.6666666666666666,115
37,534605456,0.5,0.2,0.2,0.0,40,40,2,1,1,0,37,1,1.0,0.5,0.0,0.6666666666666666,115
38,154575710,0.5,0.2,0.2,0.0,40,40,4,1,1,0,35,3,1.0,0.25,0.0,0.4,115
39,1907907774,0.5,0.2,0.2,0.0,40,40,3,0,0,0,36,3,,0.0,0.0,,115
40,1940596111,0.5,0.2,0.2,0.0,40,40,4,0,0,0,35,4,,0.0,0.0,,115
41,1848922821,0.5,0.2,0.2,0.0,40,40,3,1,1,0,36,2,1.0,0.3333333333333333,0.0,0.5,115
42,358298454,0.5,0.2,0.2,0.0,40,40,4,1,1,0,35,3,1.0,0.25,0.0,0.4,115
43,876362594,0.5,0.2,0.2,0.0,40,40,2,2,2,0,37,0,1.0,1.0,0.0,1.0,115
44,1756056658,0.5,0.2,0.2,0.0,40,40,2,2,2,0,37,0,1.0,1.0,0.0,1.0,115
45,939955774,0.5,0.2,0.2,0.0,40,40,2,1,1,0,37,1,1.0,0.5,0.0,0.6666666666666666,115
46,672363565,0.5,0.2,0.2,0.0,40,40,1,1,1,0,38,0,1.0,1.0,0.0,1.0,115
47,742088012,0.5,0.2,0.2,0.0,40,40,2,0,0,0,37,2,,0.0,0.0,,115
48,1970798741,0.5,0.2,0.2,0.0,40,40,2,1,1,0,37,1,1.0,0.5,0.0,0.6666666666666666,115
49,2082677853,0.5,0.2,0.2,0.0,40,40,2,1,1,0,37,1,1.0,0.5,0.0,0.6666666666666666,115
0,535417550,0.5,0.2,0.2,0.1,20,20,3,4,2,2,14,1,0.5,0.6666666666666666,0.125,0.5714285714285715,116
1,1267473781,0.5,0.2,0.2,0.1,20,20,2,2,1,1,16,1,0.5,0.5,0.058823529411764705,0.5,116
2,4641691,0.5,0.2,0.2,0.1,20,20,2,3,0,3,14,2,0.0,0.0,0.17647058823529413,0.0,116
3,1470285885,0.5,0.2,0.2,0.1,20,20,1,3,0,3,15,1,0.0,0.0,0.16666666666666666,0.0,116
4,1339926184,0.5,0.2,0.2,0.1,20,20,3,3,2,1,15,1,0.6666666666666666,0.6666666666666666,0.0625,0.6666666666666666,116
5,1766220361,0.5,0.2,0.2,0.1,20,20,2,4,2,2,15,0,0.5,1.0,0.11764705882352941,0.6666666666666666,116
6,332909656,0.5,0.2,0.2,0.1,20,20,2,0,0,0,17,2,,0.0,0.0,,116
7,19918783,0.5,0.2,0.2,0.1,20,20,1,0,0,0,18,1,,0.0,0.0,,116
8,1543362267,0.5,0.2,0.2,0.1,20,20,2,0,0,0,17,2,,0.0,0.0,,116
9,822949888,0.5,0.2,0.2,0.1,20,20,2,4,1,3,14,1,0.25,0.5,0.17647058823529413,0.3333333333333333,116
10,2072296036,0.5,0.2,0.2,0.1,20,20,1,3,0,3,15,1,0.0,0.0,0.16666666666666666,0.0,116
11,1086283386,0.5,0.2,0.2,0.1,20,20,3,4,1,3,13,2,0.25,0.3333333333333333,0.1875,0.28571428571428575,116
12,1103284369,0.5,0.2,0.2,0.1,20,20,3,2,2,0,16,1,1.0,0.6666666666666666,0.0,0.8,116
13,1836781614,0.5,0.2,0.2,0.1,20,20,1,0,0,0,18,1,,0.0,0.0,,116
14,1912167028,0.5,0.2,0.2,0.1,20,20,4,5,4,1,14,0,0.8,1.0,0.06666666666666667,0.888888888888889,116
15,221961294,0.5,0.2,0.2,0.1,20,20,3,1,0,1,15,3,0.0,0.0,0.0625,0.0,116
16,609094255,0.5,0.2,0.2,0.1,20,20,3,5,1,4,12,2,0.2,0.3333333333333333,0.25,0.25,116
17,472964377,0.5,0.2,0.2,0.1,20,20,3,1,0,1,15,3,0.0,0.0,0.0625,0.0,116
18,2128265265,0.5,0.2,0.2,0.1,20,20,2,2,1,1,16,1,0.5,0.5,0.058823529411764705,0.5,116
19,1651544406,0.5,0.2,0.2,0.1,20,20,1,3,1,2,16,0,0.3333333333333333,1.0,0.1111111111111111,0.5,116
20,1402707452,0.5,0.2,0.2,0.1,20,20,2,2,0,2,15,2,0.0,0.0,0.11764705882352941,0.0,116
21,394092269,0.5,0.2,0.2,0.1,20,20,2,0,0,0,17,2,,0.0,0.0,,116
22,165474109,0.5,0.2,0.2,0.1,20,20,1,2,1,1,17,0,0.5,1.0,0.05555555555555555,0.6666666666666666,116
23,1458026872,0.5,0.2,0.2,0.1,20,20,1,2,1,1,17,0,0.5,1.0,0.05555555555555555,0.6666666666666666,116
24,1907143066,0.5,0.2,0.2,0.1,20,20,0,4,0,4,15,0,0.0,,0.21052631578947367,,116
25,513169727,0.5,0.2,0.2,0.1,20,20,2,2,1,1,16,1,0.5,0.5,0.058823529411764705,0.5,116
26,579722239,0.5,0.2,0.2,0.1,20,20,1,2,0,2,16,1,0.0,0.0,0.1111111111111111,0.0,116
27,1213098287,0.5,0.2,0.2,0.1,20,20,3,0,0,0,16,3,,0.0,0.0,,116
28,343434014,0.5,0.2,0.2,0.1,20,20,2,1,0,1,16,2,0.0,0.0,0.058823529411764705,0.0,116
29,363289629,0.5,0.2,0.2,0.1,20,20,4,4,4,0,15,0,1.0,1.0,0.0,1.0,116
30,2070532946,0.5,0.2,0.2,0.1,20,20,2,2,0,2,15,2,0.0,0.0,0.11764705882352941,0.0,116
31,973405296,0.5,0.2,0.2,0.1,20,20,4,3,1,2,13,3,0.3333333333333333,0.25,0.13333333333333333,0.28571428571428575,116
32,663900008,0.5,0.2,0.2,0.1,20,20,0,0,0,0,19,0,,,0.0,,116
33,1407206370,0.5,0.2,0.2,0.1,20,20,1,1,1,0,18,0,1.0,1.0,0.0,1.0,116
34,1755314106,0.5,0.2,0.2,0.1,20,20,3,2,1,1,15,2,0.5,0.3333333333333333,0.0625,0.4,116
35,456182279,0.5,0.2,0.2,0.1,20,20,4,2,1,1,14,3,0.5,0.25,0.06666666666666667,0.3333333333333333,116
36,519852889,0.5,0.2,0.2,0.1,20,20,4,0,0,0,15,4,,0.0,0.0,,116
37,1156144596,0.5,0.2,0.2,0.1,20,20,1,1,0,1,17,1,0.0,0.0,0.05555555555555555,0.0,116
38,664962015,0.5,0.2,0.2,0.1,20,20,1,1,0,1,17,1,0.0,0.0,0.05555555555555555,0.0,116
39,716335816,0.5,0.2,0.2,0.1,20,20,2,3,1,2,15,1,0.3333333333333333,0.5,0.11764705882352941,0.4,116
40,833524343,0.5,0.2,0.2,0.1,20,20,3,2,1,1,15,2,0.5,0.3333333333333333,0.0625,0.4,116
41,1746601590,0.5,0.2,0.2,0.1,20,20,0,2,0,2,17,0,0.0,,0.10526315789473684,,116
42,298467287,0.5,0.2,0.2,0.1,20,20,2,1,1,0,17,1,1.0,0.5,0.0,0.6666666666666666,116
43,1931288870,0.5,0.2,0.2,0.1,20,20,2,1,0,1,16,2,0.0,0.0,0.058823529411764705,0.0,116
44,810653689,0.5,0.2,0.2,0.1,20,20,4,1,1,0,15,3,1.0,0.25,0.0,0.4,116
45,1140821577,0.5,0.2,0.2,0.1,20,20,0,0,0,0,19,0,,,0.0,,116
46,514747794,0.5,0.2,0.2,0.1,20,20,2,4,0,4,13,2,0.0,0.0,0.23529411764705882,0.0,116
47,2010846651,0.5,0.2,0.2,0.1,20,20,3,3,1,2,14,2,0.3333333333333333,0.3333333333333333,0.125,0.3333333333333333,116
48,599280796,0.5,0.2,0.2,0.1,20,20,3,2,1,1,15,2,0.5,0.3333333333333333,0.0625,0.4,116
49,2026294422,0.5,0.2,0.2,0.1,20,20,3,2,1,1,15,2,0.5,0.3333333333333333,0.0625,0.4,116
0,946001072,0.5,0.2,0.2,0.1,40,40,3,8,1,7,29,2,0.125,0.3333333333333333,0.19444444444444445,0.18181818181818182,117
1,291977431,0.5,0.2,0.2,0.1,40,40,0,7,0,7,32,0,0.0,,0.1794871794871795,,117
2,321734574,0.5,0.2,0.2,0.1,40,40,7,12,3,9,23,4,0.25,0.42857142857142855,0.28125,0.3157894736842105,117
3,2013294961,0.5,0.2,0.2,0.1,40,40,1,5,1,4,34,0,0.2,1.0,0.10526315789473684,0.33333333333333337,117
4,1406525467,0.5,0.2,0.2,0.1,40,40,2,11,1,10,27,1,0.09090909090909091,0.5,0.2702702702702703,0.15384615384615385,117
5,220075350,0.5,0.2,0.2,0.1,40,40,1,6,0,6,32,1,0.0,0.0,0.15789473684210525,0.0,117
6,1574238562,0.5,0.2,0.2,0.1,40,40,3,9,2,7,29,1,0.2222222222222222,0.6666666666666666,0.19444444444444445,0.3333333333333333,117
7,1207334980,0.5,0.2,0.2,0.1,40,40,1,7,0,7,31,1,0.0,0.0,0.18421052631578946,0.0,117
8,1948055832,0.5,0.2,0.2,0.1,40,40,3,8,2,6,30,1,0.25,0.6666666666666666,0.16666666666666666,0.36363636363636365,117
9,1373372635,0.5,0.2,0.2,0.1,40,40,3,3,0,3,33,3,0.0,0.0,0.08333333333333333,0.0,117
10,1606348619,0.5,0.2,0.2,0.1,40,40,4,11,3,8,27,1,0.2727272727272727,0.75,0.22857142857142856,0.39999999999999997,117
11,1334796606,0.5,0.2,0.2,0.1,40,40,2,8,2,6,31,0,0.25,1.0,0.16216216216216217,0.4,117
12,1759024666,0.5,0.2,0.2,0.1,40,40,1,6,0,6,32,1,0.0,0.0,0.15789473684210525,0.0,117
13,2108165540,0.5,0.2,0.2,0.1,40,40,3,7,1,6,30,2,0.14285714285714285,0.3333333333333333,0.16666666666666666,0.2,117
14,197207772,0.5,0.2,0.2,0.1,40,40,3,9,0,9,27,3,0.0,0.0,0.25,0.0,117
15,475186833,0.5,0.2,0.2,0.1,40,40,1,5,0,5,33,1,0.0,0.0,0.13157894736842105,0.0,117
16,1229300563,0.5,0.2,0.2,0.1,40,40,1,7,1,6,32,0,0.14285714285714285,1.0,0.15789473684210525,0.25,117
17,93077297,0.5,0.2,0.2,0.1,40,40,3,10,2,8,28,1,0.2,0.6666666666666666,0.2222222222222222,0.30769230769230765,117
18,1378607629,0.5,0.2,0.2,0.1,40,40,2,9,1,8,29,1,0.1111111111111111,0.5,0.21621621621621623,0.1818181818181818,117
19,374609070,0.5,0.2,0.2,0.1,40,40,2,10,0,10,27,2,0.0,0.0,0.2702702702702703,0.0,117
20,1642736689,0.5,0.2,0.2,0.1,40,40,0,5,0,5,34,0,0.0,,0.1282051282051282,,117
21,2136378376,0.5,0.2,0.2,0.1,40,40,2,5,1,4,33,1,0.2,0.5,0.10810810810810811,0.28571428571428575,117
22,1507186480,0.5,0.2,0.2,0.1,40,40,4,10,3,7,28,1,0.3,0.75,0.2,0.4285714285714285,117
23,63429594,0.5,0.2,0.2,0.1,40,40,1,4,0,4,34,1,0.0,0.0,0.10526315789473684,0.0,117
24,1147242086,0.5,0.2,0.2,0.1,40,40,2,3,0,3,34,2,0.0,0.0,0.08108108108108109,0.0,117
25,1563404911,0.5,0.2,0.2,0.1,40,40,1,7,0,7,31,1,0.0,0.0,0.18421052631578946,0.0,117
26,2013248026,0.5,0.2,0.2,0.1,40,40,2,6,1,5,32,1,0.16666666666666666,0.5,0.13513513513513514,0.25,117
27,99746149,0.5,0.2,0.2,0.1,40,40,1,6,0,6,32,1,0.0,0.0,0.15789473684210525,0.0,117
28,1496759572,0.5,0.2,0.2,0.1,40,40,3,5,1,4,32,2,0.2,0.3333333333333333,0.1111111111111111,0.25,117
29,2058733255,0.5,0.2,0.2,0.1,40,40,1,4,0,4,34,1,0.0,0.0,0.10526315789473684,0.0,117
30,1567020227,0.5,0.2,0.2,0.1,40,40,0,8,0,8,31,0,0.0,,0.20512820512820512,,117
31,965259111,0.5,0.2,0.2,0.1,40,40,3,6,2,4,32,1,0.3333333333333333,0.6666666666666666,0.1111111111111111,0.4444444444444444,117
32,653797840,0.5,0.2,0.2,0.1,40,40,2,5,2,3,34,0,0.4,1.0,0.08108108108108109,0.5714285714285715,117
33,583912161,0.5,0.2,0.2,0.1,40,40,4,8,3,5,30,1,0.375,0.75,0.14285714285714285,0.5,117
34,1827048440,0.5,0.2,0.2,0.1,40,40,2,10,2,8,29,0,0.2,1.0,0.21621621621621623,0.33333333333333337,117
35,2062393545,0.5,0.2,0.2,0.1,40,40,3,7,2,5,31,1,0.2857142857142857,0.6666666666666666,0.1388888888888889,0.4,117
36,112000631,0.5,0.2,0.2,0.1,40,40,3,3,1,2,34,2,0.3333333333333333,0.3333333333333333,0.05555555555555555,0.3333333333333333,117
37,35684160,0.5,0.2,0.2,0.1,40,40,2,10,1,9,28,1,0.1,0.5,0.24324324324324326,0.16666666666666669,117
38,1981270911,0.5,0.2,0.2,0.1,40,40,2,12,2,10,27,0,0.16666666666666666,1.0,0.2702702702702703,0.2857142857142857,117
39,2107093823,0.5,0.2,0.2,0.1,40,40,4,6,1,5,30,3,0.16666666666666666,0.25,0.14285714285714285,0.2,117
40,871292871,0.5,0.2,0.2,0.1,40,40,2,12,1,11,26,1,0.08333333333333333,0.5,0.2972972972972973,0.14285714285714285,117
41,389400566,0.5,0.2,0.2,0.1,40,40,4,10,3,7,28,1,0.3,0.75,0.2,0.4285714285714285,117
42,1556593946,0.5,0.2,0.2,0.1,40,40,1,9,0,9,29,1,0.0,0.0,0.23684210526315788,0.0,117
43,1358588805,0.5,0.2,0.2,0.1,40,40,2,5,1,4,33,1,0.2,0.5,0.10810810810810811,0.28571428571428575,117
44,2113666148,0.5,0.2,0.2,0.1,40,40,2,5,1,4,33,1,0.2,0.5,0.10810810810810811,0.28571428571428575,117
45,362394788,0.5,0.2,0.2,0.1,40,40,3,6,1,5,31,2,0.16666666666666666,0.3333333333333333,0.1388888888888889,0.2222222222222222,117
46,1143159243,0.5,0.2,0.2,0.1,40,40,1,9,0,9,29,1,0.0,0.0,0.23684210526315788,0.0,117
47,1291294820,0.5,0.2,0.2,0.1,40,40,4,7,3,4,31,1,0.42857142857142855,0.75,0.11428571428571428,0.5454545454545454,117
48,938874881,0.5,0.2,0.2,0.1,40,40,4,6,2,4,31,2,0.3333333333333333,0.5,0.11428571428571428,0.4,117
49,405155039,0.5,0.2,0.2,0.1,40,40,4,7,2,5,30,2,0.2857142857142857,0.5,0.14285714285714285,0.36363636363636365,117
0,1485782593,0.5,0.2,0.2,0.25,20,20,1,8,1,7,11,0,0.125,1.0,0.3888888888888889,0.2222222222222222,118
1,442537053,0.5,0.2,0.2,0.25,20,20,3,9,1,8,8,2,0.1111111111111111,0.3333333333333333,0.5,0.16666666666666666,118
2,1662470401,0.5,0.2,0.2,0.25,20,20,4,11,4,7,8,0,0.36363636363636365,1.0,0.4666666666666667,0.5333333333333333,118
3,1500870311,0.5,0.2,0.2,0.25,20,20,4,8,3,5,10,1,0.375,0.75,0.3333333333333333,0.5,118
4,1650321299,0.5,0.2,0.2,0.25,20,20,2,8,1,7,10,1,0.125,0.5,0.4117647058823529,0.2,118
5,1333518085,0.5,0.2,0.2,0.25,20,20,2,9,0,9,8,2,0.0,0.0,0.5294117647058824,0.0,118
6,1971461721,0.5,0.2,0.2,0.25,20,20,3,4,0,4,12,3,0.0,0.0,0.25,0.0,118
7,2058160242,0.5,0.2,0.2,0.25,20,20,0,7,0,7,12,0,0.0,,0.3684210526315789,,118
8,159882605,0.5,0.2,0.2,0.25,20,20,3,10,1,9,7,2,0.1,0.3333333333333333,0.5625,0.15384615384615383,118
9,1209954100,0.5,0.2,0.2,0.25,20,20,4,3,1,2,13,3,0.3333333333333333,0.25,0.13333333333333333,0.28571428571428575,118
10,262737348,0.5,0.2,0.2,0.25,20,20,2,8,1,7,10,1,0.125,0.5,0.4117647058823529,0.2,118
11,806708001,0.5,0.2,0.2,0.25,20,20,5,10,2,8,6,3,0.2,0.4,0.5714285714285714,0.26666666666666666,118
12,1337467785,0.5,0.2,0.2,0.25,20,20,1,4,0,4,14,1,0.0,0.0,0.2222222222222222,0.0,118
13,318267610,0.5,0.2,0.2,0.25,20,20,5,8,2,6,8,3,0.25,0.4,0.42857142857142855,0.3076923076923077,118
14,44042813,0.5,0.2,0.2,0.25,20,20,3,12,1,11,5,2,0.08333333333333333,0.3333333333333333,0.6875,0.13333333333333333,118
15,1516834180,0.5,0.2,0.2,0.25,20,20,5,3,1,2,12,4,0.3333333333333333,0.2,0.14285714285714285,0.25,118
16,987733721,0.5,0.2,0.2,0.25,20,20,1,3,0,3,15,1,0.0,0.0,0.16666666666666666,0.0,118
17,1221587301,0.5,0.2,0.2,0.25,20,20,2,8,0,8,9,2,0.0,0.0,0.47058823529411764,0.0,118
18,1402042842,0.5,0.2,0.2,0.25,20,20,2,6,1,5,12,1,0.16666666666666666,0.5,0.29411764705882354,0.25,118
19,1966531701,0.5,0.2,0.2,0.25,20,20,0,5,0,5,14,0,0.0,,0.2631578947368421,,118
20,1562956353,0.5,0.2,0.2,0.25,20,20,2,11,2,9,8,0,0.18181818181818182,1.0,0.5294117647058824,0.3076923076923077,118
21,1906543174,0.5,0.2,0.2,0.25,20,20,4,8,2,6,9,2,0.25,0.5,0.4,0.3333333333333333,118
22,2119336994,0.5,0.2,0.2,0.25,20,20,3,9,2,7,9,1,0.2222222222222222,0.6666666666666666,0.4375,0.3333333333333333,118
23,987170920,0.5,0.2,0.2,0.25,20,20,2,8,1,7,10,1,0.125,0.5,0.4117647058823529,0.2,118
24,273358995,0.5,0.2,0.2,0.25,20,20,2,6,0,6,11,2,0.0,0.0,0.35294117647058826,0.0,118
25,1883737162,0.5,0.2,0.2,0.25,20,20,1,14,1,13,5,0,0.07142857142857142,1.0,0.7222222222222222,0.13333333333333333,118
26,1548070221,0.5,0.2,0.2,0.25,20,20,2,9,0,9,8,2,0.0,0.0,0.5294117647058824,0.0,118
27,1729243836,0.5,0.2,0.2,0.25,20,20,3,5,0,5,11,3,0.0,0.0,0.3125,0.0,118
28,1513297688,0.5,0.2,0.2,0.25,20,20,2,7,0,7,10,2,0.0,0.0,0.4117647058823529,0.0,118
29,141931777,0.5,0.2,0.2,0.25,20,20,1,2,0,2,16,1,0.0,0.0,0.1111111111111111,0.0,118
30,1383787524,0.5,0.2,0.2,0.25,20,20,0,8,0,8,11,0,0.0,,0.42105263157894735,,118
31,1736876169,0.5,0.2,0.2,0.25,20,20,3,5,1,4,12,2,0.2,0.3333333333333333,0.25,0.25,118
32,1981317257,0.5,0.2,0.2,0.25,20,20,5,9,1,8,6,4,0.1111111111111111,0.2,0.5714285714285714,0.14285714285714285,118
33,926833776,0.5,0.2,0.2,0.25,20,20,0,3,0,3,16,0,0.0,,0.15789473684210525,,118
34,1269264357,0.5,0.2,0.2,0.25,20,20,1,7,1,6,12,0,0.14285714285714285,1.0,0.3333333333333333,0.25,118
35,874206247,0.5,0.2,0.2,0.25,20,20,1,8,1,7,11,0,0.125,1.0,0.3888888888888889,0.2222222222222222,118
36,56224878,0.5,0.2,0.2,0.25,20,20,3,6,1,5,11,2,0.16666666666666666,0.3333333333333333,0.3125,0.2222222222222222,118
37,648546183,0.5,0.2,0.2,0.25,20,20,1,12,1,11,7,0,0.08333333333333333,1.0,0.6111111111111112,0.15384615384615385,118
38,123294673,0.5,0.2,0.2,0.25,20,20,1,7,0,7,11,1,0.0,0.0,0.3888888888888889,0.0,118
39,1104797159,0.5,0.2,0.2,0.25,20,20,3,5,2,3,13,1,0.4,0.6666666666666666,0.1875,0.5,118
40,1371054779,0.5,0.2,0.2,0.25,20,20,2,10,1,9,8,1,0.1,0.5,0.5294117647058824,0.16666666666666669,118
41,1458583089,0.5,0.2,0.2,0.25,20,20,0,7,0,7,12,0,0.0,,0.3684210526315789,,118
42,1631686199,0.5,0.2,0.2,0.25,20,20,1,6,1,5,13,0,0.16666666666666666,1.0,0.2777777777777778,0.2857142857142857,118
43,2046838525,0.5,0.2,0.2,0.25,20,20,3,12,2,10,6,1,0.16666666666666666,0.6666666666666666,0.625,0.26666666666666666,118
44,1457685355,0.5,0.2,0.2,0.25,20,20,3,5,1,4,12,2,0.2,0.3333333333333333,0.25,0.25,118
45,777034808,0.5,0.2,0.2,0.25,20,20,1,10,1,9,9,0,0.1,1.0,0.5,0.18181818181818182,118
46,1069238958,0.5,0.2,0.2,0.25,20,20,3,8,1,7,9,2,0.125,0.3333333333333333,0.4375,0.18181818181818182,118
47,455757079,0.5,0.2,0.2,0.25,20,20,2,13,2,11,6,0,0.15384615384615385,1.0,0.6470588235294118,0.2666666666666667,118
48,171551879,0.5,0.2,0.2,0.25,20,20,3,10,2,8,8,1,0.2,0.6666666666666666,0.5,0.30769230769230765,118
49,31444277,0.5,0.2,0.2,0.25,20,20,3,10,1,9,7,2,0.1,0.3333333333333333,0.5625,0.15384615384615383,118
0,719566209,0.5,0.2,0.2,0.25,40,40,5,24,1,23,11,4,0.041666666666666664,0.2,0.6764705882352942,0.06896551724137931,119
1,679813331,0.5,0.2,0.2,0.25,40,40,5,15,5,10,24,0,0.3333333333333333,1.0,0.29411764705882354,0.5,119
2,1963018861,0.5,0.2,0.2,0.25,40,40,1,21,1,20,18,0,0.047619047619047616,1.0,0.5263157894736842,0.0909090909090909,119
3,366412442,0.5,0.2,0.2,0.25,40,40,2,19,1,18,19,1,0.05263157894736842,0.5,0.4864864864864865,0.09523809523809525,119
4,1139829153,0.5,0.2,0.2,0.25,40,40,2,19,1,18,19,1,0.05263157894736842,0.5,0.4864864864864865,0.09523809523809525,119
5,1863733841,0.5,0.2,0.2,0.25,40,40,3,24,1,23,13,2,0.041666666666666664,0.3333333333333333,0.6388888888888888,0.07407407407407407,119
6,369419367,0.5,0.2,0.2,0.25,40,40,3,22,3,19,17,0,0.13636363636363635,1.0,0.5277777777777778,0.24000000000000002,119
7,508225168,0.5,0.2,0.2,0.25,40,40,4,22,2,20,15,2,0.09090909090909091,0.5,0.5714285714285714,0.15384615384615385,119
8,574734140,0.5,0.2,0.2,0.25,40,40,1,21,1,20,18,0,0.047619047619047616,1.0,0.5263157894736842,0.0909090909090909,119
9,1450710422,0.5,0.2,0.2,0.25,40,40,3,16,1,15,21,2,0.0625,0.3333333333333333,0.4166666666666667,0.10526315789473684,119
10,1113705406,0.5,0.2,0.2,0.25,40,40,1,22,1,21,17,0,0.045454545454545456,1.0,0.5526315789473685,0.08695652173913045,119
11,1983708541,0.5,0.2,0.2,0.25,40,40,3,25,2,23,13,1,0.08,0.6666666666666666,0.6388888888888888,0.14285714285714285,119
12,289281220,0.5,0.2,0.2,0.25,40,40,7,26,4,22,10,3,0.15384615384615385,0.5714285714285714,0.6875,0.24242424242424246,119
13,1016493832,0.5,0.2,0.2,0.25,40,40,3,23,2,21,15,1,0.08695652173913043,0.6666666666666666,0.5833333333333334,0.15384615384615383,119
14,1766843348,0.5,0.2,0.2,0.25,40,40,1,20,1,19,19,0,0.05,1.0,0.5,0.09523809523809523,119
15,2102059758,0.5,0.2,0.2,0.25,40,40,1,21,1,20,18,0,0.047619047619047616,1.0,0.5263157894736842,0.0909090909090909,119
16,1736441521,0.5,0.2,0.2,0.25,40,40,1,16,1,15,23,0,0.0625,1.0,0.39473684210526316,0.11764705882352941,119
17,1623535236,0.5,0.2,0.2,0.25,40,40,1,26,0,26,12,1,0.0,0.0,0.6842105263157895,0.0,119
18,15599333,0.5,0.2,0.2,0.25,40,40,2,23,1,22,15,1,0.043478260869565216,0.5,0.5945945945945946,0.08,119
19,1799284156,0.5,0.2,0.2,0.25,40,40,3,23,3,20,16,0,0.13043478260869565,1.0,0.5555555555555556,0.23076923076923078,119
20,1281153553,0.5,0.2,0.2,0.25,40,40,0,22,0,22,17,0,0.0,,0.5641025641025641,,119
21,439688382,0.5,0.2,0.2,0.25,40,40,1,24,1,23,15,0,0.041666666666666664,1.0,0.6052631578947368,0.07999999999999999,119
22,1073066071,0.5,0.2,0.2,0.25,40,40,2,28,1,27,10,1,0.03571428571428571,0.5,0.7297297297297297,0.06666666666666667,119
23,757742211,0.5,0.2,0.2,0.25,40,40,2,15,2,13,24,0,0.13333333333333333,1.0,0.35135135135135137,0.23529411764705882,119
24,1470071667,0.5,0.2,0.2,0.25,40,40,5,21,3,18,16,2,0.14285714285714285,0.6,0.5294117647058824,0.23076923076923073,119
25,549560977,0.5,0.2,0.2,0.25,40,40,5,18,4,14,20,1,0.2222222222222222,0.8,0.4117647058823529,0.3478260869565218,119
26,835016359,0.5,0.2,0.2,0.25,40,40,1,22,1,21,17,0,0.045454545454545456,1.0,0.5526315789473685,0.08695652173913045,119
27,1480858144,0.5,0.2,0.2,0.25,40,40,1,19,0,19,19,1,0.0,0.0,0.5,0.0,119
28,1431819587,0.5,0.2,0.2,0.25,40,40,5,26,4,22,12,1,0.15384615384615385,0.8,0.6470588235294118,0.25806451612903225,119
29,684293666,0.5,0.2,0.2,0.25,40,40,5,23,3,20,14,2,0.13043478260869565,0.6,0.5882352941176471,0.21428571428571427,119
30,131486124,0.5,0.2,0.2,0.25,40,40,3,23,1,22,14,2,0.043478260869565216,0.3333333333333333,0.6111111111111112,0.07692307692307691,119
31,1442969271,0.5,0.2,0.2,0.25,40,40,3,21,2,19,17,1,0.09523809523809523,0.6666666666666666,0.5277777777777778,0.16666666666666666,119
32,339677142,0.5,0.2,0.2,0.25,40,40,2,22,2,20,17,0,0.09090909090909091,1.0,0.5405405405405406,0.16666666666666669,119
33,1425359578,0.5,0.2,0.2,0.25,40,40,4,21,4,17,18,0,0.19047619047619047,1.0,0.4857142857142857,0.32,119
34,1938898552,0.5,0.2,0.2,0.25,40,40,5,19,1,18,16,4,0.05263157894736842,0.2,0.5294117647058824,0.08333333333333333,119
35,745056054,0.5,0.2,0.2,0.25,40,40,3,25,2,23,13,1,0.08,0.6666666666666666,0.6388888888888888,0.14285714285714285,119
36,2023471138,0.5,0.2,0.2,0.25,40,40,3,18,2,16,20,1,0.1111111111111111,0.6666666666666666,0.4444444444444444,0.1904761904761905,119
37,1950889583,0.5,0.2,0.2,0.25,40,40,4,20,2,18,17,2,0.1,0.5,0.5142857142857142,0.16666666666666669,119
38,1561119484,0.5,0.2,0.2,0.25,40,40,3,20,2,18,18,1,0.1,0.6666666666666666,0.5,0.1739130434782609,119
39,1713667094,0.5,0.2,0.2,0.25,40,40,3,20,1,19,17,2,0.05,0.3333333333333333,0.5277777777777778,0.08695652173913045,119
40,702498109,0.5,0.2,0.2,0.25,40,40,2,25,1,24,13,1,0.04,0.5,0.6486486486486487,0.07407407407407407,119
41,26776765,0.5,0.2,0.2,0.25,40,40,1,20,1,19,19,0,0.05,1.0,0.5,0.09523809523809523,119
42,621985684,0.5,0.2,0.2,0.25,40,40,2,17,2,15,22,0,0.11764705882352941,1.0,0.40540540540540543,0.21052631578947367,119
43,756491335,0.5,0.2,0.2,0.25,40,40,1,24,1,23,15,0,0.041666666666666664,1.0,0.6052631578947368,0.07999999999999999,119
44,1261144276,0.5,0.2,0.2,0.25,40,40,0,14,0,14,25,0,0.0,,0.358974358974359,,119
45,1067469927,0.5,0.2,0.2,0.25,40,40,3,19,1,18,18,2,0.05263157894736842,0.3333333333333333,0.5,0.09090909090909091,119
46,1307203840,0.5,0.2,0.2,0.25,40,40,2,23,2,21,16,0,0.08695652173913043,1.0,0.5675675675675675,0.16,119
47,733723690,0.5,0.2,0.2,0.25,40,40,2,26,2,24,13,0,0.07692307692307693,1.0,0.6486486486486487,0.14285714285714288,119
48,399722764,0.5,0.2,0.2,0.25,40,40,6,21,4,17,16,2,0.19047619047619047,0.6666666666666666,0.5151515151515151,0.2962962962962963,119
49,616444255,0.5,0.2,0.2,0.25,40,40,0,12,0,12,27,0,0.0,,0.3076923076923077,,119
0,1868001416,0.5,0.2,0.35,0.0,20,20,3,2,2,0,16,1,1.0,0.6666666666666666,0.0,0.8,120
1,750205797,0.5,0.2,0.35,0.0,20,20,3,1,1,0,16,2,1.0,0.3333333333333333,0.0,0.5,120
2,1507408999,0.5,0.2,0.35,0.0,20,20,2,0,0,0,17,2,,0.0,0.0,,120
3,1582945337,0.5,0.2,0.35,0.0,20,20,1,0,0,0,18,1,,0.0,0.0,,120
4,7757716,0.5,0.2,0.35,0.0,20,20,2,0,0,0,17,2,,0.0,0.0,,120
5,354241731,0.5,0.2,0.35,0.0,20,20,5,0,0,0,14,5,,0.0,0.0,,120
6,1657369063,0.5,0.2,0.35,0.0,20,20,1,0,0,0,18,1,,0.0,0.0,,120
7,149753410,0.5,0.2,0.35,0.0,20,20,2,0,0,0,17,2,,0.0,0.0,,120
8,1820479191,0.5,0.2,0.35,0.0,20,20,1,1,1,0,18,0,1.0,1.0,0.0,1.0,120
9,1994059359,0.5,0.2,0.35,0.0,20,20,1,0,0,0,18,1,,0.0,0.0,,120
10,1265477698,0.5,0.2,0.35,0.0,20,20,1,0,0,0,18,1,,0.0,0.0,,120
11,1022636716,0.5,0.2,0.35,0.0,20,20,2,0,0,0,17,2,,0.0,0.0,,120
12,1656119490,0.5,0.2,0.35,0.0,20,20,1,0,0,0,18,1,,0.0,0.0,,120
13,1850245540,0.5,0.2,0.35,0.0,20,20,0,0,0,0,19,0,,,0.0,,120
14,1491979333,0.5,0.2,0.35,0.0,20,20,1,0,0,0,18,1,,0.0,0.0,,120
15,953655696,0.5,0.2,0.35,0.0,20,20,2,0,0,0,17,2,,0.0,0.0,,120
16,1178272139,0.5,0.2,0.35,0.0,20,20,2,0,0,0,17,2,,0.0,0.0,,120
17,835398176,0.5,0.2,0.35,0.0,20,20,5,0,0,0,14,5,,0.0,0.0,,120
18,1246253270,0.5,0.2,0.35,0.0,20,20,1,0,0,0,18,1,,0.0,0.0,,120
19,1429848344,0.5,0.2,0.35,0.0,20,20,0,0,0,0,19,0,,,0.0,,120
20,1116695889,0.5,0.2,0.35,0.0,20,20,2,0,0,0,17,2,,0.0,0.0,,120
21,1064097733,0.5,0.2,0.35,0.0,20,20,3,0,0,0,16,3,,0.0,0.0,,120
22,2133193051,0.5,0.2,0.35,0.0,20,20,1,0,0,0,18,1,,0.0,0.0,,120
23,220974525,0.5,0.2,0.35,0.0,20,20,3,0,0,0,16,3,,0.0,0.0,,120
24,961659697,0.5,0.2,0.35,0.0,20,20,2,0,0,0,17,2,,0.0,0.0,,120
25,146940031,0.5,0.2,0.35,0.0,20,20,3,0,0,0,16,3,,0.0,0.0,,120
26,1114026132,0.5,0.2,0.35,0.0,20,20,2,0,0,0,17,2,,0.0,0.0,,120
27,237348019,0.5,0.2,0.35,0.0,20,20,5,0,0,0,14,5,,0.0,0.0,,120
28,1586747968,0.5,0.2,0.35,0.0,20,20,2,1,0,1,16,2,0.0,0.0,0.058823529411764705,0.0,120
29,589836667,0.5,0.2,0.35,0.0,20,20,0,0,0,0,19,0,,,0.0,,120
30,761770624,0.5,0.2,0.35,0.0,20,20,3,0,0,0,16,3,,0.0,0.0,,120
31,751234973,0.5,0.2,0.35,0.0,20,20,1,0,0,0,18,1,,0.0,0.0,,120
32,1624206396,0.5,0.2,0.35,0.0,20,20,2,0,0,0,17,2,,0.0,0.0,,120
33,1007185742,0.5,0.2,0.35,0.0,20,20,0,0,0,0,19,0,,,0.0,,120
34,1677917283,0.5,0.2,0.35,0.0,20,20,0,0,0,0,19,0,,,0.0,,120
35,287548422,0.5,0.2,0.35,0.0,20,20,1,0,0,0,18,1,,0.0,0.0,,120
36,193616019,0.5,0.2,0.35,0.0,20,20,2,0,0,0,17,2,,0.0,0.0,,120
37,1306182471,0.5,0.2,0.35,0.0,20,20,2,0,0,0,17,2,,0.0,0.0,,120
38,131276837,0.5,0.2,0.35,0.0,20,20,4,1,1,0,15,3,1.0,0.25,0.0,0.4,120
39,1968991485,0.5,0.2,0.35,0.0,20,20,4,0,0,0,15,4,,0.0,0.0,,120
40,291075884,0.5,0.2,0.35,0.0,20,20,5,1,1,0,14,4,1.0,0.2,0.0,0.33333333333333337,120
41,747897286,0.5,0.2,0.35,0.0,20,20,4,0,0,0,15,4,,0.0,0.0,,120
42,1591392173,0.5,0.2,0.35,0.0,20,20,3,0,0,0,16,3,,0.0,0.0,,120
43,1320067455,0.5,0.2,0.35,0.0,20,20,3,0,0,0,16,3,,0.0,0.0,,120
44,1969538166,0.5,0.2,0.35,0.0,20,20,0,0,0,0,19,0,,,0.0,,120
45,114358870,0.5,0.2,0.35,0.0,20,20,3,0,0,0,16,3,,0.0,0.0,,120
46,263807188,0.5,0.2,0.35,0.0,20,20,2,0,0,0,17,2,,0.0,0.0,,120
47,1948008983,0.5,0.2,0.35,0.0,20,20,1,0,0,0,18,1,,0.0,0.0,,120
48,878137503,0.5,0.2,0.35,0.0,20,20,3,0,0,0,16,3,,0.0,0.0,,120
49,126639613,0.5,0.2,0.35,0.0,20,20,1,0,0,0,18,1,,0.0,0.0,,120
0,665026775,0.5,0.2,0.35,0.0,40,40,3,0,0,0,36,3,,0.0,0.0,,121
1,1064068822,0.5,0.2,0.35,0.0,40,40,2,1,1,0,37,1,1.0,0.5,0.0,0.6666666666666666,121
2,1083455095,0.5,0.2,0.35,0.0,40,40,3,1,1,0,36,2,1.0,0.3333333333333333,0.0,0.5,121
3,426466644,0.5,0.2,0.35,0.0,40,40,3,0,0,0,36,3,,0.0,0.0,,121
4,965581436,0.5,0.2,0.35,0.0,40,40,4,0,0,0,35,4,,0.0,0.0,,121
5,1603877541,0.5,0.2,0.35,0.0,40,40,3,1,1,0,36,2,1.0,0.3333333333333333,0.0,0.5,121
6,379101539,0.5,0.2,0.35,0.0,40,40,4,0,0,0,35,4,,0.0,0.0,,121
7,1281475189,0.5,0.2,0.35,0.0,40,40,3,1,1,0,36,2,1.0,0.3333333333333333,0.0,0.5,121
8,890497283,0.5,0.2,0.35,0.0,40,40,1,0,0,0,38,1,,0.0,0.0,,121
9,1824164425,0.5,0.2,0.35,0.0,40,40,3,0,0,0,36,3,,0.0,0.0,,121
10,1948810291,0.5,0.2,0.35,0.0,40,40,5,0,0,0,34,5,,0.0,0.0,,121
11,904094986,0.5,0.2,0.35,0.0,40,40,0,0,0,0,39,0,,,0.0,,121
12,524753286,0.5,0.2,0.35,0.0,40,40,1,1,1,0,38,0,1.0,1.0,0.0,1.0,121
13,663683383,0.5,0.2,0.35,0.0,40,40,0,0,0,0,39,0,,,0.0,,121
14,1656160218,0.5,0.2,0.35,0.0,40,40,1,2,1,1,37,0,0.5,1.0,0.02631578947368421,0.6666666666666666,121
15,1774146188,0.5,0.2,0.35,0.0,40,40,6,2,2,0,33,4,1.0,0.3333333333333333,0.0,0.5,121
16,480346053,0.5,0.2,0.35,0.0,40,40,1,0,0,0,38,1,,0.0,0.0,,121
17,2063093116,0.5,0.2,0.35,0.0,40,40,1,0,0,0,38,1,,0.0,0.0,,121
18,296437197,0.5,0.2,0.35,0.0,40,40,2,0,0,0,37,2,,0.0,0.0,,121
19,831789034,0.5,0.2,0.35,0.0,40,40,2,0,0,0,37,2,,0.0,0.0,,121
20,1433273992,0.5,0.2,0.35,0.0,40,40,3,2,0,2,34,3,0.0,0.0,0.05555555555555555,0.0,121
21,1884959602,0.5,0.2,0.35,0.0,40,40,3,1,1,0,36,2,1.0,0.3333333333333333,0.0,0.5,121
22,1491082694,0.5,0.2,0.35,0.0,40,40,4,0,0,0,35,4,,0.0,0.0,,121
23,1980330137,0.5,0.2,0.35,0.0,40,40,6,2,2,0,33,4,1.0,0.3333333333333333,0.0,0.5,121
24,1930017286,0.5,0.2,0.35,0.0,40,40,4,0,0,0,35,4,,0.0,0.0,,121
25,1002245587,0.5,0.2,0.35,0.0,40,40,1,1,0,1,37,1,0.0,0.0,0.02631578947368421,0.0,121
26,1621004184,0.5,0.2,0.35,0.0,40,40,2,0,0,0,37,2,,0.0,0.0,,121
27,1418667276,0.5,0.2,0.35,0.0,40,40,2,0,0,0,37,2,,0.0,0.0,,121
28,794989586,0.5,0.2,0.35,0.0,40,40,0,0,0,0,39,0,,,0.0,,121
29,1097054747,0.5,0.2,0.35,0.0,40,40,3,0,0,0,36,3,,0.0,0.0,,121
30,2062844203,0.5,0.2,0.35,0.0,40,40,2,0,0,0,37,2,,0.0,0.0,,121
31,437755936,0.5,0.2,0.35,0.0,40,40,2,0,0,0,37,2,,0.0,0.0,,121
32,197659828,0.5,0.2,0.35,0.0,40,40,4,1,1,0,35,3,1.0,0.25,0.0,0.4,121
33,792501322,0.5,0.2,0.35,0.0,40,40,2,1,1,0,37,1,1.0,0.5,0.0,0.6666666666666666,121
34,1137628366,0.5,0.2,0.35,0.0,40,40,3,1,1,0,36,2,1.0,0.3333333333333333,0.0,0.5,121
35,2018484832,0.5,0.2,0.35,0.0,40,40,2,0,0,0,37,2,,0.0,0.0,,121
36,821394715,0.5,0.2,0.35,0.0,40,40,6,1,1,0,33,5,1.0,0.16666666666666666,0.0,0.2857142857142857,121
37,1903353084,0.5,0.2,0.35,0.0,40,40,1,0,0,0,38,1,,0.0,0.0,,121
38,527381973,0.5,0.2,0.35,0.0,40,40,5,0,0,0,34,5,,0.0,0.0,,121
39,1852890712,0.5,0.2,0.35,0.0,40,40,2,1,0,1,36,2,0.0,0.0,0.02702702702702703,0.0,121
40,950372040,0.5,0.2,0.35,0.0,40,40,3,0,0,0,36,3,,0.0,0.0,,121
41,1164778908,0.5,0.2,0.35,0.0,40,40,3,1,1,0,36,2,1.0,0.3333333333333333,0.0,0.5,121
42,865932073,0.5,0.2,0.35,0.0,40,40,5,0,0,0,34,5,,0.0,0.0,,121
43,1304054637,0.5,0.2,0.35,0.0,40,40,1,0,0,0,38,1,,0.0,0.0,,121
44,441451017,0.5,0.2,0.35,0.0,40,40,0,0,0,0,39,0,,,0.0,,121
45,517489602,0.5,0.2,0.35,0.0,40,40,1,0,0,0,38,1,,0.0,0.0,,121
46,1582864667,0.5,0.2,0.35,0.0,40,40,3,0,0,0,36,3,,0.0,0.0,,121
47,242989000,0.5,0.2,0.35,0.0,40,40,6,1,1,0,33,5,1.0,0.16666666666666666,0.0,0.2857142857142857,121
48,76277979,0.5,0.2,0.35,0.0,40,40,3,0,0,0,36,3,,0.0,0.0,,121
49,809954379,0.5,0.2,0.35,0.0,40,40,2,0,0,0,37,2,,0.0,0.0,,121
0,664601144,0.5,0.2,0.35,0.1,20,20,3,0,0,0,16,3,,0.0,0.0,,122
1,240509030,0.5,0.2,0.35,0.1,20,20,1,0,0,0,18,1,,0.0,0.0,,122
2,1049437547,0.5,0.2,0.35,0.1,20,20,1,1,0,1,17,1,0.0,0.0,0.05555555555555555,0.0,122
3,1756154430,0.5,0.2,0.35,0.1,20,20,0,0,0,0,19,0,,,0.0,,122
4,1172638538,0.5,0.2,0.35,0.1,20,20,2,1,0,1,16,2,0.0,0.0,0.058823529411764705,0.0,122
5,1964362223,0.5,0.2,0.35,0.1,20,20,3,0,0,0,16,3,,0.0,0.0,,122
6,1944956710,0.5,0.2,0.35,0.1,20,20,1,0,0,0,18,1,,0.0,0.0,,122
7,237046218,0.5,0.2,0.35,0.1,20,20,0,1,0,1,18,0,0.0,,0.05263157894736842,,122
8,2136922991,0.5,0.2,0.35,0.1,20,20,0,0,0,0,19,0,,,0.0,,122
9,1823101895,0.5,0.2,0.35,0.1,20,20,2,0,0,0,17,2,,0.0,0.0,,122
10,1672812486,0.5,0.2,0.35,0.1,20,20,4,0,0,0,15,4,,0.0,0.0,,122
11,381933046,0.5,0.2,0.35,0.1,20,20,1,1,0,1,17,1,0.0,0.0,0.05555555555555555,0.0,122
12,174654238,0.5,0.2,0.35,0.1,20,20,2,0,0,0,17,2,,0.0,0.0,,122
13,1037476889,0.5,0.2,0.35,0.1,20,20,4,2,1,1,14,3,0.5,0.25,0.06666666666666667,0.3333333333333333,122
14,1243932261,0.5,0.2,0.35,0.1,20,20,3,0,0,0,16,3,,0.0,0.0,,122
15,1208507448,0.5,0.2,0.35,0.1,20,20,0,1,0,1,18,0,0.0,,0.05263157894736842,,122
16,1561695349,0.5,0.2,0.35,0.1,20,20,5,0,0,0,14,5,,0.0,0.0,,122
17,2038637244,0.5,0.2,0.35,0.1,20,20,3,2,2,0,16,1,1.0,0.6666666666666666,0.0,0.8,122
18,496677838,0.5,0.2,0.35,0.1,20,20,2,0,0,0,17,2,,0.0,0.0,,122
19,2018069095,0.5,0.2,0.35,0.1,20,20,1,0,0,0,18,1,,0.0,0.0,,122
20,541624011,0.5,0.2,0.35,0.1,20,20,3,1,0,1,15,3,0.0,0.0,0.0625,0.0,122
21,370576851,0.5,0.2,0.35,0.1,20,20,1,1,0,1,17,1,0.0,0.0,0.05555555555555555,0.0,122
22,481771333,0.5,0.2,0.35,0.1,20,20,3,1,0,1,15,3,0.0,0.0,0.0625,0.0,122
23,999774121,0.5,0.2,0.35,0.1,20,20,4,0,0,0,15,4,,0.0,0.0,,122
24,1181732229,0.5,0.2,0.35,0.1,20,20,1,1,1,0,18,0,1.0,1.0,0.0,1.0,122
25,141068967,0.5,0.2,0.35,0.1,20,20,2,1,0,1,16,2,0.0,0.0,0.058823529411764705,0.0,122
26,399288703,0.5,0.2,0.35,0.1,20,20,0,1,0,1,18,0,0.0,,0.05263157894736842,,122
27,89410261,0.5,0.2,0.35,0.1,20,20,1,0,0,0,18,1,,0.0,0.0,,122
28,277702694,0.5,0.2,0.35,0.1,20,20,3,1,0,1,15,3,0.0,0.0,0.0625,0.0,122
29,2045906353,0.5,0.2,0.35,0.1,20,20,4,1,0,1,14,4,0.0,0.0,0.06666666666666667,0.0,122
30,1742332293,0.5,0.2,0.35,0.1,20,20,0,2,0,2,17,0,0.0,,0.10526315789473684,,122
31,288966574,0.5,0.2,0.35,0.1,20,20,1,0,0,0,18,1,,0.0,0.0,,122
32,1822796996,0.5,0.2,0.35,0.1,20,20,1,3,1,2,16,0,0.3333333333333333,1.0,0.1111111111111111,0.5,122
33,2132481446,0.5,0.2,0.35,0.1,20,20,1,1,0,1,17,1,0.0,0.0,0.05555555555555555,0.0,122
34,254893667,0.5,0.2,0.35,0.1,20,20,3,0,0,0,16,3,,0.0,0.0,,122
35,2118449648,0.5,0.2,0.35,0.1,20,20,1,0,0,0,18,1,,0.0,0.0,,122
36,748815695,0.5,0.2,0.35,0.1,20,20,2,0,0,0,17,2,,0.0,0.0,,122
37,1568845193,0.5,0.2,0.35,0.1,20,20,0,2,0,2,17,0,0.0,,0.10526315789473684,,122
38,301631119,0.5,0.2,0.35,0.1,20,20,3,0,0,0,16,3,,0.0,0.0,,122
39,211089953,0.5,0.2,0.35,0.1,20,20,0,0,0,0,19,0,,,0.0,,122
40,1227917467,0.5,0.2,0.35,0.1,20,20,3,1,1,0,16,2,1.0,0.3333333333333333,0.0,0.5,122
41,1661796089,0.5,0.2,0.35,0.1,20,20,2,0,0,0,17,2,,0.0,0.0,,122
42,1777011429,0.5,0.2,0.35,0.1,20,20,1,0,0,0,18,1,,0.0,0.0,,122
43,233032417,0.5,0.2,0.35,0.1,20,20,2,0,0,0,17,2,,0.0,0.0,,122
44,1944571400,0.5,0.2,0.35,0.1,20,20,5,0,0,0,14,5,,0.0,0.0,,122
45,1339241061,0.5,0.2,0.35,0.1,20,20,2,0,0,0,17,2,,0.0,0.0,,122
46,617229734,0.5,0.2,0.35,0.1,20,20,3,3,1,2,14,2,0.3333333333333333,0.3333333333333333,0.125,0.3333333333333333,122
47,1343192921,0.5,0.2,0.35,0.1,20,20,1,0,0,0,18,1,,0.0,0.0,,122
48,1967049689,0.5,0.2,0.35,0.1,20,20,2,0,0,0,17,2,,0.0,0.0,,122
49,574626230,0.5,0.2,0.35,0.1,20,20,2,0,0,0,17,2,,0.0,0.0,,122
0,233037457,0.5,0.2,0.35,0.1,40,40,5,2,0,2,32,5,0.0,0.0,0.058823529411764705,0.0,123
1,933381880,0.5,0.2,0.35,0.1,40,40,3,0,0,0,36,3,,0.0,0.0,,123
2,756028938,0.5,0.2,0.35,0.1,40,40,0,1,0,1,38,0,0.0,,0.02564102564102564,,123
3,1978027490,0.5,0.2,0.35,0.1,40,40,1,3,0,3,35,1,0.0,0.0,0.07894736842105263,0.0,123
4,205764110,0.5,0.2,0.35,0.1,40,40,1,1,0,1,37,1,0.0,0.0,0.02631578947368421,0.0,123
5,1524162314,0.5,0.2,0.35,0.1,40,40,2,2,0,2,35,2,0.0,0.0,0.05405405405405406,0.0,123
6,950205165,0.5,0.2,0.35,0.1,40,40,3,1,1,0,36,2,1.0,0.3333333333333333,0.0,0.5,123
7,975778869,0.5,0.2,0.35,0.1,40,40,1,3,0,3,35,1,0.0,0.0,0.07894736842105263,0.0,123
8,404643194,0.5,0.2,0.35,0.1,40,40,2,0,0,0,37,2,,0.0,0.0,,123
9,950606515,0.5,0.2,0.35,0.1,40,40,3,3,0,3,33,3,0.0,0.0,0.08333333333333333,0.0,123
10,1384470568,0.5,0.2,0.35,0.1,40,40,2,3,1,2,35,1,0.3333333333333333,0.5,0.05405405405405406,0.4,123
11,133219082,0.5,0.2,0.35,0.1,40,40,1,2,0,2,36,1,0.0,0.0,0.05263157894736842,0.0,123
12,1949341099,0.5,0.2,0.35,0.1,40,40,3,2,0,2,34,3,0.0,0.0,0.05555555555555555,0.0,123
13,390654716,0.5,0.2,0.35,0.1,40,40,2,3,1,2,35,1,0.3333333333333333,0.5,0.05405405405405406,0.4,123
14,870273928,0.5,0.2,0.35,0.1,40,40,3,0,0,0,36,3,,0.0,0.0,,123
15,229549836,0.5,0.2,0.35,0.1,40,40,4,3,1,2,33,3,0.3333333333333333,0.25,0.05714285714285714,0.28571428571428575,123
16,1522222514,0.5,0.2,0.35,0.1,40,40,1,0,0,0,38,1,,0.0,0.0,,123
17,1730099713,0.5,0.2,0.35,0.1,40,40,2,1,0,1,36,2,0.0,0.0,0.02702702702702703,0.0,123
18,1417838531,0.5,0.2,0.35,0.1,40,40,0,0,0,0,39,0,,,0.0,,123
19,1456892308,0.5,0.2,0.35,0.1,40,40,3,3,1,2,34,2,0.3333333333333333,0.3333333333333333,0.05555555555555555,0.3333333333333333,123
20,42102436,0.5,0.2,0.35,0.1,40,40,5,3,0,3,31,5,0.0,0.0,0.08823529411764706,0.0,123
21,1846954863,0.5,0.2,0.35,0.1,40,40,3,3,0,3,33,3,0.0,0.0,0.08333333333333333,0.0,123
22,1429961667,0.5,0.2,0.35,0.1,40,40,3,5,2,3,33,1,0.4,0.6666666666666666,0.08333333333333333,0.5,123
23,1684178105,0.5,0.2,0.35,0.1,40,40,2,1,0,1,36,2,0.0,0.0,0.02702702702702703,0.0,123
24,2135850344,0.5,0.2,0.35,0.1,40,40,1,4,1,3,35,0,0.25,1.0,0.07894736842105263,0.4,123
25,2073295668,0.5,0.2,0.35,0.1,40,40,2,3,2,1,36,0,0.6666666666666666,1.0,0.02702702702702703,0.8,123
26,2005860802,0.5,0.2,0.35,0.1,40,40,4,2,0,2,33,4,0.0,0.0,0.05714285714285714,0.0,123
27,1660825567,0.5,0.2,0.35,0.1,40,40,3,2,1,1,35,2,0.5,0.3333333333333333,0.027777777777777776,0.4,123
28,420193854,0.5,0.2,0.35,0.1,40,40,2,2,0,2,35,2,0.0,0.0,0.05405405405405406,0.0,123
29,435616552,0.5,0.2,0.35,0.1,40,40,2,3,0,3,34,2,0.0,0.0,0.08108108108108109,0.0,123
30,591296645,0.5,0.2,0.35,0.1,40,40,2,4,1,3,34,1,0.25,0.5,0.08108108108108109,0.3333333333333333,123
31,1756279022,0.5,0.2,0.35,0.1,40,40,3,3,2,1,35,1,0.6666666666666666,0.6666666666666666,0.027777777777777776,0.6666666666666666,123
32,693742162,0.5,0.2,0.35,0.1,40,40,4,4,1,3,32,3,0.25,0.25,0.08571428571428572,0.25,123
33,915053174,0.5,0.2,0.35,0.1,40,40,2,2,0,2,35,2,0.0,0.0,0.05405405405405406,0.0,123
34,1355955970,0.5,0.2,0.35,0.1,40,40,2,2,0,2,35,2,0.0,0.0,0.05405405405405406,0.0,123
35,2066213072,0.5,0.2,0.35,0.1,40,40,5,3,3,0,34,2,1.0,0.6,0.0,0.7499999999999999,123
36,1645710782,0.5,0.2,0.35,0.1,40,40,3,0,0,0,36,3,,0.0,0.0,,123
37,45609023,0.5,0.2,0.35,0.1,40,40,4,3,0,3,32,4,0.0,0.0,0.08571428571428572,0.0,123
38,2097256853,0.5,0.2,0.35,0.1,40,40,3,5,2,3,33,1,0.4,0.6666666666666666,0.08333333333333333,0.5,123
39,102797117,0.5,0.2,0.35,0.1,40,40,3,1,0,1,35,3,0.0,0.0,0.027777777777777776,0.0,123
40,1118454007,0.5,0.2,0.35,0.1,40,40,2,1,0,1,36,2,0.0,0.0,0.02702702702702703,0.0,123
41,1716248250,0.5,0.2,0.35,0.1,40,40,4,3,1,2,33,3,0.3333333333333333,0.25,0.05714285714285714,0.28571428571428575,123
42,202748187,0.5,0.2,0.35,0.1,40,40,2,2,0,2,35,2,0.0,0.0,0.05405405405405406,0.0,123
43,159843136,0.5,0.2,0.35,0.1,40,40,1,1,0,1,37,1,0.0,0.0,0.02631578947368421,0.0,123
44,673751986,0.5,0.2,0.35,0.1,40,40,1,2,0,2,36,1,0.0,0.0,0.05263157894736842,0.0,123
45,2138326670,0.5,0.2,0.35,0.1,40,40,3,5,2,3,33,1,0.4,0.6666666666666666,0.08333333333333333,0.5,123
46,1524757671,0.5,0.2,0.35,0.1,40,40,3,0,0,0,36,3,,0.0,0.0,,123
47,1381045836,0.5,0.2,0.35,0.1,40,40,3,1,0,1,35,3,0.0,0.0,0.027777777777777776,0.0,123
48,1975679214,0.5,0.2,0.35,0.1,40,40,2,2,0,2,35,2,0.0,0.0,0.05405405405405406,0.0,123
49,1558603130,0.5,0.2,0.35,0.1,40,40,3,1,1,0,36,2,1.0,0.3333333333333333,0.0,0.5,123
0,1842511736,0.5,0.2,0.35,0.25,20,20,5,1,0,1,13,5,0.0,0.0,0.07142857142857142,0.0,124
1,182508910,0.5,0.2,0.35,0.25,20,20,4,5,1,4,11,3,0.2,0.25,0.26666666666666666,0.22222222222222224,124
2,1989782618,0.5,0.2,0.35,0.25,20,20,1,1,0,1,17,1,0.0,0.0,0.05555555555555555,0.0,124
3,2018580951,0.5,0.2,0.35,0.25,20,20,5,3,1,2,12,4,0.3333333333333333,0.2,0.14285714285714285,0.25,124
4,459241014,0.5,0.2,0.35,0.25,20,20,1,5,1,4,14,0,0.2,1.0,0.2222222222222222,0.33333333333333337,124
5,1341691575,0.5,0.2,0.35,0.25,20,20,3,3,0,3,13,3,0.0,0.0,0.1875,0.0,124
6,2055280351,0.5,0.2,0.35,0.25,20,20,2,1,0,1,16,2,0.0,0.0,0.058823529411764705,0.0,124
7,233160358,0.5,0.2,0.35,0.25,20,20,2,6,1,5,12,1,0.16666666666666666,0.5,0.29411764705882354,0.25,124
8,1951120073,0.5,0.2,0.35,0.25,20,20,1,1,0,1,17,1,0.0,0.0,0.05555555555555555,0.0,124
9,1887701745,0.5,0.2,0.35,0.25,20,20,3,6,1,5,11,2,0.16666666666666666,0.3333333333333333,0.3125,0.2222222222222222,124
10,1174886698,0.5,0.2,0.35,0.25,20,20,4,4,2,2,13,2,0.5,0.5,0.13333333333333333,0.5,124
11,214797575,0.5,0.2,0.35,0.25,20,20,2,1,0,1,16,2,0.0,0.0,0.058823529411764705,0.0,124
12,1601524067,0.5,0.2,0.35,0.25,20,20,3,5,0,5,11,3,0.0,0.0,0.3125,0.0,124
13,847163713,0.5,0.2,0.35,0.25,20,20,5,4,1,3,11,4,0.25,0.2,0.21428571428571427,0.22222222222222224,124
14,1674782434,0.5,0.2,0.35,0.25,20,20,2,3,1,2,15,1,0.3333333333333333,0.5,0.11764705882352941,0.4,124
15,1444330654,0.5,0.2,0.35,0.25,20,20,4,3,1,2,13,3,0.3333333333333333,0.25,0.13333333333333333,0.28571428571428575,124
16,726293362,0.5,0.2,0.35,0.25,20,20,6,3,1,2,11,5,0.3333333333333333,0.16666666666666666,0.15384615384615385,0.2222222222222222,124
17,162059085,0.5,0.2,0.35,0.25,20,20,2,2,0,2,15,2,0.0,0.0,0.11764705882352941,0.0,124
18,172624054,0.5,0.2,0.35,0.25,20,20,1,2,0,2,16,1,0.0,0.0,0.1111111111111111,0.0,124
19,1434381816,0.5,0.2,0.35,0.25,20,20,3,4,0,4,12,3,0.0,0.0,0.25,0.0,124
20,499920499,0.5,0.2,0.35,0.25,20,20,5,2,0,2,12,5,0.0,0.0,0.14285714285714285,0.0,124
21,1915838204,0.5,0.2,0.35,0.25,20,20,3,2,1,1,15,2,0.5,0.3333333333333333,0.0625,0.4,124
22,1871284702,0.5,0.2,0.35,0.25,20,20,1,4,1,3,15,0,0.25,1.0,0.16666666666666666,0.4,124
23,88277358,0.5,0.2,0.35,0.25,20,20,2,4,1,3,14,1,0.25,0.5,0.17647058823529413,0.3333333333333333,124
24,114981727,0.5,0.2,0.35,0.25,20,20,1,1,0,1,17,1,0.0,0.0,0.05555555555555555,0.0,124
25,1005117432,0.5,0.2,0.35,0.25,20,20,4,4,0,4,11,4,0.0,0.0,0.26666666666666666,0.0,124
26,261324310,0.5,0.2,0.35,0.25,20,20,5,7,3,4,10,2,0.42857142857142855,0.6,0.2857142857142857,0.5,124
27,1709673225,0.5,0.2,0.35,0.25,20,20,4,4,1,3,12,3,0.25,0.25,0.2,0.25,124
28,1163884636,0.5,0.2,0.35,0.25,20,20,2,3,0,3,14,2,0.0,0.0,0.17647058823529413,0.0,124
29,2105363672,0.5,0.2,0.35,0.25,20,20,2,2,0,2,15,2,0.0,0.0,0.11764705882352941,0.0,124
30,338462516,0.5,0.2,0.35,0.25,20,20,0,6,0,6,13,0,0.0,,0.3157894736842105,,124
31,1230475769,0.5,0.2,0.35,0.25,20,20,2,2,0,2,15,2,0.0,0.0,0.11764705882352941,0.0,124
32,1009831148,0.5,0.2,0.35,0.25,20,20,2,5,1,4,13,1,0.2,0.5,0.23529411764705882,0.28571428571428575,124
33,116397110,0.5,0.2,0.35,0.25,20,20,2,4,0,4,13,2,0.0,0.0,0.23529411764705882,0.0,124
34,1520027290,0.5,0.2,0.35,0.25,20,20,2,5,0,5,12,2,0.0,0.0,0.29411764705882354,0.0,124
35,342908905,0.5,0.2,0.35,0.25,20,20,3,3,0,3,13,3,0.0,0.0,0.1875,0.0,124
36,944955468,0.5,0.2,0.35,0.25,20,20,1,3,0,3,15,1,0.0,0.0,0.16666666666666666,0.0,124
37,2048075800,0.5,0.2,0.35,0.25,20,20,6,4,3,1,12,3,0.75,0.5,0.07692307692307693,0.6,124
38,172775573,0.5,0.2,0.35,0.25,20,20,1,2,0,2,16,1,0.0,0.0,0.1111111111111111,0.0,124
39,1268156473,0.5,0.2,0.35,0.25,20,20,2,4,0,4,13,2,0.0,0.0,0.23529411764705882,0.0,124
40,354847904,0.5,0.2,0.35,0.25,20,20,5,5,2,3,11,3,0.4,0.4,0.21428571428571427,0.4000000000000001,124
41,1102171648,0.5,0.2,0.35,0.25,20,20,2,8,0,8,9,2,0.0,0.0,0.47058823529411764,0.0,124
42,850502841,0.5,0.2,0.35,0.25,20,20,1,2,0,2,16,1,0.0,0.0,0.1111111111111111,0.0,124
43,1403637358,0.5,0.2,0.35,0.25,20,20,1,4,1,3,15,0,0.25,1.0,0.16666666666666666,0.4,124
44,2024803970,0.5,0.2,0.35,0.25,20,20,4,3,1,2,13,3,0.3333333333333333,0.25,0.13333333333333333,0.28571428571428575,124
45,1153104828,0.5,0.2,0.35,0.25,20,20,8,2,2,0,11,6,1.0,0.25,0.0,0.4,124
46,1432424788,0.5,0.2,0.35,0.25,20,20,3,5,1,4,12,2,0.2,0.3333333333333333,0.25,0.25,124
47,1652272522,0.5,0.2,0.35,0.25,20,20,2,5,1,4,13,1,0.2,0.5,0.23529411764705882,0.28571428571428575,124
48,1379392860,0.5,0.2,0.35,0.25,20,20,2,5,1,4,13,1,0.2,0.5,0.23529411764705882,0.28571428571428575,124
49,1450698658,0.5,0.2,0.35,0.25,20,20,4,1,0,1,14,4,0.0,0.0,0.06666666666666667,0.0,124
0,1462212813,0.5,0.2,0.35,0.25,40,40,6,14,3,11,22,3,0.21428571428571427,0.5,0.3333333333333333,0.3,125
1,15438099,0.5,0.2,0.35,0.25,40,40,1,14,0,14,24,1,0.0,0.0,0.3684210526315789,0.0,125
2,1667277493,0.5,0.2,0.35,0.25,40,40,3,19,2,17,19,1,0.10526315789473684,0.6666666666666666,0.4722222222222222,0.18181818181818182,125
3,432796640,0.5,0.2,0.35,0.25,40,40,0,9,0,9,30,0,0.0,,0.23076923076923078,,125
4,1626534349,0.5,0.2,0.35,0.25,40,40,2,12,2,10,27,0,0.16666666666666666,1.0,0.2702702702702703,0.2857142857142857,125
5,497899875,0.5,0.2,0.35,0.25,40,40,1,12,0,12,26,1,0.0,0.0,0.3157894736842105,0.0,125
6,1177330123,0.5,0.2,0.35,0.25,40,40,1,7,0,7,31,1,0.0,0.0,0.18421052631578946,0.0,125
7,1577934321,0.5,0.2,0.35,0.25,40,40,2,11,0,11,26,2,0.0,0.0,0.2972972972972973,0.0,125
8,1488682899,0.5,0.2,0.35,0.25,40,40,2,16,0,16,21,2,0.0,0.0,0.43243243243243246,0.0,125
9,365262686,0.5,0.2,0.35,0.25,40,40,2,14,0,14,23,2,0.0,0.0,0.3783783783783784,0.0,125
10,2090616848,0.5,0.2,0.35,0.25,40,40,4,11,2,9,26,2,0.18181818181818182,0.5,0.2571428571428571,0.26666666666666666,125
11,2093301408,0.5,0.2,0.35,0.25,40,40,2,10,1,9,28,1,0.1,0.5,0.24324324324324326,0.16666666666666669,125
12,971084289,0.5,0.2,0.35,0.25,40,40,3,10,3,7,29,0,0.3,1.0,0.19444444444444445,0.4615384615384615,125
13,1564935044,0.5,0.2,0.35,0.25,40,40,2,9,1,8,29,1,0.1111111111111111,0.5,0.21621621621621623,0.1818181818181818,125
14,1768988203,0.5,0.2,0.35,0.25,40,40,2,10,1,9,28,1,0.1,0.5,0.24324324324324326,0.16666666666666669,125
15,2113687839,0.5,0.2,0.35,0.25,40,40,1,9,1,8,30,0,0.1111111111111111,1.0,0.21052631578947367,0.19999999999999998,125
16,1332167363,0.5,0.2,0.35,0.25,40,40,2,11,2,9,28,0,0.18181818181818182,1.0,0.24324324324324326,0.3076923076923077,125
17,456335210,0.5,0.2,0.35,0.25,40,40,3,10,1,9,27,2,0.1,0.3333333333333333,0.25,0.15384615384615383,125
18,1688413023,0.5,0.2,0.35,0.25,40,40,2,12,0,12,25,2,0.0,0.0,0.32432432432432434,0.0,125
19,1643710039,0.5,0.2,0.35,0.25,40,40,2,16,1,15,22,1,0.0625,0.5,0.40540540540540543,0.1111111111111111,125
20,621472865,0.5,0.2,0.35,0.25,40,40,7,8,3,5,27,4,0.375,0.42857142857142855,0.15625,0.39999999999999997,125
21,1451200186,0.5,0.2,0.35,0.25,40,40,3,12,2,10,26,1,0.16666666666666666,0.6666666666666666,0.2777777777777778,0.26666666666666666,125
22,2011569931,0.5,0.2,0.35,0.25,40,40,1,11,0,11,27,1,0.0,0.0,0.2894736842105263,0.0,125
23,2015790798,0.5,0.2,0.35,0.25,40,40,2,15,1,14,23,1,0.06666666666666667,0.5,0.3783783783783784,0.11764705882352941,125
24,931629227,0.5,0.2,0.35,0.25,40,40,3,13,1,12,24,2,0.07692307692307693,0.3333333333333333,0.3333333333333333,0.125,125
25,1637406549,0.5,0.2,0.35,0.25,40,40,5,12,1,11,23,4,0.08333333333333333,0.2,0.3235294117647059,0.11764705882352941,125
26,1499142450,0.5,0.2,0.35,0.25,40,40,0,12,0,12,27,0,0.0,,0.3076923076923077,,125
27,1321850872,0.5,0.2,0.35,0.25,40,40,5,18,4,14,20,1,0.2222222222222222,0.8,0.4117647058823529,0.3478260869565218,125
28,1923941537,0.5,0.2,0.35,0.25,40,40,2,15,0,15,22,2,0.0,0.0,0.40540540540540543,0.0,125
29,1865816891,0.5,0.2,0.35,0.25,40,40,1,16,1,15,23,0,0.0625,1.0,0.39473684210526316,0.11764705882352941,125
30,467431050,0.5,0.2,0.35,0.25,40,40,4,9,1,8,27,3,0.1111111111111111,0.25,0.22857142857142856,0.15384615384615383,125
31,1175731540,0.5,0.2,0.35,0.25,40,40,4,12,3,9,26,1,0.25,0.75,0.2571428571428571,0.375,125
32,211527377,0.5,0.2,0.35,0.25,40,40,2,9,0,9,28,2,0.0,0.0,0.24324324324324326,0.0,125
33,1119376164,0.5,0.2,0.35,0.25,40,40,3,11,1,10,26,2,0.09090909090909091,0.3333333333333333,0.2777777777777778,0.14285714285714288,125
34,1923994549,0.5,0.2,0.35,0.25,40,40,0,15,0,15,24,0,0.0,,0.38461538461538464,,125
35,701501756,0.5,0.2,0.35,0.25,40,40,3,14,1,13,23,2,0.07142857142857142,0.3333333333333333,0.3611111111111111,0.11764705882352941,125
36,1460894299,0.5,0.2,0.35,0.25,40,40,0,17,0,17,22,0,0.0,,0.4358974358974359,,125
37,1295207763,0.5,0.2,0.35,0.25,40,40,3,14,2,12,24,1,0.14285714285714285,0.6666666666666666,0.3333333333333333,0.23529411764705882,125
38,1582158903,0.5,0.2,0.35,0.25,40,40,5,11,1,10,24,4,0.09090909090909091,0.2,0.29411764705882354,0.12500000000000003,125
39,236848430,0.5,0.2,0.35,0.25,40,40,1,11,1,10,28,0,0.09090909090909091,1.0,0.2631578947368421,0.16666666666666669,125
40,814589193,0.5,0.2,0.35,0.25,40,40,5,11,2,9,25,3,0.18181818181818182,0.4,0.2647058823529412,0.25000000000000006,125
41,1180894815,0.5,0.2,0.35,0.25,40,40,9,16,5,11,19,4,0.3125,0.5555555555555556,0.36666666666666664,0.39999999999999997,125
42,1889140012,0.5,0.2,0.35,0.25,40,40,1,12,0,12,26,1,0.0,0.0,0.3157894736842105,0.0,125
43,1844192766,0.5,0.2,0.35,0.25,40,40,4,11,1,10,25,3,0.09090909090909091,0.25,0.2857142857142857,0.13333333333333333,125
44,1204267618,0.5,0.2,0.35,0.25,40,40,4,16,1,15,20,3,0.0625,0.25,0.42857142857142855,0.1,125
45,1492295202,0.5,0.2,0.35,0.25,40,40,1,11,1,10,28,0,0.09090909090909091,1.0,0.2631578947368421,0.16666666666666669,125
46,203220913,0.5,0.2,0.35,0.25,40,40,1,12,0,12,26,1,0.0,0.0,0.3157894736842105,0.0,125
47,541009063,0.5,0.2,0.35,0.25,40,40,4,10,0,10,25,4,0.0,0.0,0.2857142857142857,0.0,125
48,730041425,0.5,0.2,0.35,0.25,40,40,1,9,0,9,29,1,0.0,0.0,0.23684210526315788,0.0,125
49,176976755,0.5,0.2,0.35,0.25,40,40,4,20,3,17,18,1,0.15,0.75,0.4857142857142857,0.24999999999999997,125
0,757061977,0.5,0.5,0.1,0.0,20,20,4,3,3,0,15,1,1.0,0.75,0.0,0.8571428571428571,126
1,1520800966,0.5,0.5,0.1,0.0,20,20,2,1,1,0,17,1,1.0,0.5,0.0,0.6666666666666666,126
2,2079529609,0.5,0.5,0.1,0.0,20,20,0,0,0,0,19,0,,,0.0,,126
3,1156669375,0.5,0.5,0.1,0.0,20,20,0,0,0,0,19,0,,,0.0,,126
4,1137274262,0.5,0.5,0.1,0.0,20,20,2,1,1,0,17,1,1.0,0.5,0.0,0.6666666666666666,126
5,1494790922,0.5,0.5,0.1,0.0,20,20,2,2,2,0,17,0,1.0,1.0,0.0,1.0,126
6,443585956,0.5,0.5,0.1,0.0,20,20,5,1,1,0,14,4,1.0,0.2,0.0,0.33333333333333337,126
7,1416697967,0.5,0.5,0.1,0.0,20,20,5,5,5,0,14,0,1.0,1.0,0.0,1.0,126
8,1613432386,0.5,0.5,0.1,0.0,20,20,5,5,5,0,14,0,1.0,1.0,0.0,1.0,126
9,2144148933,0.5,0.5,0.1,0.0,20,20,1,1,1,0,18,0,1.0,1.0,0.0,1.0,126
10,1088948020,0.5,0.5,0.1,0.0,20,20,1,1,1,0,18,0,1.0,1.0,0.0,1.0,126
11,527024352,0.5,0.5,0.1,0.0,20,20,3,2,2,0,16,1,1.0,0.6666666666666666,0.0,0.8,126
12,1453103470,0.5,0.5,0.1,0.0,20,20,2,2,2,0,17,0,1.0,1.0,0.0,1.0,126
13,114324998,0.5,0.5,0.1,0.0,20,20,2,2,2,0,17,0,1.0,1.0,0.0,1.0,126
14,679325438,0.5,0.5,0.1,0.0,20,20,2,3,2,1,16,0,0.6666666666666666,1.0,0.058823529411764705,0.8,126
15,1355541424,0.5,0.5,0.1,0.0,20,20,2,2,2,0,17,0,1.0,1.0,0.0,1.0,126
16,1218621030,0.5,0.5,0.1,0.0,20,20,2,2,2,0,17,0,1.0,1.0,0.0,1.0,126
17,609545498,0.5,0.5,0.1,0.0,20,20,3,3,3,0,16,0,1.0,1.0,0.0,1.0,126
18,1691597741,0.5,0.5,0.1,0.0,20,20,1,1,1,0,18,0,1.0,1.0,0.0,1.0,126
19,1792814710,0.5,0.5,0.1,0.0,20,20,4,5,4,1,14,0,0.8,1.0,0.06666666666666667,0.888888888888889,126
20,1053210757,0.5,0.5,0.1,0.0,20,20,1,1,1,0,18,0,1.0,1.0,0.0,1.0,126
21,85120728,0.5,0.5,0.1,0.0,20,20,1,1,1,0,18,0,1.0,1.0,0.0,1.0,126
22,590524732,0.5,0.5,0.1,0.0,20,20,4,3,3,0,15,1,1.0,0.75,0.0,0.8571428571428571,126
23,2143630990,0.5,0.5,0.1,0.0,20,20,3,4,3,1,15,0,0.75,1.0,0.0625,0.8571428571428571,126
24,991367444,0.5,0.5,0.1,0.0,20,20,2,2,2,0,17,0,1.0,1.0,0.0,1.0,126
25,102311317,0.5,0.5,0.1,0.0,20,20,1,1,1,0,18,0,1.0,1.0,0.0,1.0,126
26,222381557,0.5,0.5,0.1,0.0,20,20,5,5,5,0,14,0,1.0,1.0,0.0,1.0,126
27,714192411,0.5,0.5,0.1,0.0,20,20,3,3,3,0,16,0,1.0,1.0,0.0,1.0,126
28,975620473,0.5,0.5,0.1,0.0,20,20,1,1,1,0,18,0,1.0,1.0,0.0,1.0,126
29,894879973,0.5,0.5,0.1,0.0,20,20,3,2,2,0,16,1,1.0,0.6666666666666666,0.0,0.8,126
30,1146136148,0.5,0.5,0.1,0.0,20,20,4,2,2,0,15,2,1.0,0.5,0.0,0.6666666666666666,126
31,1427303375,0.5,0.5,0.1,0.0,20,20,3,2,2,0,16,1,1.0,0.6666666666666666,0.0,0.8,126
32,74450523,0.5,0.5,0.1,0.0,20,20,4,3,3,0,15,1,1.0,0.75,0.0,0.8571428571428571,126
33,1576516712,0.5,0.5,0.1,0.0,20,20,3,2,2,0,16,1,1.0,0.6666666666666666,0.0,0.8,126
34,717596884,0.5,0.5,0.1,0.0,20,20,3,3,3,0,16,0,1.0,1.0,0.0,1.0,126
35,1194681899,0.5,0.5,0.1,0.0,20,20,3,2,2,0,16,1,1.0,0.6666666666666666,0.0,0.8,126
36,1037155843,0.5,0.5,0.1,0.0,20,20,5,4,4,0,14,1,1.0,0.8,0.0,0.888888888888889,126
37,455957538,0.5,0.5,0.1,0.0,20,20,1,1,1,0,18,0,1.0,1.0,0.0,1.0,126
38,1226236995,0.5,0.5,0.1,0.0,20,20,5,4,4,0,14,1,1.0,0.8,0.0,0.888888888888889,126
39,1310900600,0.5,0.5,0.1,0.0,20,20,2,1,1,0,17,1,1.0,0.5,0.0,0.6666666666666666,126
40,219311,0.5,0.5,0.1,0.0,20,20,3,3,3,0,16,0,1.0,1.0,0.0,1.0,126
41,185782745,0.5,0.5,0.1,0.0,20,20,3,1,1,0,16,2,1.0,0.3333333333333333,0.0,0.5,126
42,632738161,0.5,0.5,0.1,0.0,20,20,0,0,0,0,19,0,,,0.0,,126
43,179191045,0.5,0.5,0.1,0.0,20,20,3,3,3,0,16,0,1.0,1.0,0.0,1.0,126
44,1157518584,0.5,0.5,0.1,0.0,20,20,3,3,3,0,16,0,1.0,1.0,0.0,1.0,126
45,1730609905,0.5,0.5,0.1,0.0,20,20,2,2,2,0,17,0,1.0,1.0,0.0,1.0,126
46,734728025,0.5,0.5,0.1,0.0,20,20,4,4,4,0,15,0,1.0,1.0,0.0,1.0,126
47,1796296113,0.5,0.5,0.1,0.0,20,20,1,1,1,0,18,0,1.0,1.0,0.0,1.0,126
48,80128782,0.5,0.5,0.1,0.0,20,20,1,1,1,0,18,0,1.0,1.0,0.0,1.0,126
49,1431902457,0.5,0.5,0.1,0.0,20,20,3,1,1,0,16,2,1.0,0.3333333333333333,0.0,0.5,126
0,1444298146,0.5,0.5,0.1,0.0,40,40,2,2,2,0,37,0,1.0,1.0,0.0,1.0,127
1,439589303,0.5,0.5,0.1,0.0,40,40,4,4,4,0,35,0,1.0,1.0,0.0,1.0,127
2,541711475,0.5,0.5,0.1,0.0,40,40,1,1,1,0,38,0,1.0,1.0,0.0,1.0,127
3,1456401142,0.5,0.5,0.1,0.0,40,40,3,2,2,0,36,1,1.0,0.6666666666666666,0.0,0.8,127
4,1660705698,0.5,0.5,0.1,0.0,40,40,2,2,2,0,37,0,1.0,1.0,0.0,1.0,127
5,1035114358,0.5,0.5,0.1,0.0,40,40,0,0,0,0,39,0,,,0.0,,127
6,125852358,0.5,0.5,0.1,0.0,40,40,3,3,3,0,36,0,1.0,1.0,0.0,1.0,127
7,1939548528,0.5,0.5,0.1,0.0,40,40,1,1,1,0,38,0,1.0,1.0,0.0,1.0,127
8,999817261,0.5,0.5,0.1,0.0,40,40,6,4,4,0,33,2,1.0,0.6666666666666666,0.0,0.8,127
9,2083654236,0.5,0.5,0.1,0.0,40,40,1,1,1,0,38,0,1.0,1.0,0.0,1.0,127
10,1390507206,0.5,0.5,0.1,0.0,40,40,5,4,4,0,34,1,1.0,0.8,0.0,0.888888888888889,127
11,1864843453,0.5,0.5,0.1,0.0,40,40,4,4,4,0,35,0,1.0,1.0,0.0,1.0,127
12,661933669,0.5,0.5,0.1,0.0,40,40,2,4,2,2,35,0,0.5,1.0,0.05405405405405406,0.6666666666666666,127
13,537480046,0.5,0.5,0.1,0.0,40,40,2,1,1,0,37,1,1.0,0.5,0.0,0.6666666666666666,127
14,1806407190,0.5,0.5,0.1,0.0,40,40,1,1,1,0,38,0,1.0,1.0,0.0,1.0,127
15,1737756326,0.5,0.5,0.1,0.0,40,40,1,1,1,0,38,0,1.0,1.0,0.0,1.0,127
16,117941404,0.5,0.5,0.1,0.0,40,40,2,2,2,0,37,0,1.0,1.0,0.0,1.0,127
17,2002018219,0.5,0.5,0.1,0.0,40,40,2,2,2,0,37,0,1.0,1.0,0.0,1.0,127
18,1190851079,0.5,0.5,0.1,0.0,40,40,3,3,3,0,36,0,1.0,1.0,0.0,1.0,127
19,989459464,0.5,0.5,0.1,0.0,40,40,1,1,1,0,38,0,1.0,1.0,0.0,1.0,127
20,103485983,0.5,0.5,0.1,0.0,40,40,3,3,3,0,36,0,1.0,1.0,0.0,1.0,127
21,1817845743,0.5,0.5,0.1,0.0,40,40,0,0,0,0,39,0,,,0.0,,127
22,570352155,0.5,0.5,0.1,0.0,40,40,4,4,4,0,35,0,1.0,1.0,0.0,1.0,127
23,475303096,0.5,0.5,0.1,0.0,40,40,1,1,1,0,38,0,1.0,1.0,0.0,1.0,127
24,1984115114,0.5,0.5,0.1,0.0,40,40,4,3,3,0,35,1,1.0,0.75,0.0,0.8571428571428571,127
25,261724570,0.5,0.5,0.1,0.0,40,40,3,2,2,0,36,1,1.0,0.6666666666666666,0.0,0.8,127
26,1079154900,0.5,0.5,0.1,0.0,40,40,2,2,2,0,37,0,1.0,1.0,0.0,1.0,127
27,1121822870,0.5,0.5,0.1,0.0,40,40,2,2,2,0,37,0,1.0,1.0,0.0,1.0,127
28,1324839187,0.5,0.5,0.1,0.0,40,40,3,3,3,0,36,0,1.0,1.0,0.0,1.0,127
29,50556881,0.5,0.5,0.1,0.0,40,40,2,0,0,0,37,2,,0.0,0.0,,127
30,1652829499,0.5,0.5,0.1,0.0,40,40,3,2,2,0,36,1,1.0,0.6666666666666666,0.0,0.8,127
31,1670684884,0.5,0.5,0.1,0.0,40,40,3,2,2,0,36,1,1.0,0.6666666666666666,0.0,0.8,127
32,214220652,0.5,0.5,0.1,0.0,40,40,4,3,3,0,35,1,1.0,0.75,0.0,0.8571428571428571,127
33,1733759698,0.5,0.5,0.1,0.0,40,40,4,3,3,0,35,1,1.0,0.75,0.0,0.8571428571428571,127
34,1672726743,0.5,0.5,0.1,0.0,40,40,1,1,1,0,38,0,1.0,1.0,0.0,1.0,127
35,1663162973,0.5,0.5,0.1,0.0,40,40,0,0,0,0,39,0,,,0.0,,127
36,403365288,0.5,0.5,0.1,0.0,40,40,3,2,2,0,36,1,1.0,0.6666666666666666,0.0,0.8,127
37,1539285596,0.5,0.5,0.1,0.0,40,40,5,3,3,0,34,2,1.0,0.6,0.0,0.7499999999999999,127
38,260329774,0.5,0.5,0.1,0.0,40,40,4,3,3,0,35,1,1.0,0.75,0.0,0.8571428571428571,127
39,297621395,0.5,0.5,0.1,0.0,40,40,1,2,1,1,37,0,0.5,1.0,0.02631578947368421,0.6666666666666666,127
40,1782586696,0.5,0.5,0.1,0.0,40,40,3,3,3,0,36,0,1.0,1.0,0.0,1.0,127
41,45222406,0.5,0.5,0.1,0.0,40,40,2,2,2,0,37,0,1.0,1.0,0.0,1.0,127
42,207583431,0.5,0.5,0.1,0.0,40,40,5,4,4,0,34,1,1.0,0.8,0.0,0.888888888888889,127
43,1007419100,0.5,0.5,0.1,0.0,40,40,1,1,1,0,38,0,1.0,1.0,0.0,1.0,127
44,981908109,0.5,0.5,0.1,0.0,40,40,2,3,2,1,36,0,0.6666666666666666,1.0,0.02702702702702703,0.8,127
45,1764399600,0.5,0.5,0.1,0.0,40,40,1,1,1,0,38,0,1.0,1.0,0.0,1.0,127
46,745689290,0.5,0.5,0.1,0.0,40,40,2,1,1,0,37,1,1.0,0.5,0.0,0.6666666666666666,127
47,1622764835,0.5,0.5,0.1,0.0,40,40,5,5,5,0,34,0,1.0,1.0,0.0,1.0,127
48,70062600,0.5,0.5,0.1,0.0,40,40,3,3,3,0,36,0,1.0,1.0,0.0,1.0,127
49,1306452393,0.5,0.5,0.1,0.0,40,40,3,2,2,0,36,1,1.0,0.6666666666666666,0.0,0.8,127
0,1012953426,0.5,0.5,0.1,0.1,20,20,4,3,3,0,15,1,1.0,0.75,0.0,0.8571428571428571,128
1,581718769,0.5,0.5,0.1,0.1,20,20,2,4,0,4,13,2,0.0,0.0,0.23529411764705882,0.0,128
2,1381472549,0.5,0.5,0.1,0.1,20,20,0,5,0,5,14,0,0.0,,0.2631578947368421,,128
3,1010264318,0.5,0.5,0.1,0.1,20,20,5,6,3,3,11,2,0.5,0.6,0.21428571428571427,0.5454545454545454,128
4,997935087,0.5,0.5,0.1,0.1,20,20,4,8,3,5,10,1,0.375,0.75,0.3333333333333333,0.5,128
5,134701043,0.5,0.5,0.1,0.1,20,20,1,3,1,2,16,0,0.3333333333333333,1.0,0.1111111111111111,0.5,128
6,1873983251,0.5,0.5,0.1,0.1,20,20,2,6,2,4,13,0,0.3333333333333333,1.0,0.23529411764705882,0.5,128
7,1605998400,0.5,0.5,0.1,0.1,20,20,3,13,3,10,6,0,0.23076923076923078,1.0,0.625,0.375,128
8,161202113,0.5,0.5,0.1,0.1,20,20,1,9,1,8,10,0,0.1111111111111111,1.0,0.4444444444444444,0.19999999999999998,128
9,1513992170,0.5,0.5,0.1,0.1,20,20,2,10,2,8,9,0,0.2,1.0,0.47058823529411764,0.33333333333333337,128
10,989726834,0.5,0.5,0.1,0.1,20,20,2,6,0,6,11,2,0.0,0.0,0.35294117647058826,0.0,128
11,136775983,0.5,0.5,0.1,0.1,20,20,1,7,1,6,12,0,0.14285714285714285,1.0,0.3333333333333333,0.25,128
12,435388322,0.5,0.5,0.1,0.1,20,20,3,11,2,9,7,1,0.18181818181818182,0.6666666666666666,0.5625,0.28571428571428575,128
13,1263196159,0.5,0.5,0.1,0.1,20,20,0,4,0,4,15,0,0.0,,0.21052631578947367,,128
14,1091059172,0.5,0.5,0.1,0.1,20,20,4,6,3,3,12,1,0.5,0.75,0.2,0.6,128
15,1678184403,0.5,0.5,0.1,0.1,20,20,0,9,0,9,10,0,0.0,,0.47368421052631576,,128
16,848628668,0.5,0.5,0.1,0.1,20,20,3,8,3,5,11,0,0.375,1.0,0.3125,0.5454545454545454,128
17,494723618,0.5,0.5,0.1,0.1,20,20,3,7,3,4,12,0,0.42857142857142855,1.0,0.25,0.6,128
18,245280840,0.5,0.5,0.1,0.1,20,20,0,5,0,5,14,0,0.0,,0.2631578947368421,,128
19,1011518716,0.5,0.5,0.1,0.1,20,20,1,8,1,7,11,0,0.125,1.0,0.3888888888888889,0.2222222222222222,128
20,826521302,0.5,0.5,0.1,0.1,20,20,6,10,5,5,8,1,0.5,0.8333333333333334,0.38461538461538464,0.625,128
21,555528692,0.5,0.5,0.1,0.1,20,20,0,6,0,6,13,0,0.0,,0.3157894736842105,,128
22,1376791613,0.5,0.5,0.1,0.1,20,20,2,6,2,4,13,0,0.3333333333333333,1.0,0.23529411764705882,0.5,128
23,2143169743,0.5,0.5,0.1,0.1,20,20,3,6,2,4,12,1,0.3333333333333333,0.6666666666666666,0.25,0.4444444444444444,128
24,874148688,0.5,0.5,0.1,0.1,20,20,2,10,2,8,9,0,0.2,1.0,0.47058823529411764,0.33333333333333337,128
25,592711204,0.5,0.5,0.1,0.1,20,20,4,9,3,6,9,1,0.3333333333333333,0.75,0.4,0.46153846153846156,128
26,1756748814,0.5,0.5,0.1,0.1,20,20,2,9,2,7,10,0,0.2222222222222222,1.0,0.4117647058823529,0.3636363636363636,128
27,461897646,0.5,0.5,0.1,0.1,20,20,4,9,4,5,10,0,0.4444444444444444,1.0,0.3333333333333333,0.6153846153846153,128
28,622291819,0.5,0.5,0.1,0.1,20,20,3,7,1,6,10,2,0.14285714285714285,0.3333333333333333,0.375,0.2,128
29,747496580,0.5,0.5,0.1,0.1,20,20,5,6,2,4,10,3,0.3333333333333333,0.4,0.2857142857142857,0.3636363636363636,128
30,1614484872,0.5,0.5,0.1,0.1,20,20,1,5,1,4,14,0,0.2,1.0,0.2222222222222222,0.33333333333333337,128
31,1438179978,0.5,0.5,0.1,0.1,20,20,2,5,1,4,13,1,0.2,0.5,0.23529411764705882,0.28571428571428575,128
32,1951843799,0.5,0.5,0.1,0.1,20,20,2,6,2,4,13,0,0.3333333333333333,1.0,0.23529411764705882,0.5,128
33,1920922096,0.5,0.5,0.1,0.1,20,20,2,6,0,6,11,2,0.0,0.0,0.35294117647058826,0.0,128
34,2005215770,0.5,0.5,0.1,0.1,20,20,2,10,1,9,8,1,0.1,0.5,0.5294117647058824,0.16666666666666669,128
35,508332498,0.5,0.5,0.1,0.1,20,20,2,5,1,4,13,1,0.2,0.5,0.23529411764705882,0.28571428571428575,128
36,1657130113,0.5,0.5,0.1,0.1,20,20,1,8,0,8,10,1,0.0,0.0,0.4444444444444444,0.0,128
37,1634032279,0.5,0.5,0.1,0.1,20,20,1,6,1,5,13,0,0.16666666666666666,1.0,0.2777777777777778,0.2857142857142857,128
38,2084366507,0.5,0.5,0.1,0.1,20,20,4,10,4,6,9,0,0.4,1.0,0.4,0.5714285714285715,128
39,753039078,0.5,0.5,0.1,0.1,20,20,3,5,3,2,14,0,0.6,1.0,0.125,0.7499999999999999,128
40,568831803,0.5,0.5,0.1,0.1,20,20,3,5,2,3,13,1,0.4,0.6666666666666666,0.1875,0.5,128
41,301053390,0.5,0.5,0.1,0.1,20,20,4,8,3,5,10,1,0.375,0.75,0.3333333333333333,0.5,128
42,1753558965,0.5,0.5,0.1,0.1,20,20,2,11,2,9,8,0,0.18181818181818182,1.0,0.5294117647058824,0.3076923076923077,128
43,537798831,0.5,0.5,0.1,0.1,20,20,1,3,0,3,15,1,0.0,0.0,0.16666666666666666,0.0,128
44,1948188422,0.5,0.5,0.1,0.1,20,20,2,8,2,6,11,0,0.25,1.0,0.35294117647058826,0.4,128
45,840023479,0.5,0.5,0.1,0.1,20,20,2,8,1,7,10,1,0.125,0.5,0.4117647058823529,0.2,128
46,128380468,0.5,0.5,0.1,0.1,20,20,2,8,2,6,11,0,0.25,1.0,0.35294117647058826,0.4,128
47,1458079229,0.5,0.5,0.1,0.1,20,20,3,5,2,3,13,1,0.4,0.6666666666666666,0.1875,0.5,128
48,843701390,0.5,0.5,0.1,0.1,20,20,1,5,1,4,14,0,0.2,1.0,0.2222222222222222,0.33333333333333337,128
49,1710437102,0.5,0.5,0.1,0.1,20,20,4,7,4,3,12,0,0.5714285714285714,1.0,0.2,0.7272727272727273,128
0,814068490,0.5,0.5,0.1,0.1,40,40,3,21,3,18,18,0,0.14285714285714285,1.0,0.5,0.25,129
1,156426802,0.5,0.5,0.1,0.1,40,40,5,22,5,17,17,0,0.22727272727272727,1.0,0.5,0.37037037037037035,129
2,335803076,0.5,0.5,0.1,0.1,40,40,1,15,1,14,24,0,0.06666666666666667,1.0,0.3684210526315789,0.125,129
3,1696296310,0.5,0.5,0.1,0.1,40,40,3,13,2,11,25,1,0.15384615384615385,0.6666666666666666,0.3055555555555556,0.25,129
4,77820543,0.5,0.5,0.1,0.1,40,40,4,17,4,13,22,0,0.23529411764705882,1.0,0.37142857142857144,0.38095238095238093,129
5,947999729,0.5,0.5,0.1,0.1,40,40,2,19,2,17,20,0,0.10526315789473684,1.0,0.4594594594594595,0.1904761904761905,129
6,1325062744,0.5,0.5,0.1,0.1,40,40,1,22,1,21,17,0,0.045454545454545456,1.0,0.5526315789473685,0.08695652173913045,129
7,1946201217,0.5,0.5,0.1,0.1,40,40,2,14,2,12,25,0,0.14285714285714285,1.0,0.32432432432432434,0.25,129
8,923848459,0.5,0.5,0.1,0.1,40,40,1,26,1,25,13,0,0.038461538461538464,1.0,0.6578947368421053,0.07407407407407407,129
9,1610010917,0.5,0.5,0.1,0.1,40,40,1,20,1,19,19,0,0.05,1.0,0.5,0.09523809523809523,129
10,533483605,0.5,0.5,0.1,0.1,40,40,3,22,3,19,17,0,0.13636363636363635,1.0,0.5277777777777778,0.24000000000000002,129
11,1372245306,0.5,0.5,0.1,0.1,40,40,2,16,1,15,22,1,0.0625,0.5,0.40540540540540543,0.1111111111111111,129
12,1522446900,0.5,0.5,0.1,0.1,40,40,0,14,0,14,25,0,0.0,,0.358974358974359,,129
13,698321346,0.5,0.5,0.1,0.1,40,40,3,17,3,14,22,0,0.17647058823529413,1.0,0.3888888888888889,0.3,129
14,1653512399,0.5,0.5,0.1,0.1,40,40,0,22,0,22,17,0,0.0,,0.5641025641025641,,129
15,1766791853,0.5,0.5,0.1,0.1,40,40,3,16,3,13,23,0,0.1875,1.0,0.3611111111111111,0.3157894736842105,129
16,1231093637,0.5,0.5,0.1,0.1,40,40,2,12,2,10,27,0,0.16666666666666666,1.0,0.2702702702702703,0.2857142857142857,129
17,1106859748,0.5,0.5,0.1,0.1,40,40,3,23,3,20,16,0,0.13043478260869565,1.0,0.5555555555555556,0.23076923076923078,129
18,1095047630,0.5,0.5,0.1,0.1,40,40,5,22,5,17,17,0,0.22727272727272727,1.0,0.5,0.37037037037037035,129
19,1796928487,0.5,0.5,0.1,0.1,40,40,2,20,1,19,18,1,0.05,0.5,0.5135135135135135,0.09090909090909091,129
20,4286729,0.5,0.5,0.1,0.1,40,40,3,18,2,16,20,1,0.1111111111111111,0.6666666666666666,0.4444444444444444,0.1904761904761905,129
21,1466109462,0.5,0.5,0.1,0.1,40,40,2,19,2,17,20,0,0.10526315789473684,1.0,0.4594594594594595,0.1904761904761905,129
22,83792005,0.5,0.5,0.1,0.1,40,40,1,14,1,13,25,0,0.07142857142857142,1.0,0.34210526315789475,0.13333333333333333,129
23,982891455,0.5,0.5,0.1,0.1,40,40,2,18,1,17,20,1,0.05555555555555555,0.5,0.4594594594594595,0.09999999999999999,129
24,1534770261,0.5,0.5,0.1,0.1,40,40,3,21,3,18,18,0,0.14285714285714285,1.0,0.5,0.25,129
25,884842727,0.5,0.5,0.1,0.1,40,40,1,14,0,14,24,1,0.0,0.0,0.3684210526315789,0.0,129
26,1102786009,0.5,0.5,0.1,0.1,40,40,3,15,2,13,23,1,0.13333333333333333,0.6666666666666666,0.3611111111111111,0.2222222222222222,129
27,1475636691,0.5,0.5,0.1,0.1,40,40,4,22,3,19,16,1,0.13636363636363635,0.75,0.5428571428571428,0.23076923076923075,129
28,1386971469,0.5,0.5,0.1,0.1,40,40,4,16,4,12,23,0,0.25,1.0,0.34285714285714286,0.4,129
29,1122266314,0.5,0.5,0.1,0.1,40,40,2,17,1,16,21,1,0.058823529411764705,0.5,0.43243243243243246,0.10526315789473684,129
30,2062754907,0.5,0.5,0.1,0.1,40,40,2,12,1,11,26,1,0.08333333333333333,0.5,0.2972972972972973,0.14285714285714285,129
31,1679190223,0.5,0.5,0.1,0.1,40,40,1,22,1,21,17,0,0.045454545454545456,1.0,0.5526315789473685,0.08695652173913045,129
32,715873836,0.5,0.5,0.1,0.1,40,40,2,16,2,14,23,0,0.125,1.0,0.3783783783783784,0.2222222222222222,129
33,1666428003,0.5,0.5,0.1,0.1,40,40,5,22,3,19,15,2,0.13636363636363635,0.6,0.5588235294117647,0.22222222222222218,129
34,1734276603,0.5,0.5,0.1,0.1,40,40,2,16,2,14,23,0,0.125,1.0,0.3783783783783784,0.2222222222222222,129
35,96460151,0.5,0.5,0.1,0.1,40,40,2,19,2,17,20,0,0.10526315789473684,1.0,0.4594594594594595,0.1904761904761905,129
36,1797151761,0.5,0.5,0.1,0.1,40,40,3,15,3,12,24,0,0.2,1.0,0.3333333333333333,0.33333333333333337,129
37,14550062,0.5,0.5,0.1,0.1,40,40,2,16,1,15,22,1,0.0625,0.5,0.40540540540540543,0.1111111111111111,129
38,1964201030,0.5,0.5,0.1,0.1,40,40,0,21,0,21,18,0,0.0,,0.5384615384615384,,129
39,2132173010,0.5,0.5,0.1,0.1,40,40,0,17,0,17,22,0,0.0,,0.4358974358974359,,129
40,1152782782,0.5,0.5,0.1,0.1,40,40,3,19,3,16,20,0,0.15789473684210525,1.0,0.4444444444444444,0.2727272727272727,129
41,112482300,0.5,0.5,0.1,0.1,40,40,1,18,1,17,21,0,0.05555555555555555,1.0,0.4473684210526316,0.10526315789473684,129
42,479095193,0.5,0.5,0.1,0.1,40,40,3,24,2,22,14,1,0.08333333333333333,0.6666666666666666,0.6111111111111112,0.14814814814814814,129
43,866268983,0.5,0.5,0.1,0.1,40,40,1,16,1,15,23,0,0.0625,1.0,0.39473684210526316,0.11764705882352941,129
44,1174194287,0.5,0.5,0.1,0.1,40,40,1,26,0,26,12,1,0.0,0.0,0.6842105263157895,0.0,129
45,2092144059,0.5,0.5,0.1,0.1,40,40,6,19,6,13,20,0,0.3157894736842105,1.0,0.3939393939393939,0.4799999999999999,129
46,1878486024,0.5,0.5,0.1,0.1,40,40,2,17,2,15,22,0,0.11764705882352941,1.0,0.40540540540540543,0.21052631578947367,129
47,1193590171,0.5,0.5,0.1,0.1,40,40,0,18,0,18,21,0,0.0,,0.46153846153846156,,129
48,953030297,0.5,0.5,0.1,0.1,40,40,4,24,3,21,14,1,0.125,0.75,0.6,0.21428571428571427,129
49,1606699311,0.5,0.5,0.1,0.1,40,40,2,16,1,15,22,1,0.0625,0.5,0.40540540540540543,0.1111111111111111,129
0,412739852,0.5,0.5,0.1,0.25,20,20,4,12,3,9,6,1,0.25,0.75,0.6,0.375,130
1,1220654437,0.5,0.5,0.1,0.25,20,20,1,14,1,13,5,0,0.07142857142857142,1.0,0.7222222222222222,0.13333333333333333,130
2,1394073451,0.5,0.5,0.1,0.25,20,20,2,13,1,12,5,1,0.07692307692307693,0.5,0.7058823529411765,0.13333333333333336,130
3,1933540305,0.5,0.5,0.1,0.25,20,20,2,14,1,13,4,1,0.07142857142857142,0.5,0.7647058823529411,0.125,130
4,1843425361,0.5,0.5,0.1,0.25,20,20,4,12,2,10,5,2,0.16666666666666666,0.5,0.6666666666666666,0.25,130
5,1693766844,0.5,0.5,0.1,0.25,20,20,1,14,1,13,5,0,0.07142857142857142,1.0,0.7222222222222222,0.13333333333333333,130
6,1410022138,0.5,0.5,0.1,0.25,20,20,2,12,2,10,7,0,0.16666666666666666,1.0,0.5882352941176471,0.2857142857142857,130
7,1573345576,0.5,0.5,0.1,0.25,20,20,2,13,1,12,5,1,0.07692307692307693,0.5,0.7058823529411765,0.13333333333333336,130
8,1289080671,0.5,0.5,0.1,0.25,20,20,3,13,2,11,5,1,0.15384615384615385,0.6666666666666666,0.6875,0.25,130
9,525939016,0.5,0.5,0.1,0.25,20,20,2,12,1,11,6,1,0.08333333333333333,0.5,0.6470588235294118,0.14285714285714285,130
10,138812301,0.5,0.5,0.1,0.25,20,20,2,12,2,10,7,0,0.16666666666666666,1.0,0.5882352941176471,0.2857142857142857,130
11,559008596,0.5,0.5,0.1,0.25,20,20,3,12,3,9,7,0,0.25,1.0,0.5625,0.4,130
12,1773564705,0.5,0.5,0.1,0.25,20,20,1,8,1,7,11,0,0.125,1.0,0.3888888888888889,0.2222222222222222,130
13,229151495,0.5,0.5,0.1,0.25,20,20,0,14,0,14,5,0,0.0,,0.7368421052631579,,130
14,1949376060,0.5,0.5,0.1,0.25,20,20,0,13,0,13,6,0,0.0,,0.6842105263157895,,130
15,1312063016,0.5,0.5,0.1,0.25,20,20,2,16,2,14,3,0,0.125,1.0,0.8235294117647058,0.2222222222222222,130
16,1769210951,0.5,0.5,0.1,0.25,20,20,4,11,3,8,7,1,0.2727272727272727,0.75,0.5333333333333333,0.39999999999999997,130
17,215172567,0.5,0.5,0.1,0.25,20,20,2,17,2,15,2,0,0.11764705882352941,1.0,0.8823529411764706,0.21052631578947367,130
18,1492325617,0.5,0.5,0.1,0.25,20,20,0,6,0,6,13,0,0.0,,0.3157894736842105,,130
19,418428985,0.5,0.5,0.1,0.25,20,20,4,14,3,11,4,1,0.21428571428571427,0.75,0.7333333333333333,0.3333333333333333,130
20,1619978191,0.5,0.5,0.1,0.25,20,20,1,11,0,11,7,1,0.0,0.0,0.6111111111111112,0.0,130
21,2100597530,0.5,0.5,0.1,0.25,20,20,3,14,2,12,4,1,0.14285714285714285,0.6666666666666666,0.75,0.23529411764705882,130
22,40242001,0.5,0.5,0.1,0.25,20,20,3,15,2,13,3,1,0.13333333333333333,0.6666666666666666,0.8125,0.2222222222222222,130
23,2000501743,0.5,0.5,0.1,0.25,20,20,1,13,1,12,6,0,0.07692307692307693,1.0,0.6666666666666666,0.14285714285714288,130
24,815086393,0.5,0.5,0.1,0.25,20,20,1,15,1,14,4,0,0.06666666666666667,1.0,0.7777777777777778,0.125,130
25,1703708225,0.5,0.5,0.1,0.25,20,20,5,13,5,8,6,0,0.38461538461538464,1.0,0.5714285714285714,0.5555555555555556,130
26,1133800614,0.5,0.5,0.1,0.25,20,20,4,14,2,12,3,2,0.14285714285714285,0.5,0.8,0.22222222222222224,130
27,166093778,0.5,0.5,0.1,0.25,20,20,4,15,4,11,4,0,0.26666666666666666,1.0,0.7333333333333333,0.4210526315789474,130
28,1538858931,0.5,0.5,0.1,0.25,20,20,2,16,2,14,3,0,0.125,1.0,0.8235294117647058,0.2222222222222222,130
29,1245731480,0.5,0.5,0.1,0.25,20,20,4,15,4,11,4,0,0.26666666666666666,1.0,0.7333333333333333,0.4210526315789474,130
30,1580553945,0.5,0.5,0.1,0.25,20,20,2,16,2,14,3,0,0.125,1.0,0.8235294117647058,0.2222222222222222,130
31,179800197,0.5,0.5,0.1,0.25,20,20,1,12,1,11,7,0,0.08333333333333333,1.0,0.6111111111111112,0.15384615384615385,130
32,22781989,0.5,0.5,0.1,0.25,20,20,5,14,4,10,4,1,0.2857142857142857,0.8,0.7142857142857143,0.4210526315789473,130
33,1570551095,0.5,0.5,0.1,0.25,20,20,3,13,2,11,5,1,0.15384615384615385,0.6666666666666666,0.6875,0.25,130
34,1858032579,0.5,0.5,0.1,0.25,20,20,3,11,2,9,7,1,0.18181818181818182,0.6666666666666666,0.5625,0.28571428571428575,130
35,1569585699,0.5,0.5,0.1,0.25,20,20,7,15,7,8,4,0,0.4666666666666667,1.0,0.6666666666666666,0.6363636363636364,130
36,849853430,0.5,0.5,0.1,0.25,20,20,2,13,1,12,5,1,0.07692307692307693,0.5,0.7058823529411765,0.13333333333333336,130
37,1321389978,0.5,0.5,0.1,0.25,20,20,3,15,3,12,4,0,0.2,1.0,0.75,0.33333333333333337,130
38,233285079,0.5,0.5,0.1,0.25,20,20,5,13,3,10,4,2,0.23076923076923078,0.6,0.7142857142857143,0.33333333333333337,130
39,88074677,0.5,0.5,0.1,0.25,20,20,2,10,2,8,9,0,0.2,1.0,0.47058823529411764,0.33333333333333337,130
40,1272467515,0.5,0.5,0.1,0.25,20,20,1,13,1,12,6,0,0.07692307692307693,1.0,0.6666666666666666,0.14285714285714288,130
41,871226441,0.5,0.5,0.1,0.25,20,20,6,11,3,8,5,3,0.2727272727272727,0.5,0.6153846153846154,0.3529411764705882,130
42,404819708,0.5,0.5,0.1,0.25,20,20,3,14,3,11,5,0,0.21428571428571427,1.0,0.6875,0.35294117647058826,130
43,729062314,0.5,0.5,0.1,0.25,20,20,2,14,1,13,4,1,0.07142857142857142,0.5,0.7647058823529411,0.125,130
44,1851475029,0.5,0.5,0.1,0.25,20,20,5,9,4,5,9,1,0.4444444444444444,0.8,0.35714285714285715,0.5714285714285714,130
45,50741317,0.5,0.5,0.1,0.25,20,20,3,14,2,12,4,1,0.14285714285714285,0.6666666666666666,0.75,0.23529411764705882,130
46,1314956536,0.5,0.5,0.1,0.25,20,20,0,12,0,12,7,0,0.0,,0.631578947368421,,130
47,2046420878,0.5,0.5,0.1,0.25,20,20,4,12,3,9,6,1,0.25,0.75,0.6,0.375,130
48,2034127214,0.5,0.5,0.1,0.25,20,20,3,12,3,9,7,0,0.25,1.0,0.5625,0.4,130
49,1376778567,0.5,0.5,0.1,0.25,20,20,4,14,4,10,5,0,0.2857142857142857,1.0,0.6666666666666666,0.4444444444444445,130
0,771026251,0.5,0.5,0.1,0.25,40,40,2,32,2,30,7,0,0.0625,1.0,0.8108108108108109,0.11764705882352941,131
1,1188656761,0.5,0.5,0.1,0.25,40,40,0,34,0,34,5,0,0.0,,0.8717948717948718,,131
2,95000223,0.5,0.5,0.1,0.25,40,40,0,31,0,31,8,0,0.0,,0.7948717948717948,,131
3,644136771,0.5,0.5,0.1,0.25,40,40,1,33,1,32,6,0,0.030303030303030304,1.0,0.8421052631578947,0.05882352941176471,131
4,1723955269,0.5,0.5,0.1,0.25,40,40,4,32,3,29,6,1,0.09375,0.75,0.8285714285714286,0.16666666666666666,131
5,1847491365,0.5,0.5,0.1,0.25,40,40,2,28,1,27,10,1,0.03571428571428571,0.5,0.7297297297297297,0.06666666666666667,131
6,2104528980,0.5,0.5,0.1,0.25,40,40,2,33,1,32,5,1,0.030303030303030304,0.5,0.8648648648648649,0.05714285714285715,131
7,510857256,0.5,0.5,0.1,0.25,40,40,2,27,2,25,12,0,0.07407407407407407,1.0,0.6756756756756757,0.13793103448275862,131
8,118682869,0.5,0.5,0.1,0.25,40,40,4,32,4,28,7,0,0.125,1.0,0.8,0.2222222222222222,131
9,952202286,0.5,0.5,0.1,0.25,40,40,3,34,3,31,5,0,0.08823529411764706,1.0,0.8611111111111112,0.1621621621621622,131
10,1317987358,0.5,0.5,0.1,0.25,40,40,2,31,1,30,7,1,0.03225806451612903,0.5,0.8108108108108109,0.06060606060606061,131
11,668280693,0.5,0.5,0.1,0.25,40,40,5,36,5,31,3,0,0.1388888888888889,1.0,0.9117647058823529,0.24390243902439027,131
12,666335937,0.5,0.5,0.1,0.25,40,40,3,32,3,29,7,0,0.09375,1.0,0.8055555555555556,0.17142857142857143,131
13,1355717541,0.5,0.5,0.1,0.25,40,40,2,29,1,28,9,1,0.034482758620689655,0.5,0.7567567567567568,0.06451612903225806,131
14,865466935,0.5,0.5,0.1,0.25,40,40,1,26,1,25,13,0,0.038461538461538464,1.0,0.6578947368421053,0.07407407407407407,131
15,2073368783,0.5,0.5,0.1,0.25,40,40,4,29,4,25,10,0,0.13793103448275862,1.0,0.7142857142857143,0.2424242424242424,131
16,1100213722,0.5,0.5,0.1,0.25,40,40,0,34,0,34,5,0,0.0,,0.8717948717948718,,131
17,1267656925,0.5,0.5,0.1,0.25,40,40,1,32,1,31,7,0,0.03125,1.0,0.8157894736842105,0.06060606060606061,131
18,1387191746,0.5,0.5,0.1,0.25,40,40,1,30,1,29,9,0,0.03333333333333333,1.0,0.7631578947368421,0.06451612903225806,131
19,1467296672,0.5,0.5,0.1,0.25,40,40,4,32,3,29,6,1,0.09375,0.75,0.8285714285714286,0.16666666666666666,131
20,905549887,0.5,0.5,0.1,0.25,40,40,2,30,1,29,8,1,0.03333333333333333,0.5,0.7837837837837838,0.0625,131
21,2020948737,0.5,0.5,0.1,0.25,40,40,5,35,3,32,2,2,0.08571428571428572,0.6,0.9411764705882353,0.15,131
22,1494359917,0.5,0.5,0.1,0.25,40,40,0,29,0,29,10,0,0.0,,0.7435897435897436,,131
23,1973103425,0.5,0.5,0.1,0.25,40,40,5,29,4,25,9,1,0.13793103448275862,0.8,0.7352941176470589,0.2352941176470588,131
24,1102685047,0.5,0.5,0.1,0.25,40,40,4,32,3,29,6,1,0.09375,0.75,0.8285714285714286,0.16666666666666666,131
25,282738076,0.5,0.5,0.1,0.25,40,40,2,32,2,30,7,0,0.0625,1.0,0.8108108108108109,0.11764705882352941,131
26,1252887457,0.5,0.5,0.1,0.25,40,40,3,30,3,27,9,0,0.1,1.0,0.75,0.18181818181818182,131
27,1600681603,0.5,0.5,0.1,0.25,40,40,3,33,3,30,6,0,0.09090909090909091,1.0,0.8333333333333334,0.16666666666666669,131
28,451614389,0.5,0.5,0.1,0.25,40,40,2,30,1,29,8,1,0.03333333333333333,0.5,0.7837837837837838,0.0625,131
29,433793200,0.5,0.5,0.1,0.25,40,40,5,27,5,22,12,0,0.18518518518518517,1.0,0.6470588235294118,0.3125,131
30,482522116,0.5,0.5,0.1,0.25,40,40,2,29,2,27,10,0,0.06896551724137931,1.0,0.7297297297297297,0.12903225806451613,131
31,662763288,0.5,0.5,0.1,0.25,40,40,2,30,2,28,9,0,0.06666666666666667,1.0,0.7567567567567568,0.125,131
32,980929996,0.5,0.5,0.1,0.25,40,40,2,28,2,26,11,0,0.07142857142857142,1.0,0.7027027027027027,0.13333333333333333,131
33,533396877,0.5,0.5,0.1,0.25,40,40,3,31,2,29,7,1,0.06451612903225806,0.6666666666666666,0.8055555555555556,0.1176470588235294,131
34,110350853,0.5,0.5,0.1,0.25,40,40,4,31,3,28,7,1,0.0967741935483871,0.75,0.8,0.1714285714285714,131
35,1491026793,0.5,0.5,0.1,0.25,40,40,0,30,0,30,9,0,0.0,,0.7692307692307693,,131
36,585071511,0.5,0.5,0.1,0.25,40,40,2,30,2,28,9,0,0.06666666666666667,1.0,0.7567567567567568,0.125,131
37,587421300,0.5,0.5,0.1,0.25,40,40,4,29,4,25,10,0,0.13793103448275862,1.0,0.7142857142857143,0.2424242424242424,131
38,206909070,0.5,0.5,0.1,0.25,40,40,2,31,2,29,8,0,0.06451612903225806,1.0,0.7837837837837838,0.12121212121212122,131
39,1439583140,0.5,0.5,0.1,0.25,40,40,3,34,3,31,5,0,0.08823529411764706,1.0,0.8611111111111112,0.1621621621621622,131
40,1331962690,0.5,0.5,0.1,0.25,40,40,1,32,1,31,7,0,0.03125,1.0,0.8157894736842105,0.06060606060606061,131
41,1004867665,0.5,0.5,0.1,0.25,40,40,1,28,1,27,11,0,0.03571428571428571,1.0,0.7105263157894737,0.0689655172413793,131
42,1426099656,0.5,0.5,0.1,0.25,40,40,2,35,2,33,4,0,0.05714285714285714,1.0,0.8918918918918919,0.1081081081081081,131
43,1164831349,0.5,0.5,0.1,0.25,40,40,3,33,3,30,6,0,0.09090909090909091,1.0,0.8333333333333334,0.16666666666666669,131
44,1308306596,0.5,0.5,0.1,0.25,40,40,1,33,1,32,6,0,0.030303030303030304,1.0,0.8421052631578947,0.05882352941176471,131
45,2028758788,0.5,0.5,0.1,0.25,40,40,2,26,1,25,12,1,0.038461538461538464,0.5,0.6756756756756757,0.07142857142857144,131
46,1759205003,0.5,0.5,0.1,0.25,40,40,4,28,4,24,11,0,0.14285714285714285,1.0,0.6857142857142857,0.25,131
47,1973623804,0.5,0.5,0.1,0.25,40,40,3,30,2,28,8,1,0.06666666666666667,0.6666666666666666,0.7777777777777778,0.1212121212121212,131
48,1821399865,0.5,0.5,0.1,0.25,40,40,1,27,1,26,12,0,0.037037037037037035,1.0,0.6842105263157895,0.07142857142857142,131
49,1755262000,0.5,0.5,0.1,0.25,40,40,2,27,1,26,11,1,0.037037037037037035,0.5,0.7027027027027027,0.06896551724137931,131
0,488054065,0.5,0.5,0.2,0.0,20,20,2,1,1,0,17,1,1.0,0.5,0.0,0.6666666666666666,132
1,124657674,0.5,0.5,0.2,0.0,20,20,1,1,1,0,18,0,1.0,1.0,0.0,1.0,132
2,1657239950,0.5,0.5,0.2,0.0,20,20,3,1,1,0,16,2,1.0,0.3333333333333333,0.0,0.5,132
3,799329543,0.5,0.5,0.2,0.0,20,20,2,2,2,0,17,0,1.0,1.0,0.0,1.0,132
4,2145320653,0.5,0.5,0.2,0.0,20,20,3,2,2,0,16,1,1.0,0.6666666666666666,0.0,0.8,132
5,1050677412,0.5,0.5,0.2,0.0,20,20,3,3,2,1,15,1,0.6666666666666666,0.6666666666666666,0.0625,0.6666666666666666,132
6,1429115402,0.5,0.5,0.2,0.0,20,20,2,1,1,0,17,1,1.0,0.5,0.0,0.6666666666666666,132
7,2110677390,0.5,0.5,0.2,0.0,20,20,1,1,1,0,18,0,1.0,1.0,0.0,1.0,132
8,282212319,0.5,0.5,0.2,0.0,20,20,2,2,2,0,17,0,1.0,1.0,0.0,1.0,132
9,233690477,0.5,0.5,0.2,0.0,20,20,1,0,0,0,18,1,,0.0,0.0,,132
10,2098720765,0.5,0.5,0.2,0.0,20,20,2,1,1,0,17,1,1.0,0.5,0.0,0.6666666666666666,132
11,1717188600,0.5,0.5,0.2,0.0,20,20,2,1,1,0,17,1,1.0,0.5,0.0,0.6666666666666666,132
12,1555135271,0.5,0.5,0.2,0.0,20,20,2,1,1,0,17,1,1.0,0.5,0.0,0.6666666666666666,132
13,925852277,0.5,0.5,0.2,0.0,20,20,4,1,1,0,15,3,1.0,0.25,0.0,0.4,132
14,1077451590,0.5,0.5,0.2,0.0,20,20,2,1,1,0,17,1,1.0,0.5,0.0,0.6666666666666666,132
15,2034074707,0.5,0.5,0.2,0.0,20,20,0,0,0,0,19,0,,,0.0,,132
16,633763662,0.5,0.5,0.2,0.0,20,20,0,0,0,0,19,0,,,0.0,,132
17,2038953927,0.5,0.5,0.2,0.0,20,20,2,1,0,1,16,2,0.0,0.0,0.058823529411764705,0.0,132
18,1774466137,0.5,0.5,0.2,0.0,20,20,5,4,4,0,14,1,1.0,0.8,0.0,0.888888888888889,132
19,1147261723,0.5,0.5,0.2,0.0,20,20,1,0,0,0,18,1,,0.0,0.0,,132
20,1309622153,0.5,0.5,0.2,0.0,20,20,4,2,2,0,15,2,1.0,0.5,0.0,0.6666666666666666,132
21,1272788178,0.5,0.5,0.2,0.0,20,20,1,0,0,0,18,1,,0.0,0.0,,132
22,350014602,0.5,0.5,0.2,0.0,20,20,3,1,1,0,16,2,1.0,0.3333333333333333,0.0,0.5,132
23,1189294334,0.5,0.5,0.2,0.0,20,20,3,3,3,0,16,0,1.0,1.0,0.0,1.0,132
24,1661566286,0.5,0.5,0.2,0.0,20,20,4,2,2,0,15,2,1.0,0.5,0.0,0.6666666666666666,132
25,654111005,0.5,0.5,0.2,0.0,20,20,2,1,1,0,17,1,1.0,0.5,0.0,0.6666666666666666,132
26,2078182887,0.5,0.5,0.2,0.0,20,20,1,0,0,0,18,1,,0.0,0.0,,132
27,1258893306,0.5,0.5,0.2,0.0,20,20,0,0,0,0,19,0,,,0.0,,132
28,1041375880,0.5,0.5,0.2,0.0,20,20,3,2,2,0,16,1,1.0,0.6666666666666666,0.0,0.8,132
29,1616552726,0.5,0.5,0.2,0.0,20,20,4,3,3,0,15,1,1.0,0.75,0.0,0.8571428571428571,132
30,2071315616,0.5,0.5,0.2,0.0,20,20,5,3,2,1,13,3,0.6666666666666666,0.4,0.07142857142857142,0.5,132
31,1430461551,0.5,0.5,0.2,0.0,20,20,4,3,3,0,15,1,1.0,0.75,0.0,0.8571428571428571,132
32,1064363601,0.5,0.5,0.2,0.0,20,20,2,1,1,0,17,1,1.0,0.5,0.0,0.6666666666666666,132
33,111586832,0.5,0.5,0.2,0.0,20,20,1,0,0,0,18,1,,0.0,0.0,,132
34,1611066284,0.5,0.5,0.2,0.0,20,20,3,2,2,0,16,1,1.0,0.6666666666666666,0.0,0.8,132
35,665238554,0.5,0.5,0.2,0.0,20,20,2,1,1,0,17,1,1.0,0.5,0.0,0.6666666666666666,132
36,325353015,0.5,0.5,0.2,0.0,20,20,2,1,1,0,17,1,1.0,0.5,0.0,0.6666666666666666,132
37,870187705,0.5,0.5,0.2,0.0,20,20,4,2,2,0,15,2,1.0,0.5,0.0,0.6666666666666666,132
38,328004822,0.5,0.5,0.2,0.0,20,20,2,1,1,0,17,1,1.0,0.5,0.0,0.6666666666666666,132
39,1072028411,0.5,0.5,0.2,0.0,20,20,3,3,3,0,16,0,1.0,1.0,0.0,1.0,132
40,182339464,0.5,0.5,0.2,0.0,20,20,2,2,2,0,17,0,1.0,1.0,0.0,1.0,132
41,1875346438,0.5,0.5,0.2,0.0,20,20,1,1,1,0,18,0,1.0,1.0,0.0,1.0,132
42,749999134,0.5,0.5,0.2,0.0,20,20,3,2,2,0,16,1,1.0,0.6666666666666666,0.0,0.8,132
43,1934938638,0.5,0.5,0.2,0.0,20,20,4,0,0,0,15,4,,0.0,0.0,,132
44,997334249,0.5,0.5,0.2,0.0,20,20,1,0,0,0,18,1,,0.0,0.0,,132
45,1473020061,0.5,0.5,0.2,0.0,20,20,1,0,0,0,18,1,,0.0,0.0,,132
46,830787856,0.5,0.5,0.2,0.0,20,20,1,0,0,0,18,1,,0.0,0.0,,132
47,514397283,0.5,0.5,0.2,0.0,20,20,0,0,0,0,19,0,,,0.0,,132
48,149074381,0.5,0.5,0.2,0.0,20,20,3,2,2,0,16,1,1.0,0.6666666666666666,0.0,0.8,132
49,996982571,0.5,0.5,0.2,0.0,20,20,1,1,1,0,18,0,1.0,1.0,0.0,1.0,132
0,1891555519,0.5,0.5,0.2,0.0,40,40,3,2,2,0,36,1,1.0,0.6666666666666666,0.0,0.8,133
1,326149459,0.5,0.5,0.2,0.0,40,40,4,2,2,0,35,2,1.0,0.5,0.0,0.6666666666666666,133
2,1710234341,0.5,0.5,0.2,0.0,40,40,3,3,3,0,36,0,1.0,1.0,0.0,1.0,133
3,1354204636,0.5,0.5,0.2,0.0,40,40,2,2,2,0,37,0,1.0,1.0,0.0,1.0,133
4,1020738202,0.5,0.5,0.2,0.0,40,40,2,1,1,0,37,1,1.0,0.5,0.0,0.6666666666666666,133
5,207110772,0.5,0.5,0.2,0.0,40,40,1,1,1,0,38,0,1.0,1.0,0.0,1.0,133
6,1405722805,0.5,0.5,0.2,0.0,40,40,7,6,6,0,32,1,1.0,0.8571428571428571,0.0,0.923076923076923,133
7,1433048603,0.5,0.5,0.2,0.0,40,40,5,2,2,0,34,3,1.0,0.4,0.0,0.5714285714285715,133
8,2138566545,0.5,0.5,0.2,0.0,40,40,2,2,1,1,36,1,0.5,0.5,0.02702702702702703,0.5,133
9,1857563635,0.5,0.5,0.2,0.0,40,40,2,1,1,0,37,1,1.0,0.5,0.0,0.6666666666666666,133
10,1134948839,0.5,0.5,0.2,0.0,40,40,3,2,2,0,36,1,1.0,0.6666666666666666,0.0,0.8,133
11,1651847942,0.5,0.5,0.2,0.0,40,40,4,1,1,0,35,3,1.0,0.25,0.0,0.4,133
12,1164596303,0.5,0.5,0.2,0.0,40,40,2,2,2,0,37,0,1.0,1.0,0.0,1.0,133
13,348865229,0.5,0.5,0.2,0.0,40,40,2,1,1,0,37,1,1.0,0.5,0.0,0.6666666666666666,133
14,230846810,0.5,0.5,0.2,0.0,40,40,4,1,1,0,35,3,1.0,0.25,0.0,0.4,133
15,50808015,0.5,0.5,0.2,0.0,40,40,1,1,1,0,38,0,1.0,1.0,0.0,1.0,133
16,249973283,0.5,0.5,0.2,0.0,40,40,1,1,1,0,38,0,1.0,1.0,0.0,1.0,133
17,309527689,0.5,0.5,0.2,0.0,40,40,2,1,1,0,37,1,1.0,0.5,0.0,0.6666666666666666,133
18,1804718046,0.5,0.5,0.2,0.0,40,40,0,0,0,0,39,0,,,0.0,,133
19,526668592,0.5,0.5,0.2,0.0,40,40,2,2,2,0,37,0,1.0,1.0,0.0,1.0,133
20,45815781,0.5,0.5,0.2,0.0,40,40,1,2,1,1,37,0,0.5,1.0,0.02631578947368421,0.6666666666666666,133
21,743702956,0.5,0.5,0.2,0.0,40,40,2,2,2,0,37,0,1.0,1.0,0.0,1.0,133
22,1994820005,0.5,0.5,0.2,0.0,40,40,2,1,1,0,37,1,1.0,0.5,0.0,0.6666666666666666,133
23,767878024,0.5,0.5,0.2,0.0,40,40,4,4,4,0,35,0,1.0,1.0,0.0,1.0,133
24,594467598,0.5,0.5,0.2,0.0,40,40,1,0,0,0,38,1,,0.0,0.0,,133
25,142684178,0.5,0.5,0.2,0.0,40,40,0,0,0,0,39,0,,,0.0,,133
26,1292598059,0.5,0.5,0.2,0.0,40,40,1,0,0,0,38,1,,0.0,0.0,,133
27,1253807319,0.5,0.5,0.2,0.0,40,40,1,1,1,0,38,0,1.0,1.0,0.0,1.0,133
28,797976856,0.5,0.5,0.2,0.0,40,40,3,2,2,0,36,1,1.0,0.6666666666666666,0.0,0.8,133
29,366038000,0.5,0.5,0.2,0.0,40,40,2,1,1,0,37,1,1.0,0.5,0.0,0.6666666666666666,133
30,1031447080,0.5,0.5,0.2,0.0,40,40,1,1,1,0,38,0,1.0,1.0,0.0,1.0,133
31,891927544,0.5,0.5,0.2,0.0,40,40,6,4,3,1,32,3,0.75,0.5,0.030303030303030304,0.6,133
32,1688033112,0.5,0.5,0.2,0.0,40,40,0,0,0,0,39,0,,,0.0,,133
33,1512861589,0.5,0.5,0.2,0.0,40,40,2,1,1,0,37,1,1.0,0.5,0.0,0.6666666666666666,133
34,1668301535,0.5,0.5,0.2,0.0,40,40,2,1,1,0,37,1,1.0,0.5,0.0,0.6666666666666666,133
35,17457175,0.5,0.5,0.2,0.0,40,40,2,2,2,0,37,0,1.0,1.0,0.0,1.0,133
36,505332850,0.5,0.5,0.2,0.0,40,40,1,1,1,0,38,0,1.0,1.0,0.0,1.0,133
37,1087662577,0.5,0.5,0.2,0.0,40,40,4,1,1,0,35,3,1.0,0.25,0.0,0.4,133
38,1660461690,0.5,0.5,0.2,0.0,40,40,3,1,1,0,36,2,1.0,0.3333333333333333,0.0,0.5,133
39,1757275003,0.5,0.5,0.2,0.0,40,40,2,0,0,0,37,2,,0.0,0.0,,133
40,2037049692,0.5,0.5,0.2,0.0,40,40,3,2,2,0,36,1,1.0,0.6666666666666666,0.0,0.8,133
41,937741448,0.5,0.5,0.2,0.0,40,40,2,2,2,0,37,0,1.0,1.0,0.0,1.0,133
42,1939720129,0.5,0.5,0.2,0.0,40,40,1,0,0,0,38,1,,0.0,0.0,,133
43,1960293684,0.5,0.5,0.2,0.0,40,40,4,4,4,0,35,0,1.0,1.0,0.0,1.0,133
44,1502060728,0.5,0.5,0.2,0.0,40,40,2,1,1,0,37,1,1.0,0.5,0.0,0.6666666666666666,133
45,430583727,0.5,0.5,0.2,0.0,40,40,3,3,3,0,36,0,1.0,1.0,0.0,1.0,133
46,1222171702,0.5,0.5,0.2,0.0,40,40,2,1,1,0,37,1,1.0,0.5,0.0,0.6666666666666666,133
47,1126838679,0.5,0.5,0.2,0.0,40,40,1,1,1,0,38,0,1.0,1.0,0.0,1.0,133
48,1737953077,0.5,0.5,0.2,0.0,40,40,2,2,2,0,37,0,1.0,1.0,0.0,1.0,133
49,1031222246,0.5,0.5,0.2,0.0,40,40,6,4,4,0,33,2,1.0,0.6666666666666666,0.0,0.8,133
0,1606649609,0.5,0.5,0.2,0.1,20,20,2,3,0,3,14,2,0.0,0.0,0.17647058823529413,0.0,134
1,640541454,0.5,0.5,0.2,0.1,20,20,4,2,2,0,15,2,1.0,0.5,0.0,0.6666666666666666,134
2,172718133,0.5,0.5,0.2,0.1,20,20,4,6,4,2,13,0,0.6666666666666666,1.0,0.13333333333333333,0.8,134
3,932424881,0.5,0.5,0.2,0.1,20,20,2,6,2,4,13,0,0.3333333333333333,1.0,0.23529411764705882,0.5,134
4,372109338,0.5,0.5,0.2,0.1,20,20,5,3,3,0,14,2,1.0,0.6,0.0,0.7499999999999999,134
5,1192721653,0.5,0.5,0.2,0.1,20,20,4,3,3,0,15,1,1.0,0.75,0.0,0.8571428571428571,134
6,456796245,0.5,0.5,0.2,0.1,20,20,2,2,1,1,16,1,0.5,0.5,0.058823529411764705,0.5,134
7,768917822,0.5,0.5,0.2,0.1,20,20,3,4,3,1,15,0,0.75,1.0,0.0625,0.8571428571428571,134
8,1468454889,0.5,0.5,0.2,0.1,20,20,2,0,0,0,17,2,,0.0,0.0,,134
9,1641212005,0.5,0.5,0.2,0.1,20,20,1,5,1,4,14,0,0.2,1.0,0.2222222222222222,0.33333333333333337,134
10,713725898,0.5,0.5,0.2,0.1,20,20,5,4,3,1,13,2,0.75,0.6,0.07142857142857142,0.6666666666666665,134
11,1781353780,0.5,0.5,0.2,0.1,20,20,0,2,0,2,17,0,0.0,,0.10526315789473684,,134
12,143311791,0.5,0.5,0.2,0.1,20,20,2,0,0,0,17,2,,0.0,0.0,,134
13,8422699,0.5,0.5,0.2,0.1,20,20,3,2,1,1,15,2,0.5,0.3333333333333333,0.0625,0.4,134
14,1640034482,0.5,0.5,0.2,0.1,20,20,3,2,0,2,14,3,0.0,0.0,0.125,0.0,134
15,1272124277,0.5,0.5,0.2,0.1,20,20,1,1,1,0,18,0,1.0,1.0,0.0,1.0,134
16,1266490177,0.5,0.5,0.2,0.1,20,20,5,6,4,2,12,1,0.6666666666666666,0.8,0.14285714285714285,0.7272727272727272,134
17,1722684356,0.5,0.5,0.2,0.1,20,20,3,1,1,0,16,2,1.0,0.3333333333333333,0.0,0.5,134
18,673233040,0.5,0.5,0.2,0.1,20,20,5,3,3,0,14,2,1.0,0.6,0.0,0.7499999999999999,134
19,1223418074,0.5,0.5,0.2,0.1,20,20,0,2,0,2,17,0,0.0,,0.10526315789473684,,134
20,33414020,0.5,0.5,0.2,0.1,20,20,2,2,1,1,16,1,0.5,0.5,0.058823529411764705,0.5,134
21,1930255864,0.5,0.5,0.2,0.1,20,20,1,3,1,2,16,0,0.3333333333333333,1.0,0.1111111111111111,0.5,134
22,666315328,0.5,0.5,0.2,0.1,20,20,2,3,2,1,16,0,0.6666666666666666,1.0,0.058823529411764705,0.8,134
23,1842904060,0.5,0.5,0.2,0.1,20,20,3,3,2,1,15,1,0.6666666666666666,0.6666666666666666,0.0625,0.6666666666666666,134
24,1786301164,0.5,0.5,0.2,0.1,20,20,3,3,2,1,15,1,0.6666666666666666,0.6666666666666666,0.0625,0.6666666666666666,134
25,594217637,0.5,0.5,0.2,0.1,20,20,1,2,1,1,17,0,0.5,1.0,0.05555555555555555,0.6666666666666666,134
26,2125376694,0.5,0.5,0.2,0.1,20,20,0,1,0,1,18,0,0.0,,0.05263157894736842,,134
27,811967043,0.5,0.5,0.2,0.1,20,20,3,6,2,4,12,1,0.3333333333333333,0.6666666666666666,0.25,0.4444444444444444,134
28,1078272678,0.5,0.5,0.2,0.1,20,20,4,4,4,0,15,0,1.0,1.0,0.0,1.0,134
29,1707234681,0.5,0.5,0.2,0.1,20,20,1,0,0,0,18,1,,0.0,0.0,,134
30,1697149646,0.5,0.5,0.2,0.1,20,20,1,1,1,0,18,0,1.0,1.0,0.0,1.0,134
31,11647407,0.5,0.5,0.2,0.1,20,20,3,3,3,0,16,0,1.0,1.0,0.0,1.0,134
32,896726314,0.5,0.5,0.2,0.1,20,20,2,4,2,2,15,0,0.5,1.0,0.11764705882352941,0.6666666666666666,134
33,321027302,0.5,0.5,0.2,0.1,20,20,2,2,1,1,16,1,0.5,0.5,0.058823529411764705,0.5,134
34,114462268,0.5,0.5,0.2,0.1,20,20,4,3,3,0,15,1,1.0,0.75,0.0,0.8571428571428571,134
35,250180703,0.5,0.5,0.2,0.1,20,20,2,3,2,1,16,0,0.6666666666666666,1.0,0.058823529411764705,0.8,134
36,1818167790,0.5,0.5,0.2,0.1,20,20,0,1,0,1,18,0,0.0,,0.05263157894736842,,134
37,2070639972,0.5,0.5,0.2,0.1,20,20,1,0,0,0,18,1,,0.0,0.0,,134
38,1380044451,0.5,0.5,0.2,0.1,20,20,4,6,3,3,12,1,0.5,0.75,0.2,0.6,134
39,1090942152,0.5,0.5,0.2,0.1,20,20,3,3,2,1,15,1,0.6666666666666666,0.6666666666666666,0.0625,0.6666666666666666,134
40,1916806869,0.5,0.5,0.2,0.1,20,20,3,4,3,1,15,0,0.75,1.0,0.0625,0.8571428571428571,134
41,694372335,0.5,0.5,0.2,0.1,20,20,2,2,1,1,16,1,0.5,0.5,0.058823529411764705,0.5,134
42,1159847500,0.5,0.5,0.2,0.1,20,20,3,4,3,1,15,0,0.75,1.0,0.0625,0.8571428571428571,134
43,1850863633,0.5,0.5,0.2,0.1,20,20,1,4,1,3,15,0,0.25,1.0,0.16666666666666666,0.4,134
44,205570603,0.5,0.5,0.2,0.1,20,20,5,3,2,1,13,3,0.6666666666666666,0.4,0.07142857142857142,0.5,134
45,1062326363,0.5,0.5,0.2,0.1,20,20,1,2,1,1,17,0,0.5,1.0,0.05555555555555555,0.6666666666666666,134
46,2136812518,0.5,0.5,0.2,0.1,20,20,0,1,0,1,18,0,0.0,,0.05263157894736842,,134
47,572899773,0.5,0.5,0.2,0.1,20,20,3,3,2,1,15,1,0.6666666666666666,0.6666666666666666,0.0625,0.6666666666666666,134
48,808707932,0.5,0.5,0.2,0.1,20,20,0,2,0,2,17,0,0.0,,0.10526315789473684,,134
49,1744992173,0.5,0.5,0.2,0.1,20,20,3,3,2,1,15,1,0.6666666666666666,0.6666666666666666,0.0625,0.6666666666666666,134
0,1174236475,0.5,0.5,0.2,0.1,40,40,1,12,0,12,26,1,0.0,0.0,0.3157894736842105,0.0,135
1,685712367,0.5,0.5,0.2,0.1,40,40,2,7,0,7,30,2,0.0,0.0,0.1891891891891892,0.0,135
2,551657399,0.5,0.5,0.2,0.1,40,40,2,7,1,6,31,1,0.14285714285714285,0.5,0.16216216216216217,0.22222222222222224,135
3,877520108,0.5,0.5,0.2,0.1,40,40,2,4,1,3,34,1,0.25,0.5,0.08108108108108109,0.3333333333333333,135
4,368340387,0.5,0.5,0.2,0.1,40,40,3,4,2,2,34,1,0.5,0.6666666666666666,0.05555555555555555,0.5714285714285715,135
5,2107696198,0.5,0.5,0.2,0.1,40,40,3,12,3,9,27,0,0.25,1.0,0.25,0.4,135
6,891772402,0.5,0.5,0.2,0.1,40,40,3,12,3,9,27,0,0.25,1.0,0.25,0.4,135
7,365781618,0.5,0.5,0.2,0.1,40,40,2,6,2,4,33,0,0.3333333333333333,1.0,0.10810810810810811,0.5,135
8,1581829977,0.5,0.5,0.2,0.1,40,40,1,6,0,6,32,1,0.0,0.0,0.15789473684210525,0.0,135
9,2003013088,0.5,0.5,0.2,0.1,40,40,0,5,0,5,34,0,0.0,,0.1282051282051282,,135
10,1878043290,0.5,0.5,0.2,0.1,40,40,2,7,1,6,31,1,0.14285714285714285,0.5,0.16216216216216217,0.22222222222222224,135
11,112914702,0.5,0.5,0.2,0.1,40,40,2,11,2,9,28,0,0.18181818181818182,1.0,0.24324324324324326,0.3076923076923077,135
12,1896409597,0.5,0.5,0.2,0.1,40,40,2,8,2,6,31,0,0.25,1.0,0.16216216216216217,0.4,135
13,1929297064,0.5,0.5,0.2,0.1,40,40,0,9,0,9,30,0,0.0,,0.23076923076923078,,135
14,1966090291,0.5,0.5,0.2,0.1,40,40,1,8,1,7,31,0,0.125,1.0,0.18421052631578946,0.2222222222222222,135
15,1077599164,0.5,0.5,0.2,0.1,40,40,0,8,0,8,31,0,0.0,,0.20512820512820512,,135
16,1313244150,0.5,0.5,0.2,0.1,40,40,0,7,0,7,32,0,0.0,,0.1794871794871795,,135
17,506166402,0.5,0.5,0.2,0.1,40,40,2,8,2,6,31,0,0.25,1.0,0.16216216216216217,0.4,135
18,1706019023,0.5,0.5,0.2,0.1,40,40,0,7,0,7,32,0,0.0,,0.1794871794871795,,135
19,562975534,0.5,0.5,0.2,0.1,40,40,5,11,4,7,27,1,0.36363636363636365,0.8,0.20588235294117646,0.5000000000000001,135
20,1258390920,0.5,0.5,0.2,0.1,40,40,4,6,1,5,30,3,0.16666666666666666,0.25,0.14285714285714285,0.2,135
21,590907145,0.5,0.5,0.2,0.1,40,40,2,7,1,6,31,1,0.14285714285714285,0.5,0.16216216216216217,0.22222222222222224,135
22,700188144,0.5,0.5,0.2,0.1,40,40,3,11,2,9,27,1,0.18181818181818182,0.6666666666666666,0.25,0.28571428571428575,135
23,1719757768,0.5,0.5,0.2,0.1,40,40,2,8,2,6,31,0,0.25,1.0,0.16216216216216217,0.4,135
24,515749775,0.5,0.5,0.2,0.1,40,40,2,6,1,5,32,1,0.16666666666666666,0.5,0.13513513513513514,0.25,135
25,124769194,0.5,0.5,0.2,0.1,40,40,3,8,2,6,30,1,0.25,0.6666666666666666,0.16666666666666666,0.36363636363636365,135
26,1184365698,0.5,0.5,0.2,0.1,40,40,1,6,1,5,33,0,0.16666666666666666,1.0,0.13157894736842105,0.2857142857142857,135
27,470831312,0.5,0.5,0.2,0.1,40,40,3,9,2,7,29,1,0.2222222222222222,0.6666666666666666,0.19444444444444445,0.3333333333333333,135
28,2129996633,0.5,0.5,0.2,0.1,40,40,2,9,2,7,30,0,0.2222222222222222,1.0,0.1891891891891892,0.3636363636363636,135
29,1118748224,0.5,0.5,0.2,0.1,40,40,0,8,0,8,31,0,0.0,,0.20512820512820512,,135
30,560381211,0.5,0.5,0.2,0.1,40,40,4,8,4,4,31,0,0.5,1.0,0.11428571428571428,0.6666666666666666,135
31,885183848,0.5,0.5,0.2,0.1,40,40,1,3,1,2,36,0,0.3333333333333333,1.0,0.05263157894736842,0.5,135
32,736195271,0.5,0.5,0.2,0.1,40,40,4,7,4,3,32,0,0.5714285714285714,1.0,0.08571428571428572,0.7272727272727273,135
33,1193533842,0.5,0.5,0.2,0.1,40,40,1,5,0,5,33,1,0.0,0.0,0.13157894736842105,0.0,135
34,2139764309,0.5,0.5,0.2,0.1,40,40,3,7,3,4,32,0,0.42857142857142855,1.0,0.1111111111111111,0.6,135
35,1563310320,0.5,0.5,0.2,0.1,40,40,3,7,2,5,31,1,0.2857142857142857,0.6666666666666666,0.1388888888888889,0.4,135
36,1903040938,0.5,0.5,0.2,0.1,40,40,2,6,0,6,31,2,0.0,0.0,0.16216216216216217,0.0,135
37,7795058,0.5,0.5,0.2,0.1,40,40,2,8,1,7,30,1,0.125,0.5,0.1891891891891892,0.2,135
38,319896880,0.5,0.5,0.2,0.1,40,40,2,5,1,4,33,1,0.2,0.5,0.10810810810810811,0.28571428571428575,135
39,101451292,0.5,0.5,0.2,0.1,40,40,3,9,2,7,29,1,0.2222222222222222,0.6666666666666666,0.19444444444444445,0.3333333333333333,135
40,344234064,0.5,0.5,0.2,0.1,40,40,3,10,3,7,29,0,0.3,1.0,0.19444444444444445,0.4615384615384615,135
41,1340692390,0.5,0.5,0.2,0.1,40,40,3,8,2,6,30,1,0.25,0.6666666666666666,0.16666666666666666,0.36363636363636365,135
42,460546559,0.5,0.5,0.2,0.1,40,40,4,8,4,4,31,0,0.5,1.0,0.11428571428571428,0.6666666666666666,135
43,1818666989,0.5,0.5,0.2,0.1,40,40,1,4,1,3,35,0,0.25,1.0,0.07894736842105263,0.4,135
44,1671574769,0.5,0.5,0.2,0.1,40,40,2,8,1,7,30,1,0.125,0.5,0.1891891891891892,0.2,135
45,719825308,0.5,0.5,0.2,0.1,40,40,3,7,0,7,29,3,0.0,0.0,0.19444444444444445,0.0,135
46,1625695496,0.5,0.5,0.2,0.1,40,40,1,7,1,6,32,0,0.14285714285714285,1.0,0.15789473684210525,0.25,135
47,1598547831,0.5,0.5,0.2,0.1,40,40,2,3,1,2,35,1,0.3333333333333333,0.5,0.05405405405405406,0.4,135
48,795222455,0.5,0.5,0.2,0.1,40,40,0,12,0,12,27,0,0.0,,0.3076923076923077,,135
49,1017373286,0.5,0.5,0.2,0.1,40,40,3,8,3,5,31,0,0.375,1.0,0.1388888888888889,0.5454545454545454,135
0,1438795832,0.5,0.5,0.2,0.25,20,20,2,11,2,9,8,0,0.18181818181818182,1.0,0.5294117647058824,0.3076923076923077,136
1,328828779,0.5,0.5,0.2,0.25,20,20,3,13,2,11,5,1,0.15384615384615385,0.6666666666666666,0.6875,0.25,136
2,22886335,0.5,0.5,0.2,0.25,20,20,1,11,1,10,8,0,0.09090909090909091,1.0,0.5555555555555556,0.16666666666666669,136
3,1736530465,0.5,0.5,0.2,0.25,20,20,1,7,1,6,12,0,0.14285714285714285,1.0,0.3333333333333333,0.25,136
4,1170067903,0.5,0.5,0.2,0.25,20,20,2,4,0,4,13,2,0.0,0.0,0.23529411764705882,0.0,136
5,1767332020,0.5,0.5,0.2,0.25,20,20,3,7,2,5,11,1,0.2857142857142857,0.6666666666666666,0.3125,0.4,136
6,137807333,0.5,0.5,0.2,0.25,20,20,1,7,1,6,12,0,0.14285714285714285,1.0,0.3333333333333333,0.25,136
7,417690115,0.5,0.5,0.2,0.25,20,20,0,5,0,5,14,0,0.0,,0.2631578947368421,,136
8,1133099171,0.5,0.5,0.2,0.25,20,20,0,4,0,4,15,0,0.0,,0.21052631578947367,,136
9,1695792088,0.5,0.5,0.2,0.25,20,20,2,6,2,4,13,0,0.3333333333333333,1.0,0.23529411764705882,0.5,136
10,1949221603,0.5,0.5,0.2,0.25,20,20,3,9,3,6,10,0,0.3333333333333333,1.0,0.375,0.5,136
11,1800126190,0.5,0.5,0.2,0.25,20,20,2,8,1,7,10,1,0.125,0.5,0.4117647058823529,0.2,136
12,886846196,0.5,0.5,0.2,0.25,20,20,3,8,2,6,10,1,0.25,0.6666666666666666,0.375,0.36363636363636365,136
13,2142113940,0.5,0.5,0.2,0.25,20,20,2,11,2,9,8,0,0.18181818181818182,1.0,0.5294117647058824,0.3076923076923077,136
14,705638391,0.5,0.5,0.2,0.25,20,20,5,11,4,7,7,1,0.36363636363636365,0.8,0.5,0.5000000000000001,136
15,129679835,0.5,0.5,0.2,0.25,20,20,2,5,0,5,12,2,0.0,0.0,0.29411764705882354,0.0,136
16,41162814,0.5,0.5,0.2,0.25,20,20,1,10,1,9,9,0,0.1,1.0,0.5,0.18181818181818182,136
17,834931639,0.5,0.5,0.2,0.25,20,20,4,8,1,7,8,3,0.125,0.25,0.4666666666666667,0.16666666666666666,136
18,915411549,0.5,0.5,0.2,0.25,20,20,1,10,0,10,8,1,0.0,0.0,0.5555555555555556,0.0,136
19,264122935,0.5,0.5,0.2,0.25,20,20,3,8,1,7,9,2,0.125,0.3333333333333333,0.4375,0.18181818181818182,136
20,48429992,0.5,0.5,0.2,0.25,20,20,3,7,2,5,11,1,0.2857142857142857,0.6666666666666666,0.3125,0.4,136
21,101219112,0.5,0.5,0.2,0.25,20,20,2,6,1,5,12,1,0.16666666666666666,0.5,0.29411764705882354,0.25,136
22,1952295030,0.5,0.5,0.2,0.25,20,20,2,10,2,8,9,0,0.2,1.0,0.47058823529411764,0.33333333333333337,136
23,837638545,0.5,0.5,0.2,0.25,20,20,3,9,2,7,9,1,0.2222222222222222,0.6666666666666666,0.4375,0.3333333333333333,136
24,1173495608,0.5,0.5,0.2,0.25,20,20,1,7,0,7,11,1,0.0,0.0,0.3888888888888889,0.0,136
25,1675335952,0.5,0.5,0.2,0.25,20,20,4,8,2,6,9,2,0.25,0.5,0.4,0.3333333333333333,136
26,1798241834,0.5,0.5,0.2,0.25,20,20,2,9,1,8,9,1,0.1111111111111111,0.5,0.47058823529411764,0.1818181818181818,136
27,2015077683,0.5,0.5,0.2,0.25,20,20,0,8,0,8,11,0,0.0,,0.42105263157894735,,136
28,1737880315,0.5,0.5,0.2,0.25,20,20,7,9,4,5,7,3,0.4444444444444444,0.5714285714285714,0.4166666666666667,0.5,136
29,995250770,0.5,0.5,0.2,0.25,20,20,3,10,3,7,9,0,0.3,1.0,0.4375,0.4615384615384615,136
30,1282789884,0.5,0.5,0.2,0.25,20,20,2,10,1,9,8,1,0.1,0.5,0.5294117647058824,0.16666666666666669,136
31,316646892,0.5,0.5,0.2,0.25,20,20,2,10,1,9,8,1,0.1,0.5,0.5294117647058824,0.16666666666666669,136
32,1535513874,0.5,0.5,0.2,0.25,20,20,1,6,1,5,13,0,0.16666666666666666,1.0,0.2777777777777778,0.2857142857142857,136
33,99135232,0.5,0.5,0.2,0.25,20,20,2,7,1,6,11,1,0.14285714285714285,0.5,0.35294117647058826,0.22222222222222224,136
34,812908705,0.5,0.5,0.2,0.25,20,20,5,9,3,6,8,2,0.3333333333333333,0.6,0.42857142857142855,0.42857142857142855,136
35,1865156535,0.5,0.5,0.2,0.25,20,20,3,8,3,5,11,0,0.375,1.0,0.3125,0.5454545454545454,136
36,290720,0.5,0.5,0.2,0.25,20,20,3,4,1,3,13,2,0.25,0.3333333333333333,0.1875,0.28571428571428575,136
37,1204725886,0.5,0.5,0.2,0.25,20,20,3,8,3,5,11,0,0.375,1.0,0.3125,0.5454545454545454,136
38,1055744002,0.5,0.5,0.2,0.25,20,20,4,8,1,7,8,3,0.125,0.25,0.4666666666666667,0.16666666666666666,136
39,568559634,0.5,0.5,0.2,0.25,20,20,3,7,2,5,11,1,0.2857142857142857,0.6666666666666666,0.3125,0.4,136
40,378520281,0.5,0.5,0.2,0.25,20,20,1,8,1,7,11,0,0.125,1.0,0.3888888888888889,0.2222222222222222,136
41,490895283,0.5,0.5,0.2,0.25,20,20,2,11,1,10,7,1,0.09090909090909091,0.5,0.5882352941176471,0.15384615384615385,136
42,1380686685,0.5,0.5,0.2,0.25,20,20,0,8,0,8,11,0,0.0,,0.42105263157894735,,136
43,1807997811,0.5,0.5,0.2,0.25,20,20,4,12,4,8,7,0,0.3333333333333333,1.0,0.5333333333333333,0.5,136
44,1254170982,0.5,0.5,0.2,0.25,20,20,2,11,2,9,8,0,0.18181818181818182,1.0,0.5294117647058824,0.3076923076923077,136
45,1038087074,0.5,0.5,0.2,0.25,20,20,3,8,2,6,10,1,0.25,0.6666666666666666,0.375,0.36363636363636365,136
46,684618794,0.5,0.5,0.2,0.25,20,20,1,9,1,8,10,0,0.1111111111111111,1.0,0.4444444444444444,0.19999999999999998,136
47,56014243,0.5,0.5,0.2,0.25,20,20,2,10,2,8,9,0,0.2,1.0,0.47058823529411764,0.33333333333333337,136
48,898661403,0.5,0.5,0.2,0.25,20,20,2,8,0,8,9,2,0.0,0.0,0.47058823529411764,0.0,136
49,142134116,0.5,0.5,0.2,0.25,20,20,2,9,2,7,10,0,0.2222222222222222,1.0,0.4117647058823529,0.3636363636363636,136
0,234260450,0.5,0.5,0.2,0.25,40,40,4,22,4,18,17,0,0.18181818181818182,1.0,0.5142857142857142,0.3076923076923077,137
1,61619617,0.5,0.5,0.2,0.25,40,40,2,22,2,20,17,0,0.09090909090909091,1.0,0.5405405405405406,0.16666666666666669,137
2,1290092236,0.5,0.5,0.2,0.25,40,40,3,16,1,15,21,2,0.0625,0.3333333333333333,0.4166666666666667,0.10526315789473684,137
3,1783762796,0.5,0.5,0.2,0.25,40,40,0,24,0,24,15,0,0.0,,0.6153846153846154,,137
4,623174134,0.5,0.5,0.2,0.25,40,40,5,21,4,17,17,1,0.19047619047619047,0.8,0.5,0.3076923076923077,137
5,1201616990,0.5,0.5,0.2,0.25,40,40,1,21,1,20,18,0,0.047619047619047616,1.0,0.5263157894736842,0.0909090909090909,137
6,670659058,0.5,0.5,0.2,0.25,40,40,5,25,3,22,12,2,0.12,0.6,0.6470588235294118,0.19999999999999998,137
7,1979400224,0.5,0.5,0.2,0.25,40,40,2,18,2,16,21,0,0.1111111111111111,1.0,0.43243243243243246,0.19999999999999998,137
8,2121788364,0.5,0.5,0.2,0.25,40,40,2,28,2,26,11,0,0.07142857142857142,1.0,0.7027027027027027,0.13333333333333333,137
9,350352985,0.5,0.5,0.2,0.25,40,40,3,22,3,19,17,0,0.13636363636363635,1.0,0.5277777777777778,0.24000000000000002,137
10,1881125914,0.5,0.5,0.2,0.25,40,40,2,23,2,21,16,0,0.08695652173913043,1.0,0.5675675675675675,0.16,137
11,1349895592,0.5,0.5,0.2,0.25,40,40,3,17,3,14,22,0,0.17647058823529413,1.0,0.3888888888888889,0.3,137
12,364890381,0.5,0.5,0.2,0.25,40,40,1,24,0,24,14,1,0.0,0.0,0.631578947368421,0.0,137
13,958611921,0.5,0.5,0.2,0.25,40,40,4,25,3,22,13,1,0.12,0.75,0.6285714285714286,0.20689655172413793,137
14,824429122,0.5,0.5,0.2,0.25,40,40,1,21,0,21,17,1,0.0,0.0,0.5526315789473685,0.0,137
15,1274877834,0.5,0.5,0.2,0.25,40,40,2,19,1,18,19,1,0.05263157894736842,0.5,0.4864864864864865,0.09523809523809525,137
16,330859223,0.5,0.5,0.2,0.25,40,40,1,19,0,19,19,1,0.0,0.0,0.5,0.0,137
17,178557105,0.5,0.5,0.2,0.25,40,40,0,28,0,28,11,0,0.0,,0.717948717948718,,137
18,10827574,0.5,0.5,0.2,0.25,40,40,0,26,0,26,13,0,0.0,,0.6666666666666666,,137
19,1098244392,0.5,0.5,0.2,0.25,40,40,4,24,4,20,15,0,0.16666666666666666,1.0,0.5714285714285714,0.2857142857142857,137
20,1499779305,0.5,0.5,0.2,0.25,40,40,1,19,1,18,20,0,0.05263157894736842,1.0,0.47368421052631576,0.1,137
21,2607104,0.5,0.5,0.2,0.25,40,40,0,26,0,26,13,0,0.0,,0.6666666666666666,,137
22,896091791,0.5,0.5,0.2,0.25,40,40,2,19,2,17,20,0,0.10526315789473684,1.0,0.4594594594594595,0.1904761904761905,137
23,262638471,0.5,0.5,0.2,0.25,40,40,0,17,0,17,22,0,0.0,,0.4358974358974359,,137
24,618793754,0.5,0.5,0.2,0.25,40,40,1,14,1,13,25,0,0.07142857142857142,1.0,0.34210526315789475,0.13333333333333333,137
25,565439149,0.5,0.5,0.2,0.25,40,40,3,27,3,24,12,0,0.1111111111111111,1.0,0.6666666666666666,0.19999999999999998,137
26,232855495,0.5,0.5,0.2,0.25,40,40,2,22,2,20,17,0,0.09090909090909091,1.0,0.5405405405405406,0.16666666666666669,137
27,945889904,0.5,0.5,0.2,0.25,40,40,0,21,0,21,18,0,0.0,,0.5384615384615384,,137
28,55125631,0.5,0.5,0.2,0.25,40,40,1,22,1,21,17,0,0.045454545454545456,1.0,0.5526315789473685,0.08695652173913045,137
29,1195337888,0.5,0.5,0.2,0.25,40,40,3,20,3,17,19,0,0.15,1.0,0.4722222222222222,0.2608695652173913,137
30,2061537955,0.5,0.5,0.2,0.25,40,40,5,21,3,18,16,2,0.14285714285714285,0.6,0.5294117647058824,0.23076923076923073,137
31,1320085825,0.5,0.5,0.2,0.25,40,40,4,28,4,24,11,0,0.14285714285714285,1.0,0.6857142857142857,0.25,137
32,1037563994,0.5,0.5,0.2,0.25,40,40,2,19,2,17,20,0,0.10526315789473684,1.0,0.4594594594594595,0.1904761904761905,137
33,1760181628,0.5,0.5,0.2,0.25,40,40,0,20,0,20,19,0,0.0,,0.5128205128205128,,137
34,1175361363,0.5,0.5,0.2,0.25,40,40,3,22,3,19,17,0,0.13636363636363635,1.0,0.5277777777777778,0.24000000000000002,137
35,749373565,0.5,0.5,0.2,0.25,40,40,2,22,2,20,17,0,0.09090909090909091,1.0,0.5405405405405406,0.16666666666666669,137
36,1790984603,0.5,0.5,0.2,0.25,40,40,3,27,1,26,10,2,0.037037037037037035,0.3333333333333333,0.7222222222222222,0.06666666666666667,137
37,998377806,0.5,0.5,0.2,0.25,40,40,2,26,2,24,13,0,0.07692307692307693,1.0,0.6486486486486487,0.14285714285714288,137
38,857228969,0.5,0.5,0.2,0.25,40,40,3,23,1,22,14,2,0.043478260869565216,0.3333333333333333,0.6111111111111112,0.07692307692307691,137
39,462805614,0.5,0.5,0.2,0.25,40,40,3,23,2,21,15,1,0.08695652173913043,0.6666666666666666,0.5833333333333334,0.15384615384615383,137
40,1793941815,0.5,0.5,0.2,0.25,40,40,1,18,1,17,21,0,0.05555555555555555,1.0,0.4473684210526316,0.10526315789473684,137
41,1562282323,0.5,0.5,0.2,0.25,40,40,0,23,0,23,16,0,0.0,,0.5897435897435898,,137
42,1512551133,0.5,0.5,0.2,0.25,40,40,0,26,0,26,13,0,0.0,,0.6666666666666666,,137
43,434383623,0.5,0.5,0.2,0.25,40,40,1,19,1,18,20,0,0.05263157894736842,1.0,0.47368421052631576,0.1,137
44,905955184,0.5,0.5,0.2,0.25,40,40,2,15,1,14,23,1,0.06666666666666667,0.5,0.3783783783783784,0.11764705882352941,137
45,1458841099,0.5,0.5,0.2,0.25,40,40,3,18,1,17,19,2,0.05555555555555555,0.3333333333333333,0.4722222222222222,0.09523809523809525,137
46,1494491074,0.5,0.5,0.2,0.25,40,40,4,21,1,20,15,3,0.047619047619047616,0.25,0.5714285714285714,0.08,137
47,1025125553,0.5,0.5,0.2,0.25,40,40,2,17,1,16,21,1,0.058823529411764705,0.5,0.43243243243243246,0.10526315789473684,137
48,1361561321,0.5,0.5,0.2,0.25,40,40,3,24,2,22,14,1,0.08333333333333333,0.6666666666666666,0.6111111111111112,0.14814814814814814,137
49,542181496,0.5,0.5,0.2,0.25,40,40,3,21,3,18,18,0,0.14285714285714285,1.0,0.5,0.25,137
0,924653989,0.5,0.5,0.35,0.0,20,20,2,0,0,0,17,2,,0.0,0.0,,138
1,682244109,0.5,0.5,0.35,0.0,20,20,3,2,1,1,15,2,0.5,0.3333333333333333,0.0625,0.4,138
2,212809660,0.5,0.5,0.35,0.0,20,20,2,1,1,0,17,1,1.0,0.5,0.0,0.6666666666666666,138
3,1129403856,0.5,0.5,0.35,0.0,20,20,3,2,2,0,16,1,1.0,0.6666666666666666,0.0,0.8,138
4,749898366,0.5,0.5,0.35,0.0,20,20,4,2,1,1,14,3,0.5,0.25,0.06666666666666667,0.3333333333333333,138
5,1269416777,0.5,0.5,0.35,0.0,20,20,2,0,0,0,17,2,,0.0,0.0,,138
6,693734859,0.5,0.5,0.35,0.0,20,20,2,1,1,0,17,1,1.0,0.5,0.0,0.6666666666666666,138
7,1116410522,0.5,0.5,0.35,0.0,20,20,5,2,2,0,14,3,1.0,0.4,0.0,0.5714285714285715,138
8,2130011958,0.5,0.5,0.35,0.0,20,20,3,0,0,0,16,3,,0.0,0.0,,138
9,1885719172,0.5,0.5,0.35,0.0,20,20,5,2,1,1,13,4,0.5,0.2,0.07142857142857142,0.28571428571428575,138
10,872489253,0.5,0.5,0.35,0.0,20,20,3,1,1,0,16,2,1.0,0.3333333333333333,0.0,0.5,138
11,1800620164,0.5,0.5,0.35,0.0,20,20,4,2,2,0,15,2,1.0,0.5,0.0,0.6666666666666666,138
12,1701519719,0.5,0.5,0.35,0.0,20,20,2,1,1,0,17,1,1.0,0.5,0.0,0.6666666666666666,138
13,1757907766,0.5,0.5,0.35,0.0,20,20,2,0,0,0,17,2,,0.0,0.0,,138
14,398017139,0.5,0.5,0.35,0.0,20,20,3,1,1,0,16,2,1.0,0.3333333333333333,0.0,0.5,138
15,982105669,0.5,0.5,0.35,0.0,20,20,1,0,0,0,18,1,,0.0,0.0,,138
16,2088948968,0.5,0.5,0.35,0.0,20,20,4,1,1,0,15,3,1.0,0.25,0.0,0.4,138
17,1076690115,0.5,0.5,0.35,0.0,20,20,1,1,1,0,18,0,1.0,1.0,0.0,1.0,138
18,1586318126,0.5,0.5,0.35,0.0,20,20,2,1,1,0,17,1,1.0,0.5,0.0,0.6666666666666666,138
19,1538029770,0.5,0.5,0.35,0.0,20,20,3,1,1,0,16,2,1.0,0.3333333333333333,0.0,0.5,138
20,28235731,0.5,0.5,0.35,0.0,20,20,0,0,0,0,19,0,,,0.0,,138
21,309385165,0.5,0.5,0.35,0.0,20,20,3,2,2,0,16,1,1.0,0.6666666666666666,0.0,0.8,138
22,2005441895,0.5,0.5,0.35,0.0,20,20,3,1,1,0,16,2,1.0,0.3333333333333333,0.0,0.5,138
23,820904880,0.5,0.5,0.35,0.0,20,20,0,0,0,0,19,0,,,0.0,,138
24,1691795170,0.5,0.5,0.35,0.0,20,20,3,0,0,0,16,3,,0.0,0.0,,138
25,422941848,0.5,0.5,0.35,0.0,20,20,1,1,1,0,18,0,1.0,1.0,0.0,1.0,138
26,575535519,0.5,0.5,0.35,0.0,20,20,3,2,2,0,16,1,1.0,0.6666666666666666,0.0,0.8,138
27,36308111,0.5,0.5,0.35,0.0,20,20,2,1,1,0,17,1,1.0,0.5,0.0,0.6666666666666666,138
28,1012987771,0.5,0.5,0.35,0.0,20,20,3,1,1,0,16,2,1.0,0.3333333333333333,0.0,0.5,138
29,414821437,0.5,0.5,0.35,0.0,20,20,2,0,0,0,17,2,,0.0,0.0,,138
30,1896604947,0.5,0.5,0.35,0.0,20,20,3,1,1,0,16,2,1.0,0.3333333333333333,0.0,0.5,138
31,1622590260,0.5,0.5,0.35,0.0,20,20,1,1,1,0,18,0,1.0,1.0,0.0,1.0,138
32,63932390,0.5,0.5,0.35,0.0,20,20,3,1,1,0,16,2,1.0,0.3333333333333333,0.0,0.5,138
33,1918129139,0.5,0.5,0.35,0.0,20,20,3,2,2,0,16,1,1.0,0.6666666666666666,0.0,0.8,138
34,1247482703,0.5,0.5,0.35,0.0,20,20,4,0,0,0,15,4,,0.0,0.0,,138
35,1602012599,0.5,0.5,0.35,0.0,20,20,4,1,1,0,15,3,1.0,0.25,0.0,0.4,138
36,946066875,0.5,0.5,0.35,0.0,20,20,3,1,1,0,16,2,1.0,0.3333333333333333,0.0,0.5,138
37,650560260,0.5,0.5,0.35,0.0,20,20,0,0,0,0,19,0,,,0.0,,138
38,563255393,0.5,0.5,0.35,0.0,20,20,5,2,2,0,14,3,1.0,0.4,0.0,0.5714285714285715,138
39,1618912994,0.5,0.5,0.35,0.0,20,20,0,1,0,1,18,0,0.0,,0.05263157894736842,,138
40,1410789897,0.5,0.5,0.35,0.0,20,20,4,3,3,0,15,1,1.0,0.75,0.0,0.8571428571428571,138
41,2036832676,0.5,0.5,0.35,0.0,20,20,2,1,1,0,17,1,1.0,0.5,0.0,0.6666666666666666,138
42,1093153396,0.5,0.5,0.35,0.0,20,20,1,0,0,0,18,1,,0.0,0.0,,138
43,1426037568,0.5,0.5,0.35,0.0,20,20,2,1,1,0,17,1,1.0,0.5,0.0,0.6666666666666666,138
44,1555774359,0.5,0.5,0.35,0.0,20,20,2,0,0,0,17,2,,0.0,0.0,,138
45,1252966121,0.5,0.5,0.35,0.0,20,20,1,0,0,0,18,1,,0.0,0.0,,138
46,841852671,0.5,0.5,0.35,0.0,20,20,4,1,1,0,15,3,1.0,0.25,0.0,0.4,138
47,1500747602,0.5,0.5,0.35,0.0,20,20,2,0,0,0,17,2,,0.0,0.0,,138
48,164712827,0.5,0.5,0.35,0.0,20,20,3,1,1,0,16,2,1.0,0.3333333333333333,0.0,0.5,138
49,1894156340,0.5,0.5,0.35,0.0,20,20,5,1,1,0,14,4,1.0,0.2,0.0,0.33333333333333337,138
0,157317110,0.5,0.5,0.35,0.0,40,40,4,1,1,0,35,3,1.0,0.25,0.0,0.4,139
1,1358816623,0.5,0.5,0.35,0.0,40,40,3,1,1,0,36,2,1.0,0.3333333333333333,0.0,0.5,139
2,1359013052,0.5,0.5,0.35,0.0,40,40,2,2,2,0,37,0,1.0,1.0,0.0,1.0,139
3,1506181041,0.5,0.5,0.35,0.0,40,40,4,2,2,0,35,2,1.0,0.5,0.0,0.6666666666666666,139
4,1809705939,0.5,0.5,0.35,0.0,40,40,6,3,3,0,33,3,1.0,0.5,0.0,0.6666666666666666,139
5,865301109,0.5,0.5,0.35,0.0,40,40,3,1,1,0,36,2,1.0,0.3333333333333333,0.0,0.5,139
6,501453044,0.5,0.5,0.35,0.0,40,40,1,0,0,0,38,1,,0.0,0.0,,139
7,1531281982,0.5,0.5,0.35,0.0,40,40,3,1,1,0,36,2,1.0,0.3333333333333333,0.0,0.5,139
8,226580878,0.5,0.5,0.35,0.0,40,40,0,0,0,0,39,0,,,0.0,,139
9,964737975,0.5,0.5,0.35,0.0,40,40,2,1,1,0,37,1,1.0,0.5,0.0,0.6666666666666666,139
10,1893594044,0.5,0.5,0.35,0.0,40,40,4,1,1,0,35,3,1.0,0.25,0.0,0.4,139
11,1775313493,0.5,0.5,0.35,0.0,40,40,0,0,0,0,39,0,,,0.0,,139
12,450156180,0.5,0.5,0.35,0.0,40,40,2,0,0,0,37,2,,0.0,0.0,,139
13,128940774,0.5,0.5,0.35,0.0,40,40,2,2,2,0,37,0,1.0,1.0,0.0,1.0,139
14,93112673,0.5,0.5,0.35,0.0,40,40,3,0,0,0,36,3,,0.0,0.0,,139
15,213778882,0.5,0.5,0.35,0.0,40,40,2,0,0,0,37,2,,0.0,0.0,,139
16,436207164,0.5,0.5,0.35,0.0,40,40,0,0,0,0,39,0,,,0.0,,139
17,1080709159,0.5,0.5,0.35,0.0,40,40,2,2,2,0,37,0,1.0,1.0,0.0,1.0,139
18,891869079,0.5,0.5,0.35,0.0,40,40,2,2,1,1,36,1,0.5,0.5,0.02702702702702703,0.5,139
19,1928082607,0.5,0.5,0.35,0.0,40,40,4,3,3,0,35,1,1.0,0.75,0.0,0.8571428571428571,139
20,1141975914,0.5,0.5,0.35,0.0,40,40,1,1,1,0,38,0,1.0,1.0,0.0,1.0,139
21,973948403,0.5,0.5,0.35,0.0,40,40,3,2,2,0,36,1,1.0,0.6666666666666666,0.0,0.8,139
22,467991581,0.5,0.5,0.35,0.0,40,40,1,1,1,0,38,0,1.0,1.0,0.0,1.0,139
23,1802429569,0.5,0.5,0.35,0.0,40,40,1,2,1,1,37,0,0.5,1.0,0.02631578947368421,0.6666666666666666,139
24,1370329425,0.5,0.5,0.35,0.0,40,40,4,4,4,0,35,0,1.0,1.0,0.0,1.0,139
25,267515717,0.5,0.5,0.35,0.0,40,40,2,1,1,0,37,1,1.0,0.5,0.0,0.6666666666666666,139
26,22094317,0.5,0.5,0.35,0.0,40,40,0,0,0,0,39,0,,,0.0,,139
27,1735663713,0.5,0.5,0.35,0.0,40,40,2,1,1,0,37,1,1.0,0.5,0.0,0.6666666666666666,139
28,392605093,0.5,0.5,0.35,0.0,40,40,3,2,1,1,35,2,0.5,0.3333333333333333,0.027777777777777776,0.4,139
29,542290489,0.5,0.5,0.35,0.0,40,40,2,0,0,0,37,2,,0.0,0.0,,139
30,2075669008,0.5,0.5,0.35,0.0,40,40,0,0,0,0,39,0,,,0.0,,139
31,1834498742,0.5,0.5,0.35,0.0,40,40,5,3,3,0,34,2,1.0,0.6,0.0,0.7499999999999999,139
32,1815748177,0.5,0.5,0.35,0.0,40,40,3,2,2,0,36,1,1.0,0.6666666666666666,0.0,0.8,139
33,1057280563,0.5,0.5,0.35,0.0,40,40,5,4,4,0,34,1,1.0,0.8,0.0,0.888888888888889,139
34,2055832079,0.5,0.5,0.35,0.0,40,40,2,1,1,0,37,1,1.0,0.5,0.0,0.6666666666666666,139
35,895085857,0.5,0.5,0.35,0.0,40,40,2,1,1,0,37,1,1.0,0.5,0.0,0.6666666666666666,139
36,1776180905,0.5,0.5,0.35,0.0,40,40,1,2,1,1,37,0,0.5,1.0,0.02631578947368421,0.6666666666666666,139
37,394810798,0.5,0.5,0.35,0.0,40,40,4,2,2,0,35,2,1.0,0.5,0.0,0.6666666666666666,139
38,2115405661,0.5,0.5,0.35,0.0,40,40,2,1,1,0,37,1,1.0,0.5,0.0,0.6666666666666666,139
39,1719717028,0.5,0.5,0.35,0.0,40,40,5,4,3,1,33,2,0.75,0.6,0.029411764705882353,0.6666666666666665,139
40,421614294,0.5,0.5,0.35,0.0,40,40,3,2,2,0,36,1,1.0,0.6666666666666666,0.0,0.8,139
41,398916018,0.5,0.5,0.35,0.0,40,40,4,2,1,1,34,3,0.5,0.25,0.02857142857142857,0.3333333333333333,139
42,1244784910,0.5,0.5,0.35,0.0,40,40,2,0,0,0,37,2,,0.0,0.0,,139
43,1235464446,0.5,0.5,0.35,0.0,40,40,4,0,0,0,35,4,,0.0,0.0,,139
44,951933759,0.5,0.5,0.35,0.0,40,40,3,0,0,0,36,3,,0.0,0.0,,139
45,367685650,0.5,0.5,0.35,0.0,40,40,4,3,3,0,35,1,1.0,0.75,0.0,0.8571428571428571,139
46,1087132288,0.5,0.5,0.35,0.0,40,40,5,2,2,0,34,3,1.0,0.4,0.0,0.5714285714285715,139
47,692972899,0.5,0.5,0.35,0.0,40,40,0,0,0,0,39,0,,,0.0,,139
48,1199848375,0.5,0.5,0.35,0.0,40,40,1,0,0,0,38,1,,0.0,0.0,,139
49,859486632,0.5,0.5,0.35,0.0,40,40,2,2,2,0,37,0,1.0,1.0,0.0,1.0,139
0,177776335,0.5,0.5,0.35,0.1,20,20,0,0,0,0,19,0,,,0.0,,140
1,1363829903,0.5,0.5,0.35,0.1,20,20,3,0,0,0,16,3,,0.0,0.0,,140
2,438637826,0.5,0.5,0.35,0.1,20,20,3,3,3,0,16,0,1.0,1.0,0.0,1.0,140
3,493818051,0.5,0.5,0.35,0.1,20,20,2,1,0,1,16,2,0.0,0.0,0.058823529411764705,0.0,140
4,1469279440,0.5,0.5,0.35,0.1,20,20,2,2,1,1,16,1,0.5,0.5,0.058823529411764705,0.5,140
5,104044257,0.5,0.5,0.35,0.1,20,20,0,0,0,0,19,0,,,0.0,,140
6,1711685331,0.5,0.5,0.35,0.1,20,20,2,2,2,0,17,0,1.0,1.0,0.0,1.0,140
7,1363642921,0.5,0.5,0.35,0.1,20,20,7,1,1,0,12,6,1.0,0.14285714285714285,0.0,0.25,140
8,2130654796,0.5,0.5,0.35,0.1,20,20,2,1,1,0,17,1,1.0,0.5,0.0,0.6666666666666666,140
9,945052645,0.5,0.5,0.35,0.1,20,20,3,1,1,0,16,2,1.0,0.3333333333333333,0.0,0.5,140
10,1061517943,0.5,0.5,0.35,0.1,20,20,4,2,2,0,15,2,1.0,0.5,0.0,0.6666666666666666,140
11,1185044642,0.5,0.5,0.35,0.1,20,20,3,1,1,0,16,2,1.0,0.3333333333333333,0.0,0.5,140
12,462280783,0.5,0.5,0.35,0.1,20,20,3,1,1,0,16,2,1.0,0.3333333333333333,0.0,0.5,140
13,528098062,0.5,0.5,0.35,0.1,20,20,2,1,0,1,16,2,0.0,0.0,0.058823529411764705,0.0,140
14,950627899,0.5,0.5,0.35,0.1,20,20,2,2,1,1,16,1,0.5,0.5,0.058823529411764705,0.5,140
15,505756299,0.5,0.5,0.35,0.1,20,20,0,1,0,1,18,0,0.0,,0.05263157894736842,,140
16,1906696121,0.5,0.5,0.35,0.1,20,20,2,1,1,0,17,1,1.0,0.5,0.0,0.6666666666666666,140
17,568448994,0.5,0.5,0.35,0.1,20,20,1,1,0,1,17,1,0.0,0.0,0.05555555555555555,0.0,140
18,2068391739,0.5,0.5,0.35,0.1,20,20,1,0,0,0,18,1,,0.0,0.0,,140
19,418005707,0.5,0.5,0.35,0.1,20,20,3,1,1,0,16,2,1.0,0.3333333333333333,0.0,0.5,140
20,2146417004,0.5,0.5,0.35,0.1,20,20,2,0,0,0,17,2,,0.0,0.0,,140
21,395850130,0.5,0.5,0.35,0.1,20,20,1,0,0,0,18,1,,0.0,0.0,,140
22,1749266132,0.5,0.5,0.35,0.1,20,20,2,1,0,1,16,2,0.0,0.0,0.058823529411764705,0.0,140
23,128963198,0.5,0.5,0.35,0.1,20,20,2,1,1,0,17,1,1.0,0.5,0.0,0.6666666666666666,140
24,412405730,0.5,0.5,0.35,0.1,20,20,4,0,0,0,15,4,,0.0,0.0,,140
25,1075813841,0.5,0.5,0.35,0.1,20,20,2,0,0,0,17,2,,0.0,0.0,,140
26,2029522150,0.5,0.5,0.35,0.1,20,20,3,4,3,1,15,0,0.75,1.0,0.0625,0.8571428571428571,140
27,757709432,0.5,0.5,0.35,0.1,20,20,2,1,0,1,16,2,0.0,0.0,0.058823529411764705,0.0,140
28,1799712817,0.5,0.5,0.35,0.1,20,20,3,2,2,0,16,1,1.0,0.6666666666666666,0.0,0.8,140
29,495317845,0.5,0.5,0.35,0.1,20,20,2,2,1,1,16,1,0.5,0.5,0.058823529411764705,0.5,140
30,727906097,0.5,0.5,0.35,0.1,20,20,0,0,0,0,19,0,,,0.0,,140
31,1781152778,0.5,0.5,0.35,0.1,20,20,4,1,1,0,15,3,1.0,0.25,0.0,0.4,140
32,1208327599,0.5,0.5,0.35,0.1,20,20,2,1,1,0,17,1,1.0,0.5,0.0,0.6666666666666666,140
33,1439727997,0.5,0.5,0.35,0.1,20,20,1,0,0,0,18,1,,0.0,0.0,,140
34,42128566,0.5,0.5,0.35,0.1,20,20,1,1,1,0,18,0,1.0,1.0,0.0,1.0,140
35,1697398652,0.5,0.5,0.35,0.1,20,20,2,0,0,0,17,2,,0.0,0.0,,140
36,114758806,0.5,0.5,0.35,0.1,20,20,3,1,1,0,16,2,1.0,0.3333333333333333,0.0,0.5,140
37,1958568259,0.5,0.5,0.35,0.1,20,20,0,0,0,0,19,0,,,0.0,,140
38,1670675854,0.5,0.5,0.35,0.1,20,20,2,0,0,0,17,2,,0.0,0.0,,140
39,65247496,0.5,0.5,0.35,0.1,20,20,3,1,1,0,16,2,1.0,0.3333333333333333,0.0,0.5,140
40,2001760038,0.5,0.5,0.35,0.1,20,20,0,1,0,1,18,0,0.0,,0.05263157894736842,,140
41,1681426124,0.5,0.5,0.35,0.1,20,20,3,1,0,1,15,3,0.0,0.0,0.0625,0.0,140
42,154726923,0.5,0.5,0.35,0.1,20,20,1,1,1,0,18,0,1.0,1.0,0.0,1.0,140
43,1501846783,0.5,0.5,0.35,0.1,20,20,0,0,0,0,19,0,,,0.0,,140
44,467487274,0.5,0.5,0.35,0.1,20,20,3,0,0,0,16,3,,0.0,0.0,,140
45,1806846566,0.5,0.5,0.35,0.1,20,20,5,2,2,0,14,3,1.0,0.4,0.0,0.5714285714285715,140
46,1487398786,0.5,0.5,0.35,0.1,20,20,3,4,3,1,15,0,0.75,1.0,0.0625,0.8571428571428571,140
47,106152403,0.5,0.5,0.35,0.1,20,20,2,1,1,0,17,1,1.0,0.5,0.0,0.6666666666666666,140
48,1126272797,0.5,0.5,0.35,0.1,20,20,4,1,1,0,15,3,1.0,0.25,0.0,0.4,140
49,620061930,0.5,0.5,0.35,0.1,20,20,2,1,1,0,17,1,1.0,0.5,0.0,0.6666666666666666,140
0,1146565157,0.5,0.5,0.35,0.1,40,40,1,2,0,2,36,1,0.0,0.0,0.05263157894736842,0.0,141
1,845066135,0.5,0.5,0.35,0.1,40,40,2,2,0,2,35,2,0.0,0.0,0.05405405405405406,0.0,141
2,1449934305,0.5,0.5,0.35,0.1,40,40,1,2,1,1,37,0,0.5,1.0,0.02631578947368421,0.6666666666666666,141
3,892331890,0.5,0.5,0.35,0.1,40,40,4,5,1,4,31,3,0.2,0.25,0.11428571428571428,0.22222222222222224,141
4,621172009,0.5,0.5,0.35,0.1,40,40,3,2,1,1,35,2,0.5,0.3333333333333333,0.027777777777777776,0.4,141
5,1300560782,0.5,0.5,0.35,0.1,40,40,5,5,4,1,33,1,0.8,0.8,0.029411764705882353,0.8000000000000002,141
6,1538348526,0.5,0.5,0.35,0.1,40,40,2,6,2,4,33,0,0.3333333333333333,1.0,0.10810810810810811,0.5,141
7,1597707134,0.5,0.5,0.35,0.1,40,40,2,2,2,0,37,0,1.0,1.0,0.0,1.0,141
8,1437691148,0.5,0.5,0.35,0.1,40,40,1,1,0,1,37,1,0.0,0.0,0.02631578947368421,0.0,141
9,86775231,0.5,0.5,0.35,0.1,40,40,2,4,2,2,35,0,0.5,1.0,0.05405405405405406,0.6666666666666666,141
10,204964670,0.5,0.5,0.35,0.1,40,40,0,2,0,2,37,0,0.0,,0.05128205128205128,,141
11,2057214423,0.5,0.5,0.35,0.1,40,40,2,2,0,2,35,2,0.0,0.0,0.05405405405405406,0.0,141
12,1846582012,0.5,0.5,0.35,0.1,40,40,2,4,0,4,33,2,0.0,0.0,0.10810810810810811,0.0,141
13,1146369843,0.5,0.5,0.35,0.1,40,40,1,0,0,0,38,1,,0.0,0.0,,141
14,904406131,0.5,0.5,0.35,0.1,40,40,1,0,0,0,38,1,,0.0,0.0,,141
15,802576,0.5,0.5,0.35,0.1,40,40,2,3,1,2,35,1,0.3333333333333333,0.5,0.05405405405405406,0.4,141
16,1016748403,0.5,0.5,0.35,0.1,40,40,2,4,1,3,34,1,0.25,0.5,0.08108108108108109,0.3333333333333333,141
17,1410495557,0.5,0.5,0.35,0.1,40,40,3,4,2,2,34,1,0.5,0.6666666666666666,0.05555555555555555,0.5714285714285715,141
18,39935211,0.5,0.5,0.35,0.1,40,40,2,3,1,2,35,1,0.3333333333333333,0.5,0.05405405405405406,0.4,141
19,1774537133,0.5,0.5,0.35,0.1,40,40,2,3,1,2,35,1,0.3333333333333333,0.5,0.05405405405405406,0.4,141
20,241733326,0.5,0.5,0.35,0.1,40,40,4,1,0,1,34,4,0.0,0.0,0.02857142857142857,0.0,141
21,417519552,0.5,0.5,0.35,0.1,40,40,3,2,0,2,34,3,0.0,0.0,0.05555555555555555,0.0,141
22,176550535,0.5,0.5,0.35,0.1,40,40,2,4,1,3,34,1,0.25,0.5,0.08108108108108109,0.3333333333333333,141
23,627100322,0.5,0.5,0.35,0.1,40,40,4,5,2,3,32,2,0.4,0.5,0.08571428571428572,0.4444444444444445,141
24,1618164204,0.5,0.5,0.35,0.1,40,40,0,4,0,4,35,0,0.0,,0.10256410256410256,,141
25,2008383008,0.5,0.5,0.35,0.1,40,40,4,4,3,1,34,1,0.75,0.75,0.02857142857142857,0.75,141
26,561319557,0.5,0.5,0.35,0.1,40,40,0,0,0,0,39,0,,,0.0,,141
27,173513703,0.5,0.5,0.35,0.1,40,40,2,5,1,4,33,1,0.2,0.5,0.10810810810810811,0.28571428571428575,141
28,84160674,0.5,0.5,0.35,0.1,40,40,4,5,3,2,33,1,0.6,0.75,0.05714285714285714,0.6666666666666665,141
29,1610862166,0.5,0.5,0.35,0.1,40,40,2,7,2,5,32,0,0.2857142857142857,1.0,0.13513513513513514,0.4444444444444445,141
30,975612430,0.5,0.5,0.35,0.1,40,40,4,3,0,3,32,4,0.0,0.0,0.08571428571428572,0.0,141
31,897926381,0.5,0.5,0.35,0.1,40,40,6,7,5,2,31,1,0.7142857142857143,0.8333333333333334,0.06060606060606061,0.7692307692307692,141
32,648261033,0.5,0.5,0.35,0.1,40,40,2,3,1,2,35,1,0.3333333333333333,0.5,0.05405405405405406,0.4,141
33,535681724,0.5,0.5,0.35,0.1,40,40,4,4,2,2,33,2,0.5,0.5,0.05714285714285714,0.5,141
34,1462104386,0.5,0.5,0.35,0.1,40,40,3,2,1,1,35,2,0.5,0.3333333333333333,0.027777777777777776,0.4,141
35,540972145,0.5,0.5,0.35,0.1,40,40,2,3,2,1,36,0,0.6666666666666666,1.0,0.02702702702702703,0.8,141
36,1347294835,0.5,0.5,0.35,0.1,40,40,4,1,1,0,35,3,1.0,0.25,0.0,0.4,141
37,188330473,0.5,0.5,0.35,0.1,40,40,2,1,1,0,37,1,1.0,0.5,0.0,0.6666666666666666,141
38,1791653207,0.5,0.5,0.35,0.1,40,40,3,2,1,1,35,2,0.5,0.3333333333333333,0.027777777777777776,0.4,141
39,1780315834,0.5,0.5,0.35,0.1,40,40,2,2,0,2,35,2,0.0,0.0,0.05405405405405406,0.0,141
40,70882783,0.5,0.5,0.35,0.1,40,40,4,6,4,2,33,0,0.6666666666666666,1.0,0.05714285714285714,0.8,141
41,1751091270,0.5,0.5,0.35,0.1,40,40,1,1,0,1,37,1,0.0,0.0,0.02631578947368421,0.0,141
42,2115442974,0.5,0.5,0.35,0.1,40,40,3,6,3,3,33,0,0.5,1.0,0.08333333333333333,0.6666666666666666,141
43,269186164,0.5,0.5,0.35,0.1,40,40,1,2,0,2,36,1,0.0,0.0,0.05263157894736842,0.0,141
44,1776339829,0.5,0.5,0.35,0.1,40,40,2,3,2,1,36,0,0.6666666666666666,1.0,0.02702702702702703,0.8,141
45,1005346703,0.5,0.5,0.35,0.1,40,40,1,0,0,0,38,1,,0.0,0.0,,141
46,39309611,0.5,0.5,0.35,0.1,40,40,2,5,2,3,34,0,0.4,1.0,0.08108108108108109,0.5714285714285715,141
47,1159927858,0.5,0.5,0.35,0.1,40,40,3,4,1,3,33,2,0.25,0.3333333333333333,0.08333333333333333,0.28571428571428575,141
48,669999237,0.5,0.5,0.35,0.1,40,40,2,5,2,3,34,0,0.4,1.0,0.08108108108108109,0.5714285714285715,141
49,1030733362,0.5,0.5,0.35,0.1,40,40,2,4,2,2,35,0,0.5,1.0,0.05405405405405406,0.6666666666666666,141
0,286693648,0.5,0.5,0.35,0.25,20,20,2,2,0,2,15,2,0.0,0.0,0.11764705882352941,0.0,142
1,814854248,0.5,0.5,0.35,0.25,20,20,3,5,1,4,12,2,0.2,0.3333333333333333,0.25,0.25,142
2,168545663,0.5,0.5,0.35,0.25,20,20,2,3,1,2,15,1,0.3333333333333333,0.5,0.11764705882352941,0.4,142
3,1702956659,0.5,0.5,0.35,0.25,20,20,5,2,1,1,13,4,0.5,0.2,0.07142857142857142,0.28571428571428575,142
4,1723618962,0.5,0.5,0.35,0.25,20,20,3,4,3,1,15,0,0.75,1.0,0.0625,0.8571428571428571,142
5,477197082,0.5,0.5,0.35,0.25,20,20,2,5,1,4,13,1,0.2,0.5,0.23529411764705882,0.28571428571428575,142
6,1691908370,0.5,0.5,0.35,0.25,20,20,4,4,2,2,13,2,0.5,0.5,0.13333333333333333,0.5,142
7,1744750423,0.5,0.5,0.35,0.25,20,20,4,2,2,0,15,2,1.0,0.5,0.0,0.6666666666666666,142
8,1271915707,0.5,0.5,0.35,0.25,20,20,3,2,2,0,16,1,1.0,0.6666666666666666,0.0,0.8,142
9,2127101397,0.5,0.5,0.35,0.25,20,20,2,4,0,4,13,2,0.0,0.0,0.23529411764705882,0.0,142
10,722107138,0.5,0.5,0.35,0.25,20,20,2,3,1,2,15,1,0.3333333333333333,0.5,0.11764705882352941,0.4,142
11,2069528303,0.5,0.5,0.35,0.25,20,20,3,1,0,1,15,3,0.0,0.0,0.0625,0.0,142
12,196975602,0.5,0.5,0.35,0.25,20,20,3,4,2,2,14,1,0.5,0.6666666666666666,0.125,0.5714285714285715,142
13,1508692346,0.5,0.5,0.35,0.25,20,20,3,4,1,3,13,2,0.25,0.3333333333333333,0.1875,0.28571428571428575,142
14,1611490434,0.5,0.5,0.35,0.25,20,20,0,4,0,4,15,0,0.0,,0.21052631578947367,,142
15,6377680,0.5,0.5,0.35,0.25,20,20,1,5,1,4,14,0,0.2,1.0,0.2222222222222222,0.33333333333333337,142
16,1688819590,0.5,0.5,0.35,0.25,20,20,4,4,2,2,13,2,0.5,0.5,0.13333333333333333,0.5,142
17,367855495,0.5,0.5,0.35,0.25,20,20,3,4,1,3,13,2,0.25,0.3333333333333333,0.1875,0.28571428571428575,142
18,639964182,0.5,0.5,0.35,0.25,20,20,0,5,0,5,14,0,0.0,,0.2631578947368421,,142
19,1026949986,0.5,0.5,0.35,0.25,20,20,5,3,1,2,12,4,0.3333333333333333,0.2,0.14285714285714285,0.25,142
20,769474043,0.5,0.5,0.35,0.25,20,20,1,5,1,4,14,0,0.2,1.0,0.2222222222222222,0.33333333333333337,142
21,1178671762,0.5,0.5,0.35,0.25,20,20,5,4,3,1,13,2,0.75,0.6,0.07142857142857142,0.6666666666666665,142
22,2111378290,0.5,0.5,0.35,0.25,20,20,3,8,2,6,10,1,0.25,0.6666666666666666,0.375,0.36363636363636365,142
23,420033582,0.5,0.5,0.35,0.25,20,20,1,2,1,1,17,0,0.5,1.0,0.05555555555555555,0.6666666666666666,142
24,1113217702,0.5,0.5,0.35,0.25,20,20,3,8,2,6,10,1,0.25,0.6666666666666666,0.375,0.36363636363636365,142
25,1956416893,0.5,0.5,0.35,0.25,20,20,3,4,1,3,13,2,0.25,0.3333333333333333,0.1875,0.28571428571428575,142
26,126070228,0.5,0.5,0.35,0.25,20,20,2,2,0,2,15,2,0.0,0.0,0.11764705882352941,0.0,142
27,1810985737,0.5,0.5,0.35,0.25,20,20,1,2,1,1,17,0,0.5,1.0,0.05555555555555555,0.6666666666666666,142
28,1674775604,0.5,0.5,0.35,0.25,20,20,4,4,0,4,11,4,0.0,0.0,0.26666666666666666,0.0,142
29,1526849152,0.5,0.5,0.35,0.25,20,20,1,3,0,3,15,1,0.0,0.0,0.16666666666666666,0.0,142
30,6198211,0.5,0.5,0.35,0.25,20,20,3,4,2,2,14,1,0.5,0.6666666666666666,0.125,0.5714285714285715,142
31,216917703,0.5,0.5,0.35,0.25,20,20,5,4,2,2,12,3,0.5,0.4,0.14285714285714285,0.4444444444444445,142
32,1543432063,0.5,0.5,0.35,0.25,20,20,3,4,1,3,13,2,0.25,0.3333333333333333,0.1875,0.28571428571428575,142
33,168049898,0.5,0.5,0.35,0.25,20,20,3,6,3,3,13,0,0.5,1.0,0.1875,0.6666666666666666,142
34,1475105738,0.5,0.5,0.35,0.25,20,20,1,5,0,5,13,1,0.0,0.0,0.2777777777777778,0.0,142
35,389907410,0.5,0.5,0.35,0.25,20,20,4,5,2,3,12,2,0.4,0.5,0.2,0.4444444444444445,142
36,1493426137,0.5,0.5,0.35,0.25,20,20,2,4,2,2,15,0,0.5,1.0,0.11764705882352941,0.6666666666666666,142
37,1344457492,0.5,0.5,0.35,0.25,20,20,0,4,0,4,15,0,0.0,,0.21052631578947367,,142
38,13311704,0.5,0.5,0.35,0.25,20,20,4,3,2,1,14,2,0.6666666666666666,0.5,0.06666666666666667,0.5714285714285715,142
39,1825296714,0.5,0.5,0.35,0.25,20,20,4,7,4,3,12,0,0.5714285714285714,1.0,0.2,0.7272727272727273,142
40,61996337,0.5,0.5,0.35,0.25,20,20,1,2,0,2,16,1,0.0,0.0,0.1111111111111111,0.0,142
41,551663363,0.5,0.5,0.35,0.25,20,20,1,8,1,7,11,0,0.125,1.0,0.3888888888888889,0.2222222222222222,142
42,512827560,0.5,0.5,0.35,0.25,20,20,0,4,0,4,15,0,0.0,,0.21052631578947367,,142
43,860903847,0.5,0.5,0.35,0.25,20,20,0,1,0,1,18,0,0.0,,0.05263157894736842,,142
44,1187628292,0.5,0.5,0.35,0.25,20,20,2,3,1,2,15,1,0.3333333333333333,0.5,0.11764705882352941,0.4,142
45,652104197,0.5,0.5,0.35,0.25,20,20,0,1,0,1,18,0,0.0,,0.05263157894736842,,142
46,1463743880,0.5,0.5,0.35,0.25,20,20,3,3,0,3,13,3,0.0,0.0,0.1875,0.0,142
47,795571495,0.5,0.5,0.35,0.25,20,20,4,6,3,3,12,1,0.5,0.75,0.2,0.6,142
48,1241953819,0.5,0.5,0.35,0.25,20,20,1,3,1,2,16,0,0.3333333333333333,1.0,0.1111111111111111,0.5,142
49,1533553429,0.5,0.5,0.35,0.25,20,20,1,5,0,5,13,1,0.0,0.0,0.2777777777777778,0.0,142
0,1315557130,0.5,0.5,0.35,0.25,40,40,2,13,1,12,25,1,0.07692307692307693,0.5,0.32432432432432434,0.13333333333333336,143
1,1306617116,0.5,0.5,0.35,0.25,40,40,1,6,0,6,32,1,0.0,0.0,0.15789473684210525,0.0,143
2,763072863,0.5,0.5,0.35,0.25,40,40,4,10,3,7,28,1,0.3,0.75,0.2,0.4285714285714285,143
3,2055600429,0.5,0.5,0.35,0.25,40,40,3,11,1,10,26,2,0.09090909090909091,0.3333333333333333,0.2777777777777778,0.14285714285714288,143
4,1383085974,0.5,0.5,0.35,0.25,40,40,3,19,3,16,20,0,0.15789473684210525,1.0,0.4444444444444444,0.2727272727272727,143
5,975364839,0.5,0.5,0.35,0.25,40,40,3,7,1,6,30,2,0.14285714285714285,0.3333333333333333,0.16666666666666666,0.2,143
6,251482171,0.5,0.5,0.35,0.25,40,40,6,17,3,14,19,3,0.17647058823529413,0.5,0.42424242424242425,0.2608695652173913,143
7,1823480741,0.5,0.5,0.35,0.25,40,40,3,16,2,14,22,1,0.125,0.6666666666666666,0.3888888888888889,0.21052631578947367,143
8,1025652022,0.5,0.5,0.35,0.25,40,40,2,11,1,10,27,1,0.09090909090909091,0.5,0.2702702702702703,0.15384615384615385,143
9,2141094022,0.5,0.5,0.35,0.25,40,40,4,15,2,13,22,2,0.13333333333333333,0.5,0.37142857142857144,0.2105263157894737,143
10,1947072301,0.5,0.5,0.35,0.25,40,40,0,17,0,17,22,0,0.0,,0.4358974358974359,,143
11,1389503243,0.5,0.5,0.35,0.25,40,40,1,10,1,9,29,0,0.1,1.0,0.23684210526315788,0.18181818181818182,143
12,2119938696,0.5,0.5,0.35,0.25,40,40,1,13,0,13,25,1,0.0,0.0,0.34210526315789475,0.0,143
13,442840930,0.5,0.5,0.35,0.25,40,40,2,9,1,8,29,1,0.1111111111111111,0.5,0.21621621621621623,0.1818181818181818,143
14,1468905484,0.5,0.5,0.35,0.25,40,40,1,11,1,10,28,0,0.09090909090909091,1.0,0.2631578947368421,0.16666666666666669,143
15,628408354,0.5,0.5,0.35,0.25,40,40,5,10,4,6,28,1,0.4,0.8,0.17647058823529413,0.5333333333333333,143
16,1152932679,0.5,0.5,0.35,0.25,40,40,2,10,0,10,27,2,0.0,0.0,0.2702702702702703,0.0,143
17,1253771134,0.5,0.5,0.35,0.25,40,40,3,16,1,15,21,2,0.0625,0.3333333333333333,0.4166666666666667,0.10526315789473684,143
18,36090260,0.5,0.5,0.35,0.25,40,40,3,12,1,11,25,2,0.08333333333333333,0.3333333333333333,0.3055555555555556,0.13333333333333333,143
19,131708531,0.5,0.5,0.35,0.25,40,40,2,15,0,15,22,2,0.0,0.0,0.40540540540540543,0.0,143
20,1507301484,0.5,0.5,0.35,0.25,40,40,2,10,1,9,28,1,0.1,0.5,0.24324324324324326,0.16666666666666669,143
21,725261545,0.5,0.5,0.35,0.25,40,40,6,11,2,9,24,4,0.18181818181818182,0.3333333333333333,0.2727272727272727,0.23529411764705885,143
22,1834112848,0.5,0.5,0.35,0.25,40,40,2,20,1,19,18,1,0.05,0.5,0.5135135135135135,0.09090909090909091,143
23,1577642465,0.5,0.5,0.35,0.25,40,40,3,14,1,13,23,2,0.07142857142857142,0.3333333333333333,0.3611111111111111,0.11764705882352941,143
24,1741884336,0.5,0.5,0.35,0.25,40,40,3,14,1,13,23,2,0.07142857142857142,0.3333333333333333,0.3611111111111111,0.11764705882352941,143
25,1027335139,0.5,0.5,0.35,0.25,40,40,3,12,3,9,27,0,0.25,1.0,0.25,0.4,143
26,1838072303,0.5,0.5,0.35,0.25,40,40,1,16,0,16,22,1,0.0,0.0,0.42105263157894735,0.0,143
27,1048538,0.5,0.5,0.35,0.25,40,40,2,15,1,14,23,1,0.06666666666666667,0.5,0.3783783783783784,0.11764705882352941,143
28,1904339807,0.5,0.5,0.35,0.25,40,40,1,14,1,13,25,0,0.07142857142857142,1.0,0.34210526315789475,0.13333333333333333,143
29,1095462477,0.5,0.5,0.35,0.25,40,40,4,16,4,12,23,0,0.25,1.0,0.34285714285714286,0.4,143
30,448522956,0.5,0.5,0.35,0.25,40,40,4,16,0,16,19,4,0.0,0.0,0.45714285714285713,0.0,143
31,337299494,0.5,0.5,0.35,0.25,40,40,9,18,4,14,16,5,0.2222222222222222,0.4444444444444444,0.4666666666666667,0.2962962962962963,143
32,1272754953,0.5,0.5,0.35,0.25,40,40,5,15,3,12,22,2,0.2,0.6,0.35294117647058826,0.3,143
33,394492760,0.5,0.5,0.35,0.25,40,40,2,17,2,15,22,0,0.11764705882352941,1.0,0.40540540540540543,0.21052631578947367,143
34,1707524408,0.5,0.5,0.35,0.25,40,40,3,13,1,12,24,2,0.07692307692307693,0.3333333333333333,0.3333333333333333,0.125,143
35,1743333944,0.5,0.5,0.35,0.25,40,40,3,14,2,12,24,1,0.14285714285714285,0.6666666666666666,0.3333333333333333,0.23529411764705882,143
36,778896814,0.5,0.5,0.35,0.25,40,40,2,14,1,13,24,1,0.07142857142857142,0.5,0.35135135135135137,0.125,143
37,1581305422,0.5,0.5,0.35,0.25,40,40,4,12,2,10,25,2,0.16666666666666666,0.5,0.2857142857142857,0.25,143
38,1255722516,0.5,0.5,0.35,0.25,40,40,4,13,3,10,25,1,0.23076923076923078,0.75,0.2857142857142857,0.3529411764705882,143
39,1022135440,0.5,0.5,0.35,0.25,40,40,4,13,2,11,24,2,0.15384615384615385,0.5,0.3142857142857143,0.23529411764705882,143
40,1167788876,0.5,0.5,0.35,0.25,40,40,2,24,1,23,14,1,0.041666666666666664,0.5,0.6216216216216216,0.07692307692307693,143
41,598588157,0.5,0.5,0.35,0.25,40,40,4,16,4,12,23,0,0.25,1.0,0.34285714285714286,0.4,143
42,886392730,0.5,0.5,0.35,0.25,40,40,0,14,0,14,25,0,0.0,,0.358974358974359,,143
43,1168622326,0.5,0.5,0.35,0.25,40,40,2,14,1,13,24,1,0.07142857142857142,0.5,0.35135135135135137,0.125,143
44,1903621984,0.5,0.5,0.35,0.25,40,40,1,10,1,9,29,0,0.1,1.0,0.23684210526315788,0.18181818181818182,143
45,239991846,0.5,0.5,0.35,0.25,40,40,1,13,1,12,26,0,0.07692307692307693,1.0,0.3157894736842105,0.14285714285714288,143
46,1481330946,0.5,0.5,0.35,0.25,40,40,1,13,1,12,26,0,0.07692307692307693,1.0,0.3157894736842105,0.14285714285714288,143
47,700341926,0.5,0.5,0.35,0.25,40,40,0,9,0,9,30,0,0.0,,0.23076923076923078,,143
48,291965753,0.5,0.5,0.35,0.25,40,40,2,16,2,14,23,0,0.125,1.0,0.3783783783783784,0.2222222222222222,143
49,1245804878,0.5,0.5,0.35,0.25,40,40,0,12,0,12,27,0,0.0,,0.3076923076923077,,143
0,1161499737,0.5,0.9,0.1,0.0,20,20,2,2,2,0,17,0,1.0,1.0,0.0,1.0,144
1,1942998131,0.5,0.9,0.1,0.0,20,20,1,1,1,0,18,0,1.0,1.0,0.0,1.0,144
2,126366055,0.5,0.9,0.1,0.0,20,20,4,4,4,0,15,0,1.0,1.0,0.0,1.0,144
3,376569821,0.5,0.9,0.1,0.0,20,20,4,3,3,0,15,1,1.0,0.75,0.0,0.8571428571428571,144
4,1467173983,0.5,0.9,0.1,0.0,20,20,2,1,1,0,17,1,1.0,0.5,0.0,0.6666666666666666,144
5,1713252574,0.5,0.9,0.1,0.0,20,20,2,2,2,0,17,0,1.0,1.0,0.0,1.0,144
6,312088924,0.5,0.9,0.1,0.0,20,20,4,3,3,0,15,1,1.0,0.75,0.0,0.8571428571428571,144
7,19733848,0.5,0.9,0.1,0.0,20,20,2,0,0,0,17,2,,0.0,0.0,,144
8,350956137,0.5,0.9,0.1,0.0,20,20,5,5,5,0,14,0,1.0,1.0,0.0,1.0,144
9,695331191,0.5,0.9,0.1,0.0,20,20,1,1,1,0,18,0,1.0,1.0,0.0,1.0,144
10,1024202943,0.5,0.9,0.1,0.0,20,20,2,2,2,0,17,0,1.0,1.0,0.0,1.0,144
11,1892290299,0.5,0.9,0.1,0.0,20,20,1,1,1,0,18,0,1.0,1.0,0.0,1.0,144
12,80675739,0.5,0.9,0.1,0.0,20,20,2,2,2,0,17,0,1.0,1.0,0.0,1.0,144
13,2129601178,0.5,0.9,0.1,0.0,20,20,0,0,0,0,19,0,,,0.0,,144
14,176168546,0.5,0.9,0.1,0.0,20,20,1,1,1,0,18,0,1.0,1.0,0.0,1.0,144
15,1333020485,0.5,0.9,0.1,0.0,20,20,4,4,4,0,15,0,1.0,1.0,0.0,1.0,144
16,1689811943,0.5,0.9,0.1,0.0,20,20,4,4,4,0,15,0,1.0,1.0,0.0,1.0,144
17,1042455633,0.5,0.9,0.1,0.0,20,20,2,2,2,0,17,0,1.0,1.0,0.0,1.0,144
18,1519432518,0.5,0.9,0.1,0.0,20,20,4,3,3,0,15,1,1.0,0.75,0.0,0.8571428571428571,144
19,1588822432,0.5,0.9,0.1,0.0,20,20,0,0,0,0,19,0,,,0.0,,144
20,1999438127,0.5,0.9,0.1,0.0,20,20,0,0,0,0,19,0,,,0.0,,144
21,871473128,0.5,0.9,0.1,0.0,20,20,0,0,0,0,19,0,,,0.0,,144
22,1007642808,0.5,0.9,0.1,0.0,20,20,4,4,4,0,15,0,1.0,1.0,0.0,1.0,144
23,726594869,0.5,0.9,0.1,0.0,20,20,2,2,2,0,17,0,1.0,1.0,0.0,1.0,144
24,1368908215,0.5,0.9,0.1,0.0,20,20,0,0,0,0,19,0,,,0.0,,144
25,966819485,0.5,0.9,0.1,0.0,20,20,3,2,2,0,16,1,1.0,0.6666666666666666,0.0,0.8,144
26,2062622974,0.5,0.9,0.1,0.0,20,20,2,2,1,1,16,1,0.5,0.5,0.058823529411764705,0.5,144
27,1139797700,0.5,0.9,0.1,0.0,20,20,5,5,5,0,14,0,1.0,1.0,0.0,1.0,144
28,1089423924,0.5,0.9,0.1,0.0,20,20,6,6,6,0,13,0,1.0,1.0,0.0,1.0,144
29,939427636,0.5,0.9,0.1,0.0,20,20,2,2,2,0,17,0,1.0,1.0,0.0,1.0,144
30,568966184,0.5,0.9,0.1,0.0,20,20,3,1,1,0,16,2,1.0,0.3333333333333333,0.0,0.5,144
31,1356645704,0.5,0.9,0.1,0.0,20,20,1,1,1,0,18,0,1.0,1.0,0.0,1.0,144
32,2045491881,0.5,0.9,0.1,0.0,20,20,3,3,3,0,16,0,1.0,1.0,0.0,1.0,144
33,878297491,0.5,0.9,0.1,0.0,20,20,3,2,2,0,16,1,1.0,0.6666666666666666,0.0,0.8,144
34,508048895,0.5,0.9,0.1,0.0,20,20,3,2,2,0,16,1,1.0,0.6666666666666666,0.0,0.8,144
35,1291248631,0.5,0.9,0.1,0.0,20,20,0,0,0,0,19,0,,,0.0,,144
36,72957685,0.5,0.9,0.1,0.0,20,20,1,1,1,0,18,0,1.0,1.0,0.0,1.0,144
37,1131546844,0.5,0.9,0.1,0.0,20,20,1,1,1,0,18,0,1.0,1.0,0.0,1.0,144
38,1034228441,0.5,0.9,0.1,0.0,20,20,1,1,1,0,18,0,1.0,1.0,0.0,1.0,144
39,1937487324,0.5,0.9,0.1,0.0,20,20,3,3,3,0,16,0,1.0,1.0,0.0,1.0,144
40,932442797,0.5,0.9,0.1,0.0,20,20,1,1,1,0,18,0,1.0,1.0,0.0,1.0,144
41,816633284,0.5,0.9,0.1,0.0,20,20,2,1,1,0,17,1,1.0,0.5,0.0,0.6666666666666666,144
42,1577988487,0.5,0.9,0.1,0.0,20,20,2,2,2,0,17,0,1.0,1.0,0.0,1.0,144
43,1670076105,0.5,0.9,0.1,0.0,20,20,3,3,3,0,16,0,1.0,1.0,0.0,1.0,144
44,37571814,0.5,0.9,0.1,0.0,20,20,3,2,2,0,16,1,1.0,0.6666666666666666,0.0,0.8,144
45,292573050,0.5,0.9,0.1,0.0,20,20,1,1,1,0,18,0,1.0,1.0,0.0,1.0,144
46,1566676515,0.5,0.9,0.1,0.0,20,20,5,4,4,0,14,1,1.0,0.8,0.0,0.888888888888889,144
47,1815009928,0.5,0.9,0.1,0.0,20,20,2,2,2,0,17,0,1.0,1.0,0.0,1.0,144
48,1974093117,0.5,0.9,0.1,0.0,20,20,2,1,1,0,17,1,1.0,0.5,0.0,0.6666666666666666,144
49,1122254635,0.5,0.9,0.1,0.0,20,20,4,3,3,0,15,1,1.0,0.75,0.0,0.8571428571428571,144
0,2130147817,0.5,0.9,0.1,0.0,40,40,3,3,3,0,36,0,1.0,1.0,0.0,1.0,145
1,1974443842,0.5,0.9,0.1,0.0,40,40,3,2,2,0,36,1,1.0,0.6666666666666666,0.0,0.8,145
2,86788322,0.5,0.9,0.1,0.0,40,40,1,1,0,1,37,1,0.0,0.0,0.02631578947368421,0.0,145
3,442586732,0.5,0.9,0.1,0.0,40,40,3,1,1,0,36,2,1.0,0.3333333333333333,0.0,0.5,145
4,57765243,0.5,0.9,0.1,0.0,40,40,2,2,2,0,37,0,1.0,1.0,0.0,1.0,145
5,1062832360,0.5,0.9,0.1,0.0,40,40,4,4,4,0,35,0,1.0,1.0,0.0,1.0,145
6,1144520280,0.5,0.9,0.1,0.0,40,40,1,1,1,0,38,0,1.0,1.0,0.0,1.0,145
7,1755748827,0.5,0.9,0.1,0.0,40,40,3,3,3,0,36,0,1.0,1.0,0.0,1.0,145
8,11685615,0.5,0.9,0.1,0.0,40,40,4,4,4,0,35,0,1.0,1.0,0.0,1.0,145
9,1673623023,0.5,0.9,0.1,0.0,40,40,4,2,2,0,35,2,1.0,0.5,0.0,0.6666666666666666,145
10,768196575,0.5,0.9,0.1,0.0,40,40,2,2,2,0,37,0,1.0,1.0,0.0,1.0,145
11,1726453673,0.5,0.9,0.1,0.0,40,40,1,1,1,0,38,0,1.0,1.0,0.0,1.0,145
12,1881997901,0.5,0.9,0.1,0.0,40,40,1,1,1,0,38,0,1.0,1.0,0.0,1.0,145
13,984858363,0.5,0.9,0.1,0.0,40,40,3,3,3,0,36,0,1.0,1.0,0.0,1.0,145
14,1037694717,0.5,0.9,0.1,0.0,40,40,2,2,2,0,37,0,1.0,1.0,0.0,1.0,145
15,1214985125,0.5,0.9,0.1,0.0,40,40,2,2,2,0,37,0,1.0,1.0,0.0,1.0,145
16,394012184,0.5,0.9,0.1,0.0,40,40,1,2,1,1,37,0,0.5,1.0,0.02631578947368421,0.6666666666666666,145
17,972012423,0.5,0.9,0.1,0.0,40,40,5,4,4,0,34,1,1.0,0.8,0.0,0.888888888888889,145
18,761676993,0.5,0.9,0.1,0.0,40,40,4,4,4,0,35,0,1.0,1.0,0.0,1.0,145
19,1274462140,0.5,0.9,0.1,0.0,40,40,1,1,1,0,38,0,1.0,1.0,0.0,1.0,145
20,1100097734,0.5,0.9,0.1,0.0,40,40,3,3,3,0,36,0,1.0,1.0,0.0,1.0,145
21,1274335827,0.5,0.9,0.1,0.0,40,40,5,4,4,0,34,1,1.0,0.8,0.0,0.888888888888889,145
22,241346374,0.5,0.9,0.1,0.0,40,40,1,1,1,0,38,0,1.0,1.0,0.0,1.0,145
23,724990672,0.5,0.9,0.1,0.0,40,40,6,5,5,0,33,1,1.0,0.8333333333333334,0.0,0.9090909090909091,145
24,888767456,0.5,0.9,0.1,0.0,40,40,4,4,4,0,35,0,1.0,1.0,0.0,1.0,145
25,1608081677,0.5,0.9,0.1,0.0,40,40,0,0,0,0,39,0,,,0.0,,145
26,170967815,0.5,0.9,0.1,0.0,40,40,2,2,2,0,37,0,1.0,1.0,0.0,1.0,145
27,1255742120,0.5,0.9,0.1,0.0,40,40,4,4,4,0,35,0,1.0,1.0,0.0,1.0,145
28,1096249832,0.5,0.9,0.1,0.0,40,40,3,4,3,1,35,0,0.75,1.0,0.027777777777777776,0.8571428571428571,145
29,599729429,0.5,0.9,0.1,0.0,40,40,2,1,1,0,37,1,1.0,0.5,0.0,0.6666666666666666,145
30,1853426210,0.5,0.9,0.1,0.0,40,40,3,3,3,0,36,0,1.0,1.0,0.0,1.0,145
31,1315789567,0.5,0.9,0.1,0.0,40,40,2,3,2,1,36,0,0.6666666666666666,1.0,0.02702702702702703,0.8,145
32,563677085,0.5,0.9,0.1,0.0,40,40,3,3,3,0,36,0,1.0,1.0,0.0,1.0,145
33,2109962918,0.5,0.9,0.1,0.0,40,40,3,3,3,0,36,0,1.0,1.0,0.0,1.0,145
34,1562546136,0.5,0.9,0.1,0.0,40,40,2,1,1,0,37,1,1.0,0.5,0.0,0.6666666666666666,145
35,815698860,0.5,0.9,0.1,0.0,40,40,1,1,1,0,38,0,1.0,1.0,0.0,1.0,145
36,206966437,0.5,0.9,0.1,0.0,40,40,2,2,2,0,37,0,1.0,1.0,0.0,1.0,145
37,1247595521,0.5,0.9,0.1,0.0,40,40,2,2,2,0,37,0,1.0,1.0,0.0,1.0,145
38,2139268330,0.5,0.9,0.1,0.0,40,40,3,3,3,0,36,0,1.0,1.0,0.0,1.0,145
39,710801122,0.5,0.9,0.1,0.0,40,40,1,1,1,0,38,0,1.0,1.0,0.0,1.0,145
40,1279924448,0.5,0.9,0.1,0.0,40,40,2,1,1,0,37,1,1.0,0.5,0.0,0.6666666666666666,145
41,1251223630,0.5,0.9,0.1,0.0,40,40,2,2,2,0,37,0,1.0,1.0,0.0,1.0,145
42,2035268124,0.5,0.9,0.1,0.0,40,40,1,1,1,0,38,0,1.0,1.0,0.0,1.0,145
43,409676461,0.5,0.9,0.1,0.0,40,40,2,2,2,0,37,0,1.0,1.0,0.0,1.0,145
44,967757532,0.5,0.9,0.1,0.0,40,40,3,3,3,0,36,0,1.0,1.0,0.0,1.0,145
45,680790598,0.5,0.9,0.1,0.0,40,40,1,1,1,0,38,0,1.0,1.0,0.0,1.0,145
46,576193653,0.5,0.9,0.1,0.0,40,40,2,1,1,0,37,1,1.0,0.5,0.0,0.6666666666666666,145
47,1137794294,0.5,0.9,0.1,0.0,40,40,2,2,2,0,37,0,1.0,1.0,0.0,1.0,145
48,710940412,0.5,0.9,0.1,0.0,40,40,2,2,2,0,37,0,1.0,1.0,0.0,1.0,145
49,2061188366,0.5,0.9,0.1,0.0,40,40,0,0,0,0,39,0,,,0.0,,145
0,35188015,0.5,0.9,0.1,0.1,20,20,3,7,3,4,12,0,0.42857142857142855,1.0,0.25,0.6,146
1,756495407,0.5,0.9,0.1,0.1,20,20,1,11,1,10,8,0,0.09090909090909091,1.0,0.5555555555555556,0.16666666666666669,146
2,1759614404,0.5,0.9,0.1,0.1,20,20,0,3,0,3,16,0,0.0,,0.15789473684210525,,146
3,1437846840,0.5,0.9,0.1,0.1,20,20,0,4,0,4,15,0,0.0,,0.21052631578947367,,146
4,2138421397,0.5,0.9,0.1,0.1,20,20,1,8,1,7,11,0,0.125,1.0,0.3888888888888889,0.2222222222222222,146
5,719044351,0.5,0.9,0.1,0.1,20,20,2,5,2,3,14,0,0.4,1.0,0.17647058823529413,0.5714285714285715,146
6,404384833,0.5,0.9,0.1,0.1,20,20,2,7,2,5,12,0,0.2857142857142857,1.0,0.29411764705882354,0.4444444444444445,146
7,507177868,0.5,0.9,0.1,0.1,20,20,1,3,1,2,16,0,0.3333333333333333,1.0,0.1111111111111111,0.5,146
8,361079981,0.5,0.9,0.1,0.1,20,20,3,8,3,5,11,0,0.375,1.0,0.3125,0.5454545454545454,146
9,1315058766,0.5,0.9,0.1,0.1,20,20,1,8,1,7,11,0,0.125,1.0,0.3888888888888889,0.2222222222222222,146
10,718454992,0.5,0.9,0.1,0.1,20,20,2,5,2,3,14,0,0.4,1.0,0.17647058823529413,0.5714285714285715,146
11,2013142350,0.5,0.9,0.1,0.1,20,20,0,10,0,10,9,0,0.0,,0.5263157894736842,,146
12,1724001535,0.5,0.9,0.1,0.1,20,20,0,5,0,5,14,0,0.0,,0.2631578947368421,,146
13,1933074665,0.5,0.9,0.1,0.1,20,20,2,10,2,8,9,0,0.2,1.0,0.47058823529411764,0.33333333333333337,146
14,1332137819,0.5,0.9,0.1,0.1,20,20,0,5,0,5,14,0,0.0,,0.2631578947368421,,146
15,259387709,0.5,0.9,0.1,0.1,20,20,2,7,2,5,12,0,0.2857142857142857,1.0,0.29411764705882354,0.4444444444444445,146
16,875917310,0.5,0.9,0.1,0.1,20,20,2,9,2,7,10,0,0.2222222222222222,1.0,0.4117647058823529,0.3636363636363636,146
17,430412591,0.5,0.9,0.1,0.1,20,20,4,8,4,4,11,0,0.5,1.0,0.26666666666666666,0.6666666666666666,146
18,1748742508,0.5,0.9,0.1,0.1,20,20,3,8,2,6,10,1,0.25,0.6666666666666666,0.375,0.36363636363636365,146
19,1768813379,0.5,0.9,0.1,0.1,20,20,5,7,4,3,11,1,0.5714285714285714,0.8,0.21428571428571427,0.6666666666666666,146
20,1254319250,0.5,0.9,0.1,0.1,20,20,3,9,3,6,10,0,0.3333333333333333,1.0,0.375,0.5,146
21,2039903104,0.5,0.9,0.1,0.1,20,20,4,10,3,7,8,1,0.3,0.75,0.4666666666666667,0.4285714285714285,146
22,178298134,0.5,0.9,0.1,0.1,20,20,0,8,0,8,11,0,0.0,,0.42105263157894735,,146
23,1187940590,0.5,0.9,0.1,0.1,20,20,5,12,3,9,5,2,0.25,0.6,0.6428571428571429,0.35294117647058826,146
24,1636282443,0.5,0.9,0.1,0.1,20,20,3,8,3,5,11,0,0.375,1.0,0.3125,0.5454545454545454,146
25,794764507,0.5,0.9,0.1,0.1,20,20,2,5,0,5,12,2,0.0,0.0,0.29411764705882354,0.0,146
26,939730867,0.5,0.9,0.1,0.1,20,20,3,6,3,3,13,0,0.5,1.0,0.1875,0.6666666666666666,146
27,1520983194,0.5,0.9,0.1,0.1,20,20,6,10,6,4,9,0,0.6,1.0,0.3076923076923077,0.7499999999999999,146
28,437645778,0.5,0.9,0.1,0.1,20,20,2,7,2,5,12,0,0.2857142857142857,1.0,0.29411764705882354,0.4444444444444445,146
29,460302725,0.5,0.9,0.1,0.1,20,20,3,6,3,3,13,0,0.5,1.0,0.1875,0.6666666666666666,146
30,2091871562,0.5,0.9,0.1,0.1,20,20,3,6,2,4,12,1,0.3333333333333333,0.6666666666666666,0.25,0.4444444444444444,146
31,352115131,0.5,0.9,0.1,0.1,20,20,2,7,2,5,12,0,0.2857142857142857,1.0,0.29411764705882354,0.4444444444444445,146
32,1098141931,0.5,0.9,0.1,0.1,20,20,2,6,1,5,12,1,0.16666666666666666,0.5,0.29411764705882354,0.25,146
33,833814308,0.5,0.9,0.1,0.1,20,20,3,9,3,6,10,0,0.3333333333333333,1.0,0.375,0.5,146
34,1085427252,0.5,0.9,0.1,0.1,20,20,1,7,1,6,12,0,0.14285714285714285,1.0,0.3333333333333333,0.25,146
35,1980490778,0.5,0.9,0.1,0.1,20,20,3,10,3,7,9,0,0.3,1.0,0.4375,0.4615384615384615,146
36,594095876,0.5,0.9,0.1,0.1,20,20,1,8,1,7,11,0,0.125,1.0,0.3888888888888889,0.2222222222222222,146
37,907639886,0.5,0.9,0.1,0.1,20,20,1,2,1,1,17,0,0.5,1.0,0.05555555555555555,0.6666666666666666,146
38,1243396753,0.5,0.9,0.1,0.1,20,20,1,12,1,11,7,0,0.08333333333333333,1.0,0.6111111111111112,0.15384615384615385,146
39,1151226927,0.5,0.9,0.1,0.1,20,20,1,6,1,5,13,0,0.16666666666666666,1.0,0.2777777777777778,0.2857142857142857,146
40,344226761,0.5,0.9,0.1,0.1,20,20,2,7,1,6,11,1,0.14285714285714285,0.5,0.35294117647058826,0.22222222222222224,146
41,1512356578,0.5,0.9,0.1,0.1,20,20,0,6,0,6,13,0,0.0,,0.3157894736842105,,146
42,461640015,0.5,0.9,0.1,0.1,20,20,3,10,3,7,9,0,0.3,1.0,0.4375,0.4615384615384615,146
43,947203399,0.5,0.9,0.1,0.1,20,20,0,6,0,6,13,0,0.0,,0.3157894736842105,,146
44,1479496584,0.5,0.9,0.1,0.1,20,20,2,8,2,6,11,0,0.25,1.0,0.35294117647058826,0.4,146
45,1360333611,0.5,0.9,0.1,0.1,20,20,3,8,3,5,11,0,0.375,1.0,0.3125,0.5454545454545454,146
46,966738631,0.5,0.9,0.1,0.1,20,20,3,6,2,4,12,1,0.3333333333333333,0.6666666666666666,0.25,0.4444444444444444,146
47,1180448465,0.5,0.9,0.1,0.1,20,20,3,10,3,7,9,0,0.3,1.0,0.4375,0.4615384615384615,146
48,221468316,0.5,0.9,0.1,0.1,20,20,2,11,2,9,8,0,0.18181818181818182,1.0,0.5294117647058824,0.3076923076923077,146
49,878535768,0.5,0.9,0.1,0.1,20,20,1,3,0,3,15,1,0.0,0.0,0.16666666666666666,0.0,146
0,246001890,0.5,0.9,0.1,0.1,40,40,3,13,3,10,26,0,0.23076923076923078,1.0,0.2777777777777778,0.375,147
1,2117508138,0.5,0.9,0.1,0.1,40,40,5,21,5,16,18,0,0.23809523809523808,1.0,0.47058823529411764,0.3846153846153846,147
2,1349613146,0.5,0.9,0.1,0.1,40,40,1,18,1,17,21,0,0.05555555555555555,1.0,0.4473684210526316,0.10526315789473684,147
3,378392872,0.5,0.9,0.1,0.1,40,40,0,15,0,15,24,0,0.0,,0.38461538461538464,,147
4,482536238,0.5,0.9,0.1,0.1,40,40,3,19,3,16,20,0,0.15789473684210525,1.0,0.4444444444444444,0.2727272727272727,147
5,460516154,0.5,0.9,0.1,0.1,40,40,1,19,1,18,20,0,0.05263157894736842,1.0,0.47368421052631576,0.1,147
6,1219944532,0.5,0.9,0.1,0.1,40,40,4,15,4,11,24,0,0.26666666666666666,1.0,0.3142857142857143,0.4210526315789474,147
7,719489893,0.5,0.9,0.1,0.1,40,40,4,16,3,13,22,1,0.1875,0.75,0.37142857142857144,0.3,147
8,1289647018,0.5,0.9,0.1,0.1,40,40,6,17,6,11,22,0,0.35294117647058826,1.0,0.3333333333333333,0.5217391304347826,147
9,1823304363,0.5,0.9,0.1,0.1,40,40,3,14,3,11,25,0,0.21428571428571427,1.0,0.3055555555555556,0.35294117647058826,147
10,819340009,0.5,0.9,0.1,0.1,40,40,5,24,4,20,14,1,0.16666666666666666,0.8,0.5882352941176471,0.27586206896551724,147
11,1219732208,0.5,0.9,0.1,0.1,40,40,2,16,2,14,23,0,0.125,1.0,0.3783783783783784,0.2222222222222222,147
12,1863233386,0.5,0.9,0.1,0.1,40,40,2,24,1,23,14,1,0.041666666666666664,0.5,0.6216216216216216,0.07692307692307693,147
13,733493586,0.5,0.9,0.1,0.1,40,40,4,22,4,18,17,0,0.18181818181818182,1.0,0.5142857142857142,0.3076923076923077,147
14,936976174,0.5,0.9,0.1,0.1,40,40,1,16,1,15,23,0,0.0625,1.0,0.39473684210526316,0.11764705882352941,147
15,139349097,0.5,0.9,0.1,0.1,40,40,2,19,2,17,20,0,0.10526315789473684,1.0,0.4594594594594595,0.1904761904761905,147
16,1356809083,0.5,0.9,0.1,0.1,40,40,2,23,0,23,14,2,0.0,0.0,0.6216216216216216,0.0,147
17,1273323495,0.5,0.9,0.1,0.1,40,40,3,13,3,10,26,0,0.23076923076923078,1.0,0.2777777777777778,0.375,147
18,676552635,0.5,0.9,0.1,0.1,40,40,2,23,2,21,16,0,0.08695652173913043,1.0,0.5675675675675675,0.16,147
19,1327864653,0.5,0.9,0.1,0.1,40,40,2,18,2,16,21,0,0.1111111111111111,1.0,0.43243243243243246,0.19999999999999998,147
20,707144970,0.5,0.9,0.1,0.1,40,40,1,26,1,25,13,0,0.038461538461538464,1.0,0.6578947368421053,0.07407407407407407,147
21,366314135,0.5,0.9,0.1,0.1,40,40,2,13,2,11,26,0,0.15384615384615385,1.0,0.2972972972972973,0.2666666666666667,147
22,446538928,0.5,0.9,0.1,0.1,40,40,1,14,1,13,25,0,0.07142857142857142,1.0,0.34210526315789475,0.13333333333333333,147
23,1128823674,0.5,0.9,0.1,0.1,40,40,3,20,3,17,19,0,0.15,1.0,0.4722222222222222,0.2608695652173913,147
24,1537289222,0.5,0.9,0.1,0.1,40,40,2,22,2,20,17,0,0.09090909090909091,1.0,0.5405405405405406,0.16666666666666669,147
25,2054879626,0.5,0.9,0.1,0.1,40,40,2,24,1,23,14,1,0.041666666666666664,0.5,0.6216216216216216,0.07692307692307693,147
26,1133765524,0.5,0.9,0.1,0.1,40,40,2,17,2,15,22,0,0.11764705882352941,1.0,0.40540540540540543,0.21052631578947367,147
27,1665021484,0.5,0.9,0.1,0.1,40,40,2,15,2,13,24,0,0.13333333333333333,1.0,0.35135135135135137,0.23529411764705882,147
28,2059843804,0.5,0.9,0.1,0.1,40,40,2,11,2,9,28,0,0.18181818181818182,1.0,0.24324324324324326,0.3076923076923077,147
29,1163815427,0.5,0.9,0.1,0.1,40,40,0,19,0,19,20,0,0.0,,0.48717948717948717,,147
30,1372175341,0.5,0.9,0.1,0.1,40,40,4,22,4,18,17,0,0.18181818181818182,1.0,0.5142857142857142,0.3076923076923077,147
31,1623700117,0.5,0.9,0.1,0.1,40,40,2,13,2,11,26,0,0.15384615384615385,1.0,0.2972972972972973,0.2666666666666667,147
32,1334612263,0.5,0.9,0.1,0.1,40,40,1,25,1,24,14,0,0.04,1.0,0.631578947368421,0.07692307692307693,147
33,1438659799,0.5,0.9,0.1,0.1,40,40,0,22,0,22,17,0,0.0,,0.5641025641025641,,147
34,860037126,0.5,0.9,0.1,0.1,40,40,2,25,2,23,14,0,0.08,1.0,0.6216216216216216,0.14814814814814814,147
35,121758021,0.5,0.9,0.1,0.1,40,40,2,17,1,16,21,1,0.058823529411764705,0.5,0.43243243243243246,0.10526315789473684,147
36,926618066,0.5,0.9,0.1,0.1,40,40,2,19,2,17,20,0,0.10526315789473684,1.0,0.4594594594594595,0.1904761904761905,147
37,1340069868,0.5,0.9,0.1,0.1,40,40,4,22,4,18,17,0,0.18181818181818182,1.0,0.5142857142857142,0.3076923076923077,147
38,846931949,0.5,0.9,0.1,0.1,40,40,1,21,1,20,18,0,0.047619047619047616,1.0,0.5263157894736842,0.0909090909090909,147
39,1851235469,0.5,0.9,0.1,0.1,40,40,6,21,6,15,18,0,0.2857142857142857,1.0,0.45454545454545453,0.4444444444444445,147
40,517037094,0.5,0.9,0.1,0.1,40,40,3,16,3,13,23,0,0.1875,1.0,0.3611111111111111,0.3157894736842105,147
41,994831993,0.5,0.9,0.1,0.1,40,40,1,17,0,17,21,1,0.0,0.0,0.4473684210526316,0.0,147
42,2085804701,0.5,0.9,0.1,0.1,40,40,2,25,1,24,13,1,0.04,0.5,0.6486486486486487,0.07407407407407407,147
43,811630339,0.5,0.9,0.1,0.1,40,40,3,24,2,22,14,1,0.08333333333333333,0.6666666666666666,0.6111111111111112,0.14814814814814814,147
44,1570062393,0.5,0.9,0.1,0.1,40,40,3,19,3,16,20,0,0.15789473684210525,1.0,0.4444444444444444,0.2727272727272727,147
45,372307301,0.5,0.9,0.1,0.1,40,40,1,23,1,22,16,0,0.043478260869565216,1.0,0.5789473684210527,0.08333333333333333,147
46,1688636773,0.5,0.9,0.1,0.1,40,40,3,16,2,14,22,1,0.125,0.6666666666666666,0.3888888888888889,0.21052631578947367,147
47,1159536168,0.5,0.9,0.1,0.1,40,40,4,18,4,14,21,0,0.2222222222222222,1.0,0.4,0.3636363636363636,147
48,370294523,0.5,0.9,0.1,0.1,40,40,1,11,1,10,28,0,0.09090909090909091,1.0,0.2631578947368421,0.16666666666666669,147
49,646190415,0.5,0.9,0.1,0.1,40,40,2,19,2,17,20,0,0.10526315789473684,1.0,0.4594594594594595,0.1904761904761905,147
0,394597042,0.5,0.9,0.1,0.25,20,20,3,15,3,12,4,0,0.2,1.0,0.75,0.33333333333333337,148
1,1651460552,0.5,0.9,0.1,0.25,20,20,1,15,1,14,4,0,0.06666666666666667,1.0,0.7777777777777778,0.125,148
2,206361515,0.5,0.9,0.1,0.25,20,20,2,13,2,11,6,0,0.15384615384615385,1.0,0.6470588235294118,0.2666666666666667,148
3,947358837,0.5,0.9,0.1,0.25,20,20,1,12,1,11,7,0,0.08333333333333333,1.0,0.6111111111111112,0.15384615384615385,148
4,1180784601,0.5,0.9,0.1,0.25,20,20,3,17,3,14,2,0,0.17647058823529413,1.0,0.875,0.3,148
5,1729871681,0.5,0.9,0.1,0.25,20,20,0,11,0,11,8,0,0.0,,0.5789473684210527,,148
6,557401456,0.5,0.9,0.1,0.25,20,20,2,12,2,10,7,0,0.16666666666666666,1.0,0.5882352941176471,0.2857142857142857,148
7,1156382257,0.5,0.9,0.1,0.25,20,20,2,13,2,11,6,0,0.15384615384615385,1.0,0.6470588235294118,0.2666666666666667,148
8,383750807,0.5,0.9,0.1,0.25,20,20,4,13,3,10,5,1,0.23076923076923078,0.75,0.6666666666666666,0.3529411764705882,148
9,1078387465,0.5,0.9,0.1,0.25,20,20,1,14,0,14,4,1,0.0,0.0,0.7777777777777778,0.0,148
10,2077300059,0.5,0.9,0.1,0.25,20,20,5,13,5,8,6,0,0.38461538461538464,1.0,0.5714285714285714,0.5555555555555556,148
11,242643952,0.5,0.9,0.1,0.25,20,20,3,18,3,15,1,0,0.16666666666666666,1.0,0.9375,0.2857142857142857,148
12,973819534,0.5,0.9,0.1,0.25,20,20,1,16,1,15,3,0,0.0625,1.0,0.8333333333333334,0.11764705882352941,148
13,1374225032,0.5,0.9,0.1,0.25,20,20,1,16,1,15,3,0,0.0625,1.0,0.8333333333333334,0.11764705882352941,148
14,265536754,0.5,0.9,0.1,0.25,20,20,1,14,1,13,5,0,0.07142857142857142,1.0,0.7222222222222222,0.13333333333333333,148
15,1105195687,0.5,0.9,0.1,0.25,20,20,2,14,1,13,4,1,0.07142857142857142,0.5,0.7647058823529411,0.125,148
16,260169513,0.5,0.9,0.1,0.25,20,20,0,10,0,10,9,0,0.0,,0.5263157894736842,,148
17,1439717044,0.5,0.9,0.1,0.25,20,20,1,11,1,10,8,0,0.09090909090909091,1.0,0.5555555555555556,0.16666666666666669,148
18,588243493,0.5,0.9,0.1,0.25,20,20,4,12,3,9,6,1,0.25,0.75,0.6,0.375,148
19,1303003556,0.5,0.9,0.1,0.25,20,20,2,14,2,12,5,0,0.14285714285714285,1.0,0.7058823529411765,0.25,148
20,450405750,0.5,0.9,0.1,0.25,20,20,1,15,1,14,4,0,0.06666666666666667,1.0,0.7777777777777778,0.125,148
21,1102951884,0.5,0.9,0.1,0.25,20,20,2,9,2,7,10,0,0.2222222222222222,1.0,0.4117647058823529,0.3636363636363636,148
22,486114468,0.5,0.9,0.1,0.25,20,20,2,13,2,11,6,0,0.15384615384615385,1.0,0.6470588235294118,0.2666666666666667,148
23,292147440,0.5,0.9,0.1,0.25,20,20,4,12,4,8,7,0,0.3333333333333333,1.0,0.5333333333333333,0.5,148
24,1347782421,0.5,0.9,0.1,0.25,20,20,1,12,1,11,7,0,0.08333333333333333,1.0,0.6111111111111112,0.15384615384615385,148
25,1355616537,0.5,0.9,0.1,0.25,20,20,2,16,2,14,3,0,0.125,1.0,0.8235294117647058,0.2222222222222222,148
26,1788329969,0.5,0.9,0.1,0.25,20,20,1,13,1,12,6,0,0.07692307692307693,1.0,0.6666666666666666,0.14285714285714288,148
27,1227363376,0.5,0.9,0.1,0.25,20,20,1,13,1,12,6,0,0.07692307692307693,1.0,0.6666666666666666,0.14285714285714288,148
28,2910204,0.5,0.9,0.1,0.25,20,20,2,14,2,12,5,0,0.14285714285714285,1.0,0.7058823529411765,0.25,148
29,1701182118,0.5,0.9,0.1,0.25,20,20,1,14,1,13,5,0,0.07142857142857142,1.0,0.7222222222222222,0.13333333333333333,148
30,788253464,0.5,0.9,0.1,0.25,20,20,3,14,3,11,5,0,0.21428571428571427,1.0,0.6875,0.35294117647058826,148
31,1908728418,0.5,0.9,0.1,0.25,20,20,4,13,4,9,6,0,0.3076923076923077,1.0,0.6,0.47058823529411764,148
32,763939375,0.5,0.9,0.1,0.25,20,20,2,15,2,13,4,0,0.13333333333333333,1.0,0.7647058823529411,0.23529411764705882,148
33,1904051374,0.5,0.9,0.1,0.25,20,20,2,10,2,8,9,0,0.2,1.0,0.47058823529411764,0.33333333333333337,148
34,1933362126,0.5,0.9,0.1,0.25,20,20,2,15,1,14,3,1,0.06666666666666667,0.5,0.8235294117647058,0.11764705882352941,148
35,1614171292,0.5,0.9,0.1,0.25,20,20,4,15,4,11,4,0,0.26666666666666666,1.0,0.7333333333333333,0.4210526315789474,148
36,633066,0.5,0.9,0.1,0.25,20,20,3,15,3,12,4,0,0.2,1.0,0.75,0.33333333333333337,148
37,710314837,0.5,0.9,0.1,0.25,20,20,2,14,2,12,5,0,0.14285714285714285,1.0,0.7058823529411765,0.25,148
38,237263629,0.5,0.9,0.1,0.25,20,20,2,13,2,11,6,0,0.15384615384615385,1.0,0.6470588235294118,0.2666666666666667,148
39,694594569,0.5,0.9,0.1,0.25,20,20,0,8,0,8,11,0,0.0,,0.42105263157894735,,148
40,1705476994,0.5,0.9,0.1,0.25,20,20,1,16,1,15,3,0,0.0625,1.0,0.8333333333333334,0.11764705882352941,148
41,725929025,0.5,0.9,0.1,0.25,20,20,2,11,0,11,6,2,0.0,0.0,0.6470588235294118,0.0,148
42,56220389,0.5,0.9,0.1,0.25,20,20,3,13,2,11,5,1,0.15384615384615385,0.6666666666666666,0.6875,0.25,148
43,253750206,0.5,0.9,0.1,0.25,20,20,3,14,1,13,3,2,0.07142857142857142,0.3333333333333333,0.8125,0.11764705882352941,148
44,2023450703,0.5,0.9,0.1,0.25,20,20,4,16,3,13,2,1,0.1875,0.75,0.8666666666666667,0.3,148
45,1462161007,0.5,0.9,0.1,0.25,20,20,1,11,1,10,8,0,0.09090909090909091,1.0,0.5555555555555556,0.16666666666666669,148
46,1576994694,0.5,0.9,0.1,0.25,20,20,0,12,0,12,7,0,0.0,,0.631578947368421,,148
47,1238599474,0.5,0.9,0.1,0.25,20,20,3,14,3,11,5,0,0.21428571428571427,1.0,0.6875,0.35294117647058826,148
48,89603944,0.5,0.9,0.1,0.25,20,20,3,16,3,13,3,0,0.1875,1.0,0.8125,0.3157894736842105,148
49,97146119,0.5,0.9,0.1,0.25,20,20,1,14,1,13,5,0,0.07142857142857142,1.0,0.7222222222222222,0.13333333333333333,148
0,1782494074,0.5,0.9,0.1,0.25,40,40,1,29,1,28,10,0,0.034482758620689655,1.0,0.7368421052631579,0.06666666666666667,149
1,1043757398,0.5,0.9,0.1,0.25,40,40,2,34,2,32,5,0,0.058823529411764705,1.0,0.8648648648648649,0.1111111111111111,149
2,1710843820,0.5,0.9,0.1,0.25,40,40,1,29,1,28,10,0,0.034482758620689655,1.0,0.7368421052631579,0.06666666666666667,149
3,1840669308,0.5,0.9,0.1,0.25,40,40,2,32,1,31,6,1,0.03125,0.5,0.8378378378378378,0.058823529411764705,149
4,1890821783,0.5,0.9,0.1,0.25,40,40,3,28,3,25,11,0,0.10714285714285714,1.0,0.6944444444444444,0.19354838709677416,149
5,419828156,0.5,0.9,0.1,0.25,40,40,1,28,1,27,11,0,0.03571428571428571,1.0,0.7105263157894737,0.0689655172413793,149
6,497702389,0.5,0.9,0.1,0.25,40,40,3,32,3,29,7,0,0.09375,1.0,0.8055555555555556,0.17142857142857143,149
7,226362257,0.5,0.9,0.1,0.25,40,40,4,29,4,25,10,0,0.13793103448275862,1.0,0.7142857142857143,0.2424242424242424,149
8,466625499,0.5,0.9,0.1,0.25,40,40,4,31,4,27,8,0,0.12903225806451613,1.0,0.7714285714285715,0.2285714285714286,149
9,203352886,0.5,0.9,0.1,0.25,40,40,1,31,1,30,8,0,0.03225806451612903,1.0,0.7894736842105263,0.0625,149
10,1452194116,0.5,0.9,0.1,0.25,40,40,4,31,4,27,8,0,0.12903225806451613,1.0,0.7714285714285715,0.2285714285714286,149
11,94281494,0.5,0.9,0.1,0.25,40,40,2,34,2,32,5,0,0.058823529411764705,1.0,0.8648648648648649,0.1111111111111111,149
12,42853236,0.5,0.9,0.1,0.25,40,40,3,32,1,31,5,2,0.03125,0.3333333333333333,0.8611111111111112,0.05714285714285714,149
13,167091177,0.5,0.9,0.1,0.25,40,40,2,29,2,27,10,0,0.06896551724137931,1.0,0.7297297297297297,0.12903225806451613,149
14,2033957203,0.5,0.9,0.1,0.25,40,40,0,29,0,29,10,0,0.0,,0.7435897435897436,,149
15,1471125219,0.5,0.9,0.1,0.25,40,40,3,28,3,25,11,0,0.10714285714285714,1.0,0.6944444444444444,0.19354838709677416,149
16,1070896246,0.5,0.9,0.1,0.25,40,40,0,34,0,34,5,0,0.0,,0.8717948717948718,,149
17,1426008120,0.5,0.9,0.1,0.25,40,40,4,32,4,28,7,0,0.125,1.0,0.8,0.2222222222222222,149
18,250243236,0.5,0.9,0.1,0.25,40,40,1,29,1,28,10,0,0.034482758620689655,1.0,0.7368421052631579,0.06666666666666667,149
19,946599363,0.5,0.9,0.1,0.25,40,40,2,29,2,27,10,0,0.06896551724137931,1.0,0.7297297297297297,0.12903225806451613,149
20,741466195,0.5,0.9,0.1,0.25,40,40,0,25,0,25,14,0,0.0,,0.6410256410256411,,149
21,2083441760,0.5,0.9,0.1,0.25,40,40,2,32,2,30,7,0,0.0625,1.0,0.8108108108108109,0.11764705882352941,149
22,95655613,0.5,0.9,0.1,0.25,40,40,5,33,5,28,6,0,0.15151515151515152,1.0,0.8235294117647058,0.2631578947368421,149
23,1805943039,0.5,0.9,0.1,0.25,40,40,0,33,0,33,6,0,0.0,,0.8461538461538461,,149
24,1003997435,0.5,0.9,0.1,0.25,40,40,2,26,2,24,13,0,0.07692307692307693,1.0,0.6486486486486487,0.14285714285714288,149
25,1612546680,0.5,0.9,0.1,0.25,40,40,1,32,1,31,7,0,0.03125,1.0,0.8157894736842105,0.06060606060606061,149
26,683154953,0.5,0.9,0.1,0.25,40,40,2,27,2,25,12,0,0.07407407407407407,1.0,0.6756756756756757,0.13793103448275862,149
27,269394279,0.5,0.9,0.1,0.25,40,40,3,27,3,24,12,0,0.1111111111111111,1.0,0.6666666666666666,0.19999999999999998,149
28,639863421,0.5,0.9,0.1,0.25,40,40,2,28,2,26,11,0,0.07142857142857142,1.0,0.7027027027027027,0.13333333333333333,149
29,1025702120,0.5,0.9,0.1,0.25,40,40,2,32,2,30,7,0,0.0625,1.0,0.8108108108108109,0.11764705882352941,149
30,244378904,0.5,0.9,0.1,0.25,40,40,0,31,0,31,8,0,0.0,,0.7948717948717948,,149
31,1874245087,0.5,0.9,0.1,0.25,40,40,1,35,1,34,4,0,0.02857142857142857,1.0,0.8947368421052632,0.05555555555555556,149
32,1693741312,0.5,0.9,0.1,0.25,40,40,4,30,4,26,9,0,0.13333333333333333,1.0,0.7428571428571429,0.23529411764705882,149
33,1071629539,0.5,0.9,0.1,0.25,40,40,5,29,5,24,10,0,0.1724137931034483,1.0,0.7058823529411765,0.29411764705882354,149
34,348757274,0.5,0.9,0.1,0.25,40,40,2,32,2,30,7,0,0.0625,1.0,0.8108108108108109,0.11764705882352941,149
35,758012219,0.5,0.9,0.1,0.25,40,40,3,30,2,28,8,1,0.06666666666666667,0.6666666666666666,0.7777777777777778,0.1212121212121212,149
36,1313246032,0.5,0.9,0.1,0.25,40,40,1,31,1,30,8,0,0.03225806451612903,1.0,0.7894736842105263,0.0625,149
37,1219128347,0.5,0.9,0.1,0.25,40,40,2,26,2,24,13,0,0.07692307692307693,1.0,0.6486486486486487,0.14285714285714288,149
38,1735293014,0.5,0.9,0.1,0.25,40,40,3,29,3,26,10,0,0.10344827586206896,1.0,0.7222222222222222,0.1875,149
39,85439056,0.5,0.9,0.1,0.25,40,40,3,37,3,34,2,0,0.08108108108108109,1.0,0.9444444444444444,0.15,149
40,2039749112,0.5,0.9,0.1,0.25,40,40,1,23,0,23,15,1,0.0,0.0,0.6052631578947368,0.0,149
41,872335864,0.5,0.9,0.1,0.25,40,40,0,27,0,27,12,0,0.0,,0.6923076923076923,,149
42,954402816,0.5,0.9,0.1,0.25,40,40,1,30,1,29,9,0,0.03333333333333333,1.0,0.7631578947368421,0.06451612903225806,149
43,1499099465,0.5,0.9,0.1,0.25,40,40,3,27,3,24,12,0,0.1111111111111111,1.0,0.6666666666666666,0.19999999999999998,149
44,166276174,0.5,0.9,0.1,0.25,40,40,3,29,3,26,10,0,0.10344827586206896,1.0,0.7222222222222222,0.1875,149
45,1101473572,0.5,0.9,0.1,0.25,40,40,1,27,1,26,12,0,0.037037037037037035,1.0,0.6842105263157895,0.07142857142857142,149
46,552545436,0.5,0.9,0.1,0.25,40,40,3,28,3,25,11,0,0.10714285714285714,1.0,0.6944444444444444,0.19354838709677416,149
47,669513274,0.5,0.9,0.1,0.25,40,40,2,23,2,21,16,0,0.08695652173913043,1.0,0.5675675675675675,0.16,149
48,1569549018,0.5,0.9,0.1,0.25,40,40,1,27,1,26,12,0,0.037037037037037035,1.0,0.6842105263157895,0.07142857142857142,149
49,1611988094,0.5,0.9,0.1,0.25,40,40,0,26,0,26,13,0,0.0,,0.6666666666666666,,149
0,248446763,0.5,0.9,0.2,0.0,20,20,0,0,0,0,19,0,,,0.0,,150
1,1504083303,0.5,0.9,0.2,0.0,20,20,0,0,0,0,19,0,,,0.0,,150
2,1622494002,0.5,0.9,0.2,0.0,20,20,3,2,2,0,16,1,1.0,0.6666666666666666,0.0,0.8,150
3,20268531,0.5,0.9,0.2,0.0,20,20,2,2,2,0,17,0,1.0,1.0,0.0,1.0,150
4,489844766,0.5,0.9,0.2,0.0,20,20,4,3,3,0,15,1,1.0,0.75,0.0,0.8571428571428571,150
5,144677386,0.5,0.9,0.2,0.0,20,20,3,2,2,0,16,1,1.0,0.6666666666666666,0.0,0.8,150
6,1912147107,0.5,0.9,0.2,0.0,20,20,3,2,2,0,16,1,1.0,0.6666666666666666,0.0,0.8,150
7,1169496159,0.5,0.9,0.2,0.0,20,20,1,1,1,0,18,0,1.0,1.0,0.0,1.0,150
8,842678530,0.5,0.9,0.2,0.0,20,20,2,1,1,0,17,1,1.0,0.5,0.0,0.6666666666666666,150
9,927956233,0.5,0.9,0.2,0.0,20,20,2,0,0,0,17,2,,0.0,0.0,,150
10,1308235164,0.5,0.9,0.2,0.0,20,20,3,3,3,0,16,0,1.0,1.0,0.0,1.0,150
11,794859362,0.5,0.9,0.2,0.0,20,20,4,2,2,0,15,2,1.0,0.5,0.0,0.6666666666666666,150
12,1153466245,0.5,0.9,0.2,0.0,20,20,5,5,5,0,14,0,1.0,1.0,0.0,1.0,150
13,2104394359,0.5,0.9,0.2,0.0,20,20,2,2,2,0,17,0,1.0,1.0,0.0,1.0,150
14,1291817605,0.5,0.9,0.2,0.0,20,20,6,4,4,0,13,2,1.0,0.6666666666666666,0.0,0.8,150
15,510863093,0.5,0.9,0.2,0.0,20,20,3,3,3,0,16,0,1.0,1.0,0.0,1.0,150
16,1457375146,0.5,0.9,0.2,0.0,20,20,3,2,2,0,16,1,1.0,0.6666666666666666,0.0,0.8,150
17,830817783,0.5,0.9,0.2,0.0,20,20,0,0,0,0,19,0,,,0.0,,150
18,1164091062,0.5,0.9,0.2,0.0,20,20,3,3,3,0,16,0,1.0,1.0,0.0,1.0,150
19,951853190,0.5,0.9,0.2,0.0,20,20,4,3,3,0,15,1,1.0,0.75,0.0,0.8571428571428571,150
20,1793885038,0.5,0.9,0.2,0.0,20,20,1,1,1,0,18,0,1.0,1.0,0.0,1.0,150
21,95297294,0.5,0.9,0.2,0.0,20,20,1,1,1,0,18,0,1.0,1.0,0.0,1.0,150
22,101258969,0.5,0.9,0.2,0.0,20,20,3,2,2,0,16,1,1.0,0.6666666666666666,0.0,0.8,150
23,140362514,0.5,0.9,0.2,0.0,20,20,2,2,2,0,17,0,1.0,1.0,0.0,1.0,150
24,503788039,0.5,0.9,0.2,0.0,20,20,1,1,1,0,18,0,1.0,1.0,0.0,1.0,150
25,1387931680,0.5,0.9,0.2,0.0,20,20,3,1,1,0,16,2,1.0,0.3333333333333333,0.0,0.5,150
26,1765582144,0.5,0.9,0.2,0.0,20,20,1,1,0,1,17,1,0.0,0.0,0.05555555555555555,0.0,150
27,1197168800,0.5,0.9,0.2,0.0,20,20,4,2,2,0,15,2,1.0,0.5,0.0,0.6666666666666666,150
28,1510894983,0.5,0.9,0.2,0.0,20,20,5,4,4,0,14,1,1.0,0.8,0.0,0.888888888888889,150
29,1712664842,0.5,0.9,0.2,0.0,20,20,3,3,3,0,16,0,1.0,1.0,0.0,1.0,150
30,1954319551,0.5,0.9,0.2,0.0,20,20,2,1,1,0,17,1,1.0,0.5,0.0,0.6666666666666666,150
31,894908110,0.5,0.9,0.2,0.0,20,20,2,2,2,0,17,0,1.0,1.0,0.0,1.0,150
32,859894808,0.5,0.9,0.2,0.0,20,20,0,0,0,0,19,0,,,0.0,,150
33,988688975,0.5,0.9,0.2,0.0,20,20,1,1,1,0,18,0,1.0,1.0,0.0,1.0,150
34,1976064801,0.5,0.9,0.2,0.0,20,20,5,5,5,0,14,0,1.0,1.0,0.0,1.0,150
35,562837600,0.5,0.9,0.2,0.0,20,20,1,1,1,0,18,0,1.0,1.0,0.0,1.0,150
36,428347375,0.5,0.9,0.2,0.0,20,20,2,2,2,0,17,0,1.0,1.0,0.0,1.0,150
37,1392882976,0.5,0.9,0.2,0.0,20,20,4,4,3,1,14,1,0.75,0.75,0.06666666666666667,0.75,150
38,1653205671,0.5,0.9,0.2,0.0,20,20,2,1,1,0,17,1,1.0,0.5,0.0,0.6666666666666666,150
39,65821387,0.5,0.9,0.2,0.0,20,20,4,4,4,0,15,0,1.0,1.0,0.0,1.0,150
40,2039385887,0.5,0.9,0.2,0.0,20,20,1,1,1,0,18,0,1.0,1.0,0.0,1.0,150
41,221449304,0.5,0.9,0.2,0.0,20,20,1,1,1,0,18,0,1.0,1.0,0.0,1.0,150
42,1080100506,0.5,0.9,0.2,0.0,20,20,3,2,2,0,16,1,1.0,0.6666666666666666,0.0,0.8,150
43,479674541,0.5,0.9,0.2,0.0,20,20,1,1,1,0,18,0,1.0,1.0,0.0,1.0,150
44,1145388881,0.5,0.9,0.2,0.0,20,20,2,0,0,0,17,2,,0.0,0.0,,150
45,1735301493,0.5,0.9,0.2,0.0,20,20,1,0,0,0,18,1,,0.0,0.0,,150
46,1635868425,0.5,0.9,0.2,0.0,20,20,3,3,3,0,16,0,1.0,1.0,0.0,1.0,150
47,406209728,0.5,0.9,0.2,0.0,20,20,1,1,1,0,18,0,1.0,1.0,0.0,1.0,150
48,1409590738,0.5,0.9,0.2,0.0,20,20,1,0,0,0,18,1,,0.0,0.0,,150
49,1995208757,0.5,0.9,0.2,0.0,20,20,3,1,1,0,16,2,1.0,0.3333333333333333,0.0,0.5,150
0,588589095,0.5,0.9,0.2,0.0,40,40,4,3,3,0,35,1,1.0,0.75,0.0,0.8571428571428571,151
1,468681453,0.5,0.9,0.2,0.0,40,40,2,2,2,0,37,0,1.0,1.0,0.0,1.0,151
2,837083868,0.5,0.9,0.2,0.0,40,40,2,2,2,0,37,0,1.0,1.0,0.0,1.0,151
3,1940732125,0.5,0.9,0.2,0.0,40,40,3,1,1,0,36,2,1.0,0.3333333333333333,0.0,0.5,151
4,1633982409,0.5,0.9,0.2,0.0,40,40,2,0,0,0,37,2,,0.0,0.0,,151
5,1898472592,0.5,0.9,0.2,0.0,40,40,1,1,1,0,38,0,1.0,1.0,0.0,1.0,151
6,1898271466,0.5,0.9,0.2,0.0,40,40,3,3,3,0,36,0,1.0,1.0,0.0,1.0,151
7,1670956052,0.5,0.9,0.2,0.0,40,40,3,3,3,0,36,0,1.0,1.0,0.0,1.0,151
8,182779923,0.5,0.9,0.2,0.0,40,40,0,1,0,1,38,0,0.0,,0.02564102564102564,,151
9,2028767736,0.5,0.9,0.2,0.0,40,40,3,3,3,0,36,0,1.0,1.0,0.0,1.0,151
10,759870970,0.5,0.9,0.2,0.0,40,40,2,1,1,0,37,1,1.0,0.5,0.0,0.6666666666666666,151
11,1806819939,0.5,0.9,0.2,0.0,40,40,2,2,2,0,37,0,1.0,1.0,0.0,1.0,151
12,238414284,0.5,0.9,0.2,0.0,40,40,4,3,3,0,35,1,1.0,0.75,0.0,0.8571428571428571,151
13,1637693510,0.5,0.9,0.2,0.0,40,40,2,2,2,0,37,0,1.0,1.0,0.0,1.0,151
14,621371529,0.5,0.9,0.2,0.0,40,40,4,3,3,0,35,1,1.0,0.75,0.0,0.8571428571428571,151
15,1152708685,0.5,0.9,0.2,0.0,40,40,0,0,0,0,39,0,,,0.0,,151
16,1960598768,0.5,0.9,0.2,0.0,40,40,3,2,2,0,36,1,1.0,0.6666666666666666,0.0,0.8,151
17,1502190729,0.5,0.9,0.2,0.0,40,40,3,3,3,0,36,0,1.0,1.0,0.0,1.0,151
18,1248274435,0.5,0.9,0.2,0.0,40,40,3,2,2,0,36,1,1.0,0.6666666666666666,0.0,0.8,151
19,1598267579,0.5,0.9,0.2,0.0,40,40,0,1,0,1,38,0,0.0,,0.02564102564102564,,151
20,1731662109,0.5,0.9,0.2,0.0,40,40,5,4,4,0,34,1,1.0,0.8,0.0,0.888888888888889,151
21,1438718070,0.5,0.9,0.2,0.0,40,40,2,2,2,0,37,0,1.0,1.0,0.0,1.0,151
22,838884834,0.5,0.9,0.2,0.0,40,40,3,3,3,0,36,0,1.0,1.0,0.0,1.0,151
23,1278376042,0.5,0.9,0.2,0.0,40,40,2,2,2,0,37,0,1.0,1.0,0.0,1.0,151
24,1256843933,0.5,0.9,0.2,0.0,40,40,3,3,3,0,36,0,1.0,1.0,0.0,1.0,151
25,608477819,0.5,0.9,0.2,0.0,40,40,2,2,2,0,37,0,1.0,1.0,0.0,1.0,151
26,1725130747,0.5,0.9,0.2,0.0,40,40,1,1,1,0,38,0,1.0,1.0,0.0,1.0,151
27,621113135,0.5,0.9,0.2,0.0,40,40,2,1,1,0,37,1,1.0,0.5,0.0,0.6666666666666666,151
28,1594644064,0.5,0.9,0.2,0.0,40,40,3,3,3,0,36,0,1.0,1.0,0.0,1.0,151
29,1572495379,0.5,0.9,0.2,0.0,40,40,4,3,3,0,35,1,1.0,0.75,0.0,0.8571428571428571,151
30,1324833352,0.5,0.9,0.2,0.0,40,40,1,1,1,0,38,0,1.0,1.0,0.0,1.0,151
31,199302854,0.5,0.9,0.2,0.0,40,40,3,3,2,1,35,1,0.6666666666666666,0.6666666666666666,0.027777777777777776,0.6666666666666666,151
32,1537854594,0.5,0.9,0.2,0.0,40,40,2,2,2,0,37,0,1.0,1.0,0.0,1.0,151
33,54220351,0.5,0.9,0.2,0.0,40,40,2,1,1,0,37,1,1.0,0.5,0.0,0.6666666666666666,151
34,1574695472,0.5,0.9,0.2,0.0,40,40,2,2,2,0,37,0,1.0,1.0,0.0,1.0,151
35,835594426,0.5,0.9,0.2,0.0,40,40,3,3,3,0,36,0,1.0,1.0,0.0,1.0,151
36,832031882,0.5,0.9,0.2,0.0,40,40,2,1,1,0,37,1,1.0,0.5,0.0,0.6666666666666666,151
37,1991232699,0.5,0.9,0.2,0.0,40,40,5,3,3,0,34,2,1.0,0.6,0.0,0.7499999999999999,151
38,209659030,0.5,0.9,0.2,0.0,40,40,0,0,0,0,39,0,,,0.0,,151
39,169057568,0.5,0.9,0.2,0.0,40,40,6,6,6,0,33,0,1.0,1.0,0.0,1.0,151
40,1781684062,0.5,0.9,0.2,0.0,40,40,2,2,2,0,37,0,1.0,1.0,0.0,1.0,151
41,1745910999,0.5,0.9,0.2,0.0,40,40,2,2,2,0,37,0,1.0,1.0,0.0,1.0,151
42,1989070458,0.5,0.9,0.2,0.0,40,40,2,1,1,0,37,1,1.0,0.5,0.0,0.6666666666666666,151
43,651159232,0.5,0.9,0.2,0.0,40,40,3,3,3,0,36,0,1.0,1.0,0.0,1.0,151
44,1960946618,0.5,0.9,0.2,0.0,40,40,6,5,5,0,33,1,1.0,0.8333333333333334,0.0,0.9090909090909091,151
45,1610525373,0.5,0.9,0.2,0.0,40,40,2,2,2,0,37,0,1.0,1.0,0.0,1.0,151
46,1217462636,0.5,0.9,0.2,0.0,40,40,2,2,2,0,37,0,1.0,1.0,0.0,1.0,151
47,1807828184,0.5,0.9,0.2,0.0,40,40,0,0,0,0,39,0,,,0.0,,151
48,559785477,0.5,0.9,0.2,0.0,40,40,4,1,1,0,35,3,1.0,0.25,0.0,0.4,151
49,782548943,0.5,0.9,0.2,0.0,40,40,1,1,1,0,38,0,1.0,1.0,0.0,1.0,151
0,383037159,0.5,0.9,0.2,0.1,20,20,2,3,2,1,16,0,0.6666666666666666,1.0,0.058823529411764705,0.8,152
1,1338674220,0.5,0.9,0.2,0.1,20,20,3,2,2,0,16,1,1.0,0.6666666666666666,0.0,0.8,152
2,132802275,0.5,0.9,0.2,0.1,20,20,3,3,2,1,15,1,0.6666666666666666,0.6666666666666666,0.0625,0.6666666666666666,152
3,519907437,0.5,0.9,0.2,0.1,20,20,1,2,1,1,17,0,0.5,1.0,0.05555555555555555,0.6666666666666666,152
4,296691997,0.5,0.9,0.2,0.1,20,20,4,3,3,0,15,1,1.0,0.75,0.0,0.8571428571428571,152
5,1607078501,0.5,0.9,0.2,0.1,20,20,1,1,1,0,18,0,1.0,1.0,0.0,1.0,152
6,1620551327,0.5,0.9,0.2,0.1,20,20,1,6,1,5,13,0,0.16666666666666666,1.0,0.2777777777777778,0.2857142857142857,152
7,794937621,0.5,0.9,0.2,0.1,20,20,2,3,2,1,16,0,0.6666666666666666,1.0,0.058823529411764705,0.8,152
8,609425364,0.5,0.9,0.2,0.1,20,20,3,4,3,1,15,0,0.75,1.0,0.0625,0.8571428571428571,152
9,1908021332,0.5,0.9,0.2,0.1,20,20,2,2,2,0,17,0,1.0,1.0,0.0,1.0,152
10,674338597,0.5,0.9,0.2,0.1,20,20,3,3,3,0,16,0,1.0,1.0,0.0,1.0,152
11,1937517843,0.5,0.9,0.2,0.1,20,20,4,4,4,0,15,0,1.0,1.0,0.0,1.0,152
12,324914777,0.5,0.9,0.2,0.1,20,20,1,2,1,1,17,0,0.5,1.0,0.05555555555555555,0.6666666666666666,152
13,219609067,0.5,0.9,0.2,0.1,20,20,3,3,2,1,15,1,0.6666666666666666,0.6666666666666666,0.0625,0.6666666666666666,152
14,70832510,0.5,0.9,0.2,0.1,20,20,1,2,0,2,16,1,0.0,0.0,0.1111111111111111,0.0,152
15,413539749,0.5,0.9,0.2,0.1,20,20,1,2,1,1,17,0,0.5,1.0,0.05555555555555555,0.6666666666666666,152
16,555421542,0.5,0.9,0.2,0.1,20,20,1,4,1,3,15,0,0.25,1.0,0.16666666666666666,0.4,152
17,1760992256,0.5,0.9,0.2,0.1,20,20,1,3,1,2,16,0,0.3333333333333333,1.0,0.1111111111111111,0.5,152
18,1318380774,0.5,0.9,0.2,0.1,20,20,2,0,0,0,17,2,,0.0,0.0,,152
19,2073839497,0.5,0.9,0.2,0.1,20,20,1,2,1,1,17,0,0.5,1.0,0.05555555555555555,0.6666666666666666,152
20,482678286,0.5,0.9,0.2,0.1,20,20,1,2,1,1,17,0,0.5,1.0,0.05555555555555555,0.6666666666666666,152
21,683547804,0.5,0.9,0.2,0.1,20,20,1,2,0,2,16,1,0.0,0.0,0.1111111111111111,0.0,152
22,548689087,0.5,0.9,0.2,0.1,20,20,4,7,4,3,12,0,0.5714285714285714,1.0,0.2,0.7272727272727273,152
23,1657271173,0.5,0.9,0.2,0.1,20,20,5,4,4,0,14,1,1.0,0.8,0.0,0.888888888888889,152
24,138877950,0.5,0.9,0.2,0.1,20,20,2,2,2,0,17,0,1.0,1.0,0.0,1.0,152
25,217879920,0.5,0.9,0.2,0.1,20,20,2,1,1,0,17,1,1.0,0.5,0.0,0.6666666666666666,152
26,819069552,0.5,0.9,0.2,0.1,20,20,1,5,1,4,14,0,0.2,1.0,0.2222222222222222,0.33333333333333337,152
27,1404363960,0.5,0.9,0.2,0.1,20,20,6,6,5,1,12,1,0.8333333333333334,0.8333333333333334,0.07692307692307693,0.8333333333333334,152
28,1288434396,0.5,0.9,0.2,0.1,20,20,1,2,1,1,17,0,0.5,1.0,0.05555555555555555,0.6666666666666666,152
29,1769661019,0.5,0.9,0.2,0.1,20,20,2,2,2,0,17,0,1.0,1.0,0.0,1.0,152
30,1334946235,0.5,0.9,0.2,0.1,20,20,1,2,1,1,17,0,0.5,1.0,0.05555555555555555,0.6666666666666666,152
31,2130027848,0.5,0.9,0.2,0.1,20,20,3,2,2,0,16,1,1.0,0.6666666666666666,0.0,0.8,152
32,1359184851,0.5,0.9,0.2,0.1,20,20,1,3,1,2,16,0,0.3333333333333333,1.0,0.1111111111111111,0.5,152
33,1511909693,0.5,0.9,0.2,0.1,20,20,2,3,2,1,16,0,0.6666666666666666,1.0,0.058823529411764705,0.8,152
34,1214708358,0.5,0.9,0.2,0.1,20,20,7,6,6,0,12,1,1.0,0.8571428571428571,0.0,0.923076923076923,152
35,1845712376,0.5,0.9,0.2,0.1,20,20,1,0,0,0,18,1,,0.0,0.0,,152
36,360571747,0.5,0.9,0.2,0.1,20,20,3,2,2,0,16,1,1.0,0.6666666666666666,0.0,0.8,152
37,2131057014,0.5,0.9,0.2,0.1,20,20,2,2,2,0,17,0,1.0,1.0,0.0,1.0,152
38,877584945,0.5,0.9,0.2,0.1,20,20,6,4,4,0,13,2,1.0,0.6666666666666666,0.0,0.8,152
39,799680862,0.5,0.9,0.2,0.1,20,20,1,2,1,1,17,0,0.5,1.0,0.05555555555555555,0.6666666666666666,152
40,752616703,0.5,0.9,0.2,0.1,20,20,2,3,2,1,16,0,0.6666666666666666,1.0,0.058823529411764705,0.8,152
41,855790643,0.5,0.9,0.2,0.1,20,20,1,3,1,2,16,0,0.3333333333333333,1.0,0.1111111111111111,0.5,152
42,1503180102,0.5,0.9,0.2,0.1,20,20,2,2,2,0,17,0,1.0,1.0,0.0,1.0,152
43,968102314,0.5,0.9,0.2,0.1,20,20,3,2,2,0,16,1,1.0,0.6666666666666666,0.0,0.8,152
44,865076154,0.5,0.9,0.2,0.1,20,20,2,2,2,0,17,0,1.0,1.0,0.0,1.0,152
45,2092026193,0.5,0.9,0.2,0.1,20,20,1,1,1,0,18,0,1.0,1.0,0.0,1.0,152
46,536417255,0.5,0.9,0.2,0.1,20,20,2,4,2,2,15,0,0.5,1.0,0.11764705882352941,0.6666666666666666,152
47,1102360171,0.5,0.9,0.2,0.1,20,20,2,4,1,3,14,1,0.25,0.5,0.17647058823529413,0.3333333333333333,152
48,965950806,0.5,0.9,0.2,0.1,20,20,2,2,2,0,17,0,1.0,1.0,0.0,1.0,152
49,1165798110,0.5,0.9,0.2,0.1,20,20,1,2,1,1,17,0,0.5,1.0,0.05555555555555555,0.6666666666666666,152
0,1880665146,0.5,0.9,0.2,0.1,40,40,2,6,0,6,31,2,0.0,0.0,0.16216216216216217,0.0,153
1,1661268845,0.5,0.9,0.2,0.1,40,40,3,12,3,9,27,0,0.25,1.0,0.25,0.4,153
2,1658085433,0.5,0.9,0.2,0.1,40,40,6,13,4,9,24,2,0.3076923076923077,0.6666666666666666,0.2727272727272727,0.42105263157894735,153
3,1734823904,0.5,0.9,0.2,0.1,40,40,2,8,2,6,31,0,0.25,1.0,0.16216216216216217,0.4,153
4,1775264082,0.5,0.9,0.2,0.1,40,40,1,7,1,6,32,0,0.14285714285714285,1.0,0.15789473684210525,0.25,153
5,46113893,0.5,0.9,0.2,0.1,40,40,1,7,1,6,32,0,0.14285714285714285,1.0,0.15789473684210525,0.25,153
6,168459954,0.5,0.9,0.2,0.1,40,40,3,12,3,9,27,0,0.25,1.0,0.25,0.4,153
7,1298827982,0.5,0.9,0.2,0.1,40,40,1,7,0,7,31,1,0.0,0.0,0.18421052631578946,0.0,153
8,2114134691,0.5,0.9,0.2,0.1,40,40,1,9,1,8,30,0,0.1111111111111111,1.0,0.21052631578947367,0.19999999999999998,153
9,1673601920,0.5,0.9,0.2,0.1,40,40,1,5,0,5,33,1,0.0,0.0,0.13157894736842105,0.0,153
10,1977552846,0.5,0.9,0.2,0.1,40,40,3,9,2,7,29,1,0.2222222222222222,0.6666666666666666,0.19444444444444445,0.3333333333333333,153
11,1555477138,0.5,0.9,0.2,0.1,40,40,2,5,2,3,34,0,0.4,1.0,0.08108108108108109,0.5714285714285715,153
12,93526319,0.5,0.9,0.2,0.1,40,40,5,8,4,4,30,1,0.5,0.8,0.11764705882352941,0.6153846153846154,153
13,1616408544,0.5,0.9,0.2,0.1,40,40,2,10,1,9,28,1,0.1,0.5,0.24324324324324326,0.16666666666666669,153
14,1122430555,0.5,0.9,0.2,0.1,40,40,3,10,3,7,29,0,0.3,1.0,0.19444444444444445,0.4615384615384615,153
15,2106325283,0.5,0.9,0.2,0.1,40,40,4,10,4,6,29,0,0.4,1.0,0.17142857142857143,0.5714285714285715,153
16,454222001,0.5,0.9,0.2,0.1,40,40,2,4,2,2,35,0,0.5,1.0,0.05405405405405406,0.6666666666666666,153
17,1652481645,0.5,0.9,0.2,0.1,40,40,1,16,1,15,23,0,0.0625,1.0,0.39473684210526316,0.11764705882352941,153
18,1875731853,0.5,0.9,0.2,0.1,40,40,1,8,1,7,31,0,0.125,1.0,0.18421052631578946,0.2222222222222222,153
19,1182690089,0.5,0.9,0.2,0.1,40,40,3,6,1,5,31,2,0.16666666666666666,0.3333333333333333,0.1388888888888889,0.2222222222222222,153
20,1852461027,0.5,0.9,0.2,0.1,40,40,2,7,2,5,32,0,0.2857142857142857,1.0,0.13513513513513514,0.4444444444444445,153
21,1114676444,0.5,0.9,0.2,0.1,40,40,2,5,1,4,33,1,0.2,0.5,0.10810810810810811,0.28571428571428575,153
22,1676466328,0.5,0.9,0.2,0.1,40,40,0,6,0,6,33,0,0.0,,0.15384615384615385,,153
23,1122308909,0.5,0.9,0.2,0.1,40,40,2,11,1,10,27,1,0.09090909090909091,0.5,0.2702702702702703,0.15384615384615385,153
24,1082246309,0.5,0.9,0.2,0.1,40,40,4,11,4,7,28,0,0.36363636363636365,1.0,0.2,0.5333333333333333,153
25,536364924,0.5,0.9,0.2,0.1,40,40,4,7,2,5,30,2,0.2857142857142857,0.5,0.14285714285714285,0.36363636363636365,153
26,731124780,0.5,0.9,0.2,0.1,40,40,1,6,1,5,33,0,0.16666666666666666,1.0,0.13157894736842105,0.2857142857142857,153
27,1603567502,0.5,0.9,0.2,0.1,40,40,3,8,3,5,31,0,0.375,1.0,0.1388888888888889,0.5454545454545454,153
28,446728446,0.5,0.9,0.2,0.1,40,40,5,8,4,4,30,1,0.5,0.8,0.11764705882352941,0.6153846153846154,153
29,506464496,0.5,0.9,0.2,0.1,40,40,4,5,3,2,33,1,0.6,0.75,0.05714285714285714,0.6666666666666665,153
30,1954833764,0.5,0.9,0.2,0.1,40,40,4,14,4,10,25,0,0.2857142857142857,1.0,0.2857142857142857,0.4444444444444445,153
31,1573764024,0.5,0.9,0.2,0.1,40,40,4,11,4,7,28,0,0.36363636363636365,1.0,0.2,0.5333333333333333,153
32,1694853685,0.5,0.9,0.2,0.1,40,40,3,7,3,4,32,0,0.42857142857142855,1.0,0.1111111111111111,0.6,153
33,147958168,0.5,0.9,0.2,0.1,40,40,4,8,2,6,29,2,0.25,0.5,0.17142857142857143,0.3333333333333333,153
34,1315691137,0.5,0.9,0.2,0.1,40,40,4,11,4,7,28,0,0.36363636363636365,1.0,0.2,0.5333333333333333,153
35,946604632,0.5,0.9,0.2,0.1,40,40,7,10,5,5,27,2,0.5,0.7142857142857143,0.15625,0.588235294117647,153
36,871129242,0.5,0.9,0.2,0.1,40,40,2,5,1,4,33,1,0.2,0.5,0.10810810810810811,0.28571428571428575,153
37,1049196442,0.5,0.9,0.2,0.1,40,40,1,8,1,7,31,0,0.125,1.0,0.18421052631578946,0.2222222222222222,153
38,1590136628,0.5,0.9,0.2,0.1,40,40,3,11,3,8,28,0,0.2727272727272727,1.0,0.2222222222222222,0.42857142857142855,153
39,1154874453,0.5,0.9,0.2,0.1,40,40,3,17,3,14,22,0,0.17647058823529413,1.0,0.3888888888888889,0.3,153
40,78915993,0.5,0.9,0.2,0.1,40,40,2,8,2,6,31,0,0.25,1.0,0.16216216216216217,0.4,153
41,46657991,0.5,0.9,0.2,0.1,40,40,2,12,2,10,27,0,0.16666666666666666,1.0,0.2702702702702703,0.2857142857142857,153
42,2093226940,0.5,0.9,0.2,0.1,40,40,2,7,2,5,32,0,0.2857142857142857,1.0,0.13513513513513514,0.4444444444444445,153
43,82717031,0.5,0.9,0.2,0.1,40,40,2,11,2,9,28,0,0.18181818181818182,1.0,0.24324324324324326,0.3076923076923077,153
44,640828168,0.5,0.9,0.2,0.1,40,40,5,8,4,4,30,1,0.5,0.8,0.11764705882352941,0.6153846153846154,153
45,535651044,0.5,0.9,0.2,0.1,40,40,2,12,2,10,27,0,0.16666666666666666,1.0,0.2702702702702703,0.2857142857142857,153
46,432412204,0.5,0.9,0.2,0.1,40,40,5,8,5,3,31,0,0.625,1.0,0.08823529411764706,0.7692307692307693,153
47,80711970,0.5,0.9,0.2,0.1,40,40,1,9,1,8,30,0,0.1111111111111111,1.0,0.21052631578947367,0.19999999999999998,153
48,893103078,0.5,0.9,0.2,0.1,40,40,2,8,2,6,31,0,0.25,1.0,0.16216216216216217,0.4,153
49,21666155,0.5,0.9,0.2,0.1,40,40,4,11,4,7,28,0,0.36363636363636365,1.0,0.2,0.5333333333333333,153
0,1431757486,0.5,0.9,0.2,0.25,20,20,1,12,1,11,7,0,0.08333333333333333,1.0,0.6111111111111112,0.15384615384615385,154
1,146188979,0.5,0.9,0.2,0.25,20,20,2,5,1,4,13,1,0.2,0.5,0.23529411764705882,0.28571428571428575,154
2,209436001,0.5,0.9,0.2,0.25,20,20,3,7,3,4,12,0,0.42857142857142855,1.0,0.25,0.6,154
3,2050675507,0.5,0.9,0.2,0.25,20,20,1,11,1,10,8,0,0.09090909090909091,1.0,0.5555555555555556,0.16666666666666669,154
4,1179867053,0.5,0.9,0.2,0.25,20,20,3,11,3,8,8,0,0.2727272727272727,1.0,0.5,0.42857142857142855,154
5,1062419665,0.5,0.9,0.2,0.25,20,20,1,11,1,10,8,0,0.09090909090909091,1.0,0.5555555555555556,0.16666666666666669,154
6,1566053587,0.5,0.9,0.2,0.25,20,20,3,5,2,3,13,1,0.4,0.6666666666666666,0.1875,0.5,154
7,94816807,0.5,0.9,0.2,0.25,20,20,4,7,3,4,11,1,0.42857142857142855,0.75,0.26666666666666666,0.5454545454545454,154
8,1745938381,0.5,0.9,0.2,0.25,20,20,4,8,3,5,10,1,0.375,0.75,0.3333333333333333,0.5,154
9,806171145,0.5,0.9,0.2,0.25,20,20,2,14,1,13,4,1,0.07142857142857142,0.5,0.7647058823529411,0.125,154
10,204677598,0.5,0.9,0.2,0.25,20,20,2,7,2,5,12,0,0.2857142857142857,1.0,0.29411764705882354,0.4444444444444445,154
11,1091909134,0.5,0.9,0.2,0.25,20,20,4,6,2,4,11,2,0.3333333333333333,0.5,0.26666666666666666,0.4,154
12,1946247128,0.5,0.9,0.2,0.25,20,20,3,6,2,4,12,1,0.3333333333333333,0.6666666666666666,0.25,0.4444444444444444,154
13,679190597,0.5,0.9,0.2,0.25,20,20,4,9,3,6,9,1,0.3333333333333333,0.75,0.4,0.46153846153846156,154
14,782300395,0.5,0.9,0.2,0.25,20,20,3,5,0,5,11,3,0.0,0.0,0.3125,0.0,154
15,1380546302,0.5,0.9,0.2,0.25,20,20,3,7,2,5,11,1,0.2857142857142857,0.6666666666666666,0.3125,0.4,154
16,209840445,0.5,0.9,0.2,0.25,20,20,2,8,2,6,11,0,0.25,1.0,0.35294117647058826,0.4,154
17,2039781513,0.5,0.9,0.2,0.25,20,20,0,13,0,13,6,0,0.0,,0.6842105263157895,,154
18,92483409,0.5,0.9,0.2,0.25,20,20,2,7,2,5,12,0,0.2857142857142857,1.0,0.29411764705882354,0.4444444444444445,154
19,115015810,0.5,0.9,0.2,0.25,20,20,2,6,2,4,13,0,0.3333333333333333,1.0,0.23529411764705882,0.5,154
20,1857375952,0.5,0.9,0.2,0.25,20,20,2,8,2,6,11,0,0.25,1.0,0.35294117647058826,0.4,154
21,1769299400,0.5,0.9,0.2,0.25,20,20,4,9,2,7,8,2,0.2222222222222222,0.5,0.4666666666666667,0.30769230769230765,154
22,1870946235,0.5,0.9,0.2,0.25,20,20,0,14,0,14,5,0,0.0,,0.7368421052631579,,154
23,1757383657,0.5,0.9,0.2,0.25,20,20,4,8,2,6,9,2,0.25,0.5,0.4,0.3333333333333333,154
24,256880595,0.5,0.9,0.2,0.25,20,20,3,9,3,6,10,0,0.3333333333333333,1.0,0.375,0.5,154
25,624122876,0.5,0.9,0.2,0.25,20,20,2,15,2,13,4,0,0.13333333333333333,1.0,0.7647058823529411,0.23529411764705882,154
26,810510482,0.5,0.9,0.2,0.25,20,20,0,10,0,10,9,0,0.0,,0.5263157894736842,,154
27,505759071,0.5,0.9,0.2,0.25,20,20,2,9,1,8,9,1,0.1111111111111111,0.5,0.47058823529411764,0.1818181818181818,154
28,1997992140,0.5,0.9,0.2,0.25,20,20,5,6,3,3,11,2,0.5,0.6,0.21428571428571427,0.5454545454545454,154
29,1591887493,0.5,0.9,0.2,0.25,20,20,0,8,0,8,11,0,0.0,,0.42105263157894735,,154
30,857544297,0.5,0.9,0.2,0.25,20,20,1,7,1,6,12,0,0.14285714285714285,1.0,0.3333333333333333,0.25,154
31,122966113,0.5,0.9,0.2,0.25,20,20,3,10,3,7,9,0,0.3,1.0,0.4375,0.4615384615384615,154
32,1408549637,0.5,0.9,0.2,0.25,20,20,1,8,1,7,11,0,0.125,1.0,0.3888888888888889,0.2222222222222222,154
33,1035710946,0.5,0.9,0.2,0.25,20,20,2,7,1,6,11,1,0.14285714285714285,0.5,0.35294117647058826,0.22222222222222224,154
34,1673380409,0.5,0.9,0.2,0.25,20,20,3,8,2,6,10,1,0.25,0.6666666666666666,0.375,0.36363636363636365,154
35,486482455,0.5,0.9,0.2,0.25,20,20,1,8,1,7,11,0,0.125,1.0,0.3888888888888889,0.2222222222222222,154
36,49974999,0.5,0.9,0.2,0.25,20,20,3,8,3,5,11,0,0.375,1.0,0.3125,0.5454545454545454,154
37,698592396,0.5,0.9,0.2,0.25,20,20,2,6,1,5,12,1,0.16666666666666666,0.5,0.29411764705882354,0.25,154
38,1491735851,0.5,0.9,0.2,0.25,20,20,2,11,2,9,8,0,0.18181818181818182,1.0,0.5294117647058824,0.3076923076923077,154
39,768466026,0.5,0.9,0.2,0.25,20,20,2,3,1,2,15,1,0.3333333333333333,0.5,0.11764705882352941,0.4,154
40,157198447,0.5,0.9,0.2,0.25,20,20,1,10,1,9,9,0,0.1,1.0,0.5,0.18181818181818182,154
41,1259508859,0.5,0.9,0.2,0.25,20,20,2,5,2,3,14,0,0.4,1.0,0.17647058823529413,0.5714285714285715,154
42,670253239,0.5,0.9,0.2,0.25,20,20,2,15,2,13,4,0,0.13333333333333333,1.0,0.7647058823529411,0.23529411764705882,154
43,1235183781,0.5,0.9,0.2,0.25,20,20,1,11,1,10,8,0,0.09090909090909091,1.0,0.5555555555555556,0.16666666666666669,154
44,1433031897,0.5,0.9,0.2,0.25,20,20,3,10,3,7,9,0,0.3,1.0,0.4375,0.4615384615384615,154
45,920372797,0.5,0.9,0.2,0.25,20,20,2,6,1,5,12,1,0.16666666666666666,0.5,0.29411764705882354,0.25,154
46,1022717367,0.5,0.9,0.2,0.25,20,20,6,8,5,3,10,1,0.625,0.8333333333333334,0.23076923076923078,0.7142857142857143,154
47,1030142286,0.5,0.9,0.2,0.25,20,20,3,6,2,4,12,1,0.3333333333333333,0.6666666666666666,0.25,0.4444444444444444,154
48,1773244881,0.5,0.9,0.2,0.25,20,20,2,9,2,7,10,0,0.2222222222222222,1.0,0.4117647058823529,0.3636363636363636,154
49,1908515950,0.5,0.9,0.2,0.25,20,20,2,8,2,6,11,0,0.25,1.0,0.35294117647058826,0.4,154
0,592953350,0.5,0.9,0.2,0.25,40,40,2,20,2,18,19,0,0.1,1.0,0.4864864864864865,0.18181818181818182,155
1,1228117669,0.5,0.9,0.2,0.25,40,40,0,21,0,21,18,0,0.0,,0.5384615384615384,,155
2,2033228255,0.5,0.9,0.2,0.25,40,40,4,19,2,17,18,2,0.10526315789473684,0.5,0.4857142857142857,0.17391304347826086,155
3,315043660,0.5,0.9,0.2,0.25,40,40,2,27,2,25,12,0,0.07407407407407407,1.0,0.6756756756756757,0.13793103448275862,155
4,343422844,0.5,0.9,0.2,0.25,40,40,4,20,3,17,18,1,0.15,0.75,0.4857142857142857,0.24999999999999997,155
5,261340099,0.5,0.9,0.2,0.25,40,40,1,22,1,21,17,0,0.045454545454545456,1.0,0.5526315789473685,0.08695652173913045,155
6,68584712,0.5,0.9,0.2,0.25,40,40,2,18,2,16,21,0,0.1111111111111111,1.0,0.43243243243243246,0.19999999999999998,155
7,386594805,0.5,0.9,0.2,0.25,40,40,2,23,2,21,16,0,0.08695652173913043,1.0,0.5675675675675675,0.16,155
8,490613270,0.5,0.9,0.2,0.25,40,40,4,23,3,20,15,1,0.13043478260869565,0.75,0.5714285714285714,0.22222222222222218,155
9,1303459354,0.5,0.9,0.2,0.25,40,40,3,22,2,20,16,1,0.09090909090909091,0.6666666666666666,0.5555555555555556,0.16,155
10,738056083,0.5,0.9,0.2,0.25,40,40,5,26,5,21,13,0,0.19230769230769232,1.0,0.6176470588235294,0.32258064516129037,155
11,193916417,0.5,0.9,0.2,0.25,40,40,4,24,4,20,15,0,0.16666666666666666,1.0,0.5714285714285714,0.2857142857142857,155
12,627753114,0.5,0.9,0.2,0.25,40,40,3,18,2,16,20,1,0.1111111111111111,0.6666666666666666,0.4444444444444444,0.1904761904761905,155
13,1713908413,0.5,0.9,0.2,0.25,40,40,4,16,2,14,21,2,0.125,0.5,0.4,0.2,155
14,947632387,0.5,0.9,0.2,0.25,40,40,3,22,2,20,16,1,0.09090909090909091,0.6666666666666666,0.5555555555555556,0.16,155
15,215163589,0.5,0.9,0.2,0.25,40,40,1,23,0,23,15,1,0.0,0.0,0.6052631578947368,0.0,155
16,1428955024,0.5,0.9,0.2,0.25,40,40,5,19,5,14,20,0,0.2631578947368421,1.0,0.4117647058823529,0.4166666666666667,155
17,900371104,0.5,0.9,0.2,0.25,40,40,6,23,6,17,16,0,0.2608695652173913,1.0,0.5151515151515151,0.41379310344827586,155
18,2145652356,0.5,0.9,0.2,0.25,40,40,4,22,3,19,16,1,0.13636363636363635,0.75,0.5428571428571428,0.23076923076923075,155
19,138464107,0.5,0.9,0.2,0.25,40,40,2,19,1,18,19,1,0.05263157894736842,0.5,0.4864864864864865,0.09523809523809525,155
20,805276221,0.5,0.9,0.2,0.25,40,40,2,20,1,19,18,1,0.05,0.5,0.5135135135135135,0.09090909090909091,155
21,801587897,0.5,0.9,0.2,0.25,40,40,0,14,0,14,25,0,0.0,,0.358974358974359,,155
22,118968874,0.5,0.9,0.2,0.25,40,40,1,22,1,21,17,0,0.045454545454545456,1.0,0.5526315789473685,0.08695652173913045,155
23,1279197514,0.5,0.9,0.2,0.25,40,40,0,23,0,23,16,0,0.0,,0.5897435897435898,,155
24,2064555285,0.5,0.9,0.2,0.25,40,40,2,20,2,18,19,0,0.1,1.0,0.4864864864864865,0.18181818181818182,155
25,124358395,0.5,0.9,0.2,0.25,40,40,1,23,1,22,16,0,0.043478260869565216,1.0,0.5789473684210527,0.08333333333333333,155
26,1163545997,0.5,0.9,0.2,0.25,40,40,6,19,6,13,20,0,0.3157894736842105,1.0,0.3939393939393939,0.4799999999999999,155
27,2095143849,0.5,0.9,0.2,0.25,40,40,1,23,1,22,16,0,0.043478260869565216,1.0,0.5789473684210527,0.08333333333333333,155
28,839467721,0.5,0.9,0.2,0.25,40,40,4,26,4,22,13,0,0.15384615384615385,1.0,0.6285714285714286,0.2666666666666667,155
29,40813993,0.5,0.9,0.2,0.25,40,40,3,23,3,20,16,0,0.13043478260869565,1.0,0.5555555555555556,0.23076923076923078,155
30,730790504,0.5,0.9,0.2,0.25,40,40,4,28,4,24,11,0,0.14285714285714285,1.0,0.6857142857142857,0.25,155
31,968188726,0.5,0.9,0.2,0.25,40,40,0,23,0,23,16,0,0.0,,0.5897435897435898,,155
32,871454348,0.5,0.9,0.2,0.25,40,40,4,22,2,20,15,2,0.09090909090909091,0.5,0.5714285714285714,0.15384615384615385,155
33,1420929664,0.5,0.9,0.2,0.25,40,40,2,24,2,22,15,0,0.08333333333333333,1.0,0.5945945945945946,0.15384615384615385,155
34,191142219,0.5,0.9,0.2,0.25,40,40,1,20,1,19,19,0,0.05,1.0,0.5,0.09523809523809523,155
35,681615465,0.5,0.9,0.2,0.25,40,40,1,22,1,21,17,0,0.045454545454545456,1.0,0.5526315789473685,0.08695652173913045,155
36,1500544187,0.5,0.9,0.2,0.25,40,40,2,19,1,18,19,1,0.05263157894736842,0.5,0.4864864864864865,0.09523809523809525,155
37,1056681560,0.5,0.9,0.2,0.25,40,40,2,23,2,21,16,0,0.08695652173913043,1.0,0.5675675675675675,0.16,155
38,1067189134,0.5,0.9,0.2,0.25,40,40,2,21,2,19,18,0,0.09523809523809523,1.0,0.5135135135135135,0.17391304347826084,155
39,528695925,0.5,0.9,0.2,0.25,40,40,1,20,1,19,19,0,0.05,1.0,0.5,0.09523809523809523,155
40,1950805223,0.5,0.9,0.2,0.25,40,40,2,27,2,25,12,0,0.07407407407407407,1.0,0.6756756756756757,0.13793103448275862,155
41,1213774837,0.5,0.9,0.2,0.25,40,40,3,31,3,28,8,0,0.0967741935483871,1.0,0.7777777777777778,0.17647058823529413,155
42,857898388,0.5,0.9,0.2,0.25,40,40,1,21,1,20,18,0,0.047619047619047616,1.0,0.5263157894736842,0.0909090909090909,155
43,1007774044,0.5,0.9,0.2,0.25,40,40,2,20,1,19,18,1,0.05,0.5,0.5135135135135135,0.09090909090909091,155
44,828122496,0.5,0.9,0.2,0.25,40,40,3,22,3,19,17,0,0.13636363636363635,1.0,0.5277777777777778,0.24000000000000002,155
45,688151103,0.5,0.9,0.2,0.25,40,40,2,23,2,21,16,0,0.08695652173913043,1.0,0.5675675675675675,0.16,155
46,487484735,0.5,0.9,0.2,0.25,40,40,1,20,1,19,19,0,0.05,1.0,0.5,0.09523809523809523,155
47,1582104764,0.5,0.9,0.2,0.25,40,40,2,23,0,23,14,2,0.0,0.0,0.6216216216216216,0.0,155
48,100199695,0.5,0.9,0.2,0.25,40,40,2,27,2,25,12,0,0.07407407407407407,1.0,0.6756756756756757,0.13793103448275862,155
49,1478871498,0.5,0.9,0.2,0.25,40,40,2,25,1,24,13,1,0.04,0.5,0.6486486486486487,0.07407407407407407,155
0,1234081313,0.5,0.9,0.35,0.0,20,20,3,2,2,0,16,1,1.0,0.6666666666666666,0.0,0.8,156
1,279545798,0.5,0.9,0.35,0.0,20,20,2,2,2,0,17,0,1.0,1.0,0.0,1.0,156
2,1567541865,0.5,0.9,0.35,0.0,20,20,1,1,1,0,18,0,1.0,1.0,0.0,1.0,156
3,540797803,0.5,0.9,0.35,0.0,20,20,4,3,3,0,15,1,1.0,0.75,0.0,0.8571428571428571,156
4,746820517,0.5,0.9,0.35,0.0,20,20,4,0,0,0,15,4,,0.0,0.0,,156
5,1241373161,0.5,0.9,0.35,0.0,20,20,2,0,0,0,17,2,,0.0,0.0,,156
6,1246453644,0.5,0.9,0.35,0.0,20,20,2,1,1,0,17,1,1.0,0.5,0.0,0.6666666666666666,156
7,767796552,0.5,0.9,0.35,0.0,20,20,3,1,1,0,16,2,1.0,0.3333333333333333,0.0,0.5,156
8,473995787,0.5,0.9,0.35,0.0,20,20,3,2,2,0,16,1,1.0,0.6666666666666666,0.0,0.8,156
9,1631933960,0.5,0.9,0.35,0.0,20,20,1,0,0,0,18,1,,0.0,0.0,,156
10,1230298507,0.5,0.9,0.35,0.0,20,20,3,2,2,0,16,1,1.0,0.6666666666666666,0.0,0.8,156
11,1168395557,0.5,0.9,0.35,0.0,20,20,0,0,0,0,19,0,,,0.0,,156
12,832379786,0.5,0.9,0.35,0.0,20,20,3,0,0,0,16,3,,0.0,0.0,,156
13,273208980,0.5,0.9,0.35,0.0,20,20,1,1,1,0,18,0,1.0,1.0,0.0,1.0,156
14,351441330,0.5,0.9,0.35,0.0,20,20,4,1,1,0,15,3,1.0,0.25,0.0,0.4,156
15,1471487491,0.5,0.9,0.35,0.0,20,20,4,3,3,0,15,1,1.0,0.75,0.0,0.8571428571428571,156
16,911124381,0.5,0.9,0.35,0.0,20,20,2,2,2,0,17,0,1.0,1.0,0.0,1.0,156
17,1414829662,0.5,0.9,0.35,0.0,20,20,4,1,1,0,15,3,1.0,0.25,0.0,0.4,156
18,1581117416,0.5,0.9,0.35,0.0,20,20,5,3,3,0,14,2,1.0,0.6,0.0,0.7499999999999999,156
19,902483368,0.5,0.9,0.35,0.0,20,20,3,3,3,0,16,0,1.0,1.0,0.0,1.0,156
20,1269167887,0.5,0.9,0.35,0.0,20,20,4,1,1,0,15,3,1.0,0.25,0.0,0.4,156
21,2065240179,0.5,0.9,0.35,0.0,20,20,3,2,2,0,16,1,1.0,0.6666666666666666,0.0,0.8,156
22,1378816016,0.5,0.9,0.35,0.0,20,20,3,1,1,0,16,2,1.0,0.3333333333333333,0.0,0.5,156
23,1528923371,0.5,0.9,0.35,0.0,20,20,5,3,3,0,14,2,1.0,0.6,0.0,0.7499999999999999,156
24,1316727737,0.5,0.9,0.35,0.0,20,20,4,2,2,0,15,2,1.0,0.5,0.0,0.6666666666666666,156
25,1113383861,0.5,0.9,0.35,0.0,20,20,0,0,0,0,19,0,,,0.0,,156
26,1497176948,0.5,0.9,0.35,0.0,20,20,1,1,1,0,18,0,1.0,1.0,0.0,1.0,156
27,1631518276,0.5,0.9,0.35,0.0,20,20,1,1,1,0,18,0,1.0,1.0,0.0,1.0,156
28,1269478291,0.5,0.9,0.35,0.0,20,20,3,2,2,0,16,1,1.0,0.6666666666666666,0.0,0.8,156
29,968191004,0.5,0.9,0.35,0.0,20,20,1,1,1,0,18,0,1.0,1.0,0.0,1.0,156
30,207736346,0.5,0.9,0.35,0.0,20,20,3,2,2,0,16,1,1.0,0.6666666666666666,0.0,0.8,156
31,1717577309,0.5,0.9,0.35,0.0,20,20,2,0,0,0,17,2,,0.0,0.0,,156
32,1428532725,0.5,0.9,0.35,0.0,20,20,0,0,0,0,19,0,,,0.0,,156
33,2067132345,0.5,0.9,0.35,0.0,20,20,1,1,1,0,18,0,1.0,1.0,0.0,1.0,156
34,2071337366,0.5,0.9,0.35,0.0,20,20,3,2,2,0,16,1,1.0,0.6666666666666666,0.0,0.8,156
35,1725358285,0.5,0.9,0.35,0.0,20,20,1,1,1,0,18,0,1.0,1.0,0.0,1.0,156
36,546137577,0.5,0.9,0.35,0.0,20,20,1,1,1,0,18,0,1.0,1.0,0.0,1.0,156
37,419891069,0.5,0.9,0.35,0.0,20,20,3,1,1,0,16,2,1.0,0.3333333333333333,0.0,0.5,156
38,510008127,0.5,0.9,0.35,0.0,20,20,3,2,2,0,16,1,1.0,0.6666666666666666,0.0,0.8,156
39,1256915016,0.5,0.9,0.35,0.0,20,20,1,0,0,0,18,1,,0.0,0.0,,156
40,2029390535,0.5,0.9,0.35,0.0,20,20,5,3,3,0,14,2,1.0,0.6,0.0,0.7499999999999999,156
41,1965784614,0.5,0.9,0.35,0.0,20,20,1,0,0,0,18,1,,0.0,0.0,,156
42,320484681,0.5,0.9,0.35,0.0,20,20,3,3,3,0,16,0,1.0,1.0,0.0,1.0,156
43,2042094966,0.5,0.9,0.35,0.0,20,20,3,2,2,0,16,1,1.0,0.6666666666666666,0.0,0.8,156
44,749042190,0.5,0.9,0.35,0.0,20,20,3,3,3,0,16,0,1.0,1.0,0.0,1.0,156
45,1382037898,0.5,0.9,0.35,0.0,20,20,3,2,2,0,16,1,1.0,0.6666666666666666,0.0,0.8,156
46,1671063649,0.5,0.9,0.35,0.0,20,20,1,0,0,0,18,1,,0.0,0.0,,156
47,236037531,0.5,0.9,0.35,0.0,20,20,4,2,2,0,15,2,1.0,0.5,0.0,0.6666666666666666,156
48,567597414,0.5,0.9,0.35,0.0,20,20,1,1,1,0,18,0,1.0,1.0,0.0,1.0,156
49,355649619,0.5,0.9,0.35,0.0,20,20,2,1,1,0,17,1,1.0,0.5,0.0,0.6666666666666666,156
0,1255366048,0.5,0.9,0.35,0.0,40,40,2,3,2,1,36,0,0.6666666666666666,1.0,0.02702702702702703,0.8,157
1,1168508132,0.5,0.9,0.35,0.0,40,40,4,3,3,0,35,1,1.0,0.75,0.0,0.8571428571428571,157
2,1113171697,0.5,0.9,0.35,0.0,40,40,3,3,3,0,36,0,1.0,1.0,0.0,1.0,157
3,754928895,0.5,0.9,0.35,0.0,40,40,1,1,1,0,38,0,1.0,1.0,0.0,1.0,157
4,1431735963,0.5,0.9,0.35,0.0,40,40,5,6,5,1,33,0,0.8333333333333334,1.0,0.029411764705882353,0.9090909090909091,157
5,56054342,0.5,0.9,0.35,0.0,40,40,3,1,1,0,36,2,1.0,0.3333333333333333,0.0,0.5,157
6,1368286342,0.5,0.9,0.35,0.0,40,40,3,2,2,0,36,1,1.0,0.6666666666666666,0.0,0.8,157
7,1047142107,0.5,0.9,0.35,0.0,40,40,1,1,1,0,38,0,1.0,1.0,0.0,1.0,157
8,1673613301,0.5,0.9,0.35,0.0,40,40,1,0,0,0,38,1,,0.0,0.0,,157
9,1467435566,0.5,0.9,0.35,0.0,40,40,1,1,1,0,38,0,1.0,1.0,0.0,1.0,157
10,2116733579,0.5,0.9,0.35,0.0,40,40,2,3,2,1,36,0,0.6666666666666666,1.0,0.02702702702702703,0.8,157
11,117885177,0.5,0.9,0.35,0.0,40,40,4,3,3,0,35,1,1.0,0.75,0.0,0.8571428571428571,157
12,1328158502,0.5,0.9,0.35,0.0,40,40,1,1,1,0,38,0,1.0,1.0,0.0,1.0,157
13,1063587973,0.5,0.9,0.35,0.0,40,40,4,3,3,0,35,1,1.0,0.75,0.0,0.8571428571428571,157
14,731565546,0.5,0.9,0.35,0.0,40,40,3,2,2,0,36,1,1.0,0.6666666666666666,0.0,0.8,157
15,1718943234,0.5,0.9,0.35,0.0,40,40,1,1,1,0,38,0,1.0,1.0,0.0,1.0,157
16,1944072528,0.5,0.9,0.35,0.0,40,40,4,3,3,0,35,1,1.0,0.75,0.0,0.8571428571428571,157
17,380188132,0.5,0.9,0.35,0.0,40,40,0,0,0,0,39,0,,,0.0,,157
18,1625977371,0.5,0.9,0.35,0.0,40,40,2,2,2,0,37,0,1.0,1.0,0.0,1.0,157
19,1547763221,0.5,0.9,0.35,0.0,40,40,3,3,3,0,36,0,1.0,1.0,0.0,1.0,157
20,1697224640,0.5,0.9,0.35,0.0,40,40,1,0,0,0,38,1,,0.0,0.0,,157
21,700485279,0.5,0.9,0.35,0.0,40,40,1,0,0,0,38,1,,0.0,0.0,,157
22,664809208,0.5,0.9,0.35,0.0,40,40,4,3,3,0,35,1,1.0,0.75,0.0,0.8571428571428571,157
23,1764411848,0.5,0.9,0.35,0.0,40,40,2,1,1,0,37,1,1.0,0.5,0.0,0.6666666666666666,157
24,1351190439,0.5,0.9,0.35,0.0,40,40,1,1,1,0,38,0,1.0,1.0,0.0,1.0,157
25,341359922,0.5,0.9,0.35,0.0,40,40,6,4,4,0,33,2,1.0,0.6666666666666666,0.0,0.8,157
26,305308891,0.5,0.9,0.35,0.0,40,40,3,2,2,0,36,1,1.0,0.6666666666666666,0.0,0.8,157
27,1724794770,0.5,0.9,0.35,0.0,40,40,2,2,2,0,37,0,1.0,1.0,0.0,1.0,157
28,1201036465,0.5,0.9,0.35,0.0,40,40,3,1,1,0,36,2,1.0,0.3333333333333333,0.0,0.5,157
29,1017170980,0.5,0.9,0.35,0.0,40,40,5,4,3,1,33,2,0.75,0.6,0.029411764705882353,0.6666666666666665,157
30,842978420,0.5,0.9,0.35,0.0,40,40,0,1,0,1,38,0,0.0,,0.02564102564102564,,157
31,1647903250,0.5,0.9,0.35,0.0,40,40,4,4,4,0,35,0,1.0,1.0,0.0,1.0,157
32,2066099103,0.5,0.9,0.35,0.0,40,40,3,3,2,1,35,1,0.6666666666666666,0.6666666666666666,0.027777777777777776,0.6666666666666666,157
33,1112199976,0.5,0.9,0.35,0.0,40,40,7,5,5,0,32,2,1.0,0.7142857142857143,0.0,0.8333333333333333,157
34,301667136,0.5,0.9,0.35,0.0,40,40,0,0,0,0,39,0,,,0.0,,157
35,52214902,0.5,0.9,0.35,0.0,40,40,2,2,2,0,37,0,1.0,1.0,0.0,1.0,157
36,975805572,0.5,0.9,0.35,0.0,40,40,4,4,4,0,35,0,1.0,1.0,0.0,1.0,157
37,2050355050,0.5,0.9,0.35,0.0,40,40,3,2,2,0,36,1,1.0,0.6666666666666666,0.0,0.8,157
38,466033369,0.5,0.9,0.35,0.0,40,40,2,2,2,0,37,0,1.0,1.0,0.0,1.0,157
39,1650119354,0.5,0.9,0.35,0.0,40,40,0,0,0,0,39,0,,,0.0,,157
40,1600051001,0.5,0.9,0.35,0.0,40,40,3,1,1,0,36,2,1.0,0.3333333333333333,0.0,0.5,157
41,818175244,0.5,0.9,0.35,0.0,40,40,2,0,0,0,37,2,,0.0,0.0,,157
42,286428555,0.5,0.9,0.35,0.0,40,40,3,3,3,0,36,0,1.0,1.0,0.0,1.0,157
43,1046247432,0.5,0.9,0.35,0.0,40,40,1,2,1,1,37,0,0.5,1.0,0.02631578947368421,0.6666666666666666,157
44,1829901676,0.5,0.9,0.35,0.0,40,40,2,1,1,0,37,1,1.0,0.5,0.0,0.6666666666666666,157
45,1221198815,0.5,0.9,0.35,0.0,40,40,3,2,2,0,36,1,1.0,0.6666666666666666,0.0,0.8,157
46,1342566593,0.5,0.9,0.35,0.0,40,40,3,2,2,0,36,1,1.0,0.6666666666666666,0.0,0.8,157
47,1967070662,0.5,0.9,0.35,0.0,40,40,2,2,2,0,37,0,1.0,1.0,0.0,1.0,157
48,1635253741,0.5,0.9,0.35,0.0,40,40,1,1,1,0,38,0,1.0,1.0,0.0,1.0,157
49,1477055561,0.5,0.9,0.35,0.0,40,40,2,0,0,0,37,2,,0.0,0.0,,157
0,871904114,0.5,0.9,0.35,0.1,20,20,0,1,0,1,18,0,0.0,,0.05263157894736842,,158
1,816665640,0.5,0.9,0.35,0.1,20,20,0,0,0,0,19,0,,,0.0,,158
2,550661441,0.5,0.9,0.35,0.1,20,20,1,1,1,0,18,0,1.0,1.0,0.0,1.0,158
3,1175926230,0.5,0.9,0.35,0.1,20,20,4,3,3,0,15,1,1.0,0.75,0.0,0.8571428571428571,158
4,1319320150,0.5,0.9,0.35,0.1,20,20,5,4,3,1,13,2,0.75,0.6,0.07142857142857142,0.6666666666666665,158
5,1031855068,0.5,0.9,0.35,0.1,20,20,1,1,1,0,18,0,1.0,1.0,0.0,1.0,158
6,1581276897,0.5,0.9,0.35,0.1,20,20,3,0,0,0,16,3,,0.0,0.0,,158
7,538351720,0.5,0.9,0.35,0.1,20,20,2,2,2,0,17,0,1.0,1.0,0.0,1.0,158
8,174887224,0.5,0.9,0.35,0.1,20,20,3,3,3,0,16,0,1.0,1.0,0.0,1.0,158
9,497919884,0.5,0.9,0.35,0.1,20,20,3,2,1,1,15,2,0.5,0.3333333333333333,0.0625,0.4,158
10,1391178625,0.5,0.9,0.35,0.1,20,20,1,0,0,0,18,1,,0.0,0.0,,158
11,1364678527,0.5,0.9,0.35,0.1,20,20,3,3,3,0,16,0,1.0,1.0,0.0,1.0,158
12,124827198,0.5,0.9,0.35,0.1,20,20,3,2,1,1,15,2,0.5,0.3333333333333333,0.0625,0.4,158
13,1272639874,0.5,0.9,0.35,0.1,20,20,0,0,0,0,19,0,,,0.0,,158
14,2028416792,0.5,0.9,0.35,0.1,20,20,3,2,2,0,16,1,1.0,0.6666666666666666,0.0,0.8,158
15,834569104,0.5,0.9,0.35,0.1,20,20,3,2,2,0,16,1,1.0,0.6666666666666666,0.0,0.8,158
16,815552112,0.5,0.9,0.35,0.1,20,20,0,0,0,0,19,0,,,0.0,,158
17,1680424856,0.5,0.9,0.35,0.1,20,20,1,1,0,1,17,1,0.0,0.0,0.05555555555555555,0.0,158
18,1685449225,0.5,0.9,0.35,0.1,20,20,2,2,1,1,16,1,0.5,0.5,0.058823529411764705,0.5,158
19,393243818,0.5,0.9,0.35,0.1,20,20,0,0,0,0,19,0,,,0.0,,158
20,1844345476,0.5,0.9,0.35,0.1,20,20,5,5,5,0,14,0,1.0,1.0,0.0,1.0,158
21,1684639642,0.5,0.9,0.35,0.1,20,20,4,2,2,0,15,2,1.0,0.5,0.0,0.6666666666666666,158
22,1084978986,0.5,0.9,0.35,0.1,20,20,0,0,0,0,19,0,,,0.0,,158
23,852643388,0.5,0.9,0.35,0.1,20,20,2,1,1,0,17,1,1.0,0.5,0.0,0.6666666666666666,158
24,697191649,0.5,0.9,0.35,0.1,20,20,1,1,1,0,18,0,1.0,1.0,0.0,1.0,158
25,1639099154,0.5,0.9,0.35,0.1,20,20,2,1,1,0,17,1,1.0,0.5,0.0,0.6666666666666666,158
26,1565152865,0.5,0.9,0.35,0.1,20,20,1,0,0,0,18,1,,0.0,0.0,,158
27,1975686408,0.5,0.9,0.35,0.1,20,20,2,3,2,1,16,0,0.6666666666666666,1.0,0.058823529411764705,0.8,158
28,475879863,0.5,0.9,0.35,0.1,20,20,0,0,0,0,19,0,,,0.0,,158
29,498587314,0.5,0.9,0.35,0.1,20,20,2,1,1,0,17,1,1.0,0.5,0.0,0.6666666666666666,158
30,2050303604,0.5,0.9,0.35,0.1,20,20,1,1,1,0,18,0,1.0,1.0,0.0,1.0,158
31,731072799,0.5,0.9,0.35,0.1,20,20,4,2,1,1,14,3,0.5,0.25,0.06666666666666667,0.3333333333333333,158
32,761199583,0.5,0.9,0.35,0.1,20,20,3,3,3,0,16,0,1.0,1.0,0.0,1.0,158
33,745804873,0.5,0.9,0.35,0.1,20,20,1,1,1,0,18,0,1.0,1.0,0.0,1.0,158
34,421346505,0.5,0.9,0.35,0.1,20,20,4,5,4,1,14,0,0.8,1.0,0.06666666666666667,0.888888888888889,158
35,819385634,0.5,0.9,0.35,0.1,20,20,1,2,1,1,17,0,0.5,1.0,0.05555555555555555,0.6666666666666666,158
36,872708386,0.5,0.9,0.35,0.1,20,20,2,1,1,0,17,1,1.0,0.5,0.0,0.6666666666666666,158
37,729619789,0.5,0.9,0.35,0.1,20,20,3,1,1,0,16,2,1.0,0.3333333333333333,0.0,0.5,158
38,2095915444,0.5,0.9,0.35,0.1,20,20,2,1,1,0,17,1,1.0,0.5,0.0,0.6666666666666666,158
39,2039227336,0.5,0.9,0.35,0.1,20,20,3,2,2,0,16,1,1.0,0.6666666666666666,0.0,0.8,158
40,1630802769,0.5,0.9,0.35,0.1,20,20,3,2,2,0,16,1,1.0,0.6666666666666666,0.0,0.8,158
41,792152298,0.5,0.9,0.35,0.1,20,20,3,3,2,1,15,1,0.6666666666666666,0.6666666666666666,0.0625,0.6666666666666666,158
42,1789972252,0.5,0.9,0.35,0.1,20,20,3,3,2,1,15,1,0.6666666666666666,0.6666666666666666,0.0625,0.6666666666666666,158
43,1936619423,0.5,0.9,0.35,0.1,20,20,2,1,1,0,17,1,1.0,0.5,0.0,0.6666666666666666,158
44,832704848,0.5,0.9,0.35,0.1,20,20,2,1,1,0,17,1,1.0,0.5,0.0,0.6666666666666666,158
45,1808425725,0.5,0.9,0.35,0.1,20,20,3,2,2,0,16,1,1.0,0.6666666666666666,0.0,0.8,158
46,1927253397,0.5,0.9,0.35,0.1,20,20,2,2,2,0,17,0,1.0,1.0,0.0,1.0,158
47,554333780,0.5,0.9,0.35,0.1,20,20,2,3,2,1,16,0,0.6666666666666666,1.0,0.058823529411764705,0.8,158
48,257135077,0.5,0.9,0.35,0.1,20,20,2,1,1,0,17,1,1.0,0.5,0.0,0.6666666666666666,158
49,366155608,0.5,0.9,0.35,0.1,20,20,3,3,1,2,14,2,0.3333333333333333,0.3333333333333333,0.125,0.3333333333333333,158
0,939178875,0.5,0.9,0.35,0.1,40,40,6,6,6,0,33,0,1.0,1.0,0.0,1.0,159
1,587400802,0.5,0.9,0.35,0.1,40,40,2,3,2,1,36,0,0.6666666666666666,1.0,0.02702702702702703,0.8,159
2,710509543,0.5,0.9,0.35,0.1,40,40,1,1,1,0,38,0,1.0,1.0,0.0,1.0,159
3,1631804592,0.5,0.9,0.35,0.1,40,40,1,5,1,4,34,0,0.2,1.0,0.10526315789473684,0.33333333333333337,159
4,436220968,0.5,0.9,0.35,0.1,40,40,1,1,0,1,37,1,0.0,0.0,0.02631578947368421,0.0,159
5,1741145270,0.5,0.9,0.35,0.1,40,40,2,5,1,4,33,1,0.2,0.5,0.10810810810810811,0.28571428571428575,159
6,2045964388,0.5,0.9,0.35,0.1,40,40,4,2,1,1,34,3,0.5,0.25,0.02857142857142857,0.3333333333333333,159
7,453207659,0.5,0.9,0.35,0.1,40,40,1,2,1,1,37,0,0.5,1.0,0.02631578947368421,0.6666666666666666,159
8,1480276178,0.5,0.9,0.35,0.1,40,40,3,5,3,2,34,0,0.6,1.0,0.05555555555555555,0.7499999999999999,159
9,1905981197,0.5,0.9,0.35,0.1,40,40,1,2,1,1,37,0,0.5,1.0,0.02631578947368421,0.6666666666666666,159
10,300980021,0.5,0.9,0.35,0.1,40,40,5,5,3,2,32,2,0.6,0.6,0.058823529411764705,0.6,159
11,1937289766,0.5,0.9,0.35,0.1,40,40,1,1,0,1,37,1,0.0,0.0,0.02631578947368421,0.0,159
12,675064458,0.5,0.9,0.35,0.1,40,40,0,0,0,0,39,0,,,0.0,,159
13,393134764,0.5,0.9,0.35,0.1,40,40,3,7,2,5,31,1,0.2857142857142857,0.6666666666666666,0.1388888888888889,0.4,159
14,1822099646,0.5,0.9,0.35,0.1,40,40,2,4,1,3,34,1,0.25,0.5,0.08108108108108109,0.3333333333333333,159
15,1329750204,0.5,0.9,0.35,0.1,40,40,2,1,1,0,37,1,1.0,0.5,0.0,0.6666666666666666,159
16,1714260458,0.5,0.9,0.35,0.1,40,40,3,5,2,3,33,1,0.4,0.6666666666666666,0.08333333333333333,0.5,159
17,1122676567,0.5,0.9,0.35,0.1,40,40,2,1,1,0,37,1,1.0,0.5,0.0,0.6666666666666666,159
18,1740288647,0.5,0.9,0.35,0.1,40,40,3,4,2,2,34,1,0.5,0.6666666666666666,0.05555555555555555,0.5714285714285715,159
19,583809808,0.5,0.9,0.35,0.1,40,40,1,5,1,4,34,0,0.2,1.0,0.10526315789473684,0.33333333333333337,159
20,981358601,0.5,0.9,0.35,0.1,40,40,3,5,2,3,33,1,0.4,0.6666666666666666,0.08333333333333333,0.5,159
21,2012957411,0.5,0.9,0.35,0.1,40,40,1,0,0,0,38,1,,0.0,0.0,,159
22,2043606583,0.5,0.9,0.35,0.1,40,40,3,5,3,2,34,0,0.6,1.0,0.05555555555555555,0.7499999999999999,159
23,1529105003,0.5,0.9,0.35,0.1,40,40,3,3,2,1,35,1,0.6666666666666666,0.6666666666666666,0.027777777777777776,0.6666666666666666,159
24,792515900,0.5,0.9,0.35,0.1,40,40,2,3,1,2,35,1,0.3333333333333333,0.5,0.05405405405405406,0.4,159
25,496948511,0.5,0.9,0.35,0.1,40,40,5,6,4,2,32,1,0.6666666666666666,0.8,0.058823529411764705,0.7272727272727272,159
26,1030032324,0.5,0.9,0.35,0.1,40,40,4,3,2,1,34,2,0.6666666666666666,0.5,0.02857142857142857,0.5714285714285715,159
27,1772186861,0.5,0.9,0.35,0.1,40,40,3,6,2,4,32,1,0.3333333333333333,0.6666666666666666,0.1111111111111111,0.4444444444444444,159
28,2033569556,0.5,0.9,0.35,0.1,40,40,4,4,3,1,34,1,0.75,0.75,0.02857142857142857,0.75,159
29,1926366168,0.5,0.9,0.35,0.1,40,40,2,3,1,2,35,1,0.3333333333333333,0.5,0.05405405405405406,0.4,159
30,1233685479,0.5,0.9,0.35,0.1,40,40,4,3,3,0,35,1,1.0,0.75,0.0,0.8571428571428571,159
31,887019317,0.5,0.9,0.35,0.1,40,40,3,2,1,1,35,2,0.5,0.3333333333333333,0.027777777777777776,0.4,159
32,1494832848,0.5,0.9,0.35,0.1,40,40,1,2,0,2,36,1,0.0,0.0,0.05263157894736842,0.0,159
33,271652710,0.5,0.9,0.35,0.1,40,40,0,1,0,1,38,0,0.0,,0.02564102564102564,,159
34,1466889496,0.5,0.9,0.35,0.1,40,40,1,2,1,1,37,0,0.5,1.0,0.02631578947368421,0.6666666666666666,159
35,6202226,0.5,0.9,0.35,0.1,40,40,2,1,0,1,36,2,0.0,0.0,0.02702702702702703,0.0,159
36,658609317,0.5,0.9,0.35,0.1,40,40,5,6,4,2,32,1,0.6666666666666666,0.8,0.058823529411764705,0.7272727272727272,159
37,1635913260,0.5,0.9,0.35,0.1,40,40,2,2,2,0,37,0,1.0,1.0,0.0,1.0,159
38,962643095,0.5,0.9,0.35,0.1,40,40,3,4,2,2,34,1,0.5,0.6666666666666666,0.05555555555555555,0.5714285714285715,159
39,1061425042,0.5,0.9,0.35,0.1,40,40,1,2,1,1,37,0,0.5,1.0,0.02631578947368421,0.6666666666666666,159
40,798139433,0.5,0.9,0.35,0.1,40,40,3,4,2,2,34,1,0.5,0.6666666666666666,0.05555555555555555,0.5714285714285715,159
41,990443344,0.5,0.9,0.35,0.1,40,40,5,6,3,3,31,2,0.5,0.6,0.08823529411764706,0.5454545454545454,159
42,615069694,0.5,0.9,0.35,0.1,40,40,1,1,1,0,38,0,1.0,1.0,0.0,1.0,159
43,894226619,0.5,0.9,0.35,0.1,40,40,1,2,1,1,37,0,0.5,1.0,0.02631578947368421,0.6666666666666666,159
44,1964376638,0.5,0.9,0.35,0.1,40,40,0,1,0,1,38,0,0.0,,0.02564102564102564,,159
45,1464498776,0.5,0.9,0.35,0.1,40,40,2,2,1,1,36,1,0.5,0.5,0.02702702702702703,0.5,159
46,1701685911,0.5,0.9,0.35,0.1,40,40,1,3,1,2,36,0,0.3333333333333333,1.0,0.05263157894736842,0.5,159
47,1132167314,0.5,0.9,0.35,0.1,40,40,0,0,0,0,39,0,,,0.0,,159
48,1284792506,0.5,0.9,0.35,0.1,40,40,1,3,1,2,36,0,0.3333333333333333,1.0,0.05263157894736842,0.5,159
49,1565844102,0.5,0.9,0.35,0.1,40,40,5,7,3,4,30,2,0.42857142857142855,0.6,0.11764705882352941,0.5,159
0,2038160029,0.5,0.9,0.35,0.25,20,20,1,5,0,5,13,1,0.0,0.0,0.2777777777777778,0.0,160
1,1186486457,0.5,0.9,0.35,0.25,20,20,0,5,0,5,14,0,0.0,,0.2631578947368421,,160
2,459729692,0.5,0.9,0.35,0.25,20,20,2,3,1,2,15,1,0.3333333333333333,0.5,0.11764705882352941,0.4,160
3,487003639,0.5,0.9,0.35,0.25,20,20,2,7,1,6,11,1,0.14285714285714285,0.5,0.35294117647058826,0.22222222222222224,160
4,500249731,0.5,0.9,0.35,0.25,20,20,0,4,0,4,15,0,0.0,,0.21052631578947367,,160
5,1632573741,0.5,0.9,0.35,0.25,20,20,0,1,0,1,18,0,0.0,,0.05263157894736842,,160
6,509344822,0.5,0.9,0.35,0.25,20,20,2,4,2,2,15,0,0.5,1.0,0.11764705882352941,0.6666666666666666,160
7,680082524,0.5,0.9,0.35,0.25,20,20,4,8,4,4,11,0,0.5,1.0,0.26666666666666666,0.6666666666666666,160
8,2140911723,0.5,0.9,0.35,0.25,20,20,2,2,0,2,15,2,0.0,0.0,0.11764705882352941,0.0,160
9,1081135372,0.5,0.9,0.35,0.25,20,20,2,7,2,5,12,0,0.2857142857142857,1.0,0.29411764705882354,0.4444444444444445,160
10,752096551,0.5,0.9,0.35,0.25,20,20,2,3,1,2,15,1,0.3333333333333333,0.5,0.11764705882352941,0.4,160
11,879526974,0.5,0.9,0.35,0.25,20,20,1,6,1,5,13,0,0.16666666666666666,1.0,0.2777777777777778,0.2857142857142857,160
12,1082095766,0.5,0.9,0.35,0.25,20,20,3,5,0,5,11,3,0.0,0.0,0.3125,0.0,160
13,1367016727,0.5,0.9,0.35,0.25,20,20,4,6,3,3,12,1,0.5,0.75,0.2,0.6,160
14,1458306646,0.5,0.9,0.35,0.25,20,20,3,5,2,3,13,1,0.4,0.6666666666666666,0.1875,0.5,160
15,993136950,0.5,0.9,0.35,0.25,20,20,2,5,0,5,12,2,0.0,0.0,0.29411764705882354,0.0,160
16,1209062097,0.5,0.9,0.35,0.25,20,20,1,3,0,3,15,1,0.0,0.0,0.16666666666666666,0.0,160
17,655502030,0.5,0.9,0.35,0.25,20,20,1,3,0,3,15,1,0.0,0.0,0.16666666666666666,0.0,160
18,468093026,0.5,0.9,0.35,0.25,20,20,1,6,1,5,13,0,0.16666666666666666,1.0,0.2777777777777778,0.2857142857142857,160
19,651576874,0.5,0.9,0.35,0.25,20,20,2,3,2,1,16,0,0.6666666666666666,1.0,0.058823529411764705,0.8,160
20,455929198,0.5,0.9,0.35,0.25,20,20,1,2,0,2,16,1,0.0,0.0,0.1111111111111111,0.0,160
21,956990175,0.5,0.9,0.35,0.25,20,20,3,7,2,5,11,1,0.2857142857142857,0.6666666666666666,0.3125,0.4,160
22,1500929018,0.5,0.9,0.35,0.25,20,20,2,6,2,4,13,0,0.3333333333333333,1.0,0.23529411764705882,0.5,160
23,1152055881,0.5,0.9,0.35,0.25,20,20,4,6,4,2,13,0,0.6666666666666666,1.0,0.13333333333333333,0.8,160
24,244051298,0.5,0.9,0.35,0.25,20,20,2,5,1,4,13,1,0.2,0.5,0.23529411764705882,0.28571428571428575,160
25,287183271,0.5,0.9,0.35,0.25,20,20,4,5,0,5,10,4,0.0,0.0,0.3333333333333333,0.0,160
26,871468139,0.5,0.9,0.35,0.25,20,20,4,6,4,2,13,0,0.6666666666666666,1.0,0.13333333333333333,0.8,160
27,1301475952,0.5,0.9,0.35,0.25,20,20,5,5,4,1,13,1,0.8,0.8,0.07142857142857142,0.8000000000000002,160
28,1556800432,0.5,0.9,0.35,0.25,20,20,4,6,3,3,12,1,0.5,0.75,0.2,0.6,160
29,695489545,0.5,0.9,0.35,0.25,20,20,5,5,3,2,12,2,0.6,0.6,0.14285714285714285,0.6,160
30,58310522,0.5,0.9,0.35,0.25,20,20,2,3,2,1,16,0,0.6666666666666666,1.0,0.058823529411764705,0.8,160
31,1705474974,0.5,0.9,0.35,0.25,20,20,3,6,2,4,12,1,0.3333333333333333,0.6666666666666666,0.25,0.4444444444444444,160
32,1661303835,0.5,0.9,0.35,0.25,20,20,1,4,1,3,15,0,0.25,1.0,0.16666666666666666,0.4,160
33,2014513228,0.5,0.9,0.35,0.25,20,20,3,4,3,1,15,0,0.75,1.0,0.0625,0.8571428571428571,160
34,866828986,0.5,0.9,0.35,0.25,20,20,1,2,1,1,17,0,0.5,1.0,0.05555555555555555,0.6666666666666666,160
35,1823545787,0.5,0.9,0.35,0.25,20,20,4,4,1,3,12,3,0.25,0.25,0.2,0.25,160
36,1971819976,0.5,0.9,0.35,0.25,20,20,2,2,1,1,16,1,0.5,0.5,0.058823529411764705,0.5,160
37,277293148,0.5,0.9,0.35,0.25,20,20,1,3,1,2,16,0,0.3333333333333333,1.0,0.1111111111111111,0.5,160
38,136839418,0.5,0.9,0.35,0.25,20,20,0,1,0,1,18,0,0.0,,0.05263157894736842,,160
39,206004763,0.5,0.9,0.35,0.25,20,20,2,4,0,4,13,2,0.0,0.0,0.23529411764705882,0.0,160
40,366442461,0.5,0.9,0.35,0.25,20,20,0,4,0,4,15,0,0.0,,0.21052631578947367,,160
41,2023439756,0.5,0.9,0.35,0.25,20,20,3,5,1,4,12,2,0.2,0.3333333333333333,0.25,0.25,160
42,167201542,0.5,0.9,0.35,0.25,20,20,2,3,1,2,15,1,0.3333333333333333,0.5,0.11764705882352941,0.4,160
43,260636845,0.5,0.9,0.35,0.25,20,20,0,7,0,7,12,0,0.0,,0.3684210526315789,,160
44,987978627,0.5,0.9,0.35,0.25,20,20,3,4,0,4,12,3,0.0,0.0,0.25,0.0,160
45,24957465,0.5,0.9,0.35,0.25,20,20,0,7,0,7,12,0,0.0,,0.3684210526315789,,160
46,1242513467,0.5,0.9,0.35,0.25,20,20,3,3,2,1,15,1,0.6666666666666666,0.6666666666666666,0.0625,0.6666666666666666,160
47,1759868171,0.5,0.9,0.35,0.25,20,20,2,3,0,3,14,2,0.0,0.0,0.17647058823529413,0.0,160
48,1241688183,0.5,0.9,0.35,0.25,20,20,2,6,2,4,13,0,0.3333333333333333,1.0,0.23529411764705882,0.5,160
49,707260724,0.5,0.9,0.35,0.25,20,20,0,2,0,2,17,0,0.0,,0.10526315789473684,,160
0,1650719886,0.5,0.9,0.35,0.25,40,40,2,9,1,8,29,1,0.1111111111111111,0.5,0.21621621621621623,0.1818181818181818,161
1,7625980,0.5,0.9,0.35,0.25,40,40,3,14,1,13,23,2,0.07142857142857142,0.3333333333333333,0.3611111111111111,0.11764705882352941,161
2,1182744199,0.5,0.9,0.35,0.25,40,40,1,12,1,11,27,0,0.08333333333333333,1.0,0.2894736842105263,0.15384615384615385,161
3,1022402993,0.5,0.9,0.35,0.25,40,40,5,16,4,12,22,1,0.25,0.8,0.35294117647058826,0.38095238095238093,161
4,1932639777,0.5,0.9,0.35,0.25,40,40,3,14,3,11,25,0,0.21428571428571427,1.0,0.3055555555555556,0.35294117647058826,161
5,1032718830,0.5,0.9,0.35,0.25,40,40,4,17,3,14,21,1,0.17647058823529413,0.75,0.4,0.2857142857142857,161
6,1595325123,0.5,0.9,0.35,0.25,40,40,0,14,0,14,25,0,0.0,,0.358974358974359,,161
7,1473117039,0.5,0.9,0.35,0.25,40,40,0,16,0,16,23,0,0.0,,0.41025641025641024,,161
8,275298403,0.5,0.9,0.35,0.25,40,40,1,12,0,12,26,1,0.0,0.0,0.3157894736842105,0.0,161
9,1054003415,0.5,0.9,0.35,0.25,40,40,2,15,2,13,24,0,0.13333333333333333,1.0,0.35135135135135137,0.23529411764705882,161
10,114620579,0.5,0.9,0.35,0.25,40,40,4,13,3,10,25,1,0.23076923076923078,0.75,0.2857142857142857,0.3529411764705882,161
11,274399482,0.5,0.9,0.35,0.25,40,40,3,13,1,12,24,2,0.07692307692307693,0.3333333333333333,0.3333333333333333,0.125,161
12,914396772,0.5,0.9,0.35,0.25,40,40,5,12,3,9,25,2,0.25,0.6,0.2647058823529412,0.35294117647058826,161
13,752110246,0.5,0.9,0.35,0.25,40,40,2,12,1,11,26,1,0.08333333333333333,0.5,0.2972972972972973,0.14285714285714285,161
14,2099750075,0.5,0.9,0.35,0.25,40,40,2,14,0,14,23,2,0.0,0.0,0.3783783783783784,0.0,161
15,551885303,0.5,0.9,0.35,0.25,40,40,1,13,1,12,26,0,0.07692307692307693,1.0,0.3157894736842105,0.14285714285714288,161
16,692691360,0.5,0.9,0.35,0.25,40,40,1,11,0,11,27,1,0.0,0.0,0.2894736842105263,0.0,161
17,1677987503,0.5,0.9,0.35,0.25,40,40,2,16,1,15,22,1,0.0625,0.5,0.40540540540540543,0.1111111111111111,161
18,962536280,0.5,0.9,0.35,0.25,40,40,1,18,0,18,20,1,0.0,0.0,0.47368421052631576,0.0,161
19,1995523975,0.5,0.9,0.35,0.25,40,40,4,14,2,12,23,2,0.14285714285714285,0.5,0.34285714285714286,0.22222222222222224,161
20,1297383420,0.5,0.9,0.35,0.25,40,40,1,13,1,12,26,0,0.07692307692307693,1.0,0.3157894736842105,0.14285714285714288,161
21,1259319410,0.5,0.9,0.35,0.25,40,40,2,12,1,11,26,1,0.08333333333333333,0.5,0.2972972972972973,0.14285714285714285,161
22,1625532073,0.5,0.9,0.35,0.25,40,40,4,15,2,13,22,2,0.13333333333333333,0.5,0.37142857142857144,0.2105263157894737,161
23,1850522181,0.5,0.9,0.35,0.25,40,40,1,16,1,15,23,0,0.0625,1.0,0.39473684210526316,0.11764705882352941,161
24,881376844,0.5,0.9,0.35,0.25,40,40,4,15,3,12,23,1,0.2,0.75,0.34285714285714286,0.31578947368421056,161
25,614332915,0.5,0.9,0.35,0.25,40,40,1,12,0,12,26,1,0.0,0.0,0.3157894736842105,0.0,161
26,2135834397,0.5,0.9,0.35,0.25,40,40,1,16,1,15,23,0,0.0625,1.0,0.39473684210526316,0.11764705882352941,161
27,671129456,0.5,0.9,0.35,0.25,40,40,5,17,4,13,21,1,0.23529411764705882,0.8,0.38235294117647056,0.3636363636363636,161
28,820748734,0.5,0.9,0.35,0.25,40,40,1,15,1,14,24,0,0.06666666666666667,1.0,0.3684210526315789,0.125,161
29,919098909,0.5,0.9,0.35,0.25,40,40,1,5,0,5,33,1,0.0,0.0,0.13157894736842105,0.0,161
30,799601855,0.5,0.9,0.35,0.25,40,40,1,20,1,19,19,0,0.05,1.0,0.5,0.09523809523809523,161
31,1810836567,0.5,0.9,0.35,0.25,40,40,1,6,1,5,33,0,0.16666666666666666,1.0,0.13157894736842105,0.2857142857142857,161
32,1751824434,0.5,0.9,0.35,0.25,40,40,2,13,2,11,26,0,0.15384615384615385,1.0,0.2972972972972973,0.2666666666666667,161
33,2091568943,0.5,0.9,0.35,0.25,40,40,3,10,2,8,28,1,0.2,0.6666666666666666,0.2222222222222222,0.30769230769230765,161
34,1737991139,0.5,0.9,0.35,0.25,40,40,5,18,4,14,20,1,0.2222222222222222,0.8,0.4117647058823529,0.3478260869565218,161
35,916151626,0.5,0.9,0.35,0.25,40,40,3,12,3,9,27,0,0.25,1.0,0.25,0.4,161
36,405642203,0.5,0.9,0.35,0.25,40,40,4,14,3,11,24,1,0.21428571428571427,0.75,0.3142857142857143,0.3333333333333333,161
37,27272012,0.5,0.9,0.35,0.25,40,40,5,14,4,10,24,1,0.2857142857142857,0.8,0.29411764705882354,0.4210526315789473,161
38,1537575247,0.5,0.9,0.35,0.25,40,40,2,11,2,9,28,0,0.18181818181818182,1.0,0.24324324324324326,0.3076923076923077,161
39,1475574950,0.5,0.9,0.35,0.25,40,40,3,12,2,10,26,1,0.16666666666666666,0.6666666666666666,0.2777777777777778,0.26666666666666666,161
40,871012249,0.5,0.9,0.35,0.25,40,40,4,13,2,11,24,2,0.15384615384615385,0.5,0.3142857142857143,0.23529411764705882,161
41,796211537,0.5,0.9,0.35,0.25,40,40,5,10,3,7,27,2,0.3,0.6,0.20588235294117646,0.4,161
42,1772749777,0.5,0.9,0.35,0.25,40,40,3,20,3,17,19,0,0.15,1.0,0.4722222222222222,0.2608695652173913,161
43,1507202914,0.5,0.9,0.35,0.25,40,40,3,6,1,5,31,2,0.16666666666666666,0.3333333333333333,0.1388888888888889,0.2222222222222222,161
44,2101609083,0.5,0.9,0.35,0.25,40,40,2,13,1,12,25,1,0.07692307692307693,0.5,0.32432432432432434,0.13333333333333336,161
45,1682911661,0.5,0.9,0.35,0.25,40,40,4,8,3,5,30,1,0.375,0.75,0.14285714285714285,0.5,161
46,615999389,0.5,0.9,0.35,0.25,40,40,2,16,1,15,22,1,0.0625,0.5,0.40540540540540543,0.1111111111111111,161
47,39220339,0.5,0.9,0.35,0.25,40,40,3,16,2,14,22,1,0.125,0.6666666666666666,0.3888888888888889,0.21052631578947367,161
48,1614165559,0.5,0.9,0.35,0.25,40,40,2,11,2,9,28,0,0.18181818181818182,1.0,0.24324324324324326,0.3076923076923077,161
49,795235389,0.5,0.9,0.35,0.25,40,40,3,16,3,13,23,0,0.1875,1.0,0.3611111111111111,0.3157894736842105,161
